Date,BANK,IT,AUTO,PHARMA,FMCG,METAL,REALTY,ENERGY,NIFTY50,INDIAVIX
2012-01-03,0.04227659977095995,0.022022737920003723,0.01711966950715929,0.014540394108184106,0.010999315886028541,0.048330032809262354,0.04459417696827589,0.02248916017146833,0.0,-0.051044823340106564
2012-01-04,0.00813206685239521,-0.0048969725754504975,-0.008220438656265566,0.004574696495727942,-0.006304293896893284,0.0030503523157816696,-0.003400886974345483,-0.004365449368340181,-0.0032895426540406015,0.009511199775257467
2012-01-05,0.005514896893522423,-0.0037302563164487625,0.011933444641468139,-0.0015477138314399764,-0.002041208610381737,-0.006320660633238952,-0.018781152611395013,-0.01566120952974282,6.322223372845206e-05,-0.01911373184651701
2012-01-06,0.003936698897629969,-0.0032504639634898555,-0.0031420142030300553,0.0021596937796531566,0.007468996916622539,-0.003127427039622904,-0.007504692812983369,0.0084975026543095,0.0008732913820035912,-0.017520431515048233
2012-01-09,-0.0008132744884650689,0.0010819962369140086,-0.005916149306508821,0.008719825434097784,-0.00230994337243737,0.0007491384953226872,0.023399067157449646,-0.00561691721659968,-0.0023797867552800087,0.008603933535732798
2012-01-10,0.029474058487439364,0.0069495230813843385,0.028364298559044356,0.010141174027829125,0.011210378869987422,0.03117314760415406,0.04872758790458891,0.02632284224720548,0.022258239444290267,-0.06765866035760684
2012-01-11,0.011909343382715577,-0.013107233020780517,0.002972464451918301,0.0019886676987545034,-0.005535745488098869,0.02287187706709267,0.04502838964233417,0.007106260774914614,0.002348055375701594,0.02225064624237178
2012-01-12,0.010191436764399698,-0.06214641827060332,0.007364515159566756,-0.00035749182394890773,0.007088239492916449,0.011737270069356532,0.001912547331034231,-0.005510551198778277,-0.006128698887331798,-0.02100139826742887
2012-01-13,0.005004042661725377,-2.5525393881248656e-05,0.0005239228059417183,-0.0006311073245968407,0.0039431560012124535,0.03232054116698211,0.020799586197117054,0.002471154047892335,0.0071670110077358545,-0.023154102858890385
2012-01-16,-0.003884866712983754,0.019843979183025596,0.007363062436993322,-0.00928103397859375,0.005859293137242052,0.003510127016642721,-0.005394613200106045,-0.017609081779201112,0.0016221735654996564,0.024817263652304272
2012-01-17,0.012941217079227218,0.008428099415722307,0.02370627519593111,0.007838593153591002,0.00645500368758749,0.034942966157561386,0.035804724370418047,0.027996447337142686,0.01898197568577206,-0.0625739258316626
2012-01-18,-0.003683525134805256,-0.02158537751070352,-0.011873181094116907,-0.0006008079333387878,-0.0016850333150184018,-0.01957110614672518,0.0076853764944910625,0.025403242949546927,-0.0023178251959906026,0.003091179030633625
2012-01-19,0.01931706976275901,-0.003185006652827951,0.010321148362517617,0.014902003026843564,-0.0013625575606321199,0.026897945052771155,0.03474180973889566,0.01496916038176669,0.012552569924145546,-0.04509330166745447
2012-01-20,0.03392553916076143,0.0008056890294140398,0.0073133846516701675,-0.004706054679442765,-0.023182793938229463,-0.001464445853927068,0.00779901304660214,0.010314453828615676,0.005999858132263353,0.012832384302829545
2012-01-23,0.0003624739476273284,0.002133990626491525,0.00374550131978389,-0.0018176153282607529,0.01014741789745454,-0.022329439675726502,0.008380824756792365,-0.013983412979435537,-0.000465603288007518,0.00816332476202076
2012-01-24,0.032419401127795275,0.009044457550692404,0.014173338252390059,0.0019532582051311935,0.001506242563132243,0.016701598274460976,0.012123964908025057,0.009950681199765775,0.015943582375194214,-0.03306083113125761
2012-01-25,0.002295499581100773,0.012306094896594634,0.011977454764576557,0.0031567748145519096,0.005607962892685978,0.018829510821945693,-0.0021164029063776126,0.003148725538909903,0.006018054422187115,-0.01885068135507708
2012-01-27,-0.004366979165668669,0.0161325137306708,0.011364470708544194,0.0036133531553101386,-0.012747658948107659,0.01930392126935762,-0.024666129890193834,0.023723863929480372,0.008955071062037441,0.031837908478578876
2012-01-30,-0.028584928857715894,-0.005310426779825365,-0.018181611101244038,-0.00012440222545207866,-0.006759057619564399,-0.030559045083104343,-0.03176969987919768,-0.023123708077660794,-0.022814901479942987,0.07798450849537938
2012-01-31,0.039308136992297814,0.014645383993133362,0.022871321542250994,0.013753764536571693,0.013545454357257432,0.02153944568816566,0.036967879035674,0.017890261802938328,0.021767184851403856,-0.034695555334231666
2012-02-01,0.0029845942749802358,-0.00023416212641050945,0.018976881361691577,-0.00043971801831130415,-0.0001549919100446038,0.02912783702824653,0.00946038873207012,0.008795145108866,0.006986203648760355,0.010098858433863366
2012-02-02,0.004307653763048352,0.014134807251243593,0.0031918316277762294,-0.011563716885913714,-0.001642744581394505,0.01587824701502864,0.009371792585110394,0.004218596635033163,0.006510780445565732,0.03435293341435817
2012-02-03,0.014071820313307733,0.00941338762425833,0.0055676210927846186,0.015269843778012012,0.015109537037850323,-0.011275361200894576,0.019316119422738278,0.013093539819092198,0.01056097309606885,0.016743782246573486
2012-02-06,0.0132924441090681,0.004869818770286437,0.010315777251487317,-0.000366998543839232,-0.001367231635645576,0.013620771642521075,0.040747132586716486,-0.002454016218404831,0.006699403711750445,0.021762331882916413
2012-02-07,0.005375333915600705,-0.009834906350962576,-0.011190805362120958,-0.0004894413948329459,0.003085592806458376,-0.01604564878734323,-0.02404397870360095,0.005166801876640477,-0.004954763050203981,0.011710168304749012
2012-02-08,-0.0004359523371066174,0.01667859652069203,0.007130142770709282,-0.0018988887150422214,0.0013773472845859016,0.01607663129219184,0.029221222683744864,0.011843512115971911,0.006166342187456197,-0.026028284548714777
2012-02-09,0.018005377424501118,0.012070913906889108,0.017890762877571555,-0.0021892991481050937,0.002853462523404048,0.019647767564458126,0.019276733626165048,0.0027949951358602716,0.008200072906646953,-0.04078771077233476
2012-02-10,-0.006200327357296576,-0.001263739134034383,-0.00237861798378459,-0.009094558952466122,-0.0030820358348231463,0.007154393752216794,-0.009001969959539842,-0.008586016793785334,-0.005697651486356129,0.022491960081586604
2012-02-13,0.002959289984532417,-0.003584291089647053,0.009247138825919923,0.0019101412862824057,-0.0015828400719716416,0.010920398767341858,0.0005895407252807779,0.0030247780408824906,0.0015967803430544996,-0.0050484264452981
2012-02-14,0.007898261259369505,0.0007040064860830826,0.020808692577922956,-0.010629406461596418,0.0005628801126437292,0.003459909326337746,0.0229180509048363,-0.00334301637562649,0.004784205192390807,-0.04309154566013562
2012-02-15,0.034819373319475114,0.016824085964863816,0.03308718304412812,0.008202383839960182,0.0018912726121449906,0.020891223846610817,0.046153447719719,0.0034833870879963993,0.02117367933441728,-0.027227690018844033
2012-02-16,-0.000805387658557096,0.007054520138806734,0.0005820450635355013,-0.0005585725012220678,-0.0005522361449596477,-0.018200138020672135,0.01834909390460656,-0.010400507370092854,-0.001809316598601389,0.05416245697835031
2012-02-17,0.013911322420982104,0.012172699554392447,-0.004315177240198688,0.0002483154115504666,0.0043763144882842,0.0005640286843082317,0.010743165098813115,0.007602486041306912,0.007640061404398583,0.03578577504451574
2012-02-21,0.008586147885722706,0.00012681447696387502,0.002917699523321396,0.0016432062795068592,0.004121181806451138,0.008584772968768388,0.04560486021096132,0.017615751229813677,0.007671396090022358,0.0821401312299861
2012-02-22,-0.038626821704883775,0.002205280476094273,-0.01435521951661407,-0.007847914009610005,-0.005782028016597098,-0.04515689359221753,-0.07249940556080994,-0.011790379377498064,-0.018322187184283887,0.020735870011287766
2012-02-23,-0.0031500853159241522,-0.0021157697722040216,-0.009514728251016515,-0.001948089559964575,0.007230637500459911,-0.011362160594890825,-0.024633134111707165,0.006051668182450635,-0.004013290579059847,-0.09669170538928645
2012-02-24,-0.01946789339858027,0.0063486902197911164,-0.004641632938380761,-0.0028405159641091593,0.002359411798345763,0.010961943612410832,-0.026217284177659967,-0.01337083017340236,-0.009896897659749845,0.01993961382126782
2012-02-27,-0.03909617214250908,-0.020710422242114203,-0.033096834636827145,-0.002051902455394986,0.0023867623439605195,-0.05179431753962986,-0.056422682744761525,-0.03261217300186086,-0.027656794612663387,0.09816302172807118
2012-02-28,0.03692378432973012,-0.005530510860732453,0.030743793758665292,0.009189988878830853,-0.0011410077375073257,0.03386477787159949,0.06007342052893504,0.011986364072936654,0.01769821133763864,-0.05750217349748552
2012-02-29,-0.006679991500512729,0.005220304523001017,-0.0001562368589169883,-0.000758259780006413,-0.007777240694915573,0.014706033406533522,0.011820826245892186,0.023317979370707922,0.0018028934481800647,0.040930302444206514
2012-03-01,-0.012104547808234212,-0.008153494609392771,-0.010561833149670774,0.0032264547200437786,-0.004056396587970974,-0.009608354089654977,-0.03647989874410576,-0.008924161026546428,-0.008475650994548561,0.0271078784004208
2012-03-02,0.01403272960482396,-0.0031791144971821178,-0.0002673286814920363,0.009525197911784652,-0.0033666727236399095,0.0013871745714268131,-0.023067250446370088,-0.002160121338992429,0.0036638818972382233,0.006125044390990938
2012-03-05,-0.024786441290091357,-0.009381941948475383,-0.006045566749496253,-0.007765909452225663,0.0011774570228272286,-0.03241864291134823,-0.03897129698062394,-0.012371317589467454,-0.01485031539972594,0.03805955898156136
2012-03-06,-0.011928752002793457,0.00620813551460311,-0.005615066580750645,-0.002640094713235211,0.007627249380004753,-0.04160659900793631,-0.01030177049724724,-0.019339725690070173,-0.01103535424618985,-0.0561825630517411
2012-03-07,0.007399282225779842,0.007885318264855319,0.0012409737412812036,0.00484000005373457,0.0005293787309505679,-0.014172002005423642,0.01113805299200816,-0.014602163483005137,-0.0003734051596396779,-0.03764186626631317
2012-03-09,0.03613070416804449,-0.0007315827720696118,0.022594287415697887,0.008823249148868437,-0.001787939325720312,0.050212499440863145,0.029650090435455186,0.014385341989932337,0.021433378638431977,-0.0332077085782388
2012-03-12,0.011357720627890025,-0.010075825392933611,0.006914789705276479,-0.0034214733874627255,0.0008612963647309194,0.01012490083277707,0.011096653898560075,0.011460746927641933,0.004862958765541654,0.03092635909041393
2012-03-13,0.005682255771827538,0.00829024436452177,0.00010733950774761919,0.0060767850042255335,0.01146583556099645,0.029042904113388637,0.022615512770245035,0.022750533866052414,0.012967068782384641,-0.05960213210808869
2012-03-14,0.018864146428167906,-0.004830804829500501,0.010176069084196413,0.0018443117570208028,0.008511677277254957,-0.0005757358105420058,-0.009262026439485717,0.004882581992648178,0.0063157539426588645,-0.0012128842021314815
2012-03-15,-0.027435170152852257,0.0005830514704709818,-0.006689384127593133,-0.0036103101610984968,-0.008558439683868848,-0.012925237707017777,-0.02933116255236574,-0.017069497463892525,-0.015381495959166968,0.027923663950075457
2012-03-16,-0.019408539662706323,-0.002726523837257118,0.001519373165831769,-0.018270829318441872,0.018762103292570987,-0.02051914215610175,-0.013340372288786075,-0.03380517306183438,-0.011702836439644667,-0.0944058288026251
2012-03-19,-0.01967968898691324,-0.015009227207688743,-0.004362611938052703,0.0010919926607815724,0.01148091837365268,-0.007723387024550532,-0.02659009868771337,-0.013130318282324313,-0.011508474451056095,-0.006941453152155346
2012-03-20,0.00906191479847425,0.002962318430839266,-0.015596075062828965,0.011461235011566779,0.010511258474835403,0.00038919649628456007,0.01453427252234712,0.005985569401126983,0.0033802656848120043,-0.045877507619046166
2012-03-21,0.023345277298545995,0.015524784324377861,0.014439926440437779,0.008930857165796072,0.009361753714061356,0.018697221873737055,0.035740081519128615,0.007609376548904023,0.01693683132759836,-0.043789041465393704
2012-03-22,-0.033909960491737536,-0.013386461243629705,-0.01767598312514114,-0.01311151982935773,-0.016883040057514412,-0.03497822593306187,-0.04435087928842234,-0.03131691945106406,-0.02577218838569368,0.16511082425841322
2012-03-23,0.011823360973299833,0.014650243355593734,0.007016299272647299,0.006828391774646412,0.010126417789569133,-0.005138527487789007,0.015487948456208553,0.006773498994261233,0.009470263113838983,-0.05946462858581302
2012-03-26,-0.02468895087771432,-0.014712369416369678,-0.013287821031061678,-0.008687512326649395,-4.9328295559931746e-05,-0.02148204577732765,-0.03659071110092176,-0.02211451784804805,-0.017959984312352094,0.1359919297182438
2012-03-27,0.010434725889492489,0.010900839282926308,0.0034025106101288898,0.009701552471875978,0.01726559253321943,0.014150102316419177,0.015603581936253663,0.00373780337397783,0.011297260934515444,-0.06528676604005837
2012-03-28,-0.018743113633048588,-0.008743707846171638,-0.005616062748141692,0.0029851273563987276,0.0009986900488873904,-0.009793050617824959,-0.017544335998916034,-0.012114202515091429,-0.009273943932475727,-0.007211505514086851
2012-03-29,-0.003293377970192975,-0.013154563517988683,0.00537254341699689,0.005172107070596917,-0.006984969968561266,0.002390043138916202,0.0019407540626622153,0.0023625434758771475,-0.0030654574390867073,-0.021952137900487587
2012-03-30,0.02831304843509819,0.02323436847276481,0.024312615819133843,0.022681165111549557,0.011801308792434647,0.026705849839996285,0.02950440826098962,0.027460385615571403,0.02228376559490159,-0.08354248827511379
2012-04-02,0.009026210327162838,0.004898968769089762,0.0022081152711599383,-0.0016691646231416458,0.0011065410219483088,-0.00410038297972218,0.01680015859079085,-0.0019603562495455265,0.004211661864997884,-0.06937594256325358
2012-04-03,0.012272390033011189,0.000442770371977061,-0.0015071023472725494,-0.00513427456107374,0.0019476073089362874,0.016269237021509696,0.008601285186968486,0.015295294448348306,0.007605614952249603,-0.042559562787252155
2012-04-04,-0.008905988380813032,-0.0016805699809138645,-0.005036567426144275,-0.0021212293647816047,-0.00259042061746729,-0.01050068318596493,-0.014997687981583737,-0.00502000188862611,-0.006665835901845565,0.030514126368902668
2012-04-09,-0.02037033479533309,-0.01126367492320888,-0.011875455834200495,0.006519344404987559,-0.00473504432453325,-0.035121115533329285,-0.007271248314801569,-0.015172992516906882,-0.016766043352304694,0.07918477603249247
2012-04-10,0.006341231027110631,-0.010946303839578368,0.010752856118540707,-0.0008063364831444557,0.017503835526897098,-0.009386420703037359,0.0012502733282536847,-0.0007930220466677489,0.0017560980486462775,-0.018531596875031746
2012-04-11,0.0017833579464392347,0.0027400074058852027,-0.003783418418881887,0.006551606976459657,0.001031592210227616,-0.013848373781018814,-0.008574780187584077,-0.00805951150337084,-0.0031994831122376596,0.016738722910855163
2012-04-12,0.018089347530547226,-0.010966033484588375,0.011117611239095613,-0.0011087875951738405,0.014930825492569445,0.025094788256676895,0.0025172694163835972,0.006985505333728181,0.00952052643128076,-0.023146039439995447
2012-04-13,-0.00912263497257104,-0.09258919742597482,0.0035170464460878015,0.013576605022298014,0.004905314291081116,-0.004809231850484174,-0.01201401683131422,0.004940037260354944,-0.013239017207444477,0.043572996365721865
2012-04-16,0.012194663212771545,-0.005505499791297606,0.01296603929450477,-0.0002052826946024123,0.011199519277449568,0.0024583158107387136,0.011175630900504397,-0.0036193686731483534,0.0035941438484491926,-0.02312243801301241
2012-04-17,0.008290292277003224,0.008759853877737776,0.009522885640573792,0.002235701338991844,0.014143915874199638,0.01930249424096599,0.024237358809620062,0.01030468205266243,0.012077096484755998,-0.09032935808695765
2012-04-18,-0.0006751323752651862,0.0022897742517011166,0.014606314417967569,0.007597008886844889,-0.0069638630985631314,0.009340531655266505,-0.010699715672324625,0.006994762149883829,0.0019452501478614526,-0.013882165338408902
2012-04-19,0.005260822505626721,0.008007407848080352,0.01844102139259645,0.0096314803627931,0.009434861111866047,0.00714867929982763,-0.005601055348964314,-0.003938382559883029,0.006094579385556793,-0.034538744768592054
2012-04-20,-0.010597284257184043,-0.002100520698953281,0.00024600505335245433,-0.004043609197114436,0.0015782564360833087,-0.008927442719171577,-0.016148011802263537,-0.013594377083461784,-0.007822467994285074,0.03752974723207068
2012-04-23,-0.02061461751627612,-0.029370049477235503,-0.017161921811406317,-0.003393353179034522,-0.009672891974386,-0.030868492174893646,-0.03288141416196064,-0.003947979593410785,-0.017204909624993044,0.07108125983084719
2012-04-24,-0.0027373088222149462,0.04277672198548846,-0.00014784032361196052,-0.005548786236670903,0.003349063000673813,0.007266952627486001,0.0021824538853865275,0.0016452383749931624,0.00423089488965838,-0.11379238551911308
2012-04-25,-0.0054282782385258604,-0.013193000040289317,0.004720856860154597,0.002289119823351615,0.004486452671949578,-0.0042622574925221726,-0.012945928285377354,-0.005346798751335279,-0.003961750187553282,-0.016234944778521564
2012-04-26,-0.0031398109870303947,0.003616898975616048,-0.008961313310011279,-0.005820250173223513,0.005125633204052695,-0.0006443577382712844,-0.00887317292076287,-0.004416805267981667,-0.002502166640857171,-0.010615851358540757
2012-04-27,0.00204179610799618,0.011589826073753128,0.0016778272149701298,0.0013050000026065907,-0.008178979029156196,-0.008567919327683787,-0.011654057773954443,-0.0009451477496836147,0.0003083158607018674,-0.04641840119301611
2012-04-30,0.012543320911081391,0.024124373009249463,0.011057606206569438,0.0034586267232258037,0.001995359961989642,0.016104046715393037,0.02185145537650652,0.013491344942903001,0.01102629869634238,-0.0039204584865164815
2012-05-02,0.0028954590760069294,0.006469970176424048,-0.01734959740685669,0.0015603084696081718,0.002361340881354314,-0.004470883485919553,-0.002207993861219381,-0.008223410768638367,-0.001716362147938504,0.039609204601703904
2012-05-03,-0.017623774759078274,0.005892935059715633,-0.02474769970675421,-0.002239438833688582,-0.0043650030270319514,-0.018723432903074374,-0.016717206657403724,-0.008779573205592719,-0.009733907132363178,0.037580451214890925
2012-05-04,-0.032538542837430774,-0.0099091862917282,-0.017982574118134458,0.006307845295792347,-0.010362523393136038,-0.025705272166192446,-0.025727059891337653,-0.017773008597542654,-0.019766547986143027,0.09270943784069659
2012-05-07,0.007520846210783995,-0.0018294203125556723,0.012911389805433162,-0.004494606798032885,-0.009321371499559531,0.015192492079686228,0.003453439552669825,-0.002991962860273928,0.005352390914891362,-0.043548318940894386
2012-05-08,-0.029552377036858285,-0.031318625753683764,-0.020702770398846562,-0.00958808114292928,-0.02548319138549365,-0.016359886611198055,-0.016686394595592038,-0.010029099479376274,-0.022583237144103662,0.0916166753597525
2012-05-09,-0.019370379230933144,-0.00044920924040901404,-0.008935961953596463,0.00034227318623764215,0.030985962162613637,-0.020634755668906615,-0.029166235247781832,-0.015284463084359958,-0.005042821909914006,0.03894302057077166
2012-05-10,0.0006484645284266793,-0.0014929096206049751,-0.007984709549531451,-0.0046551596990399065,-0.00040616084486703227,-0.012343236984907188,-0.003374295478277284,0.0019428218927039355,-0.0018308157369825856,-0.0139863119332428
2012-05-11,-0.0013611496732532284,-0.010101818942465333,0.0052284898188212844,-0.023727233943794463,-0.014399474321006515,-0.012016133972273737,-0.0026592692551991844,-0.007430168025282446,-0.0074384941865402255,-0.010619558968539236
2012-05-14,-0.0150571862609734,0.004286999532517928,-0.005044356014403481,0.015292943889559117,0.00221934903991158,-0.005308524647316742,-0.017829311867313402,-0.013616308646818336,-0.00429008318777997,0.03410915226832849
2012-05-15,0.00668015381800489,0.017008271884228973,0.000625813424317067,0.007952799831763956,-0.008039504047497857,0.020119272920691843,0.00956481703755716,0.0005713927879008291,0.007106196307577927,-0.04304571105266453
2012-05-16,-0.016820399582722415,-0.014552227766856756,-0.025405566168510516,-0.007655652444474367,-0.011712529441025958,-0.02806034520060879,-0.006366343846270939,-0.005721145739666528,-0.01725364197067538,0.06220741558575881
2012-05-17,-0.001097245933506501,-0.0001959056230305998,-0.0053618754279350575,-0.0030052346127879665,0.01967147483700049,0.0039130015891889,0.008560648948100845,0.004346425893615544,0.0024567533539605795,-0.005073961575847208
2012-05-18,0.016903117189821727,-0.0006220779442464437,-0.019595933811080286,-0.00229727529510643,0.011887986212002013,0.004269946565606913,0.00048692888943362796,0.006257770934413166,0.004353778862483168,-0.0016971118220665995
2012-05-21,0.010869549201021263,-0.011816359512202251,0.00700611542201848,0.0060846145438586035,-0.014434763454864042,0.006528128128904581,0.02095707756812404,0.006340351074412928,0.0,0.01558914420613066
2012-05-22,-0.015331539394138402,0.0044582896162170685,-0.00643867163519004,-0.007050744434482153,-0.007469628967944356,-0.018790180958351138,-0.012956020616508187,-0.010067207359698035,-0.00634750970013281,0.019458254931187073
2012-05-23,-0.0063749395487494405,0.0016645288880819489,-0.006298749484185411,-5.98544893746802e-05,-0.0009038732749751345,-0.008911333904058252,-0.010682290942879426,-0.00420480581841897,-0.005125777203313112,0.10646690853389756
2012-05-24,0.024422708754919566,0.009207957928746338,0.010223426505068516,0.006427523798767843,0.004067472376940717,0.013890441377006485,0.0077802037621039054,0.017548380536457294,0.01757748695340402,-0.06235388632831732
2012-05-25,0.0019794158855992038,-0.001062387734793833,-0.0023529950725585174,-0.0015955296819062032,-0.0038788992941640736,0.008510231314467214,0.00820070676827321,-0.0008341404449648212,-0.00020321486380266794,-0.01382603052474856
2012-05-28,0.025269516687543406,0.0061799524996936275,0.01602629139873382,0.0045618639873241575,0.009777424862285488,0.009672238645709853,0.011701684363125405,0.007404349643252057,0.013173958334390843,-0.05982935598070029
2012-05-29,0.0010098671736684466,0.011252678103200733,0.0030231677991612933,-0.0024416608909734318,-0.010424647605803639,0.005469663380649671,0.0070972616658002,0.003540599673023237,0.0008922027131203923,0.014672255419592925
2012-05-30,-0.018090873417442487,0.004851804745746303,-0.03723579412852825,-0.0008614524655217886,0.0006086405544327193,-0.0093790337871301,-0.027726455477209082,-0.0029177986317362433,-0.007916888957933466,0.05150128725487595
2012-05-31,-0.009807684560002384,-0.0005906744530790037,-0.019699045317437353,1.9830743156704125e-05,-0.0018957910667745676,-0.002793910256818746,0.008206644831296496,0.0009405504028166479,-0.005367101491185887,-0.0019782098563956288
2012-06-01,-0.018537508533097092,-0.017806684870318362,-0.018609129007945712,-0.013854349948725142,0.0035356850193209387,-0.01640182733628307,-0.016236906587072695,-0.02265500746635084,-0.01692671398152418,0.05845571891076788
2012-06-04,0.010166574643307866,-0.0031815412757447534,0.006638575845557574,-0.007146562676862252,-0.015938309039006348,-0.007239865162007493,0.017678189803462495,0.00654387039617284,0.001351903957286658,-0.044689508245458746
2012-06-05,0.010397227827895435,0.003545695427551232,-0.0026420094628386965,0.0023239375923324768,-0.01089577377295086,-0.003306523390000085,-0.011588778527071027,0.008782511933977137,0.0031200109335819946,0.02545451120395987
2012-06-06,0.02944028786974556,0.015851963248161537,0.0362499106126407,0.010651014599606629,0.02967498765050163,0.029575749164081566,0.02612497150087302,0.022404826347718503,0.02714058403860763,-0.053179089440045325
2012-06-07,0.021134554849523084,0.0037517241012605864,0.012972988998165812,0.001965215271515454,0.007848343276624365,0.012487996281879936,0.02106819438662967,0.00662059153204677,0.010461150903908,-0.05192762143128943
2012-06-08,0.004806966582583951,-0.007718409191365917,0.00033574774632233424,0.001394242034418842,0.008173581638303947,0.004515966884070676,0.016768482237086643,0.0036316456759238913,0.0036964255001187096,-0.007217186112677623
2012-06-11,-0.002969722257023953,-0.0016832508127058957,-0.006749223812281742,-0.01530310744179452,0.002875789424538225,-0.0008906241831405954,-0.009613285903166234,-0.005133748181548547,-0.0028155257153311976,0.06395254272804957
2012-06-12,0.016908762043776556,0.008762176708125149,0.017420901249327218,-0.0023066695791312776,0.007203380556063937,0.011085369646798123,0.020037142063259194,0.007316078832117873,0.01215350351575396,-0.03332285864561114
2012-06-13,-0.0010904172781382936,0.003789718954636306,-0.016121929835402466,0.004829833500977355,0.012132525210635863,-0.003675463511796365,-0.015218947247925907,-0.0023201761260098694,0.0010843223020839507,0.006589803208114859
2012-06-14,-0.029172939035875502,0.004039340487050203,-0.019068416260735292,-0.004617192223537215,-0.003327258671700413,-0.011856859084808812,-0.029499251080162447,-0.00659742453106145,-0.01310924495287964,0.05393751777084255
2012-06-15,0.022898416991405282,0.011344694769089137,0.025538083337251688,0.00976486591779836,0.012510996036059282,0.013948512662960549,0.01891469252900235,0.008456737121244739,0.016539804211283652,-0.006634099216825983
2012-06-18,-0.03178707544439222,-0.008586867175820518,-0.006911115382801754,-0.007842663899467122,-0.016010594459795933,-0.00910163479250542,-0.028865052158764275,-0.008935558858896147,-0.014662147764778139,-0.12229596329376395
2012-06-19,0.003741770607891432,-0.0021150430288216313,0.00010386534444462596,0.011546223401126349,0.01474047465258909,-0.0008728505168639309,0.0016653083350608576,0.017280403117228428,0.007789124317959819,-0.053158099431358914
2012-06-20,0.00462316868838987,-0.0029206012029192947,0.010103601020554116,0.01218447771955901,-0.0023042283223656712,0.010838676609818578,-0.0011892021510487238,0.006352276988110159,0.0032666409844854687,-0.018841801360703576
2012-06-21,0.020322511663663768,-0.001339434909393511,0.0072624442115499545,0.0030255613379467357,0.015396201277790924,0.007387420337173922,0.0313916467403838,-0.007000650455266168,0.0086432855573779,-0.05322223104844658
2012-06-22,0.0004682416551076523,-0.002452025033996379,0.0007526681905718256,-0.0011519967059297018,-0.003233797506354308,-0.015464620833263895,0.003453439552669825,-0.0005600002520528655,-0.003675710428627626,0.031591935381792356
2012-06-25,-0.011280361688127167,-0.0052388359944383145,-0.0065121679178816345,-0.005007217073994699,-0.001012936804233456,-0.007228740294196032,-0.0066874314377538486,-0.0030238251643994888,-0.006120440371459533,0.046983719554191554
2012-06-26,0.004458138058257216,-0.0014099708401201828,0.0029990668824261776,0.009067764007498405,-0.008132615214910939,-0.0033315416705873417,0.004156061783678814,0.012027469211702608,0.001201686933128108,-0.06413681770121453
2012-06-27,0.004772971841785245,0.008943589609786154,-0.006715565694863653,0.003447696127783395,0.005168552105987738,0.016529585214502086,0.0032206006818619945,0.001434180448399548,0.004112003271970844,0.006896642886501344
2012-06-28,-0.0013935274986237138,0.0021904365598943753,0.0015448392966160743,-0.0003911942380828345,0.00937956874350034,0.0014778058622774946,0.00022966151029060972,-0.0014477333488575738,0.0014089915678230246,0.012198247850590732
2012-06-29,0.03311278829951956,0.014581958805165721,0.020246958044800423,0.02022817780287378,0.02113042161406321,0.03324286587849001,0.023599901652791782,0.02114735016112949,0.0248860906366406,-0.07762085726727791
2012-07-02,0.006895432793648997,-0.003864534639211719,-0.00567611088318217,0.0033972137268641037,-0.021692244172394105,0.004362690511485189,0.022398111569036882,0.0022312330350006387,-5.679463652956444e-05,-0.003675493481092794
2012-07-03,0.006614467556093217,-0.0054716401724097296,0.0013935695538412575,0.0006494002416111952,-0.008781283748613488,0.007912058369278337,0.019759639838683153,0.0036900633292529126,0.001769754524874917,-0.023956469957015204
2012-07-04,0.004583466504156729,-0.002096652292248137,0.0051520188608852515,-0.00030557501188094814,-0.0025057113419881525,0.020370649325283485,0.01853281660751423,-0.0036041050861129274,0.002757116023506428,-0.015748303138000075
2012-07-05,0.010622903464697913,0.00042792565483053816,0.0073534789098594925,0.0034036038663332355,0.012089502153060086,-0.0031916927715118708,-0.00317091490443905,0.000641256810392094,0.004656706469918981,0.004369199843722063
2012-07-06,0.0012630153828655738,-0.00827790812401838,-0.0038833541760109115,0.0011795293505861126,0.006616146982799352,-0.010610343185590137,-0.013214134582586136,-0.004743057428269517,-0.0019446391500623072,-0.017038029904791006
2012-07-09,-0.006336070295300005,-0.0015026099055675138,-0.009736819077493552,-0.007701283386933458,-0.0066843820506760085,-0.014671402300459362,-0.011436133582830212,-0.006795903499939082,-0.007892770948501047,0.03700086898533476
2012-07-10,0.015323918892456925,0.006343831733015079,0.015456401370178022,0.009913812667700445,0.016604146959643143,0.015166997757183371,0.016145007232077114,0.008726336058116567,0.0132199458969235,-0.0487100067735798
2012-07-11,-0.003564011552442745,-0.001181231077112634,-0.011446794719926242,-0.0029638562579327606,-0.013876181780110547,-0.009752121385193211,-0.010086965491730474,-0.010358851974913064,-0.007332285285333639,0.030924577830826836
2012-07-12,-0.009095327185165055,-0.05290114258208933,-0.009984251252401375,-0.0008660727573976946,-0.001152773745856889,-0.011592085444152828,0.009659836713864138,0.0010641003949811458,-0.013480158401750039,0.017251085926571836
2012-07-13,-0.0020602638391152063,-0.004147916126120019,-0.0005611476204270893,-0.0006953155224191341,0.0030869710718111516,-0.01153386335565189,-0.013550090858132838,-0.0012516002872128996,-0.001529271504729059,-0.024345203652058188
2012-07-16,-0.0024808157990562525,-0.02429561625464371,-0.00782520933803438,0.012320252709652304,-0.0037800877811128607,-0.021993459994091812,-0.01659421393945379,-0.0002545904796388695,-0.005755687624308978,0.027546987285041312
2012-07-17,-0.0009609381358744667,-0.003844724448569159,-0.013488029906546774,0.00613646421402567,0.01034222721719211,-0.0009932191395340742,-0.013967676961058375,-0.004794683596844606,-0.0008469413317297982,-0.05418560628172552
2012-07-18,0.004635021644870516,0.004830475939807628,0.006456060525534668,-0.006127089257970615,0.0007097542089712816,0.01470667542298277,0.008226866204526796,-0.0010708957346783825,0.004505602651746632,-0.019307819601337307
2012-07-19,0.0014084757519920558,0.017755360130138974,-0.004061049527974718,0.0011852237267252744,-0.0008684239248878254,0.00849189885661481,0.005960900104558243,0.011623714504822453,0.00504836919305378,-0.06270542191373109
2012-07-20,-0.013310771140173608,-0.001417662367595905,0.0027912852892270886,-0.010251945093204167,-0.0011471528755424554,0.0007234498705262152,-0.010177024973884653,-0.007420911554223582,-0.007197737118262219,0.0306606674931763
2012-07-23,-0.01994645905509528,-0.011521476998149802,-0.02452925937848417,-0.001349559245393374,-0.011086404464125942,-0.03368985461114969,-0.028876398934155733,-0.010842147808298131,-0.016884926528955263,0.09966049255907769
2012-07-24,0.0023719436285615987,-0.006779756862305323,-0.0012363885893819997,0.003673718689736111,0.018478019511554217,0.0017317599916514656,-0.0025209274874462622,0.005857383824528144,0.002000752092925557,-0.09493514845810816
2012-07-25,-0.0030291270508791897,0.0031093530150628395,-0.006057861909636787,0.0023471115968357274,0.0056139370010790095,-0.02118635437343311,-0.00045898942934297836,-0.00665814697474305,-0.00363361612631477,-0.013048780512742402
2012-07-26,-0.018087478099704752,-0.017882326931775466,-0.009331840024001418,-0.002915794248283547,-0.015666033728340665,-0.013409463725239493,-0.035993587609123065,-0.015151753398930575,-0.013119999282962123,-0.022947815621484697
2012-07-27,0.00561203043614143,0.01310234490040521,0.009144396491796871,0.0024903126203068347,0.013350382106001611,0.021007862139839663,-0.00884435585452882,0.01068141730645314,0.01121000358729877,0.004266979463699207
2012-07-30,0.02643123552290976,0.015042672979480485,0.021991142314432395,0.017316589931362564,0.01015285674493955,0.01903706580025659,0.035844469231187295,0.017454422004543252,0.019408979065827576,0.00968529622931142
2012-07-31,-0.0026977099176786557,0.00863206530067344,0.0030204323205043505,0.006383645984911226,0.003013836859904255,0.00826208933627299,0.011286527257409557,0.014179671438323826,0.005599929458278862,-0.036189177037798385
2012-08-01,0.0034417644074908635,-0.004319892739908952,-0.0016332934085256541,0.011505903315725577,0.00402114404301525,-0.007338668767281698,0.008438826941863476,-0.00025773307449732216,0.0021968584221014834,0.027111982285875
2012-08-02,-0.0038752182455182686,-5.295658555777795e-05,-0.0050867753754398615,-0.0014710652678984139,0.007043366813057931,-0.0020108697019814445,-0.0034125844554063222,-0.0075691088325002326,-0.0024359384433229802,0.019266079541020834
2012-08-03,-0.0061850067473512614,0.004706387891115624,-0.006699435913504066,0.006879580403695364,-0.0038041853440107932,-0.015644469597066727,-0.006630855339705302,0.005882461057706817,-0.00230763010487979,-0.0395308139915925
2012-08-06,0.014130617182556449,0.0003422521147809285,0.019225464584307222,0.004765159078546075,-0.002115863326278458,0.010754502098678164,0.012991663542006105,0.027707402690054485,0.012735553625573123,0.006184217213898093
2012-08-07,0.012306432425614204,0.017515115751121215,0.015072554755272256,-0.0005243881199536171,0.005893231092069362,0.005578787182423498,0.01483507981825267,0.0015376965916695988,0.010198622309721916,-0.0006167270855908492
2012-08-08,-0.005937174971223564,0.004901928608462639,0.010341276333703322,0.00021702762825694263,0.0030636339335069897,0.007420364756258564,-0.022564133583925176,0.001991034607366242,0.0002435299671450816,0.009822163381177418
2012-08-09,-0.00794750323544928,-0.00012006057669560182,0.004557842089002254,-0.0010583001911119347,0.014655306670263622,0.005918344464859658,-0.0032000585343851247,-0.00760648442461474,-0.0028233533426232993,-0.0024465403392282706
2012-08-10,-0.008358698154653336,0.013219566435502319,-0.00988685722778125,-0.0039989724235910944,0.006774584068224375,0.0002860791105506778,-0.005739885050790087,0.002782641412983848,-0.00047922749776307234,-0.016049741551344653
2012-08-13,0.004079833682539608,0.001218565043954336,-0.001413152346702468,0.0024139778829263786,0.001282849165773653,0.0002681084961768494,0.02703179792278427,0.007086224189982182,0.005155472083349568,-0.0037406194542148295
2012-08-14,0.011266700739097694,0.004051082806876959,0.0076907961675927936,-0.003650518608929529,0.002191737465273761,0.008789762077012507,-0.008100867949100476,0.010488583882453835,0.006049503744983293,-0.023381784236055365
2012-08-16,-0.008822832575244043,-0.0034508579563582195,0.008434725438377928,0.0008457755068027418,-0.020357033320684816,-0.0129804451932654,-0.0022619326228361094,0.006906617771697506,-0.00323921273413046,0.0031917829319806014
2012-08-17,-0.0008491111688533494,0.010885616493847379,0.006472793710854567,0.004398840566053952,0.012873553988136471,-0.01621081884978574,-0.0203598333421096,-0.007838310206318767,0.0006243883745507009,0.002546147968143792
2012-08-21,0.004940714259562738,0.017346753310567863,0.013202251432544656,0.0006332893034333943,0.003357451294020037,0.0077763079135662475,0.015593041683088862,0.007863438647829873,0.01014167866750203,0.035595373037742226
2012-08-22,0.00025788038046759085,0.0022652406323650856,0.0024553748481216764,0.00416063926864047,0.0005166397791302368,-0.00217418968922631,-0.010981551048978359,-0.005697182047988001,-0.0015045258717129944,-0.01857633876683295
2012-08-23,-0.001385500545940474,0.01763312822505555,-0.008731624360705058,0.009287513525868431,0.008123184965459959,0.005498863566539465,-0.002303087088677172,-0.009900296622577853,0.0004617572633175854,0.007472066900324853
2012-08-24,-0.012010510534688153,-0.005962048225371458,-0.0005319993240776742,-0.00035699624992714,0.0017768826757285762,-0.004121310312130047,-0.024508169598895214,-0.005536344285784655,-0.005304542887016916,0.0024782545105231563
2012-08-27,-0.017814967195764943,-0.00940281164797238,-0.003843916998744965,-0.00014279931846741407,0.0029051767701488997,-0.013677858738365882,-0.025366293958714325,0.0029834584294673133,-0.0067896999946754025,0.019001458848238235
2012-08-28,-0.009005600715305583,0.007651024120168211,-0.010013717459298513,0.0022561624127494335,0.007341807341974058,-0.028288910245380296,-0.003398871602651784,0.00036511510460558386,0.0,-0.007312581824123711
2012-08-29,-0.004733092785246128,-0.009911126597676564,-0.014485142527277747,0.0008636867996454244,0.005046066823607133,-0.01756942181589431,-0.03463978092359088,-0.010001910522325155,-0.01174104537301993,0.023573130713835346
2012-08-30,0.0072945850182511915,0.00741607708551703,0.0010180190357228194,0.005732877845067015,0.006907371805952162,-0.0041996257176234834,0.015736524806279326,0.0009762437416894173,0.005140138925224487,-0.004190350049155089
2012-08-31,-0.009434392945478872,-0.0118197821337609,-0.010728373379017052,-0.00023888477224915348,-0.011080769200313935,-0.013683913893841274,-0.01372448242556579,-0.015250122587337054,-0.010696567362371883,0.03709575606376183
2012-09-03,-0.0027564425028984373,0.0017852092708803252,0.004118280442605659,-0.0007792784960706962,0.002109021084169372,-0.004216643251750118,-0.0040282182259703024,-0.004056680094998903,-0.0009037076407566584,-0.0011566542908472404
2012-09-04,0.005769838838566491,0.0001396551195020465,0.006559229012023683,7.975434282633058e-05,0.002414700163762422,0.006660031150200594,0.01676089820609532,0.012921188275029903,0.003846980593905577,-0.04074968971240326
2012-09-05,-0.019422712167707936,-4.927837281561625e-05,-0.00968806592612189,-0.01191303490590872,0.006636834379662962,-0.025087039836989636,-0.011979225724796195,-0.00778244509987291,-0.009200290386331456,0.025001306463557107
2012-09-06,0.006617296569746626,0.02429264248685712,0.005813882796948665,0.005016000310527292,-0.017374108061593996,0.0043945576579563555,-0.004277228064470461,0.0007403615376690315,0.0024272920075337386,-0.0017652659392829772
2012-09-07,0.022868705236604593,0.01739065144208061,0.019986392714652936,0.013227723608440886,0.007616390947137063,0.02641588630601821,0.02980846584585533,0.017226735137725716,0.01960276282144217,-0.10680111306908908
2012-09-10,-0.005165560652817693,0.0030224834312126657,0.010309987065144887,0.020627712231557658,0.0023945102240539844,0.016556350845270497,-0.004415063154198607,0.0022185434239867913,0.003988608782709102,0.000655108353394776
2012-09-11,0.006537823074658291,0.009815079863389498,-0.0015496671317563248,0.00045683443661045584,0.0032954145781919357,-0.013977943410900907,0.0092978852827501,0.0012197080632646651,0.004937923764457274,0.007177822309874703
2012-09-12,0.004680311443067997,0.0094961896680109,0.014680813681601146,-0.0020790319024845596,0.0064571585680953895,0.01946164976345462,0.01162237729920411,0.00388672030449178,0.007577894131802447,-0.022354655533063882
2012-09-13,0.0023882697879237477,0.004369121771252257,-0.0026443501610605865,-0.014220165539677476,0.006570167649087528,-0.0017674697634989219,-0.005310129960754279,0.0030054810451556877,0.0008006548380166689,0.04103474525139396
2012-09-14,0.041740847767910955,0.012971270182911877,0.027184296233355276,-0.01332400017869126,-0.004439041240917296,0.041872956713107555,0.046805961214336764,0.025303484367530955,0.02584358933331103,-0.018680089718329986
2012-09-17,0.031332697472718996,-0.030961989677651264,0.01727917982635785,-0.0183021076711625,-0.03883281601527851,0.012562645359688589,0.06352760450891112,0.01873380163282597,0.005783196310569196,0.14500629718635036
2012-09-18,0.005616351248908916,-0.004323059333291294,0.000738404065550325,-0.000587833679430183,0.0015629600323914087,-0.001351997081562239,0.001732391739591591,-0.011571823083192772,-0.0017752281388536857,0.0028081588913438783
2012-09-20,-0.01117285050079547,0.00811377800160202,-0.004427017324159469,-0.002218791844318559,0.001358631005054121,-0.023009672400167814,-0.00064932002836571,-0.014394381170753711,-0.00821209092065133,0.04335388932444707
2012-09-21,0.039297170583005005,-0.006709918663531036,0.01622616394861696,-0.0015878708459789598,0.015347201989979898,0.039433658130686354,0.022054246280185985,0.025917379106080073,0.024348919045650126,0.016511664421977736
2012-09-24,0.005706255366914063,-0.0024404208628301975,0.007889086527837248,0.00016342250566433195,-0.01516021131077415,0.0035604104302353434,0.014297946908102575,-0.014327224024034706,-0.003793733782301371,-0.005296642725170822
2012-09-25,-0.00024076360481964845,0.0006205169480953551,-0.007900620664074683,0.003543761783555965,0.018476922965735706,-0.01395957744525488,0.021070831355149994,-0.002563972383779363,0.00075810903044665,-0.09578821504102364
2012-09-26,0.0005689842212515273,-0.003011839518962036,-0.003561242842061002,0.002755581744621793,0.007362590370612931,-0.012993992490886239,0.0012256908295206342,0.0017224383855998814,-0.0018434131257124254,-0.008216084792496596
2012-09-27,-0.000682802821291964,-0.010068093495848904,-0.0011743391803348648,-0.0005685462085033854,0.015867238316741274,-0.006670597260014108,0.008943198659512763,-0.013970148457715768,-0.0024662359760189018,-0.0035418848968588623
2012-09-28,0.0032654019998006874,0.004539988649635676,0.016603234208092288,0.015105477863616226,0.013937250417367167,0.012412325477032943,-0.006903630290044452,0.01332610158125647,0.009477874770864534,-0.045366110236329735
2012-10-01,-0.0031778349252043494,0.01907630094507968,0.006933237334681193,0.002202783248998743,0.002229389456273606,0.003137752213736716,0.0026452723098768787,-0.003456326182360051,0.0027140385821359655,0.011077055119531713
2012-10-03,-0.0004817138293954773,-0.001998779311970998,-0.0021159639468183275,0.006720455517327112,0.0021223609936848764,0.0036481937415759756,0.0034485919155498477,0.007425333438995561,0.00217469800247328,0.009744282136373943
2012-10-04,0.01918415719530209,-0.003595342377859752,-0.0016981618647667065,-0.009884024260379204,0.010216920158905298,0.0012549302471606062,0.04900227383721631,0.008894450221596722,0.009784057731510025,-0.0036429587932451032
2012-10-05,-0.010770178791879415,-0.016869329246185043,0.005403788726712799,-0.015337035879251006,0.00527071378221967,0.0,0.005192842329843837,0.0039671561844382836,-0.007048401472376666,0.020470319846240773
2012-10-08,-0.01304578964746824,-0.013519772881079018,-0.011651658981362901,0.011404096146234784,-6.935413960301448e-05,-0.011188416436893325,-0.03852266687073694,-0.025253329685676142,-0.012422553983974943,0.022975937393298326
2012-10-09,0.007356952524850299,0.010710820687012314,-0.0018957787698108421,0.014838808050890788,0.010843854676756571,0.003273994335497501,0.0057648383068594706,-0.003585953198857042,0.005026124741861446,-0.02178483835667927
2012-10-10,-0.013598782118193178,-0.007839664095156094,-0.007677204371022131,-0.007458403034447829,-0.00018527355391629268,-0.00925260592253729,-0.049573411543760035,-0.008607096769216695,-0.009236897569122873,0.001784162673353927
2012-10-11,0.01230493063412208,0.006867111002991783,0.0054206137669009224,-0.0068354251705670796,0.008299525003236049,0.01603769672583025,0.04739064232672779,0.007408956628268401,0.009841438524261526,-0.020408880978034543
2012-10-12,-0.003755532687197642,-0.026272583762788657,-0.005362669959476305,0.004206497190862324,0.0011086531233956594,-1.7954253001781114e-05,-0.010784993551978388,-0.0009043029698614605,-0.0056218911252959814,0.0
2012-10-15,0.004673652474605618,-0.007512357041093358,-0.0026688962581746817,0.0038256570634251368,0.006582440980960835,-0.0005202878424286995,0.005407066691176413,0.004125446681732384,0.0019712933975172303,-0.03643503745709003
2012-10-16,-0.008231792105523824,-0.0015853127962514757,-0.010465505713966237,-0.006657807618385591,-0.000983136063918155,-0.01715946609110613,-0.03288971238500851,-0.00869070154535554,-0.006925327076076647,-0.020973118988714973
2012-10-17,0.0009028456679339101,-0.0009424926809611546,0.004697300858864498,0.0035877967977793745,0.003482082908664307,-0.00429958680531964,-0.005588366486354163,-0.0012440500349321436,0.0021665606600093767,-0.02602616785595835
2012-10-18,0.019883270896585672,0.007202964274379431,0.013015687864589126,-0.0023845183459175866,0.006767338837559847,0.011050055581373954,0.029450031014264,0.004633826222869671,0.010273480136426792,-0.027398963710479736
2012-10-19,-0.008246116657394251,-0.003594996814417281,-0.008584607027667772,-0.004106012285113137,0.007854364080182953,-0.013307833547032515,-0.009924181530518054,-0.009892527720571427,-0.0060423486092661665,-0.01501736519744066
2012-10-22,0.010061349783675762,0.007520652439661444,-0.0004655060240143904,0.009347859644881298,-0.0038044721556270977,0.0009184254994895569,0.00406256916582544,0.00882266565702116,0.005771220015412784,-0.10888191590865953
2012-10-23,-0.002523153823537672,-0.008155450495173648,-0.007465922424846351,-0.001969063856891128,-0.007746817211411728,-0.008388924106563897,-0.006508019124923448,-0.005999803120990546,-0.004514165983925739,0.05010394278351704
2012-10-25,0.0031346190250302977,-0.0018901943231567654,0.005415163214511268,-0.004913113571636725,0.001536753642644969,-0.005532726088350185,-0.016250473306757444,0.0004939617804208552,0.0024392867397124295,-0.013955391883565378
2012-10-29,-0.012331983229354358,-0.0031859941594436733,0.008721665990468372,-0.006049883453056587,-0.020331719577666697,-0.003412777110363167,-0.019898027439110795,-0.0029039987840776657,-0.006982713537108193,0.11184825870946599
2012-10-30,-0.02374072505869894,0.00556264813520525,-0.014078192969280935,-0.000646452565951017,-0.004293002671504648,-0.015209381617799085,-0.02311255940061963,-0.009179463416899592,-0.012021309646340173,0.0033014352071625208
2012-10-31,0.005856209135517682,0.00357908710638989,0.015291568003253209,0.017911122765522664,-0.0018573301067461461,0.01118485468265196,0.01376068590017834,-0.0021298704810225866,0.0038868064869830134,-0.05209161829870418
2012-11-01,0.004095814209534571,0.0022970222288287907,0.022440005482193402,0.00812809029881184,-0.007557637084090065,0.009055749697595965,0.016308764108615,-8.347786999301433e-05,0.0045007039065821375,-0.022472834779709076
2012-11-02,0.012768376458228786,0.010044697499016216,0.013694223840370928,0.004104773547477795,0.006093419704932053,0.006318305516924811,0.006282743179495209,0.005546542529234387,0.009283598556758567,-0.03028350233906487
2012-11-05,0.00128179696642628,-0.003128138204483035,-0.005551526808607613,0.003428121590902715,0.011511033876361475,-0.008513986507912094,-0.00250838806761845,-0.002609318670833422,0.001140160934837295,0.06860237988215134
2012-11-06,0.005553121175043045,-0.000765273568575123,-0.004231775275174286,0.007295463866405513,0.001205751133886096,-0.0009505088667721395,0.020918244968727025,0.0037328512904084444,0.003534943543911931,0.03887888592484207
2012-11-07,0.01089880766514114,0.0086359473650802,0.007396649210695095,0.0010945001518672531,0.004429233019514721,0.0032019140834814944,0.029286148693247638,-0.003316692806051875,0.0062171292271889006,-0.04711502610904882
2012-11-08,-0.004463232743014301,-0.004807499795184538,0.008228668692385676,-0.006628309426477149,0.0019739396206379786,0.0004274485546918399,0.01892802203423625,-0.006724529739749341,-0.0037134360408294775,-0.02018863951667999
2012-11-09,-0.0119495493165664,-0.00857130099864657,-0.004383903139338792,-0.002621955981140376,-0.002543435834505257,-0.014333291238559087,-0.015153320162720293,-0.01270470148786325,-0.009190436679217989,0.01049324897356423
2012-11-12,0.009388869465962455,0.0046043801792190935,-0.0009792685698016541,-0.00011300242313503494,0.006375162062948135,-0.007301392077211516,0.009669585779423702,-0.002614090085915658,-0.00044851642908619777,0.03353032405873745
2012-11-15,-0.005405621675186066,-0.022762033279539455,-0.011151224166612114,-0.011727510117402275,-0.00845945702713967,-0.01228224306505358,0.0209879209192618,-0.0011785736545184115,-0.009315417200509159,0.04410060378041637
2012-11-16,-0.016266833556356917,0.00498712695180163,-0.015189984305397546,-0.004408128585257608,-0.013933875673630466,-0.005202724756372373,-0.03742234339700008,-0.007404362422250088,-0.010165182073687593,0.043471386387794214
2012-11-19,-0.0025218253359407345,-0.0027647673497785317,0.00901257752428904,-0.006079798451130063,0.009226550170091847,-0.0074658324556523825,-0.00019967276764685165,-0.0033386585357473714,-0.0004755128708731552,0.02796540887250665
2012-11-20,0.00100328107716098,-0.003831837158473128,0.00589590218115791,0.0011549808003403564,-0.0016777505625421726,-0.007521990640315788,-0.03247038583524162,-0.005411753836987146,2.6905325376147813e-05,-0.05356773746390971
2012-11-21,0.01290860612270367,0.008766555509262053,-0.0005293552462455294,0.010291292427760433,0.013678015470010303,0.007132628029397371,0.025457031598493815,0.0011578802482856826,0.007732677239436856,-0.022386632135862426
2012-11-22,0.003743373867158529,0.00731156268751231,-0.001917351400685272,0.0009048671969116848,0.005668157877200477,0.00671470951788371,0.002610742156686066,-0.0034776054109192864,0.002303783619401963,-0.03622392708402123
2012-11-23,-0.0028324046112651077,0.0018297955923175719,0.0032797744500782495,-0.0023911639756398913,0.000640467639882613,-0.0009288852642413797,-0.00563158835055238,0.0019867602986657442,-0.0002043480676846334,-0.015546074567807166
2012-11-26,-0.0037845919301776752,0.012278606031637116,-0.0020274843620228648,0.003084529929835947,0.011747335190061972,0.006810744463217166,0.003422961618435477,-0.0007662401837625537,0.001651464026839213,-0.0006814466193420403
2012-11-27,0.01948535773331478,0.012529523460774745,0.010353233558697512,0.008675216333310021,0.021368045611124722,0.014204385573896434,0.034959641885268004,0.009103531603916547,0.016113606124935557,-0.04960849728875072
2012-11-29,0.028365248362964522,-0.004118911693538303,0.019077525410392007,0.014816543629470448,0.010876132952428239,0.007441278950403665,0.03546601561833416,0.013391001390602774,0.016888559855538453,0.09622145003795374
2012-11-30,0.013754989054540596,0.005868766598436868,-0.0024005832185238123,0.0061348669879284275,-0.0022095378364087536,0.02013648924465921,-0.0013122360699383444,0.008869575494748486,0.009372268537928177,-0.014417043328913387
2012-12-03,-0.004533669290628772,0.0010532267699035348,0.0027289760528477346,-0.002541649223126649,-0.002388393160337275,0.006287078329715912,0.014340524124269739,0.002960639642606673,-0.0015147741130177722,0.030551630309118626
2012-12-04,0.007674611683320281,-0.0057583113657651815,-0.0039039631950237175,0.002584239567901829,0.001017854950732568,-0.0007332991718238571,0.008470013018497164,0.017062897196800098,0.0031121612139040416,0.018395695674028125
2012-12-05,0.006899825980814357,-0.013631456437543134,0.0008237187697983557,0.00013624364643666082,0.0012548022112627655,0.013389276107730141,0.02623872478409522,0.004485388911608326,0.0019084379930875174,0.04365900716368726
2012-12-06,0.011813570189290204,-0.01404247165502635,0.008243679837217683,0.0008002853054168446,0.005470509855058963,0.0053779623648621344,0.019630969696836816,0.009398034224993246,0.005138862601968067,-0.08668330468268488
2012-12-07,-0.005150971890950965,-0.009519613294414746,0.0056567138025914775,0.0019808302125262486,-0.001603411068357848,-0.004672424303668059,-0.01713370945564095,-0.006578146762928055,-0.00397016991551854,-0.018543560143744413
2012-12-10,0.0014508104598754418,-0.006145765160442651,-0.003003563805385986,0.011467573275461326,0.004407241865030449,0.0021314298778120824,0.011337631478920317,-0.007292600810554566,0.00025388658596198357,-0.030541892426090574
2012-12-11,-0.0029969153593621513,-0.008723850781823686,0.00015206266028889128,0.0030599395285272266,0.0073995813134144495,-0.006880345809744121,-0.021364529426469332,-0.010060669907299242,-0.001710765071977491,0.010966514685396415
2012-12-12,-0.003481169928195089,0.0030961377581376986,0.00916523271701161,0.0019485115817254664,-0.0011148856247559138,-0.006214783753299721,0.00107909288517477,0.0013166596650286133,-0.001832525857525198,-0.010966514685396353
2012-12-13,-0.0026494973281616795,-0.004465890082178772,0.008175360636234719,-0.00582315212757514,-0.02717192974493013,-0.011251512532813377,-0.021439752764979836,5.744540294742017e-05,-0.006218342793891255,0.01368945453644227
2012-12-14,0.012598417323268945,0.0064517713096578335,0.006117138219289772,-0.005274260941441594,0.0008917601652026178,0.018755453638587924,0.00914083147066091,0.002876342359843739,0.004790710362347276,-0.03317515727376945
2012-12-17,0.00022131139192479453,-0.011932505527926079,0.006406748548930494,0.004441977082155769,-0.005562375730212433,0.014536946000904475,0.0058066070817202895,-0.0028571946254989,-0.0036975880786428313,0.04735021995630538
2012-12-18,0.003991219482383215,0.004244704604213929,0.00521334052066408,0.0066637576066985865,0.003315051972562163,0.02151307196796643,0.02360204636508924,-0.0007730614621921137,0.006618636854775263,-0.03270049548379848
2012-12-19,0.00264933636289924,0.012468085102072058,0.0162013182604595,0.016512851237608293,-0.004539283675293507,0.01645646986596137,0.005463006835845393,0.009883589455129488,0.005546975807021157,0.0020754546920013044
2012-12-20,-0.001900269727137423,0.003124199782455361,-0.006851884049572555,-0.0020152922531075897,0.0011751582892784117,0.012643111791275405,-0.0028158687236243965,-0.0026489737448174983,-0.00222863426913261,-0.010420418876011401
2012-12-21,-0.013825988533598467,-0.002279577753663849,-0.012814987039984349,-0.016646917771203446,-0.005837201887550387,-0.015833347104111925,-0.03643300895742467,-0.014895497800374273,-0.011679684367163802,0.021417082633037307
2012-12-24,0.00021519493580453758,0.009310707266899339,0.004419157856055276,0.006459205518550245,0.0018706597326224972,-0.004639707220784152,0.006921792350074345,-0.0035615883536958054,0.0013756295489937814,-0.009615482317635649
2012-12-26,0.013046033434712195,-0.002263506811066305,0.0038989866564377628,0.008325132130795864,0.005418109580990934,0.005244046373930436,0.01531147561580307,0.00898289950511852,0.008476985338926086,-0.027283916098030214
2012-12-27,-0.0015837955132925565,-0.009331904737964405,-0.0018901741839019094,-0.0027177507280136824,-0.008335815555247324,-0.005625820652684743,-0.003940560597699684,-0.0082463414428869,-0.006029383723567037,-0.025863554302576263
2012-12-28,-0.0001243945711172455,0.012754208185757095,0.003745461246995955,-0.0015148659855214609,0.003922353547266616,0.0031197486853596027,-0.0008977466965120825,0.020660557404554945,0.0064949350428471515,-0.008038016031443074
2012-12-31,0.0012914759926138024,-0.003198193886215297,0.006031923288551882,-8.284660954992194e-05,-0.004103553254548223,0.0037653430419899696,0.010542335543745044,0.0031143005491197414,-0.0005502203045275154,0.09243803297381713
2013-01-01,0.014318669092539978,0.0013848793497347395,0.008030970034674723,0.0035727480991846077,0.005516801367726764,0.020172742452794313,0.028560940597460567,0.0006368651794754146,0.0,-0.08804567842948288
2013-01-02,0.01043205762655014,-0.00038125788526314157,0.008547370359166983,0.002251187736050563,-0.0022142300047202565,0.004904507260878596,-0.0019020263527597492,0.011344243119357188,0.01481743509598375,0.001459887707614876
2013-01-03,-0.0006805648431144711,0.01098243268413126,-0.0012121666391190183,0.0009138452687036211,-0.003500281224429852,0.00330670878385095,0.013067649057315464,0.010847168709016673,0.0027077144701615867,-0.017660486110405212
2013-01-04,0.0007196672056201186,0.00907703628809154,-0.002541311359284125,0.0007568315734670678,-0.002501132484090892,-0.009411540353139788,0.002388609503405996,0.00896655424122289,0.0011059532042860644,-0.0074516276919158134
2013-01-07,-0.006169551781661321,0.003609482538927852,0.004140345655525891,0.003947578182422872,-0.01112584667064793,0.010182101820230674,-0.006496839115622262,-0.0010758892092375828,-0.004623255329017686,0.04031327783283891
2013-01-08,0.0013210560431143258,-0.004471241772603584,0.00042724920525789265,0.008498478581747751,0.012066970399968388,-0.010317487693925279,0.013797980177068863,-0.001254655364513497,0.0022185466869673303,-0.047820777546912926
2013-01-09,-0.0005895483838770154,-0.007649688706389131,0.007388299814571839,0.0020607506219848773,-0.015282604784580999,-0.012204460904484224,-0.010031476522003495,0.0026543025505807315,-0.005044642846597446,0.003760759360900529
2013-01-10,0.006602623905133964,-0.00459165631464335,0.0038598411326436657,-0.00848913063883605,0.001925237825874736,-0.004290673451908655,0.0022189780879725315,0.0007998477645147081,-0.0004773973080222145,-0.0037607593609005267
2013-01-11,-0.014508504243895638,0.08922018839296492,-0.012663034242423274,-0.010022099300595196,-0.024711402364046908,-0.01636962803645055,-0.021194879147369235,-0.015158187197426922,-0.0029111045491811488,-0.0030189393138125905
2013-01-14,0.01110483872009012,0.02522930844754556,-0.005362381173112736,-0.004095162203595655,0.010559321975212688,0.014286295088042055,0.04927104798470597,0.012487604071966165,0.012150107904682364,0.03490887538539138
2013-01-15,0.007546687685249607,-0.002646865746466661,0.004322775387139411,0.0001409365629539999,0.007759430275623343,-0.0022431206023446728,0.011701782617892387,0.005151374288499074,0.005388844474855894,-0.008797702399387106
2013-01-16,-0.01701624378614923,-0.0019971051142095757,-0.024610823286518136,-0.0023235752912786007,-0.002497658202107153,-0.023384054685462907,-0.016021504648985017,0.003761334160028257,-0.00908083134121998,0.02974465580456186
2013-01-17,0.0008777854174119092,0.013409348071108398,0.004702566511139709,-0.002712174246178832,-0.0006279133633147239,0.003565517846701098,0.020272715425591007,0.025632964475721453,0.006203813876608185,0.0014286043689476547
2013-01-18,0.002400413718203739,-0.010352627074467054,-0.005915623101534678,-0.006879757409146385,0.0008674886354022259,-0.004450050928810324,0.012001381974468536,0.029508100768653043,0.004164007938021129,-0.008602195202435712
2013-01-21,-0.002262077374624844,-0.0013688881233126832,-0.0027558269436878655,-0.003335691475527603,0.011626764181185727,-0.002409913152589074,-0.015597352082155964,0.009897694653940923,0.0029472886846284353,-0.016697338511285627
2013-01-22,-0.006104897958816793,-0.0073545777368508695,-0.005429139473712719,-0.0024689853766607086,-0.012700258411394168,-0.008749104237019108,-0.021015106267046006,-0.0047566918233479406,-0.005572574388951168,0.0166973385112857
2013-01-23,0.004827647599163308,-0.00205713182133742,-0.00841198477419543,-0.002610482230177293,-0.00120317333538118,-0.004646105731785444,-0.027635882048818634,-0.00343200680070598,0.0009584237077469017,-0.0159655251665323
2013-01-24,-0.0058580024385051395,0.0024650816624932946,-0.02580027698717372,-0.009032670409037009,0.008418890196091633,-0.018125721840353663,-0.05204455029958175,-0.010101002254027684,-0.005789434832539505,0.05618256305174117
2013-01-25,0.01044174941079807,0.008616970073926679,0.02141791362529565,0.015550328543875596,0.009774192040505692,0.013114572825579146,0.04756481047088216,0.0018158077123033036,0.009145062029183172,0.02121190816736709
2013-01-28,0.006916694174381799,0.0032224163471049855,0.009402065842194263,-0.0021959385497424076,0.0017352993695000424,0.0022383385924779294,0.01593189814645644,-0.010261279093621858,2.4676400556721332e-05,0.026721670853616625
2013-01-29,-0.004591379176765632,-0.004465727674946652,-0.009028128205709357,-0.0036197952597201966,0.005510941500157884,-0.005079427949125479,-0.024777633900003534,-0.011158438961073944,-0.004107307883982924,-0.047242239292352745
2013-01-30,0.0035071995071290804,-0.0006553251948605437,-0.004764794771853052,0.002423051927435038,0.0006822489478051543,0.002515797966032087,0.012809633797059863,0.0072632641382122595,0.0009665070704739352,-0.006239198846112982
2013-01-31,-0.004623957671736179,-0.0014521905101972014,-0.0018585060038468946,0.0010030209168154136,0.005840631457493316,0.0026176843940655834,0.014005269350659703,-0.005871128808531988,-0.003473805238461769,-0.017538155455658844
2013-02-01,-0.008086192928302895,-0.0037470672140514625,-0.012736979450665075,0.00912381322454727,0.002437194472675976,-0.006838402077683269,-0.011771804369173659,0.0026783547910072788,-0.005958325862656894,-0.02653435565652913
2013-02-04,-0.004603546811709629,-0.0003554647351868021,0.008048485575297762,-0.013810233319261664,-0.0029384166160457566,-0.008550326121464811,-0.005334326773846912,-0.011220376577041544,-0.0019438945962046322,0.04128699667313997
2013-02-05,-0.006443837963948753,-0.0031975521440883547,-0.0035063957008539225,0.009476747769253866,-0.012394883208268127,-0.006539260880587549,-0.003976127402417134,-0.007938207551228479,-0.005082013073346008,0.018653356451254252
2013-02-06,-0.0040224671968323664,0.005646283664118713,-0.0013995619675065518,-0.0019805480754328713,0.004204886505466558,0.0019147743198342194,0.008280171414486167,-0.0017693015876110144,0.0003860815163471072,-0.024247771226676665
2013-02-07,-0.005523509798190018,0.00474726978867091,0.0020823159064358903,-0.007132338291497037,-0.0009321316797236387,-0.010019530223864528,-0.016105618001056678,-0.00816121849170847,-0.003429216778715081,0.043231438716418304
2013-02-08,-0.0056151819861606665,0.007867221154415696,-0.010685101576156077,-0.012309648018305903,-0.008608899455734403,-0.01390037903515508,-0.012119167044792245,-0.011602390446328829,-0.005961664511139566,0.017970500395873563
2013-02-11,0.0042943977163963825,-0.0030180173257650374,0.0011273394446834897,0.008393110869366411,-0.0026319192609666796,-0.002584334437642764,0.005990087224373635,0.0005386459458567143,-0.0009575010873592933,0.03181052246203821
2013-02-12,0.005841162591444807,-0.005894035054424036,0.008831599298435428,0.012022838689026026,0.0031821512965158924,-0.0017580806432925295,-0.052838374956539064,0.011051687443642034,0.004170762773135264,-0.021964655533493242
2013-02-13,-0.001625604557751552,0.013490942264863016,0.003517414811878383,-0.0015958343719347187,-0.005465709334231394,-0.011379384004392128,-0.02020268425056719,-0.001047627523643784,0.001762935670411124,-0.011165966391767914
2013-02-14,-0.005976651179464418,0.0023504955233933644,-0.013235452732315474,-0.009196140861297586,0.004081215094232352,3.831196009215629e-05,-0.009302439011797503,-0.015680645723603007,-0.006086291505428713,-0.00330798779422602
2013-02-15,0.002048884860978904,-0.005259948240066258,0.0039771033711883804,-0.004838744769190523,0.00011683861581706204,-0.003565836727696243,0.0009531980735743939,-0.006216676376289117,-0.0016208437428339576,0.009891252348394611
2013-02-18,0.0008629576273908177,-0.004299594811219034,0.000185377091446741,-0.00011080981380011869,0.0038114706699209243,0.002723476043303455,0.019996962316389682,0.0008480494450331315,0.001832795259055871,0.06662794357574663
2013-02-19,0.005367356115207943,0.014748676602453614,0.0090513433287215,0.012463113967952277,0.007612636211873994,0.001607544844157457,0.02088605154360753,0.008747776553434831,0.0070114071991698905,-0.029908801053152568
2013-02-20,-0.004031897357916506,0.005147988503760735,-0.0017842568816496829,-0.002335077586122169,-0.0040839935272617926,-0.0060032218229283335,0.006745102746550714,0.014570875349653605,0.0005637768132327255,-0.01337173905392236
2013-02-21,-0.02524376125523713,-0.004629096637647001,-0.015015924743676363,-0.0028820447506182362,-0.013763039250986103,-0.030628647472165794,-0.025951647748771,-0.014049660348827158,-0.01539623406156752,0.08240678204165292
2013-02-22,0.001114999619628044,0.007608037911294346,-0.005287753801317252,0.0062101713633823255,-0.0147321794596994,-0.004791900439287381,0.014990632395819563,0.004080614002216731,-0.00033329408771618207,-0.00889419513275116
2013-02-25,-0.002625858458056455,0.014530314172136191,0.008107475580113238,0.001748074201067107,-0.002075105678078078,-0.012878238575357581,-0.03039870214023911,-0.0075010703651916056,0.000760388994695336,-0.003580037980693513
2013-02-26,-0.016117028635237656,0.008637440701903684,-0.028358423732125167,-0.020487044818710665,-0.006117128467524006,-0.02701152485354997,-0.02124273897445817,-0.02687009881472025,-0.016081458393314825,0.036965256753816754
2013-02-27,0.007205007001237061,-0.011841943115836463,0.00752339190657043,-0.003434187356503891,0.008505824995740216,0.00877678647023446,0.023890290533032058,0.009896800066185858,0.006151435864131232,-0.06730739106898985
2013-02-28,-0.03785177379515648,0.004816927475908076,-0.010062653160469644,-0.006142118925647978,-0.005166725001758405,-0.029821789459403104,-0.029126435995825747,-0.020550050485404838,-0.018077176721828157,-0.08818833713592014
2013-03-01,0.004577234168667951,0.0015537153002934013,0.012755111756277476,0.0049718370900002674,0.0025457193602977366,0.00776518512843938,-0.04108124408915024,0.002786986210582344,0.004670292272359843,-0.05533909995855977
2013-03-04,0.0030757750751976795,-0.0022575293069133882,-0.006121450732252315,0.0018752687127737463,-0.0034814836781161718,-0.024900201134857088,-0.025026972286191773,-0.0016317127743089163,-0.003713408297517434,-0.02813025991025309
2013-03-05,0.01852620637109484,0.01378169287710095,0.01709496102841218,0.011526873671242112,0.00836647813150618,0.023785590762849942,0.03148899337765636,0.013993265898903175,0.014935724292001495,-0.020695470973664396
2013-03-06,0.007110854778097224,0.014573396992442726,0.003426064751716556,0.0009595337656216512,-0.012793048726972775,0.015617446862195534,0.04641028750443182,0.005889398413541521,0.005920993156224326,0.0007464931456587958
2013-03-07,0.00788800051948542,0.014181949398091519,0.006882499168304068,0.004792403125959037,0.008843968692494016,-0.00991016149895899,0.018467828385798527,0.0013811271394068845,0.007652851943975546,-0.024935174202177855
2013-03-08,0.01878608700297012,-0.007211935980381095,0.005065784180718915,0.009114854609632092,0.01666454282798708,0.02302048728224539,0.005643356094131072,0.017856345868399622,0.01395575035978997,0.02044754763905281
2013-03-11,-0.002614657867578432,-0.0071479408932833355,-0.004880109489176198,0.0047013948757773484,0.001633826795562524,-0.005453758721646577,0.014155640931995521,-0.00149182962732443,-0.000563607599626711,0.06598985478880942
2013-03-12,-0.009157799872840485,-0.0070615223313411244,0.0012549859784525311,-0.004475405906428235,0.0043884757999499415,-0.006828238167725965,-0.015469486586734962,-0.004001335107514512,-0.0047653476368216515,0.05992262864944615
2013-03-13,-0.023247126329279878,-0.011481350283846921,-0.014002831337349766,0.001847678085586565,0.004724769359127501,-0.014385737507598632,-0.005839776576224643,-0.008548596226312906,-0.010692545036311767,0.06833175396925943
2013-03-14,0.020443382762969517,0.005840325938371074,0.003069904392921376,0.0006262760681101879,0.004305663487801784,0.0066765079514279485,0.020198906594641342,0.01078520973397336,0.009821381919884518,-0.09988860328331078
2013-03-15,-0.017133283965085493,0.0016555246910677337,-0.008003696287738137,0.0023679829821064615,0.0006745179865924105,-0.007769123814044568,-0.03102627498756041,-0.010617239607596828,-0.006170701154912373,0.033537684099006836
2013-03-18,-0.006882635956339502,-0.003563783195319504,-0.013438556442063276,0.004271402315854862,0.007802996913728004,-0.021332535782584507,-0.017143757032930574,-0.009782214631210614,-0.0063803728356968134,0.044509154241718696
2013-03-19,-0.01957163814633579,-0.006424585702035785,-0.014318286224873942,-0.001543561998489965,-0.0029658266804744736,-0.02608680679192339,-0.03720994918836585,-0.013755984227803322,-0.015421816917123578,0.05283776342733221
2013-03-20,-0.022247662597706722,0.0007966285171687606,-0.0005143650618427536,0.0010873708400063816,0.0037165841243122616,-0.013560078241186517,-0.052578322161697263,-0.013702502443695641,-0.009012074180768975,-0.002996660238352537
2013-03-21,-0.001467127444748928,0.001368086156173462,-0.020817981957910275,-0.007745456268692921,-0.007361271560335696,-0.010331598730038685,-0.03327877059146569,-0.014914618708774073,-0.006280198856235595,-0.009044355784498552
2013-03-22,-0.0030566476155631816,-0.006754016137667814,0.00043185966975996286,-0.005121499400887301,-0.0011429047880623974,0.0016692392020255143,-0.015500753020993022,-0.001672455082819385,-0.0013085478175716774,-0.06054892931051973
2013-03-25,-0.007022008138625405,-0.0019471189569107632,-0.008684208767660385,-0.001682156921324356,-0.0048968969298078925,-0.01133336447720398,0.00932921408202809,0.0056032106453217205,-0.0031014095850241405,0.05142202599741183
2013-03-26,0.003391729790664826,0.0043670095905988995,0.0025274655340835443,0.0023542281861725993,0.012282959707754393,-0.0057152159581138695,-0.022809534857070872,-0.01675191260579383,0.0013746681660056223,-0.034829416377405165
2013-03-28,0.01761618256766904,0.011423839901842446,-0.008027580830597486,-0.00012597896168007027,0.005346516657190094,0.023205299270584817,0.013033864948360873,0.0024926498161188314,0.007232310747962538,-0.03739958212660847
2013-04-01,0.005590820024285893,0.006255498155895554,-0.007031264967929514,0.009080069671840342,0.00012070942229451885,-0.005570860513814459,0.05262086089438522,0.005816304750690062,0.003837748481610424,-0.02461047904123406
2013-04-02,0.00852773989953031,0.008348447612719141,0.0037712108251165945,0.021165073334900607,-0.00012070942229446131,0.02011444675527319,0.008016894821179498,0.016523836642527677,0.0076315926493432315,-0.05182506649819261
2013-04-03,-0.015682045296601624,-0.007309692037331915,-0.023876625315472903,0.0021409301203509303,-0.002100533753392147,-0.02067774455303014,-0.028993730712678523,-0.013749732752992275,-0.013168948793470324,0.05317092833725682
2013-04-04,-0.019390533492244143,-0.027775262023833357,-0.004534184033928305,-0.004784616429311734,-0.015718316025836218,-0.01597121577079553,-0.03522266030558341,-0.010817584657295402,-0.017452960325511746,0.06382377161481037
2013-04-05,-0.0024566829418463756,-0.003590656458928041,0.005737447493782313,0.002024210140534309,-0.015041514710542703,0.0019447024008854023,-0.0038163290253951216,0.010134675141336808,-0.003864131335780677,0.01936951925984931
2013-04-08,-0.007805881659247099,-0.010018301834600913,0.004278485347306236,0.008662647542742147,0.007994077484990808,-0.00630540784313239,-0.0006750327910886667,0.005339495569279359,-0.0018564567084833458,0.03705255948106923
2013-04-09,-0.0076110796299348445,-0.010286185838367918,0.0014623212413370243,-0.0062194506274374905,-0.01537965407971261,-0.005119392089941178,-0.012684146469480474,-0.014525690754548473,-0.008670081423453112,0.0029770332694776165
2013-04-10,0.017514065257607573,0.01967995840172883,0.008262595174607779,0.003402403613623554,-0.005672590100194197,0.0034158759215822464,0.012459102943629206,0.0035471801446911246,0.011507499287045326,-0.01981451370970741
2013-04-11,0.01643010484940733,0.022102505292121974,0.007731420553307481,0.01021039318951537,0.004302507026871229,-0.009165904443902844,0.024461970687711797,-0.005544744368538461,0.006330291669064339,0.028692916092348898
2013-04-12,0.009121132544562937,-0.12490349600504326,-0.006283241096274938,0.0017397251432722883,0.01889858769390443,0.00030219231558065255,-0.0008791745930307482,0.0069508625963442035,-0.01176905510382896,-0.031121515193139982
2013-04-15,0.010128181599774777,-0.0019215774148395848,-0.008998446635444041,-0.00834120626820845,0.01222981592412436,-0.010022371931242552,0.0006594533980261043,0.017240040581930592,0.007182202318757875,0.009679436780555249
2013-04-16,0.029521925980268447,-0.006580339265448949,0.02430922877398162,0.015524457041591984,0.019182297515836846,0.013039735722407287,0.024955184234191605,0.020365433806308657,0.021417989176254947,-0.021912051595486585
2013-04-17,0.009177201329693633,-0.010409324143022605,0.012442823602012421,0.009017404332898873,0.012467452612567122,0.008423483295991307,0.006195925980157385,-0.019885759087088353,-4.394580453027964e-05,0.00674645970640661
2013-04-18,0.025317355604376368,-0.0005213158047222633,0.02289667064737696,0.0017874948820906782,0.0038743733650994515,0.0015156265629530253,0.019823495955381496,0.012155573959243202,0.016458102609584743,-0.06307266311436899
2013-04-22,0.02316258820393837,-0.018517488960296966,0.005860819798383486,0.0013522806158836813,0.004971646244750966,0.022058760610114383,0.03589024643119363,0.006153301298508141,0.008831527973868913,0.05447830098621997
2013-04-23,-0.0026114450278186354,0.006297280338791085,0.00015816341514513952,0.006109520061124792,-0.0012390480152267684,-0.0013027634538304988,-0.005251488844411938,0.005008177493764974,0.0004284013057793631,-0.07353901396614966
2013-04-25,0.014519256053997483,-0.01589662425434258,0.026277451963554455,0.023743689061537294,0.00585196654335366,0.009996213458145614,-0.004465162082987619,0.016415557593110735,0.013511403233731597,-0.059464041212672084
2013-04-26,-0.015336762386014656,-0.014477644832827194,0.007162570751698642,-0.007846960135206279,-0.006994091428526888,-0.01488514115165297,-0.023046312606734797,-0.015592777923692427,-0.007609565149353201,-0.022792987851500978
2013-04-29,0.00604559926382323,0.0071320728917539595,0.006623168835136455,-0.0019463564862406463,0.022858939867678972,-0.012613946391604094,0.01753887959966137,0.005948186346271908,0.0055453860244868425,0.031906273192327604
2013-04-30,-0.003782270366557787,0.005346874703336271,0.005910706711998965,0.00877093226253554,0.04255867514208109,0.006019971083524619,-0.013177036321379162,-0.0019325868038229878,0.004410930824423511,0.05233953256776531
2013-05-02,0.0117446804523708,0.02582236995403877,0.00328658762739674,0.0037181697103450422,0.010202986887345689,0.000499967520849978,0.013177036321379034,0.01124702082154655,0.011593174115103801,0.07524263366786173
2013-05-03,-0.02520504758870871,0.0030248430736675045,-0.012634092477243416,0.001853950443804619,-0.005001183150172888,0.013922848907782321,-0.012555493160869737,-0.01074939327776572,-0.009268838888589223,-0.045876751860485177
2013-05-06,0.00022596320457135265,0.01886597560639811,0.014890726228970105,0.0035311331902550974,-0.007368668450709085,0.020252859246165034,0.0012419917036108556,0.00973950669595836,0.004540451211160536,0.018477745128202914
2013-05-07,0.018787617145335903,0.004639832167833445,0.010145432020460293,0.010324668110211186,0.020063053538183214,0.00019770338210086668,0.01621045868505185,0.005448665333120802,0.012068796690554202,0.04082198488718129
2013-05-08,0.0009139580693869503,0.0011605051762210222,-0.003960506215167685,-0.0003069661299632821,0.01263338278906927,-0.0047536560300896515,0.0020333476400223737,0.0005519434040235953,0.0042516896717678145,0.01563472780383606
2013-05-09,-0.003704580098355912,0.0072307238991536175,-0.0024459055343472643,-0.017572586718177647,0.0005736991214785389,-0.012899701977114965,-0.010824138885645119,-0.005869665904101064,-0.0031601960062404705,-0.009592390367769748
2013-05-10,0.012308516744072077,0.002082946438904552,0.02139222931458414,0.00549535129877541,0.01593548727595845,-0.001520665052628273,0.0030753484002477133,0.00020581965496895658,0.0073446958820698885,0.015541270432267737
2013-05-13,-0.014490147007658908,-0.01941916669050667,-0.021531236196797476,0.008686522451743508,-0.028316349760299026,-0.020416551621160444,-0.017345043232933788,-0.014165700145801612,-0.018931896238816203,0.037828170594383995
2013-05-14,0.0011728618051064597,0.0019060045668222298,0.00019247395564630726,0.007396668203390181,-0.0005400159216999331,-0.00034268874682039845,-0.004802218906606786,0.003667426278329087,0.0024966436077198026,-0.019608480016424214
2013-05-15,0.03852945668723093,0.0049891361789224185,0.02375376488865919,0.018314406230257072,0.014827239216627992,0.019079301868107912,0.04261197398746757,0.019337470418301132,0.024930994618493872,0.05440429912416713
2013-05-16,0.012277205682049585,-0.010678427951036153,-0.0048568578460734995,0.012380428891701111,-0.00850549542274272,0.0026641686704978007,0.018283461900760065,0.012589425102209317,0.003759127650507598,-0.02174601449758257
2013-05-17,0.00584793870005867,0.006163259139262004,-0.0008608135265006352,-0.003942776669568082,0.00022052690834948653,-0.0021711597835614993,0.020080581466919073,0.002924994176657731,0.0028161580707262417,-0.009629079149547129
2013-05-20,-0.01023460806318111,0.004365748827471738,0.008751781834653742,-0.01845496709780011,-0.004888139553698691,0.0005376005197690483,-0.00658399632294626,-0.009341167795556375,-0.004925384313636034,0.007936515269372519
2013-05-21,-0.008762656087539138,0.009742051657073515,-0.01532663502928513,-0.004901559885367687,-0.005559671880709795,-0.005456781271057412,-0.023789593122122723,-0.011868799577111075,-0.006975793048095481,0.009553322709137321
2013-05-22,-0.004467908517785392,-0.0001245685257405095,-0.003802244065793631,0.007789689055928892,0.00948715540278462,-0.004853008791099619,-0.03688363817459386,-0.00816909170262009,-0.0032108700979154446,-0.008988816381188385
2013-05-23,-0.0289942758397558,-0.00652414853358526,-0.015883620851073383,-0.00787891096579648,-0.008760454314889893,-0.01875149978162477,-0.06305326404283843,-0.03181319479371711,-0.021134089920608477,0.05543258558867712
2013-05-24,0.010458253616871414,-0.007498572126751253,0.0015943601649185803,-0.009178756398180207,0.0013845233699099884,0.01401126293988409,0.006356239294029804,0.003184035035522421,0.002761369474992902,-0.056561809332158416
2013-05-27,0.014939551547785907,0.012580916719020991,0.005228524346502881,0.012073930863957492,0.011600381588493405,0.017979487295868745,0.018400778455792167,0.027782857577822298,0.016508633198256576,-0.03858814768935068
2013-05-28,-0.0008914896724577493,0.0032158597270828975,0.014204652145808036,-0.006955087834558463,0.007549576554165924,0.007230850524904541,0.003212338046206499,0.015081671643267949,0.004608697044323107,0.005270884739881481
2013-05-29,-0.007502976856393805,-0.00551147493477373,0.003393641346012988,0.02327020367317049,0.007042767177448329,-0.008884571246054813,-0.02665095060486958,0.0005929179143444006,-0.0011379260325724719,0.04231618988833472
2013-05-30,-0.003686756719643685,-0.0009150321795171851,0.02147327742182794,-0.006027376698693715,0.019028659640674732,-0.011381929611528644,-0.026478338477467327,-0.004883230117313663,0.0032302015895608275,-0.10747795010644062
2013-05-31,-0.026127250661241285,0.01269602617800353,-0.01794438484072493,-0.012640372825710872,-0.021219320594059024,-0.025245815574959023,-0.036743513372819274,-0.026008454963535214,-0.022808521266850956,0.05753926269614732
2013-06-03,-0.005913062891670056,0.012224036279267013,-0.008919756766934793,-0.0020826367749297377,-0.005515238229457568,0.005621911261202145,0.003968750821087103,-0.01936590929646371,-0.007823840773196913,0.017503430434182315
2013-06-04,-0.010292954608196231,-0.005356486185332675,-0.004229677295609894,0.018275098944845143,0.004154971878161624,-0.0024022144983308446,-0.009598589475322671,-1.9464234580501513e-05,-0.00334767625808323,-0.0017366537303544999
2013-06-05,0.001160226870514934,-0.0065662697255326335,0.0013906095782506866,0.0028107439558282795,-0.005192151175887419,0.004269220737275153,0.015638040088022515,0.015998345689994902,0.0007430196714316884,-0.028203956956575994
2013-06-06,0.008834406180114093,-0.0034737737624268086,-3.180462388733298e-05,-0.012264436548832502,-0.0009604787899108365,-0.0037606414568957937,0.004621080442404008,-0.009701153172534012,-0.0004137009092160573,0.03340478642006523
2013-06-07,-0.013552871516868419,0.013624399094126735,-0.014328274549973421,0.001172815848003373,-0.003626107799794079,-0.012162471211650566,-0.013927802139135888,-0.010884819140684223,-0.006846075453972334,0.0
2013-06-10,-0.011879953733680693,0.009836765542493879,-0.005720036628732206,-0.011380060431977902,0.0033584698113401056,-0.008175538627579795,-0.01531062810357616,0.0031713005329205295,-0.0005102474810933533,0.04287177721818647
2013-06-11,-0.022299317622364406,-0.008171439265787579,-0.01198825212202222,-0.002949491118580498,-0.007012265146599964,-0.045287435350733235,-0.0387176364945393,-0.01497418259325668,-0.01529158551760873,0.07343719617813486
2013-06-12,-0.00047813606848456854,-0.017298966766148095,-0.006395540343565176,0.006752271423782006,-0.010784197235196614,-0.016851033002935736,0.0007399638093343082,0.0030641417926005696,-0.004952752244654958,-0.033388567644776636
2013-06-13,-0.01090142095938636,-0.016284454428989265,-0.0259317013834626,-0.018622932593185634,-0.011473687285305746,-0.010446499769460054,-0.0231959979312011,-0.006270109658078106,-0.010663945462104954,0.03081989237325201
2013-06-14,0.020000957106937937,0.005635560714087479,0.027639004021866066,0.007478827210259356,0.009764219667844787,0.02593908859930668,0.023442530907326113,0.022254810981936584,0.018996844089153475,-0.05770323121527226
2013-06-17,0.00403457128042492,0.008254219664279177,0.018050144926890558,0.0026329370962324713,0.004994084247957076,-0.0009148897562201218,0.0,0.005971631523382654,0.007145045967808824,-0.009307489753440765
2013-06-18,-0.012617885662290143,0.004465974674073857,-0.001741762343376065,-0.0004795844844411371,-0.003498526654163924,0.007099408206691293,-0.002220912483667961,-0.007442580488502697,-0.006250157711134042,0.0060324069232636284
2013-06-19,0.0026781378617687216,-0.0026150448513163177,-0.00583132161545637,-0.003566404530979762,-0.00012019424778535159,0.012352489806243127,0.010810976091380011,0.003838018326394027,0.0014867678535771553,0.009251667020564779
2013-06-20,-0.04109831314036072,-0.02278249383891797,-0.017213026252108504,-0.004583621872358576,-0.018575800306418505,-0.04660902703540063,-0.055004508906503234,-0.03315270277616397,-0.028987554139514253,0.038783158370096264
2013-06-21,-0.003103639247521579,0.014473136998608995,-0.0015635441801900522,-0.002913369075358767,-0.0030409242046121688,-0.013228945876157553,-0.012732389786252685,0.00453047178848607,0.0020753216826701094,-0.008372620459281083
2013-06-24,-0.014375172326145906,-0.01140949880136353,-0.01473407455434984,-0.006851443774026537,-0.021463878732478948,-0.01082520763411023,-0.047940613767456806,-0.01188274465810638,-0.013750543628800106,0.09898180836053379
2013-06-25,0.00024598496925277514,-0.0064556001543128435,0.003888999836179468,-0.005670086505909268,0.00509355442319177,-0.0038611221489932594,0.004379985349194635,0.0081198991067297,0.003366287381407146,0.006168425819353727
2013-06-26,-0.01029336812198568,0.01731651820706705,-0.017461197607709734,-0.011297928746782803,0.008598992500686194,-0.013924000004546556,-0.004654388161598421,0.0034370444449392528,-0.0036435593381386397,-0.0033167382380131258
2013-06-27,0.015173633283495969,0.0322113081713981,0.005612182405228464,0.023796738891456524,-0.0001599919547620844,0.0008212947156253607,0.018488885161057098,0.024896009631412114,0.01661815982028318,-0.11133727920105682
2013-06-28,0.033390449624130916,0.007109769640964504,0.030167849179433773,0.023754240972775835,0.007443050530803172,0.04213578564724883,0.03520275514833245,0.03688499192024829,0.0277425749122853,-0.048922776693262705
2013-07-01,0.008370520053055356,-0.016367355672311994,0.019783341524486176,0.012144229099077591,0.01645942692350752,0.01963635196579642,0.05367021135551501,0.019230028204082955,0.009649961552167819,0.007769150404256493
2013-07-02,-0.008628793072275123,-0.008030409908632718,-0.008850820767237602,0.006137149068855784,-0.0015573663004410864,-0.010335827608943445,-0.021174037397489485,-0.012992125587836688,-0.007026039129586622,0.006611535621305286
2013-07-03,-0.022328081145375548,-0.003551140149124299,-0.007128773000042438,0.005492832769980267,0.0035476348293071126,-0.028191002294001063,-0.05060451246840713,-0.02602990297633094,-0.014903363447433636,0.03772003113776281
2013-07-04,0.0020581969506137023,0.027805741190672424,0.006889037633538625,0.007100167321574113,0.028474854097376472,-0.0016314822661986851,0.012370158336546833,0.008280120519924675,0.011380402965057766,-0.017605145321749976
2013-07-05,0.00465467288535519,-0.004305825424246985,0.0010783036855498403,0.0022649349721820056,0.008335705338454758,0.004731699219907614,0.003394750148565342,0.012342928103156615,0.005288368309453251,0.004832232360624975
2013-07-08,-0.013293836130986466,0.0004919527830468146,-0.015047794404075436,-0.00065888403545764,0.00632768978522768,-0.014079604861414357,-0.0202772245873696,-0.019807249575474105,-0.009649518823911232,0.03525753627482767
2013-07-09,0.014006392381872845,0.00692963509126544,0.002317958536143969,0.01677978890375313,0.001925046920380728,0.0033951455961336056,0.018972933305455957,0.0078056978794845055,0.008131657474948715,-0.0010346849263808073
2013-07-10,-0.0068400555370392675,0.005552761986192645,-0.014313365493770705,0.002757694156818646,-0.006558787925309716,-0.009719904693840745,-0.013137340599032316,-0.018096561805745887,-0.007245816361832232,0.033590937320788654
2013-07-11,0.025270870637157872,0.016093183828124993,0.004274323750556941,0.008011882405164407,0.01614013861157617,0.025498814578105516,0.027391825610278503,0.019461088192554283,0.02015076937254802,-0.056099101106724
2013-07-12,0.005774635134365348,0.06406961328339103,0.0007014312441441256,0.010696307116734936,-0.004407075843519395,0.00035920721962993355,-0.005418684622285026,0.009105588347337393,0.012374451778423527,-0.010643999160606134
2013-07-15,0.005737338652048075,-0.0033161110781524603,0.00489564179395564,0.00284364578114076,0.010717317851679968,-0.00010259957131397119,0.021753896873645286,0.0025240792249253815,0.003621294184999039,0.005336212107570414
2013-07-16,-0.0490270664104093,-0.0023001074270467435,-0.006544111427157377,-0.004990387433118397,0.01618231614312426,-0.01660925820079878,-0.06430227860727158,0.006090127758995673,-0.012606456082598512,0.010587650621885717
2013-07-17,-0.022935836112449287,0.008728882030109264,-0.008013160617066046,-0.00022115764746415524,0.03421078774546801,-0.01965292380221121,-0.0029741974898451857,0.009677642649958176,0.0030263223541821547,0.01929660060341565
2013-07-18,0.019504948268647144,0.004712489547231307,0.0028163695800384513,0.009259939091091412,0.006943855257972242,0.008820444445990843,0.02935109403178279,0.011936412130111143,0.010781573982748167,-0.05794871792945624
2013-07-19,-0.019295264453449056,0.026652411833133008,0.01649150522278286,-0.008292794277124963,-0.0017105632370124442,-0.0025084177124014713,-0.01938196319197229,0.00463225893277156,-0.0014667154424545085,-0.007692416968402041
2013-07-22,0.010249027653803186,0.007018452723779409,0.010547092572823498,-0.0007528701885972032,0.00022247844141736286,-0.0031510007906359557,-0.006185276557452488,-0.013814670064809674,0.00043107692815792104,-0.027966029669793262
2013-07-23,0.013683396725664291,0.006259713646861323,0.003375181417980388,0.0006562382498995383,0.015722308602091607,0.0048943837593108195,0.013929991246696452,0.004943073776863157,0.00759731497994169,-0.052996382217963024
2013-07-24,-0.04732700425514084,0.008544402399497096,-0.013955318148295762,0.002262430916655023,-0.0032850107175740354,-0.018915738265655426,-0.013121071725624349,-0.00619954401184636,-0.014467875158950037,0.011299587297719363
2013-07-25,-0.009951232714195181,0.0011597929809610546,0.0024658379829155647,-0.0176622711238556,-0.03462867363239742,-0.01700731176080166,-0.004863526915273638,-0.014791158636072237,-0.013952151018890876,-0.011299587297719292
2013-07-26,-0.014113711102673983,-0.0019750680183735197,-0.004363456090461973,0.003975271958347141,0.0030750830768810143,-0.032926589399248245,-0.013635334881270505,-0.002985947820017591,-0.0036120687304303763,0.0035821753702908383
2013-07-29,-0.012911123421091308,0.0013431931257498473,0.001688133649536773,-0.0035826668155449493,-0.02618912939960144,-0.018116179072544984,-0.022772469958860585,-0.00932667702413715,-0.009310698906358704,0.08397733806897001
2013-07-30,-0.011825588888137175,0.005918656747556972,-0.020943640941740872,-0.010804349535306915,-0.01996089783966298,-0.018626437059347883,-0.03516151147971323,-0.0376518310114036,-0.013222266146311269,-0.007148733098359386
2013-07-31,-0.019164616946490392,0.008835232969620231,0.007313242997633879,0.0073073160467500885,-0.02357730287548777,0.018367326958389725,-0.02534020641504013,0.009792918073317723,-0.0022701145969533727,0.03524352805632457
2013-08-01,0.012620001094969278,-0.0013171042154593875,-0.014056805711759698,-0.0007599983803771453,-0.002623366006122594,-0.02056955068842037,-0.04454673659655247,-0.021832756118388818,-0.0024673224848824594,0.05392695876500213
2013-08-02,-0.014413826654471528,0.010393142551269465,-0.004817084552232302,-0.009385769171576871,-0.01659798702637128,-0.03707005430824444,-0.04140718911415216,-0.0062646018844959,-0.008758830352814497,0.05308371259960248
2013-08-05,0.009665350329335142,0.007372515792347321,-0.004771785041254405,-0.0057226151667910535,0.006643258169492346,0.02315791855839661,0.001624695727001983,0.004693819493084869,0.0013200392875264806,-0.004317596323580062
2013-08-06,-0.039584968213687295,-0.004983038034099746,-0.009127384135675891,-0.009767455771662232,-0.018242121608928012,-0.029799673882908558,-0.04720056078257735,-0.026794612960593364,-0.025500912656776273,0.0887326676977765
2013-08-07,0.005565180751510579,-0.013985603770291212,-0.014188759290052458,-0.007301526860769065,-0.015655512986320966,0.031140096802550532,0.054318067903572194,0.028365395352004292,-0.004185734279980768,-0.030826591901200733
2013-08-08,0.006043868214922331,0.004329091735105168,0.017647175325742934,-0.0031236742781095,0.006588193355750673,0.026959624973382137,0.022315238149827832,-0.0009077095465041125,0.008398940586119187,-0.039329628340573325
2013-08-12,-0.010754028066231172,0.0051141522585899865,0.009073184836552364,0.018769365187536257,0.02362415423740088,0.04382169116291768,0.007537704745080125,-0.006577160106297334,0.008364656339552535,0.004238299257126511
2013-08-13,0.027848635100812178,0.017044585051763553,0.021715583326784173,0.016447180852987728,0.007322434325588951,-0.001193248320233279,0.049147707359428194,0.008252760800238894,0.015364907874385061,-0.09973727848684769
2013-08-14,0.0040725990603846995,-0.0025294338830815725,0.031167921989971984,-0.0023542966132653917,0.0016349707761990132,0.02665803057513789,0.028485207692810814,0.023646872819928427,0.007516466913095698,-0.02950685359433017
2013-08-16,-0.05911699259547914,-0.023128358313491415,-0.02405140409694498,-0.01771380346288767,-0.03931653665169317,-0.056274616128737236,-0.06891015634074342,-0.04525965608717602,-0.04168542781460944,0.23441660205986184
2013-08-19,-0.03289742807068635,0.002440999647661087,-0.032442404161044554,-0.02659780601194737,-0.022505391410218574,0.016677466935208902,0.0021689000199641294,-0.011493597690662428,-0.0170476537750192,0.07926148941518812
2013-08-20,0.008053875001684621,-0.012875767136211904,-0.021834105488386806,-0.012365784003072533,0.0014456583975628254,0.03488178136066151,0.026871808615369364,0.001496905045438154,-0.002459239132094885,0.06211763374017166
2013-08-21,0.004918027715109652,-0.013010796301131573,-0.01508679717516455,-0.029952292222325427,-0.03310307978993748,-0.029691628102137206,-0.03964259755146196,-0.03650883307102929,-0.018479672110444576,0.031094356673596675
2013-08-22,0.0004856180027018041,0.023869929575490702,0.01685160563586733,0.027222553217752105,0.015432334734624617,0.07270388021104283,-0.005343442667272021,0.03155165768704362,0.019774781357612244,0.03394899321612016
2013-08-23,0.02147461009205277,0.014766704267878584,0.017066174785555135,0.005034887763632706,0.007797812553945851,0.011898128200108484,-0.020376362684629244,0.012733478379378611,0.011635910691516363,-0.12092801265463458
2013-08-26,-0.010247569007223593,0.008257721154988594,0.0005278897969414351,0.01115919663377406,0.0020934100711959298,0.0075054591122164695,0.014687384548324548,-0.00043385126082992056,0.0008677186396066932,0.02417148836617803
2013-08-27,-0.05516070905034307,0.0021525574188097987,-0.026367159384463552,-0.020314024593933756,-0.027794180389630822,-0.03521804207151007,-0.04373166460639821,-0.03057952105672265,-0.0351300857798711,0.10906860229063628
2013-08-28,-0.01243820001970992,0.02470545683580305,0.0011890637898411686,0.011692484076359609,-0.003972105192334185,0.015580272897793433,-0.012327366776163152,-0.0034592492970383104,-0.0004635056795921676,0.09586626346981093
2013-08-29,0.016275033469772805,0.00872003005541124,0.022708178488439562,0.017965443627068648,0.022401390107293185,0.026757951829254337,0.004014766956797612,0.029295122224165932,0.023200821268735756,-0.09620623385876628
2013-08-30,0.01610839424325231,0.016296896749886502,-0.0003220905920266713,0.018995796603287683,0.013839669917077729,-0.02084152997426119,-0.001336431513331069,0.005455293051475303,0.01153415365937455,-0.055939098335528584
2013-09-02,0.009929310079717833,0.0017283203630994778,0.0020573691921503177,0.00941756259785457,0.032940263498799464,0.03100133616655294,0.03418010608247786,0.021362632424082772,0.014325459513237299,-0.009393141136054533
2013-09-03,-0.05340602601456932,-0.01651064367158667,-0.014608233334203698,-0.025170069871499404,-0.047433976045396425,-0.027282637006744992,-0.05001872600198014,-0.03839049822261366,-0.038435865504589016,0.16492989343601447
2013-09-04,0.02073751915750392,0.02329949162543388,0.02475292320961519,0.025127453664632753,0.004826739918022819,0.026027711274519253,-0.003402521216501213,0.02039620284688188,0.019769753704386283,-0.043403070813346246
2013-09-05,0.09037272015406547,-0.03010273449236379,0.00996390347158108,-0.0032409593542308463,0.029324483640237042,0.012230888911479464,0.05729101078163503,0.017496774676900553,0.026239969011229082,-0.08657314123579027
2013-09-06,0.028407751117726615,0.0015955775421921412,-0.00228708386382778,0.011368155357492743,0.0043352316299714476,0.0018589438894116945,-0.0009660870421289692,0.018714385891805543,0.015514724622354844,0.00419724055302479
2013-09-10,0.022517500360462583,0.023401966698843677,0.058083544837390796,0.012436825308047631,0.0524340280043969,0.029090108657668298,0.027015786231058624,0.018664623791500745,0.03737971608491806,0.027200882155295637
2013-09-11,0.017595110424472486,-0.004504193684986195,0.0017332753718258672,0.01022872415298926,-0.011409687645938079,0.03104643003917301,0.029963669300735445,-0.0046640913473572024,0.0027773161535761984,0.01047481999041931
2013-09-12,-0.02051454361932086,-0.012389406701191392,-0.016788771441502984,0.00123776861568381,0.007401918840399714,-0.026486786910294907,0.0051600712618675975,-0.010211098417686774,-0.010617322247705436,-0.0013454733325839075
2013-09-13,0.00215356247238152,-0.011859492216465954,0.007384434814995702,0.001682282555190218,-0.01146728145059436,0.006420123164670018,0.027767176970515867,0.0050604967094980075,-1.7108809063270718e-05,-0.04897524098335464
2013-09-16,0.01829354516377017,-0.01920394363642826,0.004505080986681779,-0.02513521143347312,0.004378903253024525,-0.012110939879133585,-0.023537489655426205,-0.0021712265498528634,-0.0017192997315773116,0.018561162306647987
2013-09-17,-0.008601451100011589,0.01695000562695183,0.006459860747161178,-0.0014855273166069782,0.006717007980049474,0.00846443528735631,-0.006654628811864856,-0.007506113552377939,0.0016509450320878272,-0.031368189098811707
2013-09-18,0.016234867166778702,0.0005946170185915995,0.0006998377030892194,0.007881254094974538,0.014151255085785576,0.0,0.020724556012605443,0.01239760081647992,0.008383277255138238,-0.00863003441364496
2013-09-19,0.06492221136239112,-0.00026353220510956217,0.027291530719391995,0.012966778421845723,0.03147329053382834,0.03659447326010954,0.05691069746845691,0.028061947789644427,0.035975516586889605,-0.12239823891921021
2013-09-20,-0.04230908781381295,-0.002965104844319355,-0.015342179006067939,0.002033550776482447,-0.009142866108493667,-0.013837807919789682,-0.07763525348106223,-0.008018770638332853,-0.01706055452564804,0.009343945472183425
2013-09-23,-0.04547523767362559,0.008314296601879038,-0.012447720995803267,-0.010397232879568459,-0.013409283903148111,0.0017956083822606318,-0.04595651108277899,-0.02042949132284265,-0.02056056945458911,0.08856028645084858
2013-09-24,-0.0035118680551309484,-0.0038607846574036666,0.011672258798176745,0.0027031050030575376,-0.00011168848348469189,-0.011340419244457856,-0.002226856951529585,0.0013642590924772113,0.0004583516346713625,-0.011165026503079606
2013-09-25,-0.009300310938309206,0.002255928318566725,-0.0001258211456635729,0.013071671430928168,-0.010094908522967752,0.011153949007735779,-0.0025509828164105033,-0.009109119944032863,-0.0031615907611521666,-0.03969983226508122
2013-09-26,0.0016402419682538425,-0.0036401831177965485,-0.0005243398788738913,0.008593285935645087,0.006057469228786462,0.0049743025960411955,-0.0070490909126087195,-0.008747519765508721,0.0014290289642726517,-0.06765866035760684
2013-09-27,-0.019852672608241605,0.0010720183097463485,-0.003762306081047362,0.00023765145833515874,0.002184470871048957,-0.01591610796747442,-0.013270970441180339,-0.0009235778867727297,-0.008373573438567785,0.0024968580016785816
2013-09-30,-0.02889391139549893,0.00015305170176135185,-0.014166693988869055,-0.00048219169423203826,-0.013258378221457832,-0.02603874755717837,-0.02507556766467122,-0.015159882909944427,-0.01692574280654838,0.10223844794816835
2013-10-01,0.02723083205127647,0.0016942589772141914,0.00959719578195079,0.0029097755603212216,0.001682461202154787,-0.0016940542360123513,0.028653408900191895,-0.009203485290505659,0.007772273841471294,-0.03357809387008577
2013-10-03,0.03378877288223196,0.021666220019452027,0.024335955307444052,0.011421127232675393,-0.007579431927413285,0.038628069511928,0.020566258168259126,0.023557043008115838,0.02218280238265632,-0.02355823024933621
2013-10-04,-0.0025268378633680516,-0.0010171602242755292,0.009053522820415388,0.0006894882215618088,0.0022247078941490706,0.006943562453005818,0.016091232675755844,0.0012649266030088362,-0.0004062605835685447,0.03743123523653053
2013-10-07,-0.011346807630286998,0.012989459259720431,0.00012277207778797815,0.010675532034408925,0.0017000743414201285,0.009695755799891964,-0.003762977880253842,-0.0026168112213087267,-0.00019467680921306599,0.026436614179025916
2013-10-08,0.005869441420890556,-0.003142632886026636,0.0003068143367886221,0.0017462312619380797,0.01079779096127667,-0.007753715967058149,0.012178212692040636,0.0036511548894224287,0.0037601812630294537,-0.01049094264192878
2013-10-09,0.018900398033851504,0.015230221693528886,0.005567596574586433,0.018951304837683085,0.0025482301297112433,0.008486786700825324,0.04520713171658835,0.013324344721002284,0.013246052547886104,-0.0259456903136512
2013-10-10,-0.004460808332565678,0.004584005740803674,0.017998491857116623,0.002713316476854546,-0.00031120568472004715,0.00582306443562943,0.005325420257257509,7.748844872724854e-05,0.002244688442359527,0.00038640856647757305
2013-10-11,0.03187095298773069,0.030487807720123387,0.018435648791315304,-0.01164346846551872,-0.00899253661523786,-0.01444846743137745,0.027933169597356682,-0.0004326628681984214,0.012420571665258479,-0.09264753731691153
2013-10-14,0.004049267748778975,0.021370506983032153,0.003249889674537735,-0.0038282444171272353,-0.006553596727910739,-0.007489410623256978,-0.002298156078822024,0.002535167623995559,0.0027029477705162687,-0.031871765853181896
2013-10-15,-0.02621920203498714,0.006440418731502083,-0.005910632964262733,-0.0031377913966409033,-0.0007293020266667515,0.007258378364914458,-0.015944676991451176,-0.0025609655665007214,-0.0038765620083412522,0.016923788100363265
2013-10-17,-0.005085443857739775,-0.03599534781518181,-0.01205644327308494,-0.005556296410397052,0.010023292268768936,0.0002079088746166777,-0.011462357427093525,0.008989187646110708,-0.007119941635177799,-0.09849944078812654
2013-10-18,0.03874510814882152,0.010852653671292433,0.013245357164207232,0.011232630832573176,0.020604555439943162,0.032836025393925064,0.029992110891359346,0.020026017787450803,0.02345798647282757,-0.04566109440402881
2013-10-21,0.004887944985412545,-0.004388960492781711,0.006050044192734566,0.0002750610013083874,-0.014021608974825807,0.01827475597293457,0.030510806772373198,0.0070276007456970555,0.0025173031999250295,0.002977643105208559
2013-10-22,0.0010691098142109983,0.006781098334041188,-0.004490031326119535,0.001812549913608642,-0.0024975808911166615,0.0023897825843204844,-0.006700175587305157,0.0006477125964037976,-0.0003466205632012109,-0.010961805032934244
2013-10-23,0.006597759030491591,-0.009648091994792371,-0.007903837582068609,-0.008601045859176976,0.0026825903320521287,-0.0037955515083690507,-0.013252731081982947,-0.010068663851661067,-0.003949510183774189,0.019350705618831565
2013-10-24,0.00200146792062706,-0.016892380802242715,0.006893522793205996,-0.0052560193875269435,0.002608271210007543,-0.00652763280495758,-0.011993238346463505,-0.0072210473162721,-0.0022685483374774457,0.01414998040801994
2013-10-25,-0.0005459221396890408,0.014965171950904401,-0.010933472866456217,-0.00928339677356406,-0.00929159228335413,-0.013161953690606411,-0.023544194740985593,-0.001578667163592833,-0.003160259398470375,-0.010716094569309066
2013-10-28,-0.011380002002503564,-0.0033359915427212984,-0.0008933712278987822,-0.010174475831321967,-0.026009569738212654,-0.015748756594737054,-0.02411191727390061,0.0002537652494254048,-0.007153354803001501,0.04172270543532485
2013-10-29,0.042564041074664175,0.004419064463174826,0.023302006030155975,0.014860211384625115,0.005488954437061006,0.022273416461435852,0.02675546090342739,0.01084518061649296,0.019445476322178384,-0.07457781800527004
2013-10-30,0.0006846568533655753,0.001478235130218424,0.00044625158180163605,0.01289549088617416,0.011694232208210172,0.00011135485705185032,0.0032215758228712364,0.0009783816668314125,0.004938882885003037,-0.011707923855723454
2013-10-31,0.019699214032813078,0.0019956433306457765,0.0015600777771096414,-0.014541639432586483,0.002773939817083213,0.017199338801003227,0.0064121821797701655,0.015426933427405958,0.007561230152356484,-0.06014477462017618
2013-11-01,0.013462429281322382,-0.006033209482200587,0.012499298245606407,0.0009133574266088756,-0.013210518926770306,0.011946046568530383,0.027508827980676942,-0.00876661999241115,0.0012771807859823679,0.013502771086351048
2013-11-05,-0.011220547529493263,-0.008611295487164354,0.003665154521519184,-0.012000600217044745,-0.02007563336318427,0.005887592432782902,0.0076024926312984135,0.0003424348353893874,-0.008606547777017665,0.06741801480366036
2013-11-06,-0.01810816680357265,0.013542551550699613,-0.005981939187864706,0.00854259656422303,-0.005325108199897704,-0.012702679173654623,-0.019258560877868553,-0.0037107644821212744,-0.00609547705014856,0.015427002235625709
2013-11-07,-0.021269467473669843,0.012753268707778565,-0.009417842443203404,0.0006484673226357788,-0.0026880148517986874,0.007485308804989478,-0.027541963132795323,-0.011045033464014524,-0.004499121077551629,-0.01894369475261831
2013-11-08,-0.012905256505441774,3.914220138737182e-05,-0.005909664284321421,0.0013089707966288666,-0.0040753174016515846,0.002978568444499144,0.01487985320030085,-0.009049700351999607,-0.007543838501638632,-0.01164282695057392
2013-11-11,-0.014276995171062273,0.000663984594491854,-0.01054709517075356,0.0037040184044967606,-0.01322299594765787,-0.011204580634533723,-0.03117892435514698,-0.014143641304285796,-0.010139608589296157,0.01716347845995661
2013-11-12,-0.016437872277493847,-0.005420222614214959,-0.01585237926452413,0.000571668524177322,0.006763379063478407,-0.017877405304104803,-0.012627985397099644,-0.01224328465611285,-0.010044021820206814,0.043101728522736464
2013-11-13,-0.005657058800919013,-0.006217123257248329,0.004735400351063471,-0.0006514788263659974,-0.011042880961593145,0.0017512340313687242,-0.01309593168290532,-0.00590832039846192,-0.004738605888357065,-0.01985055903568611
2013-11-14,0.02698603885421466,0.0003216054642894823,0.029516527987176147,-0.007643434351466334,0.0032076351543806826,0.013747810697579944,0.024528029302016807,0.00837943015719834,0.011049620288933722,-0.05995250154259122
2013-11-18,0.030166002653189385,0.013043607498700665,0.01073800456076385,0.007517049598832539,0.027521159413874296,0.009220041133042771,0.026857173778743648,0.022735747095717428,0.021699254229649953,-0.02311030031204192
2013-11-19,0.004079721716738448,0.0028417799157571468,0.0031666912100445136,-0.002757223861581738,-0.004862429426028964,0.0019894471503847048,0.01474229951098244,0.000370105027990538,0.0023159616952837573,0.025184938438567894
2013-11-20,-0.019923911947706464,-0.009883393787469217,-0.013576393511040825,-0.012948471131823203,-0.009097682216888527,0.0009716389949247261,-0.0034493055989275974,-0.011653981760669651,-0.013053659902868716,0.07628919522988775
2013-11-21,-0.02401596546424181,-0.016768432008271262,-0.009203196397638058,-0.01594946709560661,-0.01880482180185239,-0.016779339890836298,-0.02418881722120074,-0.018199755496698302,-0.020434733748201976,0.01477269996002503
2013-11-22,-0.0027638231726331624,0.0020909318392388627,-0.0118682867417568,0.0013240800637881846,-0.0057677009839083295,-0.0025490812538709238,-0.007996524932268196,0.005983717245920833,-0.0006002100100985879,-0.05343662966855002
2013-11-25,0.0373238748743889,-0.0001878726331351237,0.020279583914501055,0.0060148911145503576,0.021023518575618794,0.009896127902740479,0.02496092093813235,0.014215071642578155,0.019801138983068924,0.04917020198257513
2013-11-26,-0.015828351327372436,-0.002907293713875343,0.004934207612222745,-0.008836601686357007,-0.009418746319678884,-0.009346212014196567,-0.010202683239933485,-0.01195029340440168,-0.00924072945680619,0.025329727710006904
2013-11-27,-0.0009216455557479076,-0.00640290531464275,0.009995826480861001,-0.0036849452086202533,0.007561714349414486,0.0038628944582143015,-0.005582485329506951,-0.002460825912595265,-0.0003301365091241254,-0.02106330002403186
2013-11-28,0.0006833225108676552,0.005266171934245282,0.004292808018387624,0.003059144636299556,0.001994155098135356,0.01028649490099923,0.011716595872722061,0.008453823697632014,0.005720674496259994,-0.020550320369736468
2013-11-29,0.022411844457221455,0.008241833909272432,0.001363697300038812,0.011450231815827753,0.014104554297548878,0.017153921843297924,0.01474229951098244,0.010783587498042988,0.01373519180845845,0.03183923514322545
2013-12-02,0.011623110661917029,0.003762433892830701,0.005248271495306901,0.020237839732073777,0.000558536062142826,0.011906709202209336,0.005722476274066315,-0.002175669167357766,0.006737183425796762,0.08856931774439014
2013-12-03,-0.006494583041403462,0.0015573821653334236,-0.004463082090508357,-0.0032109576725521016,-0.007474848644733761,0.0025660378184140546,0.01162970437785858,0.002598745691084468,-0.002576553153439162,0.056587420724478366
2013-12-04,-0.004877541566605521,0.000991840321394451,-0.010896403581145386,-0.00491304663171452,-0.014524517934665634,0.0026853026200763363,-0.02802590746618884,-0.004914425126241099,-0.006616632250020927,-0.041715743348807545
2013-12-05,0.044556753727958795,-0.004748408216069287,0.003035522427851956,-0.01315492541344393,-0.010500677833434306,0.010897375933124816,0.01439702430101326,0.012085190773722417,0.012925446408512491,-0.08950667081594123
2013-12-06,0.004712475619264904,-0.0007643377554972811,0.005247478229848466,0.002936813074797868,0.00218347992009648,0.0061977266872180505,0.002569664266420941,0.00884286370773674,0.003007730399185639,0.024152406037114032
2013-12-09,0.029069386247115706,0.005569072260974963,0.014720025204074656,0.002576185282960744,0.003963597581707467,0.007284698504948428,0.02756076477125509,0.01832808908455783,0.016477186675700303,-0.1477178321060959
2013-12-10,-0.018608307507814018,0.018836776481236533,-0.0007851419641828417,0.0029544447809897326,0.009199626309518212,0.0060946392019913375,-0.012561225872973304,-0.016016257404121395,-0.004890994401687254,-0.06356476099496669
2013-12-11,-0.005002617214540368,-0.001958625922968652,-0.0100833740867924,-0.002656551471529212,0.0062587191308251765,-0.005828920125381735,-0.006481600128209156,-0.004907152669661466,-0.003947586608913919,-0.024775964443292876
2013-12-12,-0.012711557802599017,-0.007030482061417472,-0.02156702038372218,-0.00920709260873429,-0.006856835665725627,-0.013706658172025918,-0.0048179551257241954,-0.010002141782840195,-0.011295517736679127,0.011337924838835754
2013-12-13,-0.023355127932617237,-0.0008202612273079854,-0.0001350642355963724,-0.005802929783667712,-0.005471465752400791,-0.005840029234411342,-0.020086758566737344,-0.010787245061723735,-0.01106781370198504,0.005621171725582797
2013-12-16,0.0005320945233613971,0.01689786291072464,-0.005711037579571402,0.005051204196433298,-0.007311751507919558,0.0009375293473868592,-0.0014503265776465246,-0.011551175936499675,-0.0022234198483338887,0.02873128273089676
2013-12-17,-0.01455190516380583,0.0009983335153554468,-0.0019142112477865609,0.017457367694889852,0.006664845994913671,0.0006660922168489254,-0.005822432751433253,-0.007617673706261267,-0.0025460740749505,-0.0016353607465240505
2013-12-18,0.013227715256741452,0.005309808234727823,0.01698245779040951,0.009993499140412681,0.0037852207248772977,0.00624440058864917,0.033307718652278454,0.021316352765462877,0.012641611434832655,-0.0440550185487915
2013-12-19,-0.02409973468281074,0.017419532962387813,-0.002402969910021027,0.010631971141445495,-0.0034962711626684746,0.0017563258410211013,-0.006800802165974881,-0.013039317245500965,-0.008155861807590793,-0.05628689403499346
2013-12-20,0.01831165305528982,0.016926363001927576,0.01977870243807339,0.006422141273436552,0.008013734083710705,0.005435335515840253,0.02803659851851794,0.03402422923903162,0.017298231088561187,-0.03435917489085989
2013-12-23,0.00760014101707243,-0.010893552427097069,0.002402932117861584,-0.0003335754868087464,0.003614228497002996,0.015565230339148337,0.03290568965777626,0.003205710703850577,0.0016323284205711835,0.014870147981314023
2013-12-24,-0.004214181063327005,0.0006443863176832951,-0.0002719477408288584,-0.0003925391544954931,3.566630259152205e-05,-0.009628429173006905,0.00026750329426516247,-0.002802048271759507,-0.002565161294966418,-0.042720082650351585
2013-12-26,0.00485106635125683,0.004101634748462671,-0.0037485928887064546,-0.005209126785352693,0.0024773771260227463,0.004642990643891498,-0.002946315591889657,0.0003278480939539952,0.001673667261396705,-0.045969998449818944
2013-12-27,0.0064740517526915686,0.01567694145065875,-0.0005461615096689676,0.007842778996254046,0.0072185813618343185,0.005894722343349609,0.0045497528900212,-0.003643762771087582,0.0055428927092751245,-0.014895351045813278
2013-12-30,-0.007330676343141531,-0.008333949733726588,-0.005704585273200495,-0.005267595468056201,0.002612104127878207,0.00648235851869197,-0.016694012650515854,0.0008284050379867892,-0.003601731349932257,0.028246671470475396
2013-12-31,0.0008127085715947386,0.0019192905833306686,0.001164329857327589,0.0018353559700162367,0.00023200503860204352,-0.002048834039565614,0.002440745385403139,0.0064772944786040555,0.0020484008470497933,0.0026490056620134053
2014-01-01,3.0707106613188644e-05,-0.005800640203980657,0.0014464278451465518,0.004228091629291954,0.0015465862664894457,0.0028913163504538614,0.024348963678697735,-0.003712353711986637,0.0,0.02996967236314347
2014-01-02,-0.017936644246707482,0.0016419075570247492,-0.0074150457786406705,-0.005519057102557292,-0.01959488996109757,-0.016373594233268004,-0.028964180717967802,-0.015513654428601543,-0.013229591131722482,0.06039802017832369
2014-01-03,-0.00013859450436024074,0.020348986013405963,-0.011226645099423163,0.0049711643974667055,0.0029145255491330457,-0.012015008719820438,0.009748265860751856,-0.015491519805051687,-0.001608713160675422,-0.04195552839684055
2014-01-06,-0.011929694022074683,-0.0033602888605111392,0.0019038829222083212,0.004446507845544676,0.002864361168377075,0.001978260115911887,-0.00757379420688493,-0.0037523486636733302,-0.0031767086647526764,0.03892985357936519
2014-01-07,-0.0011137448070640099,-0.012315233790128702,0.000941070812166521,0.002193169890454213,-0.0009102813495338765,-0.017716180827020738,-0.017529876602260994,-0.014257763417519265,-0.004727369003838941,-0.010969050070070523
2014-01-08,0.001534547190267799,0.0009236555951489044,0.008010500649682829,0.011913250162544462,0.002128579745575665,0.004912166096246836,-0.006097529066218869,0.004366641545767895,0.0020021483091771735,0.0
2014-01-09,-0.007559918478565396,0.004636934948840316,-0.00620781872554432,0.0070524178596711486,-0.005458261213585358,0.010206751190578175,-0.025909678163633588,0.008447688600350228,-0.0010127239331396106,-0.008615400344822196
2014-01-10,-0.015168573271547893,0.021371276350277132,-0.010294069151765747,0.002350371394978641,0.013308770334110702,-0.01367403599582672,-0.016396203088330306,0.0025654218433814086,0.0005024550880677336,-0.037787894945955636
2014-01-13,0.019820263481225727,0.027966574396015027,0.008673666522464757,-0.006620559217648978,0.0012397235272423783,-0.000439521075243548,0.007800161618532219,0.01855075964362054,0.01628100492203701,0.023470781726868235
2014-01-14,-0.006617905911199581,-0.0063170916805365225,-0.005127630268522336,0.007185058404396369,-0.0028290646125169712,-0.015824450065561588,-0.015369267874541478,-0.0017999528145917067,-0.004938226534857065,-0.013253588824710484
2014-01-15,0.015991795696244458,0.006893438283126517,0.010735034526452284,0.0005325534067600113,0.008483756279695312,0.01143983294775023,0.01277599776088165,0.004126672169258242,0.012584959187806487,-0.020539855364934242
2014-01-16,-0.002957157684132519,0.006120720524185723,-0.007576466649152975,-0.009194145451204054,-0.008525026627106372,0.018209194906140733,0.0051798325684590035,-0.0009901275641696911,-0.0003164607110232277,0.007751969401831143
2014-01-17,-0.016470212110460722,-0.02432652230818505,-0.0004904295893264507,-8.951724070237633e-05,-0.0010748967792105241,-0.00706513744945547,-0.026171892642771886,-0.00011503363186004091,-0.009101413862469748,-0.008400703054591745
2014-01-20,0.008773375482919912,0.026915057780457077,0.007971470931354507,-0.0004478939406055919,0.011640339736002024,0.0018695476986719073,0.0073389439766247365,-0.007487224080429604,0.006732738974413205,-0.003901140545495706
2014-01-21,0.014789029472672759,-0.005773003173872036,0.009355937638521642,-0.005139556742221743,-0.0019584636709583684,0.00647475040423144,0.005832620896784435,-0.006830212254802232,0.00156123102385989,0.01294515200649689
2014-01-22,0.0032039230614638752,0.0017072155344851298,0.004188788121491754,0.01565673387557326,-0.0008459098797471368,0.009440228095125668,0.007243259378148,0.008291004453586734,0.0039754873445066955,0.019108873499629198
2014-01-23,-0.0007452982487995448,-0.0026189429949235307,-0.010381537114217106,0.0033192899195321956,0.0023282416087807667,-0.004524212512507835,-0.0023121044778952344,-0.005403279883468811,0.0010563529953923905,-0.017181488845093337
2014-01-24,-0.01953051249523287,-0.00754844376127516,-0.01684561699180719,-0.013919656947240858,-0.01337657545577887,-0.01790771213918764,-0.03204740990169527,-0.0011514724333768105,-0.012511644446641086,0.015918833527654677
2014-01-27,-0.04107842945653525,-0.007203306270520664,-0.033356222222391256,-0.008871860423222088,-0.003544614806325208,-0.03941123768358894,-0.07730775610901452,-0.0237964287435904,-0.02110924516297498,0.16501109256673593
2014-01-28,-0.003116798581526964,-0.010183859979703978,0.0022979557417409043,-0.010000867641200357,0.004337858919617149,0.018386252761921025,0.013147555823941311,5.307932589982782e-05,-0.0015658165471230908,-0.052224055212889565
2014-01-29,-0.006669709884698843,0.005954012095027727,0.00013964675047011652,0.0065401306637946745,0.0002988208040339686,-0.013357912637103578,-0.006712526930288457,-0.002734594438313187,-0.0009798718785080376,0.017897658957141432
2014-01-30,-0.027645037993429763,-0.0018154024373721292,0.002063386498245023,-0.004253349724514898,-0.008408611393524454,-0.026596941760706146,-0.028629111964109832,-0.009704164621952845,-0.007634938648466337,-0.04477942190696028
2014-01-31,0.008297829047345554,0.007935048798019774,-0.002272912669707418,0.0023074957734097587,0.005820145637577372,0.012203169295032637,0.019932063374788627,0.008833065733320404,0.002597969830382306,-0.0252435070761924
2014-02-03,-0.013338547473528315,-0.016745136090795507,-0.01964339314709524,0.01120790127560284,-0.009013696558168518,-0.030283080435218775,-0.021253047359659258,-0.012167427477833689,-0.014506584850296355,0.08269175904422159
2014-02-04,0.008781343215469733,-0.018599953209540027,0.0053193091240394536,-0.00656363475416496,0.008334438367251323,-0.006395673471009815,0.0069159045296229345,0.0028510233556598413,-0.00014994998915273514,0.02272825459658457
2014-02-05,0.003961223873228677,0.011050215798224398,0.01671650115874063,0.0005168593289870358,-0.010161371412845906,0.018038413441802015,0.017244571425070406,0.0019720700959284885,0.0035763930477856866,0.012759331300526424
2014-02-06,-0.0025884165006463543,-0.002307594897129652,0.00795341198248778,-0.00014855708049256203,0.014661682482567363,0.009363656436896402,-0.017901210329240178,0.000998013540255664,0.0023053743500808565,0.0005281346127628576
2014-02-07,0.0056672578215616965,-0.004926426954609122,0.005928638475201128,0.016923404745669723,-0.004322282733074403,0.025722226637388167,0.009478724099255374,0.0030013752549283225,0.004446536625011425,-0.020806368030639837
2014-02-10,-0.004815181076984486,-0.00302583992080501,0.00457511700888666,0.007656084725261175,-0.0014963775778444504,-0.005538643454521362,0.012928428550447858,0.004853870750067638,-0.0016093560167322405,0.02659731359876213
2014-02-11,0.0030841836367692358,0.009415729564316501,0.009881867779041554,-0.004662589820078935,-0.0014064450803908705,0.003681411043960931,-0.008060659633991244,-0.00916153816375391,0.0015268879138819519,-0.022293921957316068
2014-02-12,0.010036850199072002,0.0030385348849579345,0.0014409702751848766,-0.0022315901064205402,-0.00840837733118072,-0.012922753964026267,-0.005193150752724487,0.009652964604681747,0.003507096771439477,-0.06658026252549792
2014-02-13,-0.020806739044883338,-0.001896105974796466,-0.00037692432560114294,-0.018047111536812616,-0.011085464025043967,-0.01968045164691791,0.005840439471218656,-0.016790564019444836,-0.013719572366101803,0.02100553739569154
2014-02-14,0.00669151315779944,0.013700163945482317,0.00524555361187203,-0.0014744941657615018,0.005799444205885892,0.007098598604036602,0.0006467713402268693,0.012752587429236076,0.007842721688164616,-0.06618778685651189
2014-02-17,0.011962878522332847,0.0012219070744921416,0.0071490357512054205,0.006161647557331069,-0.00035297245301598156,-0.007098598604036507,-0.011707371396189296,-0.0007268599275751514,0.0,-0.051103758506418386
2014-02-18,0.023793422482032946,0.0017567139282073697,0.007458405643873849,0.0030762258666303583,-0.0038608857668124457,0.011081962457001037,0.008793353070072172,0.0003468253644021768,0.012936047030872241,-0.02689022964319162
2014-02-19,0.0032475967882791387,0.014881381535344212,-9.440975760131441e-06,0.011571288696486172,-0.00030001329869763435,-0.009876788334366166,0.004852023200321414,-0.000807165326256987,0.004177565596221632,-0.02231064704229512
2014-02-20,-0.017235983525835035,-0.006133523458825284,-0.0029805803390018175,0.001678325636144105,-0.010025397961232394,-0.012117824911408196,-0.0019380048742042937,-0.007590016203677203,-0.010012955663091487,0.0059543777612068895
2014-02-21,0.01201476820371344,0.012888258944293097,0.004950054278118653,0.00024042245510770633,0.013392331500068515,0.009571838473452809,-0.001617861604306098,0.007409797133059301,0.010451719302448996,-0.07674997426841705
2014-02-24,0.012162484524107653,-0.0033120076425354247,0.005330327014780669,0.012742241561705163,0.004450582171503391,-0.00785744002341209,-0.00032380756861875984,-0.003838776808585415,0.004966955468135648,0.02253614383116393
2014-02-25,-0.0015690868294404592,0.009416521067954509,0.006003770379105532,-0.00036234286200154673,0.003505555571359263,-0.018240977503505208,0.0016183851412087335,-0.0033020747981102366,0.002252469579198007,-0.02896704511718358
2014-02-26,0.005949422368471714,0.003727138928847533,0.009374199483379192,0.010387306178022832,0.010680697175564578,-0.01657102308850788,-0.003888573219094128,0.00199460894887018,0.006230499856538058,0.0007166054721931609
2014-02-28,0.0031914465898023213,0.013408596388700572,0.013052930586188996,0.023372599782517146,-0.0013111403838944678,0.009799834015163737,0.0003246424392248985,-0.003784496502322866,0.00609639994140803,0.015636442558727825
2014-03-03,-0.010529319391920212,-0.012600167091704504,-0.011543807912174847,-0.018726760985002464,-0.000513523253894297,-0.0013875080899999961,-0.0022746141635923683,0.0005251615936102711,-0.008881194883291635,0.07471222363712142
2014-03-04,0.025681398618867562,-0.0012300325282616881,0.006151840243868914,-0.0051468491950501394,0.007853477988447273,0.030874738185791183,0.010999767968122303,0.015303614653082746,0.012221184683582093,-0.06001122150496444
2014-03-05,0.015412614657215336,0.003983620229708499,-0.0005886770117115232,-0.0019074517306299174,0.0040636485418219835,0.007577659198839788,0.02132823911541713,-0.0025355078972002345,0.0048627132066446956,-0.03897058354304239
2014-03-06,0.016047959096908686,0.0016933184511218522,0.008118409303283065,-0.0024515976840281135,0.0026696590867499367,0.021849580966590298,0.04164055704431657,0.021466612180849342,0.011390718629937804,0.045205394129396594
2014-03-07,0.05237115835730113,-0.01966623058418376,0.009328515884348604,-0.01859693122426363,0.006191212336436115,0.01687249835789471,0.05467128586288605,0.032685939767356835,0.01941613337444026,0.14383721124518312
2014-03-10,0.01861852394859576,-0.024703735668470315,0.00406929876169215,-0.018678383553812832,-0.004343194237652345,-0.00988154602249512,0.025975434922865255,0.009286724315933904,0.0016228078999031938,0.06146870211550046
2014-03-11,-0.005378533408363956,0.0019400820577337018,-0.006486120300618388,-0.008427154136221878,-0.0024275688922529228,-0.03361741529281596,0.02286921096627674,-0.0031735821612877053,-0.0038853304216658053,-0.025635169379645956
2014-03-12,-0.0015831477475086314,0.004973064612050599,-0.006282263278189041,0.012919274943933629,0.013079809417591182,-0.001791593507668416,0.00027238486079319017,-0.005571836684394153,0.0007675304433891083,-0.016875524195795535
2014-03-13,0.009712249212696419,-0.04291175248098397,0.004903723122760729,-0.012451027410959752,0.003041794092922237,-0.005619507931765176,-0.03774034396532213,0.010328471448352907,-0.0036586981147299726,-0.01299493872812244
2014-03-14,-0.007075168347165469,-0.0025024564357404872,0.008359779038356047,0.009956471477555396,0.0036786238761094352,0.005036635858088158,0.009849523667735588,0.002674230666667716,0.00170806245985478,-0.02224311281049844
2014-03-18,0.004881929498125728,-0.007945434402786571,-0.0011075866943786026,0.0006177672955904864,0.019159580929210954,0.005769719048267708,-0.006179829237692954,0.010177228944819644,0.0019122731206803513,0.040505739753323805
2014-03-19,0.005900916097704228,-0.02217831978587293,-0.0015509227257920334,0.0046021188529333425,0.01080158352345643,0.01947687621163355,-0.003669694430042603,-0.006278262373645305,0.0011348935723144095,-0.014701823893810317
2014-03-20,-0.013989752136449773,0.016733395871457835,-0.008555074211107542,0.001676405159532877,-0.0031980084658893137,-0.011680366827323124,-0.026653013134720634,-0.004054249446539027,-0.006296512707220438,0.001775714436767508
2014-03-21,0.006229862789145064,0.006128175245599926,0.008834740319442353,-0.004337524558481212,0.005847029881969696,0.019457188030607038,0.021833692093237763,-0.01535487227962034,0.001556699439417862,-0.04412922339531677
2014-03-24,0.025780538469205378,-0.0006084816818920833,0.013245446998110295,0.0002375567143340935,0.00528237419263254,0.008255086384923284,0.005667343121897177,0.024604784122848885,0.013811013280164102,0.02200581445621974
2014-03-25,0.003367115807883021,-0.006905781847440771,0.005026303900232708,0.00011552909438823227,0.006678069611911814,0.0028581773473459514,0.013472048464571168,-0.009753230464941016,0.0009488927134847534,0.022714613739313605
2014-03-26,0.005474899108310321,-0.00838930811764095,0.00877511910416196,-0.0209172617543938,-0.006874280284490382,0.026094924553737964,-0.0008367544986705193,0.008971278136452819,0.0017663214289679917,0.04901530923986085
2014-03-27,0.006894075185200923,-0.000629152000145835,0.004415624491474606,-0.009449905405530281,0.0049778991362895465,0.0002507906118242813,0.011650651082514736,0.012833607691424833,0.006093750024184339,0.033207276984994115
2014-03-28,0.011810220306523301,0.006299889426861212,0.0033599983883593042,0.009934766341307922,0.0008688695581208253,0.015472371858559333,0.013695091931828177,0.013739175883303912,0.00811990122114581,0.0140541946540475
2014-03-31,-0.0009923256071000012,0.0024390217521313654,0.011159427994086098,-0.0002489601957755459,-0.00583575309621508,0.03685189184159501,0.028163319954263688,-0.0008160239276045926,0.0012388406011620149,0.14884571146243944
2014-04-01,-0.012123820550833527,0.015130173487486675,0.0017130526164868543,0.004067531272584395,0.0009423562602993917,0.003307201658949401,-0.00903298866169623,0.011536534118226402,0.0025101384662722147,-0.04396833345871145
2014-04-02,0.010022317872199135,0.004244312137810492,0.011272575190948176,0.012929199544131171,-0.015622273095297025,-0.005272892252218518,0.022431339574427507,0.01312257239712431,0.004675819128421151,0.02482220784189285
2014-04-03,-0.011982427844079636,-0.0008337307520402915,-0.0017108894337380205,0.010178387921219442,0.0038195575407808866,0.001945931728899656,-0.002613014207185122,-0.007300529726932273,-0.0024390454649215365,0.041557297062882345
2014-04-04,-0.0009674149903746187,-0.008758643123841711,-0.00992301775976156,0.0003379147788922617,-0.0036624142089727954,0.0033269605233189406,0.029899071461947306,-0.008543418896273847,-0.006217235293906131,0.025894299854304883
2014-04-07,-0.0036116452334961865,-0.0015935107144011366,0.0022604406823106245,-0.0022720215617922247,0.0002187979433833661,0.002862644470059443,-0.017418442177195063,-0.0008572069705322368,0.0001045165633993392,0.09494953044737661
2014-04-09,0.03387785501344676,-0.01046044292986543,0.017631431785695748,0.025709856127163228,0.006897718618136939,0.0226301373740247,0.022231686210803406,0.012022461711423852,0.014995242988600424,0.0756241062922472
2014-04-10,0.0009271242431043585,-0.010587405230346507,0.004754360605699145,-0.019074206818750102,-0.0046259059480907826,0.0032325994452388845,0.015049192513078102,0.010349305430025017,2.9384669574600685e-05,0.06509576120324329
2014-04-11,-0.00846861823048305,0.014363814845887002,-0.01155901596707996,0.011014891642218546,-0.0028778151152315102,-0.002731607588508198,0.001243935935537354,-0.01033746844824848,-0.0029618444059262942,0.01623248289017996
2014-04-15,-0.020480564400328624,0.01910326479157208,-0.011084355687120578,-0.00806781322105127,0.002290030906948133,-0.02799262607748303,-0.03054637553056177,-0.003648855226767492,-0.006395525277556329,0.08815262443531907
2014-04-16,-0.0013323918245476158,-0.023283985974267157,-0.00658217874913449,-0.0029978445228730634,0.00696956627698238,0.001722044131325393,-0.04081132920136481,-0.009767962471052907,-0.008621558339553982,-0.022843611491620473
2014-04-17,0.017680675479411188,0.01254344324109486,0.022360255151469617,0.008148627664920806,0.014247449402701189,0.0180692998798997,0.026091858260830908,0.016266483558224135,0.015474470218657372,-0.009998453388927983
2014-04-21,0.013303365424896681,-0.0064048032631865105,0.01388389868854112,-0.002692007605457519,-0.0029976583253829305,0.021823538012965507,-0.0031265832658904746,0.0009441562069662335,0.005626235315480606,0.10862904397953346
2014-04-22,0.0022045339050250994,-0.005486452550345917,-0.005483463678340899,0.002710883011821174,-0.0045521867758874825,-0.007610963446711717,-0.0005220887715684603,0.00805081081028681,-0.0003373879130515304,-0.030708080088096206
2014-04-23,0.010341320374426435,-0.0007708796958799466,0.002344195765928511,0.004096498896784513,0.003151775708972283,0.0034597997806543653,-0.014464420491566612,-0.004212933286834738,0.00372721984979212,-0.06888576911361607
2014-04-25,-0.0066981166339513025,0.0003181309554293813,-0.0029814759742442676,0.001872969088274608,-0.02102177147950937,-0.0005726174392650067,0.005284028146605206,-0.019683910619888258,-0.008522030871778505,-0.014560971048410433
2014-04-28,0.0036031043383941185,-0.0014782020091955363,-0.009074175641377802,0.016504087404710013,-0.003833954041588813,-0.006474306386314276,0.006566011770890674,-0.002850634015791482,-0.003174840233210194,0.022878364963607085
2014-04-29,-0.01315803711615126,-0.001047939167523586,-0.010772888906772787,-0.0019410003783188043,-0.008981558331574909,-0.027983043595922664,-0.007620569984271339,-0.004423339403972141,-0.006826724839414866,-0.010890567601553165
2014-04-30,-0.0042458347791599306,-0.0025595241467876164,0.0037999319895312893,-0.0008021473295937467,0.0009194552256026394,-0.011488269058664714,-0.05615037455142705,-0.002907665915310451,-0.0028110053879877397,-0.014925620657193949
2014-05-02,-0.0010778934408053793,0.009877380142742014,-0.002978982379542127,0.007018498381800001,-0.002002224509107941,-0.014457073439671226,0.002229706341107211,-0.001444947785628894,-0.0002389774925132282,0.07765097078125585
2014-05-05,0.0030052011084193944,-0.010354348487692176,0.002279837897553214,-0.009676348325445009,0.005677151407342264,0.013377028052667807,-0.007545130557633333,0.012120803347450037,0.0006794448586849589,0.03360902955252596
2014-05-06,0.006608173437981149,-0.004765429188632744,0.0024533034492143476,0.0011072898430150994,0.004073798033694269,0.002218888787149067,-0.001403509002320198,0.006756905766218257,0.002377954648569805,-0.027277059695318896
2014-05-07,-0.00215022195032392,-0.02572658435555391,-0.0065641234488398245,-0.002104234567825946,-0.00366848211228835,-0.008200280760229725,-0.013574834333007813,-0.0016272048136991772,-0.009388265536980073,0.010167556107396818
2014-05-08,0.0076380026787673996,0.0019039271469714683,0.0064109837672448496,-0.0027918421269087644,-0.008745956854846882,0.002111635811159683,-0.008578834127406586,-0.0011970144238301853,0.0010967659857117281,0.02032167203192672
2014-05-09,0.05325296993417758,0.009427109690292024,0.022765205161827822,-0.004851515541483309,0.00807705869425697,0.03161808716111117,0.04712029119087552,0.03463531877248734,0.029435494406797515,0.09477995506339905
2014-05-12,0.02403874955842833,0.009224013804243154,0.02770190211904848,-0.008942323984097812,0.026473479760564907,0.01956368313468837,0.009271934231028045,0.030002576513207715,0.02241132323613701,-0.01630835850758318
2014-05-13,0.005699006761034466,0.02513494677643252,0.006162186234252535,-0.008521038827828288,0.0085158637395481,0.008344371686232168,0.027839041272871734,0.02772391959585554,0.013382625556367727,-0.14631976892256143
2014-05-14,0.002928899389456422,-0.0016190074742791316,-0.0008124241155963335,-0.004310240417633323,0.009038432712046005,0.03216685130970318,0.04137094755340269,-0.007292009822294478,0.0,0.011478300266343024
2014-05-15,0.002070799507520483,-0.00377731954609473,-0.0033291674744317656,-0.0024914568737924455,0.004537407384965645,-0.006417599486537586,-0.011207437734861837,0.013532607766360375,0.0020236099686651147,0.1259068479342012
2014-05-16,0.04238923256215033,-0.022035212063864707,0.008626385018095803,-0.015151926134054266,-0.020204580708442207,0.024761072020504444,0.06038355778321519,0.025339658947943804,0.011147576299688492,-0.4146175270569461
2014-05-19,0.024549790172580584,-0.04906961149885148,0.000800166452301231,-0.038102569501880665,-0.039581184413198627,0.0634164627630255,0.06533697062399625,0.05322583469968315,0.008371057244219524,-0.16331849430269638
2014-05-20,-0.007315446588721925,0.02322091133624905,0.0022689409284062903,0.013934519728778147,0.006473975735670894,0.020678262056602125,0.04612975731893109,-0.027082555102603337,0.0016438760667509807,-0.07027475060689242
2014-05-21,-0.010584464738573992,0.008294154267737776,0.009293673511993594,-0.006527712704595659,0.004681363996258991,0.003946390492927604,0.021129787995058383,-0.0018948824555821413,-0.003111163794727852,-0.07111232824310813
2014-05-22,0.00689496395158532,-0.0026003164126207562,0.0015090512164743705,0.000502103812402771,0.010415063712502868,0.017851897824339824,0.05125104260089126,0.01551269999060557,0.003234845561498608,-0.003916071847920703
2014-05-23,0.015157968611960787,0.0013094133331666828,0.01569687143073052,0.0025200447000204556,-0.0031565272772408775,0.021158978948084384,0.02281166086406103,0.027642097565992837,0.012387933925730808,-0.007878453021289705
2014-05-26,-0.0071960172424773245,0.013298518599686315,0.010567808231439164,-0.005583463186658537,-0.0013352614843951181,-0.001586168942280904,-0.05606304201923985,-0.01768480003766334,-0.0010933331283551897,0.11413542686394218
2014-05-27,-0.006074095823426656,0.004498157407102773,-0.010256991008054096,0.0008053043037627664,-0.0012975731278402768,0.001871381405445328,-0.012103691893901999,-0.018211242096326137,-0.0055937551853276766,-0.0380117545228276
2014-05-28,0.0059059986896597624,0.014766575661609278,-0.009507956284399306,0.0017291982592178615,-0.0008669047088438164,-0.0142502480985475,0.01293303860109729,-0.00703900645970406,0.0015906858612653664,-0.08406479723115481
2014-05-29,-0.00947240409718147,-0.034118979473326205,7.843137258919816e-05,0.002401212458446764,-0.0043517066714069035,-0.008765369862594557,-0.012093532960895235,-0.013570043629223318,-0.012907568856390952,-0.050813788121264095
2014-05-30,-0.015886977088239804,0.004793855718942642,0.001543860401532158,0.030066678108946178,0.01184108955121655,0.004222731571061343,0.019115441032453082,0.0017651778726185854,-0.0007880360700878707,-0.02119367090224117
2014-06-02,0.03283797792582073,0.0012979311518662672,0.013293916079612689,-0.012747963479903411,-0.008017902648242778,0.019774800096299994,0.016330226338184324,0.02521341868700284,0.018167401445903533,0.009744282136373943
2014-06-03,-0.0019479848832570153,-0.0006180751219460904,0.005970811109186516,-0.004758439388187196,-0.005009839750008323,0.047315483249661415,0.029918466412458117,0.016768492474121162,0.007220065712657715,-0.043350428801787064
2014-06-04,0.004962353339725989,-0.012612062162128363,0.007507168266376879,-0.0031980821616469477,-0.003055728112591737,0.013913238633333934,0.01249771004376369,-0.010368986221593485,-0.0018356066412509439,-0.014663985859083949
2014-06-05,-0.003348013778744404,0.013525064703139897,0.00909192273044677,0.0011244725940697203,0.014287291358583547,0.03551227111335257,0.0077324956985648265,0.019624769247069147,0.009659715706976952,-0.00773697524720809
2014-06-06,0.016934552831682537,-0.00440610446630225,0.015986056418272908,0.014354373103453286,0.013096764495698457,-0.004637734236092291,0.04903778783150877,0.040280364436420274,0.014517911265275567,0.033728920693635284
2014-06-09,0.001558975071365572,0.008083481645717722,0.01589553721605407,0.004447419072702544,-0.0013400377313300509,0.016706808977395626,0.05788137039482488,0.0008821489623567744,0.009345152051744758,0.06774057412469386
2014-06-10,-0.00900798675185928,0.023767922627072228,0.0004609011946528868,0.016395485370142307,0.0021382214268558107,-0.009586269667739256,-0.030214860669220023,-0.009061611757825612,0.00023509956185606317,-0.02606785823702551
2014-06-11,0.0014735417651077494,0.021617335954420874,-0.004170554230012409,0.008737232007430228,-0.009760156608954048,-0.026316190353522315,-0.043933132406853904,-0.020969766701922028,-0.003866957814588266,0.023725883179106122
2014-06-12,0.0009251034893868129,0.0012125681615987114,0.007529545698395615,0.012523988425038305,0.004418626230353574,0.0029682620321587524,0.0020479140241116108,-0.0006611526550231408,0.003017634271514681,-0.009422911402011267
2014-06-13,-0.02341807929483831,8.475445193331173e-05,-0.01768026813939129,-0.0020388780203959515,-0.005291793333334632,-0.03279665517781226,-0.05426359659563489,-0.02061884400937682,-0.01419189231300482,0.0496351510946603
2014-06-16,-0.005103409744196908,0.013789977964829428,-0.010427235036197887,0.00463468168088803,0.005581361138551092,0.00039413931273384013,0.012488014805406804,-0.000973352009430958,-0.0011343184460937106,0.012311253132355631
2014-06-17,0.022577548156816736,0.00418754840220218,0.005257035124204378,0.0016998054713386552,-0.002871970847694705,0.014728367785153098,0.009072568824669112,0.024835096973643903,0.012944298456771088,-0.015695320900163907
2014-06-18,-0.009989075791734215,-0.010312837420537032,-0.009088198285295909,0.001181320341640386,-0.007849246191598328,-0.008217583899755064,-0.022149777001858856,-0.013762020873366315,-0.00967755834425001,0.04852104659574559
2014-06-19,-0.010103151783467056,0.018475912846047274,0.002360486570654759,0.008957339781159998,0.0037753936804851567,-0.006586564997021953,-0.0067021616460483805,-0.025430581685078335,-0.002318050637252134,0.0085745353172787
2014-06-20,-0.00463993611037201,0.00013400669620612359,-0.008256066560546114,-0.009317793262120178,-0.0010098517277006439,-0.007759997323383686,0.010428009485682342,-0.006173385474798426,-0.0038864927679996926,0.005852669534409515
2014-06-23,0.005233712452587169,-0.015793848480603646,0.007204288944171961,0.004768713545342949,-0.04016061139766377,0.011043580918568606,0.0023460064039422957,0.010764798657482007,-0.002412575453478406,0.005818514408427093
2014-06-24,0.015346271022326287,0.002358896792289364,0.011256525105836312,-0.0028932763398437106,0.010971477765503872,0.012744365802232165,0.030008092750043756,0.01902428013117421,0.011523636710027154,0.01205788931003645
2014-06-25,-0.004691102688386891,0.0017903552553478687,0.009542268609956182,0.005685671730918981,-0.0025259084483974653,-0.0006714363963563555,0.009805871572183572,-0.004158506115527485,-0.0014456230527611481,-0.04694200833072278
2014-06-26,-0.01240446237192755,-0.0008869272365692956,0.0006770105314517963,0.0038360460608735593,-0.0035726231203394086,-0.011680206928064794,-0.025274597306146313,-0.03421304827891534,-0.010098018573784505,-0.03388264683517473
2014-06-27,-0.0038379257673648026,0.024801050274238106,-0.0067765697900099685,0.02729168155243992,0.0042039918011611,-0.01376081318057367,0.007859786784467976,0.0021716755290483395,0.0020796713768032227,-0.003962733876503761
2014-06-30,0.0165081926985083,0.00936033991552052,0.0036597444069863417,0.020679353828655087,0.009442722268076291,0.013081029174638282,0.008745256469373268,0.01748159126668615,0.013564927084193412,0.01352142732738959
2014-07-01,0.0051990114040353,-0.011103270632516213,0.031104636099458485,-0.0045619303933095556,0.0034871096230325053,0.020787349376884357,0.013349895621898611,-0.005285556277145108,0.0030631036189189007,-0.011821189599089382
2014-07-02,0.010969969614291456,0.0004844356230607235,0.015784978307238465,0.018632396227273872,0.012773270308204555,0.01915964022437063,0.00223871580790934,0.010932468241695902,0.01177755667969897,-0.005109301705636854
2014-07-03,-0.0025014341933572676,0.0024186641875241404,0.006863315761297352,0.010680083563439469,0.0025785302010062614,-0.0061169394664477295,-0.014642627040753678,-0.01266858192797946,-0.00134069079277555,0.013567182485313108
2014-07-04,0.006740280243514213,0.00361458857377128,0.0005454138397747056,0.00534031281149354,0.004543332396824983,-0.008936614832857345,0.012403911232844268,0.01641713714856116,0.004758749631257964,0.01946129745555119
2014-07-07,-0.012194727739841317,0.02594025390212812,0.006778114685810262,0.009824834399534153,0.0027112127596522167,0.00022107428085104913,-0.00130831190155138,-0.001899892083969615,0.004575640474488179,0.06656702454888558
2014-07-08,-0.02437781245328628,-0.010577887580971092,-0.023511336186636672,-0.009506597025624439,-0.004286974637617874,-0.04301458827947902,-0.07634036004948777,-0.03849749716743937,-0.02127867207000753,-0.011920303953177749
2014-07-09,-0.0044373122546214555,-0.01168515937288978,-0.026286034373257362,-0.009374096131944527,0.007976764673227008,-0.005770359069636319,-0.01546004397772511,0.003181948514352051,-0.005023641872147828,-0.05299606347645072
2014-07-10,-0.00735387767187896,-0.008833913212576767,-0.00813280666870792,-0.0002639721504543213,0.0021772576295375694,0.008336210588591231,0.04626840363300149,0.0011699875698400666,-0.0022768154231857557,-0.1301600429424148
2014-07-11,-0.025591728858218414,0.01188379502787625,-0.010947664632282857,0.01188571002337707,0.005542924787837836,-0.03860707329656684,-0.055536310796787336,-0.027480212650022155,-0.014393990810803546,-0.015778174959946874
2014-07-14,0.002940899372384982,-0.013571186409844173,0.008848796145679431,-0.0055203150186634515,-0.004870849094369879,0.008037801167064661,-0.0029009426126056195,0.0014550151339144195,-0.0007308953891714673,-0.0102302582697264
2014-07-15,0.027375949458701605,-0.0014194647729154604,0.015072537035458675,-0.005103977521319252,-0.0013583929716697452,0.015775301985540068,0.019521836685648154,0.011313593257980413,0.009679131549908635,-0.0521054181818104
2014-07-16,0.0247746147115089,0.002373085740935772,0.01502758058702525,0.006955065207612483,0.004653437250297743,0.022208716041422757,0.04243245493254874,0.011750361458420719,0.012903575337152367,-0.0027119281385140828
2014-07-17,0.00023577601055714914,0.0010953322116567278,-0.0011308920744213002,0.003986649323765488,0.0038852372022394163,0.02455406236060229,-0.00586856130352172,0.001239208767370009,0.002102909465983186,0.016162016871557668
2014-07-18,0.007847822880535473,0.01287032735802526,0.0007302388659917983,0.0008555520669163839,-0.0018013243852495284,-0.0042447098025386225,-0.009461963519132394,-0.008727624069846042,0.0030644522939827193,0.008646552814641573
2014-07-21,-0.0002209209059786129,-0.003479453106453757,0.0001431188421333063,0.0002831048570728473,0.011182771082964223,-0.0025704942215823917,-0.00615876817047216,0.0035334255481155033,0.0026453182709969426,-0.013333581734356016
2014-07-22,0.002687082798339354,0.017426268025926887,0.004526241824387957,0.009959345182331214,0.007496541540364082,0.009427542429378185,0.003779267380495637,0.01590087623435175,0.01082713528937421,-0.01760365536524503
2014-07-23,0.00230821739876798,0.021595878761609236,0.0019356269387433328,0.0005996414916848994,0.0017463564117155379,-0.0032218869506210634,0.0009921619781818457,0.00022970844078123553,0.0035852800193615086,0.003409429636827109
2014-07-24,0.0046035928345849264,0.009011581846849272,-0.00017066653376943505,-0.0009247298221634141,0.006812675650188357,0.014864319632638795,0.006129481545385677,-0.002222728342988872,0.004460434486412476,0.002040169820274145
2014-07-25,-0.01374762523408093,-0.005829392670490818,-0.012406301780202422,0.027731095614226983,0.00708416209230024,-0.022867243800169582,-0.028390514901971694,-0.015589892883725545,-0.005140498238365478,-0.03455768828778223
2014-07-28,-0.00721156379560109,0.004222337257965345,-0.00537792878106729,0.003918948040649331,0.0033983119395632573,-0.013659456164885153,-0.028385324910797198,-0.010676984690174704,-0.005373537086780802,0.007007697067849566
2014-07-30,0.01566987109546114,-0.0021596470709272187,0.007190527802926081,0.01460353855365883,0.0039405180310583005,0.0024892462766247818,0.0058248933747167666,0.004469608900941723,0.005495436222823544,-0.030487958737828398
2014-07-31,-0.012031458821692223,-0.00545344340546625,-0.007291895202578679,0.0003586880669713445,-0.005369283685994938,-0.0007734276286087786,0.004139935481767812,-0.005573042793737419,-0.009037830441044684,-0.00505238522617329
2014-08-01,-0.009198791001003346,-0.014604403329963947,-0.008724599789845551,-0.017622192726695435,-0.011431622375015568,-0.020925594795775423,-0.009756200284901182,-0.02558610348035505,-0.015492411451246685,0.0964935737207996
2014-08-04,0.0075436376351195895,0.020935807146437196,0.012986441923887313,-0.002121074746386689,0.011468856255479878,0.0173388409762074,0.00996276044596718,0.013239528470896607,0.010604375070275692,-0.0266327707023568
2014-08-05,0.003333817102821272,0.005054613974520937,0.019373893903875946,0.006252099046935417,0.0033836331314714163,0.01410525922878411,0.027298483976198138,0.0045882566378958,0.00815287578222499,-0.06049810468115812
2014-08-06,-0.018784852169989114,0.005921338049550237,-0.007045041580713132,-0.009631114518681518,-0.01496832457853787,-0.01984644917800134,-0.011317837198569118,-0.004417883665684846,-0.009663728440738909,0.02478005600933942
2014-08-07,-0.001453555493612764,-0.013602329551173428,-0.0009687993750552845,-0.0015236579080385704,-0.00221386119907198,-0.001915959015497522,-0.003665220496151708,0.0024874218286672907,-0.0029762254910542657,-0.01125186585528611
2014-08-08,-0.014862855570776679,-0.002390975049474301,-0.013958338135778136,0.0016605695704947322,0.0006746418724624297,-0.033970813259074355,-0.04229360287635356,-0.016507027792623155,-0.010606126094877983,0.033382761745258414
2014-08-11,0.005474028718677539,0.006212321464603894,0.024929999233824666,-0.0018745363978813947,-0.0018171946116517259,0.006439288882974687,0.009530941697954565,-0.0034003323703691466,0.007555452786540585,-0.043333116878677615
2014-08-12,0.014038779753793239,0.0011839601173530463,0.018216665039511592,0.01338452072946158,0.0008320645752689107,0.009246010549489807,0.014647677852535809,0.015816723072750904,0.013170203962401476,-0.03859231936902124
2014-08-13,-0.009730555035711323,0.008196429762677766,0.000996182195012274,0.00945571130500799,0.021694902088872314,-0.011298297232252095,-0.05574199714051996,9.067331291250849e-05,0.0016163866702790495,0.021300838892814363
2014-08-14,0.011916532072176562,-0.001160016684696878,0.005482186399441775,0.01168068000760953,0.0026520560823369613,0.01900315537555765,0.018281302192918916,0.014692372949561083,0.0067155684981506794,-0.04003499451666097
2014-08-18,0.022936259673293782,-0.00474457947910769,0.015984281962225688,0.01378579211631998,-0.004550992752831247,0.01453121707411914,0.013282075397110406,0.020708374627085795,0.010538852441929612,0.020958830821992763
2014-08-19,0.005483756429088821,-0.005153031962162488,0.02433665661196343,0.0053752016099930895,0.0009526052756845688,0.004452335978841528,0.015625305316872107,0.004726810820775827,0.0029483116130798108,0.029918309521313496
2014-08-20,-0.0027703837803625306,0.003269971128334507,-0.006015560961421291,0.030070332824863096,-0.00728133225431924,-0.0030474357030742293,0.0050157355185625075,-0.008979997451145477,-0.0028149992705591483,-0.01813615199346983
2014-08-21,0.011591493665874048,-0.000601194252880412,0.006504251726824253,0.002469286274225708,0.002865207750470877,-0.013365486283526613,-0.019152444692328997,0.00013944154591632283,0.0020043000756105184,0.005111343467253154
2014-08-22,0.009971069251986101,0.014382076664779135,0.0011414757319808994,0.0022070338642853856,-0.00702468181943639,0.0023017308285786684,-0.007465108688017707,-0.0007957438020016574,0.0027967213545059197,-0.008043894120531199
2014-08-25,-0.009537004575519526,0.00966999936994438,0.0020224580918872664,0.004399703579428267,0.010948698891739163,-0.04752565792744728,-0.020766495859314817,-0.0058434066256762415,-0.0008723905385931191,0.012404396719983104
2014-08-26,-0.002869702474580549,0.0023596734748124334,-0.00024354365977911907,0.01145909308889394,0.011337779010288842,0.00593700202640904,-0.0013123495048874547,-0.008858377302374716,-0.0001960407071773607,0.007945123653847919
2014-08-27,0.00596974768654599,0.0067990441932039595,0.009088810174745443,-0.0010782005471498802,0.004286902671312985,-0.0009011280582429831,-0.014106458162295962,0.00493511777521532,0.0039518011472649325,-0.062334656714580314
2014-08-28,0.0014463876518984716,-0.005988727791589539,0.002423687716542103,-0.0021845936890782366,0.006015322877767696,-0.008115043405331817,-0.02222062882741358,0.0053470782959410355,0.002303315356676902,0.0007653483085972732
2014-09-01,0.01715766318594228,0.0023988296561790103,0.01366922859006382,0.0016599488310077642,-0.007052728258193176,0.028355745249364205,0.0266503149190018,0.01865853274475662,0.009179124246061186,0.034589918159845245
2014-09-02,0.007326611678833251,0.0038458269653269344,0.0010457408694378267,0.020343088146696293,0.0066746476033299525,-0.007713270985007971,0.011207690263709595,0.007094863235039042,0.0068711670335596,-0.005930330579825367
2014-09-03,-0.001274795040346612,0.023774011563421585,0.006818649126328882,0.002567868289239215,-0.0067711222398715324,0.009935345005185788,0.021403895325051294,-0.0006226903905469968,0.0038956679592612917,-0.004470906523500971
2014-09-04,-0.004756802092154884,-0.004065409330060783,0.0006748334995388662,0.0046297127631915146,0.0018187167897205905,-0.01610749699096768,-0.040822021719523024,-0.002235603589103991,-0.0023009595892866165,-0.023423845147134192
2014-09-05,-0.0031889920813803103,0.005921932104483699,-0.0064552148030359606,0.00032750385547123924,-0.0023327258925988524,0.008300405139355555,0.011079218436938208,0.0023318305288939963,-0.0011246630312066596,-0.010761083551302966
2014-09-08,0.013930355208503565,0.012814871387247862,0.0075302520787801095,0.009636150621565656,0.01067546112317639,0.012440329171513428,0.006370201473570255,0.01088232450462269,0.010706841477298593,-0.011659644036690337
2014-09-09,-0.0030868055410056415,-0.008800411839434988,0.004364479780848997,0.001748552353257102,0.00898778246284612,-0.0006739875880476306,-0.007913881776064106,-0.0029442743252572116,-0.002566290301383355,-0.0023483167540973636
2014-09-10,-0.0003095196666422732,-0.011580009961397424,-0.002072039819302355,-0.002006114877051827,-0.015728091824963878,-0.00045481173634621177,0.007037596037487971,-0.011056832579804736,-0.007244435632928195,0.013234920531822729
2014-09-11,0.0032389807194649063,0.0021452966527751864,0.0062725987000596135,-0.01914258966941779,0.00486164736418436,-0.007305492905165473,-0.005053263139803238,-0.002848352679799042,-0.0010383197500981691,-0.03222281415136903
2014-09-12,0.0030809142208167235,-0.0006796243949467197,0.009729039532297272,0.006740441882439414,0.007319054397548045,-0.0017714544757543764,-0.0008814321720834632,-0.006028577279481594,0.0024457500763813006,-0.012053225081637843
2014-09-15,-0.00534215164952088,-0.008278881441116685,-0.003144831304865263,0.007218094089831174,-0.005680542405259732,-0.016150005822960844,0.001541980026114181,-0.009566781422575242,-0.00786503512440859,0.06947782486588237
2014-09-16,-0.020209020101657888,-0.005226146966707367,-0.019469005597211386,-0.01043486092068876,0.0001807482538809936,-0.02409833712791527,-0.03974028779988433,-0.02753197894694855,-0.013659152116613792,0.0015071219219067774
2014-09-17,-0.0003471966892389186,0.01650280194466695,0.008956375445988476,0.002279485700225761,0.0036621843254334772,0.003881855362245062,0.005481954979676902,0.004478328481048319,0.005355686271897236,-0.025163350523710777
2014-09-18,0.019894158405698522,0.005787738797683695,0.027364962579800353,0.018406561371798,0.0065792471879362715,0.011409838213060765,0.04781344262019019,0.01678951182001654,0.01730905071438062,-0.04906046242840079
2014-09-19,-0.00029089562202890717,0.015166818558415068,-0.007546588841733862,0.004895212664225424,-0.0030278472389878436,-0.0018844306404994008,-0.0076294648011568395,-0.009231357806063527,0.0008253403644006908,-0.036337571410978736
2014-09-22,0.00262153198582685,-0.004554128074934442,0.0116206030418799,-0.009709532695313838,0.02024639706927596,-0.012649433906056558,-0.006365939349392876,0.005230276956494068,0.003055078754324302,-0.027282224748493414
2014-09-23,-0.01817640778369659,-0.007645679455438826,-0.020118848306204747,-0.021059598036217195,-0.0037648976462687604,-0.02459010523514779,-0.05453224285720365,-0.022727369813550127,-0.01593094790039912,0.07008707209184369
2014-09-24,-0.01027401953558551,-0.0012498380063275718,-0.005584258091825099,0.009755976390278212,0.01791714735387915,-0.005500424373898631,-0.01688598356340691,0.0029366400791754786,-0.0018913800776086584,0.01042094524179471
2014-09-25,-0.028433583378582226,0.010040447780992662,-0.010054657515810209,0.001522967161837582,-0.005204620336448153,-0.034022129379766876,-0.03661290880135377,-0.027605655325086343,-0.011379836545715916,0.05884051740592387
2014-09-26,0.01994480681037375,-0.004295858809393324,0.008461525692805656,0.011372165102423285,-0.008862167827014386,0.026680723568131014,0.02375866369755124,0.012088431162363347,0.007178555614569579,-0.028213833182760727
2014-09-29,-0.00860342217952127,0.016791222088290633,-0.0037441542169490603,0.019692143839223485,-0.010445495004765302,-0.00939549633297159,-0.0031193493631167762,-0.0012352938732182336,-0.0012494164721180694,0.03495796895740193
2014-09-30,-0.005267963938579831,-0.0021122547453624996,-0.0006264005117403113,0.012677839971892547,0.008912161096080283,-0.011036430671182861,-0.02555816333219324,0.005703473245563218,0.0007410215869771875,-0.01808645572864785
2014-10-01,-0.00495302536302878,0.01899527551706818,-0.0005254853556789245,-0.004661858709599896,-0.012441197939435458,-0.004196544015029412,-0.006182782060525929,-0.014585486764830128,-0.0024198097296141007,-0.01147237215313174
2014-10-07,-0.00891590324612552,-0.007917976591632373,-0.008516018952215107,-0.021698613037035904,-0.004495542301195071,-0.028814922791868453,-0.009972657916675983,-0.0034849328370980866,-0.01179279382430551,0.10643686190718504
2014-10-08,0.010729274244965474,-0.034285951613932074,0.005414370829398736,-0.03492388931284768,0.002284699870484053,0.011832548307485221,0.014921937927446702,0.015484890569259132,-0.001236017381957707,-0.024502477835874337
2014-10-09,0.025557018967262174,0.001967565149969084,0.010974102637164687,0.011950091223953645,0.0017751565893309978,0.021649963588499355,0.025829910348259613,0.012653073017035653,0.014914880678345798,-0.06970182723050096
2014-10-10,-0.018426602392504134,0.021997240711328362,-0.028714619751734595,0.0004937869654527225,-0.027804118241519224,-0.04204942952750981,-0.012587946731110253,-0.006634210464925526,-0.012717798464841716,0.08517332221366244
2014-10-13,0.014371627316585827,0.011055908115873815,-0.0015077805779389857,-0.01403293301528506,-0.0074317103204121545,0.012885879233968948,-0.016951625290344184,0.0010095193087604523,0.0030868286329098203,0.011793412910519796
2014-10-14,0.004712252054122593,-0.0076095557106130975,-0.003912781778443015,0.0019761647498805516,-0.0038506755107198163,0.0006642185430220061,-0.09451761161225465,-0.0014393934250261147,-0.0025717157348472356,0.006187723566554254
2014-10-16,-0.013418517066576688,-0.01557847545343991,-0.021847835874788103,-0.010950008357402178,0.0037820028035774407,-0.027581448629967316,-0.005187791605103374,-0.021655865837872264,-0.01483479931274002,0.11877257763039564
2014-10-17,0.024671258808951727,-0.03911346075016044,0.00589006745791213,0.008212717034449616,0.0035625844120566875,0.000608522557928852,0.008450387428739142,0.006077881054629202,0.004057218608794233,-0.0018276390536752138
2014-10-20,0.017843853554266438,-0.006825701159054888,0.020524396846627657,0.01316643924741444,0.0013353588685323468,0.015294584724939954,0.010799241199715473,0.016872399829763574,0.01273394430406019,-0.14474384996914907
2014-10-21,0.012906127113516786,0.0018019752369184902,0.005119050448556056,-0.002786712694223337,0.004236069206320779,0.01854554920776522,0.0262370797586287,-0.00011805287419512378,0.006117516281268019,-0.06252033313351368
2014-10-22,0.0010616604133372137,0.006994591011888171,0.028650478714658662,0.016188826600962363,0.00031384199763863927,0.006661066416011386,0.007037725515920536,0.003980727602530589,0.008559635367284744,-0.022762757823772167
2014-10-27,0.006781561633994468,-0.004943807390318701,-0.006465526156809215,0.007757424893545928,-0.007997038182104238,-0.0015768648596116044,-0.03812000396724374,-0.005232357743819986,-0.0005253705499506886,0.03691573382970874
2014-10-28,0.006646003644966312,0.002139724567945978,0.004179123640253899,0.013432468993691117,-6.322325761280495e-05,-0.0001950856350295922,0.0029637798237502097,0.0006340892767071237,0.004482088703870871,-0.01490346227192905
2014-10-29,-0.00197889324012506,0.016171571341185544,0.0162787395102113,-0.0022739697063990784,0.012167688503259118,0.026894145903705972,0.0307308303950195,0.00946278111603151,0.007798761644535693,-0.02354833208397216
2014-10-30,0.007546249511673527,0.019268261742672214,0.00310482943254141,0.0015290340060344968,0.0054824947901116325,0.004822440377860833,0.031838438701274924,0.015391620825613047,0.009686630877276963,0.019787572723071634
2014-10-31,0.01686184013994716,0.019270032147936097,0.014411818483358646,0.019162210639542862,0.004586683848795494,0.019161585056775263,0.014302041916082808,0.02242422354560792,0.01855565765600878,0.0022581667284274818
2014-11-03,0.005210668400645532,0.0016607754396255323,-0.009019722322024647,0.00027125177201649004,0.0010178432448065852,0.0013643765823043517,0.03572683910459525,-0.0037112289146365683,0.00023430905306898972,0.032547220567461406
2014-11-05,0.01269190274514108,0.007070046466601474,0.0013572458135341296,0.01314210832970538,0.006290168444910518,-0.03118359648402669,-0.0019248990092205164,-0.009959135547890859,0.0016983597607461473,0.0014545790029152955
2014-11-07,-0.00033997152446812166,0.003111311537774448,-0.00804186462023214,0.02403387461432528,-0.0012702879613263006,-0.012423839592542901,0.026148387054029762,-0.0013513655495892847,-0.0001558958106129228,0.025117892393795735
2014-11-10,-0.004891816579611292,-0.0004532333295915564,-0.001491565343959069,0.006748851489407101,0.0303949039004618,-0.001918338911830831,-0.0018788598876453685,-0.007952815223502621,0.0008692394702429653,-0.012838931833324234
2014-11-11,0.007376121437601935,-0.0027279905936513776,0.00817003046829492,0.0019161215601590995,-0.00975483451400048,0.0013379748824379322,0.01098786556218558,0.004315819575782343,0.0022027303251594033,0.060582383958036806
2014-11-12,0.011256003314454982,-0.0016097628798798472,0.013665281920197567,-0.007655764422285736,0.010751219715878843,-0.010860810184725433,-0.0006977981738578819,-0.010025533632214693,0.0024661992049072835,-0.024625089252208496
2014-11-13,-0.007651304192831428,0.01030454855840554,-0.004112121417513579,0.004687705184556116,-0.0006807460870958958,-0.00649487350924103,-0.009585054297451807,-0.012099734782625618,-0.0030404381788521184,-0.0453334984208257
2014-11-14,0.0070683123194312325,0.002782218425784908,0.004087958268401031,-0.01409370680938031,0.0008222714327609333,0.024892174648902376,0.0197703840487326,0.0067972214664719635,0.00382747776597414,0.012243586398790392
2014-11-17,0.0036118951604086286,0.0031406882628887117,0.013921913747937225,-0.0006790519293233785,0.002135579178073277,-0.003743602055118019,-0.0009217153050295894,0.011075095655056303,0.004857088011971049,0.031010207039086687
2014-11-18,0.003517033744786553,-0.008239291522266042,0.004809157225615437,-0.00698739388481611,-0.0011924591864159832,0.008151432648770338,-0.0030012438810718043,0.0001992274363858114,-0.0005753942089820699,-0.02387754998592634
2014-11-19,-0.006625567364952389,0.0009896528133842247,-0.007490938757224386,-0.0007698695185478335,-0.0024067743553523096,-0.021365648768261646,-0.01045913079013727,-0.01381118830341175,-0.005188025276412326,0.01970511935240954
2014-11-20,0.0033721235448517708,0.013201815809070856,-0.005325240278044336,0.010319313230060183,0.0033018571313223693,-0.008507298108893918,-0.016252845919695832,0.0012904352504853678,0.002335600698223698,-0.012622909702108871
2014-11-21,0.023039410932557732,-0.006917499025061512,0.0053371286116264925,-0.0023967382375409286,0.006492409809100732,0.001718015670622994,0.00047479034819275447,0.006896855122819403,0.008939937646133834,-0.02284179891048943
2014-11-24,0.01241942313060896,0.018191746604521247,0.0017767648883484169,-0.004608661254406315,-0.0007587465140873472,0.015911450668777933,0.019974815796461105,-0.006949929172845174,0.006209137249718906,-0.061798588237364914
2014-11-25,-0.013486114025948183,-0.001682181402365766,-0.011003113248087075,0.003719025642021028,-0.02938591039531936,-0.013661117628586173,-0.0357645591186076,-0.00020164487337512676,-0.007891501533809672,0.03842275050771986
2014-11-26,-0.003393348529025952,-0.0016637759606174698,0.003835200470716474,-0.0022521150362157833,0.012874843715149388,0.010064642802571227,0.03924847866277189,0.0006103045887025527,0.0014936543234813655,-0.04072960938398345
2014-11-27,0.0025862973935788396,0.011021854726064859,0.005385203739897702,0.006340563601109744,0.0017972531541251132,-0.0009364688494904605,-0.0018565514831336122,0.0014631924253144224,0.002174455713767457,-0.019433180884249304
2014-11-28,0.026860325013744964,-0.00023528858639252932,0.019091542686656686,0.0026111592263262516,0.0017165990380284982,0.0036350153621774947,0.0163579411876907,0.0028671545417017566,0.011011389339421218,0.012480649617919462
2014-12-01,0.0006561036779997226,0.006947556929427377,0.0018541518251429766,-0.00010664468876392891,0.009400236257448649,-0.02403007069406539,-0.00641913788347109,-0.02812469489196758,-0.0037738408764703764,0.022989533346384813
2014-12-02,0.0016476937048220592,-0.014142605040691533,-0.008739380798365564,0.006373203431718508,0.0041661161329122395,0.012158496719116133,0.0006897765824748782,-0.005508013655594657,-0.0036532942570473856,-0.06252037329541112
2014-12-03,0.0048384492416315575,-0.0004106245478377974,0.01326399714080682,-0.00010158042069407968,0.00024135753291422372,0.001086712643209485,0.011880381282878,0.010066846769805573,0.0015179851960037325,-0.002422264694395492
2014-12-04,0.007320599208091597,-0.005021980116858545,-0.0008380798585087913,-0.001325457412071646,0.03299886083286007,0.0010144050898785977,0.0015885904094880437,-0.0057766164671254625,0.003128282351293758,0.006446430437739539
2014-12-05,-0.0013905272315028405,-0.01825260035472475,-0.00020380058592699184,-0.014531132506055512,0.011212866022772622,-0.0009253840526012493,0.012618477625838355,-0.0053068691357299365,-0.003052220515157543,-0.04098934517420399
2014-12-08,-0.013239762001844924,-0.03168534812497819,-0.01591935469609634,-0.003023567474442527,0.007103444592939914,-0.01532086641510386,-0.021272568849369858,-0.007850971289143959,-0.01178696074088962,0.021524028830410463
2014-12-09,-0.011923880802286962,-0.0033653820479321453,-0.011724789965925643,-0.002536333046225493,-0.00911502125218352,-0.02842142164438461,-0.013818736319085952,-0.017514653310353557,-0.01162777201814715,0.02347335306140199
2014-12-10,0.0093759601365915,-0.002444896600124225,0.004503836042332385,0.002716293548544249,-0.002107847290992338,-0.000986221241894161,0.003010278467705426,0.002218752286677431,0.001790834377979736,-0.021019385923572016
2014-12-11,-0.0031436487841067485,-0.011354133927897,-0.008474857318861379,0.0014475562015710528,-0.0022616754431734392,-0.006219084702668561,-0.021028812279824918,-0.02400491295669854,-0.0075382293595515236,0.04238944750656663
2014-12-12,-0.005734928686345238,-0.005142302141838217,-0.004143857551905038,0.0022704059740089634,-0.0011861665474745885,-0.016128145166862763,-0.026802303986413232,-0.023297621749534134,-0.008330953463077941,0.07394011822133023
2014-12-15,0.003975814633935498,-0.018668346551880356,-0.0028527631669984896,-0.0052486597339615635,-0.009468434837943053,-0.0034519478202539645,-0.01909947360714946,-0.0026498879369119682,-0.0005473221143822177,0.01944609014462447
2014-12-16,-0.02994986859797713,0.015157971868119617,-0.01847916849677397,-0.028591246406176746,-0.03115078073152784,-0.04335735329613243,-0.04138868239702879,-0.019018508684925706,-0.01866544617437457,0.15129346963153473
2014-12-17,0.001972172896904499,-0.0028963274734154884,-0.016404891650051757,-0.019791649036359424,-0.013532182251577452,0.009432065605046962,-0.014011629772732643,0.0033165180041596033,-0.004696455660811477,0.03730883028204459
2014-12-18,0.02546803462059672,0.011658243553489088,0.022134803227101135,0.012061175410262399,0.01150548162776139,0.02059756414966282,0.024010415461677516,0.016531186839359554,0.015998760320407486,-0.14806565932843005
2014-12-19,0.00827601675668772,0.017032804609434033,0.0015069137817417466,0.0027899981552010167,-0.011270000860783166,0.017864317629844056,-0.005115100666770377,0.01803632838652919,0.008044279165652847,-0.006183472172182006
2014-12-22,0.014422784606266987,0.0023146910937996063,0.014378804197507342,0.008771916134905482,0.01511458559128091,0.013393586705249573,0.01248581371306025,0.0124734333431891,0.01194027232053888,-0.020892137876646552
2014-12-23,-0.007689200037366975,-0.009642757604138411,-0.0032877904888471937,0.0011907958819200315,0.0020558710958527206,-0.01909624663102789,-0.00762586320533271,-0.0067682505141355145,-0.006871222260849433,0.07390689607119527
2014-12-24,-0.003683412387901083,-0.015130165421853584,-0.009140246972705164,-0.01236970333562663,-0.010553521459669028,-0.005196734332950054,0.009649689609165478,-0.01659527649219284,-0.0113010553438477,-0.015146848476866284
2014-12-26,0.0011781269125877973,0.009897797990267689,0.0023066111707382,0.0030078577216161697,-0.006854960977258647,0.005865944046303649,0.01105815187757938,0.004030808850212493,0.003248909370282162,-0.028265682963667528
2014-12-29,-0.0015558593777351682,0.006142358892882252,0.014504317446528161,0.008217233133964292,0.006670818090414302,0.02179902633828647,0.0032438900385035334,0.006385793119848961,0.005545050916857839,-0.004789588076455652
2014-12-30,0.006412810988261308,0.004044149520266069,-0.0024961744493302517,0.0035680674725224394,-0.001666605257839557,-0.01071720838763814,0.003729955891674342,-0.009559022049822655,0.00023646541975141835,0.019022294838062517
2014-12-31,0.004766658653006165,0.005955450792968395,-0.0025506511908220506,0.00774238265065091,0.0036161756440476274,0.0060308129133525646,0.008157302149717166,0.00778996155304826,0.004167969146088031,0.017345346996749524
2015-01-01,0.0007361993824883221,-5.3460179666784806e-05,0.0045300811657150416,-0.0024276283338242536,-0.003414295214325629,0.012027842695348352,-0.00024622947621960335,-0.0011521864856068086,0.0,-0.0059701771840479905
2015-01-02,0.016258882785734795,0.013848353083484685,0.0055862080981585556,0.00295716031937672,0.004231362150670473,0.008209024734164443,0.010045425675170406,0.004358511609163417,0.013520889912634575,-0.08537958001396935
2015-01-05,-0.002122162085111639,-0.010923738837332334,0.01218427345679938,-0.003199827311267115,0.002092826689105251,-0.004040615196984673,0.0007310534954726331,-0.00198039807316784,-0.0020329035926431203,0.025045991145729144
2015-01-06,-0.03133395621252254,-0.025996021059359234,-0.026293453335439317,-0.026237200835979763,-0.01605599817230131,-0.03539445076805803,-0.03570920885558495,-0.040995389891033164,-0.030422082918029548,0.20790437867377712
2015-01-07,-0.006887165908759215,-0.004013590185853175,0.0007877403586359661,-0.0030927855912963667,-0.0011207813112594207,-0.016142170515550874,-0.0032874433971038976,0.012077589162179997,-0.0031116297926513815,0.040500435236234415
2015-01-08,0.021465173054110352,0.009314345650668627,0.017127443588302437,0.012430672377216742,0.02011035804241504,0.015682392672288457,0.030433908802800957,0.005410695630432882,0.01622144246054657,-0.096578908541399
2015-01-09,-0.003436181973791989,0.034038738944396976,-3.5703148213188955e-05,0.018175919113953626,0.0020971712750546944,-0.0038975548887119167,-0.017598684852427177,0.011518565413437938,0.006041557177687999,-0.031454908087043675
2015-01-12,0.00847380806230481,0.012552848629419718,0.0014934423978631164,0.0038018270294259307,0.011329786657982633,-0.017034789460017737,0.001249531607352109,-0.009957723299715322,0.004636467736743234,0.009354640663561346
2015-01-13,-0.004727596018125373,-0.0035450690560864025,-0.0012791263527425084,0.0007376525800661354,0.004143856104361312,-0.003312442881255823,-0.01738296434006202,-0.010559279822351936,-0.0028394966643650508,0.022707261629018177
2015-01-14,-0.005542596222058748,0.009646613678950448,0.003435107603319259,-0.009398286198902383,-0.007170197209649858,-0.03551074938587761,-0.00790922895252582,-0.004763657304759182,-0.0026362628028638235,0.045664646772965445
2015-01-15,0.03339952376298316,0.004771478578969691,0.02194614621252621,0.005018836952655477,0.015243138837348737,0.010220589065036508,0.07996389114098382,0.02456092293879301,0.025830729950324278,-0.06527309982673943
2015-01-16,-0.0006500538199214008,-0.000878717758266032,0.0010325165421141785,0.014961228223341031,0.009564113346862642,0.005241679774035833,0.004247336016024715,0.005504491231412745,0.0023106162211340322,0.06643187501425013
2015-01-19,0.009469619688316631,-0.0014461728189717553,0.008234106198800077,0.013257145386927903,-0.01156899174784613,0.0034393545826471627,0.0018818819514883286,0.0076834016623755445,0.004324820315931695,0.0217648431014105
2015-01-20,0.018431451161048117,0.004477731340969285,0.007561992180970146,0.0036690970448991114,0.01734878025026093,0.03018110212454044,0.013770771793468443,0.01236587532550994,0.01680393189462208,-0.02176484310141046
2015-01-21,0.0038474941100487747,0.010098491458377488,0.0021720511309995883,0.0026711396153210323,-0.01998148570143233,-0.006587453526993215,-0.0030179658262846306,0.00035375029998972144,0.003890988763950604,0.025158481434359174
2015-01-22,0.0037423393205770167,0.0031396705101845246,0.007042360288775592,0.016526657513339774,-0.00014993986135841976,0.006277495242134511,0.00602692146153012,-0.008413853563910964,0.003647659672542357,0.04741795883156946
2015-01-23,0.007754441203035861,0.0028901925452314886,0.01583189543510732,0.006201643964658604,0.0035445376963226774,0.008526981691037997,0.014910242546964702,0.006358460049187048,0.008433216854945564,-0.03730549552709322
2015-01-27,0.023755725551025453,-0.016260881866125707,0.012885422745882403,0.00018566380385716405,0.011569817743352395,-0.007365204040759321,0.011995136964851874,0.0019526795487427478,0.008441385660836975,0.011117444438419253
2015-01-28,-0.003094052569624277,0.009879636958703317,-0.006222805352909421,-0.00047493632428509543,0.0020112613950068092,-0.01467901699700827,0.013186008320198851,0.009870661309064712,0.0004263503418490414,0.08880635249485111
2015-01-29,0.001796671542377575,0.001235573581312156,0.0007240213411933374,0.01494252409012358,0.012535327217990772,-0.0022019029651830805,0.02737497157767959,0.01168518138467058,0.0042593170470792705,-0.017347381241214523
2015-01-30,-0.03392992758690073,5.0709281634581784e-05,-0.013220098183102187,-0.004990285800022811,-0.005998749021037316,-0.010764261959419631,0.022852061605448747,-0.004016228707555046,-0.016153405638702815,0.0373780766528954
2015-02-02,0.001115630574558539,0.01003009787281046,0.005053914629679493,-0.005651474959111579,-0.015500532925689287,-0.00452624177601097,0.005474863229728338,-0.003734270420393044,-0.0013063506955069547,0.011828613596953624
2015-02-03,-0.0246109271268577,0.0016689245962459738,-0.006303110383801486,-0.009301260811167455,0.010149828738165344,0.007902543303179561,-0.013743740665070262,0.016709315174460594,-0.004654298232220474,-0.029838135594151716
2015-02-04,-0.01083860311743135,-0.002091805838548501,-0.012091167497713788,0.00913352624664819,-0.0029184302750300925,0.020662948482791602,0.011431102017732888,0.0014429760610692693,-0.0037584872121479928,0.01204228194926649
2015-02-05,-0.00638831192464558,0.018773329589891724,-0.007157423924243348,-0.008951285095329069,0.004871057729060235,-0.019355195524477013,-0.027095016881154493,-0.015517286971873637,-0.0013765100457609084,0.028032403588049353
2015-02-06,-0.014017783118366664,0.008414847794436808,-0.029382992591454632,-0.01743523963852043,0.009072706246914997,-0.00717392196775018,-0.006073744903862449,-0.011529699882891941,-0.005831032408607971,0.0033889982810220505
2015-02-09,-0.020589300423329408,-0.0015214099642077558,-0.02404411163419717,-0.002967389805697994,-0.013769880161463953,-0.026842425351057513,-0.02578657966836683,-0.0114747587179695,-0.015674617197285398,0.062300634513268685
2015-02-10,0.01876722496607832,-0.0070825845958373814,0.0169275264379559,-0.0005227853450179246,0.003537438554025082,0.015126930839903524,-0.0006699895124298054,-0.00641108030891572,0.004586999150377187,-0.038421754599581935
2015-02-11,0.009991302751564141,0.006600856233546431,0.009215364744696274,0.00954355556853444,0.00863158799138804,0.016907333927816022,0.006458086974528579,0.00795443237793953,0.007194908616778425,-0.033104511339130234
2015-02-12,0.00986622240402912,0.010448806629024995,0.01632675351281554,0.01796918746416475,-0.0013160818274874798,0.003940462662643783,0.014981526921911667,0.011372146870187625,0.009706478627223793,-0.016724450510038458
2015-02-13,0.012525416277943655,0.007484866582140517,0.012025458496992363,0.016389041218747208,0.018312559496327124,0.00995015410239059,-0.009668266884655474,0.0012121358438843437,0.010726817268910518,-0.002980601590700795
2015-02-16,-0.00932329215553423,0.001783413898119056,0.0038230066202424263,-0.009343884600668756,0.01799689784018211,-5.87594223649396e-05,0.01207081500005644,-0.004778056009449021,0.0004370868354434235,0.03567441756656191
2015-02-18,0.005537031384839326,0.011588512908649607,0.010442785311577047,0.005208901045982629,0.008449368497005396,-0.006951135001388681,-0.004810815477348423,0.0018753734931276397,0.006759668427262326,0.003833254532992546
2015-02-19,-0.0056229371584726635,0.007181591873890709,-0.0014866917670862186,-0.0005750615154801864,-0.0093426016344295,0.03618465769024992,0.0067722281459223505,0.0028347904231478646,0.0029497438893496893,-0.02469262399250362
2015-02-20,-0.005998229301707132,-0.012006082714583663,0.00033809863425129867,0.0010221030658569888,0.007276976406182261,-0.003407528863686386,0.009965433846454798,-0.018479175665645203,-0.006960437077779418,0.041762768583035674
2015-02-23,-0.008431908883543004,-0.0032386584331919512,-0.007975696382449918,-0.009039172191304559,-0.011213908602863802,-0.007983614952994123,-0.016737661992377202,-0.013744817894946117,-0.008943311319236858,0.016783550431746872
2015-02-24,-0.0015661480483459501,0.002781186422647808,-0.0030088090144469912,0.001978129925416811,0.014904632537193072,-0.012533975440162376,0.0043744600523110974,-0.009570373388806735,0.0008162806567537197,-0.0037054200189235074
2015-02-25,-0.008015056715148473,0.005329426399974925,0.0004100016430804447,-0.01123843745286924,0.002843255727723212,-0.004682387114136406,0.0034857891198457093,-0.0003542540038228752,0.0005876305610850604,-0.03638476243187652
2015-02-26,-0.010461348920496856,-0.013936990880791542,-0.01614081756967847,-0.010564140148920532,-0.010109167069042841,-0.010675581043195196,0.003907142635897148,0.004666032206806549,-0.009558254487962844,-0.009671292015941968
2015-02-27,0.028526890428039197,0.007711904801452043,0.023006833085216075,0.012409214139665265,-0.0003149969692430567,0.029869897958052363,0.043660262645946475,0.017993652920051253,0.018342125395864908,-0.05032196088479134
2015-03-02,0.04778220183800946,0.008624622842281222,0.008755021250077086,0.03980787639955406,-0.066295058620038,-0.002516274828759277,-0.010423275258061413,0.005831032408608026,0.012600378838793266,-0.21082824142314338
2015-03-03,-0.002346849155992095,0.015063231797231139,-0.009094376260096017,0.01175283652552688,0.000617283211408802,-0.005225587695658598,-0.015628669562947194,0.017088530157284083,0.00440038586730066,-0.02297488473810581
2015-03-04,-0.016023461963600757,-0.009794366788718034,-0.006919640287800993,0.013114106971446363,0.0039608985266915845,-0.025989770635357873,-0.0027709445628715385,-0.013153354810858733,-0.008214792388202198,-0.018899224348789767
2015-03-05,0.0052853053790153015,-0.005126751978756903,0.005430840314301368,0.02449712013844645,0.012572809139046234,-0.018059575037431587,-0.0004270115556718054,-0.00032017344807222015,0.0016908482052135402,-0.05129331089853277
2015-03-09,-0.030981826120838187,-0.01939254203493162,-0.011234923627797287,0.0035086122538224955,-0.0061025464938388885,-0.024750194164307404,-0.028372180493831698,-0.02217526793635004,-0.02045904811401918,0.09064057335724944
2015-03-10,-0.004772240047383026,-0.0013855874943816935,0.0033575310573229753,-0.0035521362318497655,-0.005032303935265863,0.005555492251807693,-0.020417957608909267,-0.010054446982808107,-0.005117729137055929,-0.017869057796391082
2015-03-11,-0.0005459815255522786,-0.004257335274186513,0.0005822169786721711,-0.009241483031481326,0.0002526969395001914,-0.01703229459632087,0.0058126836717407775,-0.00414868496127349,-0.00138980143838521,-0.026094084602104134
2015-03-12,0.0051248830387544166,0.005755648860556527,0.01023680328375376,0.011751797348993849,0.015726192429056037,0.015073833938383102,0.015264081008208292,0.013214489821612755,0.00870342200550124,-0.025436452578276977
2015-03-13,-0.019095167712406144,-0.009015334185204374,-0.014784020590965225,-0.014047556875293798,-0.020637566046912754,-0.0132320609094655,-0.007934813789120376,-0.01325016651111628,-0.014721551472009752,0.014805133483303843
2015-03-16,0.0030597502333785517,0.0086449568949805,-0.0027440820866632847,-0.0005086248870552408,-0.011670189120723113,-0.01601956630547519,0.012753071419079751,-0.007925161325975495,-0.0016896819631506011,0.013930575802157374
2015-03-17,0.01165853046410193,-0.002894859234276119,0.01251649778855121,0.018740471815623175,0.01369459315310814,0.011639726956891193,0.006098881365389094,0.012463820901415049,0.01038809476984804,-0.003299256707184345
2015-03-18,0.004658975312881488,-0.008682458205484944,-0.00668148853940079,0.0012260179315578068,-0.007098432313050994,0.0029569583563706318,0.0010851873012869833,0.0009205645265078509,-0.0042965180681336585,0.024805456581391012
2015-03-19,-0.017709302392238273,-7.326814222121048e-05,-0.0033432243362997646,0.005279574036228776,-0.006897152974142918,0.0002512919106122712,-0.015961829421217655,-0.004724054981972158,-0.005917842938767325,-0.020189576641612358
2015-03-20,-0.010946923618346129,0.007167600727073695,-0.015440439585477075,-0.013968400891836897,-0.021313930833017348,-0.009402026287127175,-0.039564624731031145,-0.009712982842028308,-0.0074104331263360745,-0.06383698426711491
2015-03-23,-0.008492724346304537,-0.009675794410988077,0.0013791647636000731,5.547155952520429e-05,-3.007887697422109e-05,0.0031648934530406816,-0.0022956850899198064,-0.0024025492538831982,-0.002336203925268819,0.0007010325307188637
2015-03-24,-0.006392015208987624,-0.0052775267723532745,-0.013701571916646876,0.018095671779702963,-0.0027137483325363927,-0.0030592354678401434,-0.0029923335014741103,0.006201291756275954,-0.0009301819792756467,-0.04295580725050746
2015-03-25,-0.00116533610412359,0.0037368196780165936,0.00410093100371454,0.005121669914745763,0.0006265271804470188,-0.009724852362913004,0.00046096384739898285,-0.008134797354499375,-0.0014232834235154116,-0.03954261713245321
2015-03-26,-0.026477792046374002,-0.02681725964299026,-0.015419603926161365,-0.018956478286540124,-0.013435696472843988,-0.02390349766093106,-0.017666675562831167,-0.014895645233812751,-0.022362097108321904,0.14299933096453374
2015-03-27,0.011882636671530694,0.005563376117531041,0.005903626973589693,-0.00698980948201986,-0.009190906977211226,0.002117554325152843,-0.007296739848473621,-0.009759356947288978,-8.990891811211022e-05,-0.04451172072253254
2015-03-30,0.017414851429103498,0.010997467354210165,0.016397157833755623,0.009113490795422237,0.018783538422826762,0.01534278067493933,0.020575938374025923,0.008245368183225299,0.017928732765285012,-0.01669021838975932
2015-03-31,-0.008485520259732607,-0.0014761597433472769,0.005501206480205249,0.01103789904078603,-6.788685847132864e-05,-0.0016549776089490752,0.0004627063730521409,0.009794588101871147,-0.00015306856794447524,0.01600030949997361
2015-04-01,0.022333784711989924,-0.010884127852510089,0.01026981476737335,0.022432747823132596,0.013267002599222082,0.009931355316340292,0.014923937145773478,0.005899662348533296,0.011155307528727893,-0.058255084219762235
2015-04-06,-0.0006662781602469092,0.0014254827726074637,0.009284322022054259,0.04981113152176964,0.022713453129467747,-0.0032852454722471,0.06506538954085343,0.007095917671025559,0.008541133724940244,0.06376094294464298
2015-04-07,-0.007344550211853092,0.0016778621804371494,0.0002843089889220978,-0.0020916624441406446,0.006772892580288897,0.02200029533559763,-0.016796234427443546,0.007644774468034039,4.6121183134830896e-05,-0.02220769254696422
2015-04-08,-0.0028575591815406315,0.018588657341176505,0.005018937846071046,0.0038320611539571954,0.015597370852834379,0.01627569229623409,0.011228820505190458,0.015565889934975834,0.006227533157299894,0.006993062074226347
2015-04-09,0.0246309728210867,0.005315712914982746,0.0010629778313360708,-0.0208393756794385,0.0021259248863191565,0.015063314202898448,-0.008193271977925345,0.01382631062343381,0.007305870171212896,0.004866168358759361
2015-04-10,-0.003981291967161113,0.0012492485906735946,0.003480496282540071,-0.00295729141844256,0.004525989769592634,0.005998663938511687,0.006258775052098387,0.0059500484562990865,0.00023348090715570997,-0.011157706110875912
2015-04-13,-0.0001382820150131972,0.0031711032700317498,-0.006910906218488752,0.015935642276821073,0.011326292905107019,0.0008051530225625869,0.001290058478907528,0.012484617103726104,0.0060916874846368065,0.01600030949997361
2015-04-15,-0.0043688833100767556,-0.014639876050620294,-0.015526114954299208,-0.017784705941501108,0.00030990101208860834,-0.007269822001372361,-0.011888176479151875,-0.0013399616778412313,0.0,0.008931705957193222
2015-04-16,-0.00424331609001025,-0.007892300090494337,-0.0017983921546799533,-0.017381902333313083,-0.008198713020658268,-0.0010545070157272612,-0.024877425582676013,0.008180992417432762,-0.014515046525185486,0.022320840584574217
2015-04-17,-0.01576446789316083,-0.021453313019993297,-0.01256361423324103,-0.03373590014084944,-0.0004675681900768605,0.00975190062939962,-0.009631653224691903,-0.0011622723087981934,-0.011633232232741262,0.0060020289068154
2015-04-20,-0.012771012010134225,-0.020616782653136437,-0.018824931708040896,-0.004326633612492903,-0.029159852398857256,-0.01880097873760744,-0.027842925403986724,-0.027705213699951988,-0.01851811663955681,0.08045174502128824
2015-04-21,-0.00038654729624254666,-0.00032869429213896486,-0.013630350832762789,-0.037535553601183914,-0.011536571631501926,0.0016569873048643442,-0.00347745795841943,-0.010853201637050594,-0.008362135754524264,0.043811473987741566
2015-04-22,0.007590185784312775,-0.005761338039143698,-0.0005554519114215382,0.011923873829979593,0.005335840324012133,0.005279834218756847,0.00023222129766391962,-0.0018057894361966007,0.006181825339152998,0.01051402203168561
2015-04-23,0.00010416274705320708,-0.0035260661551579893,-0.00623900373397593,-0.011187430264260365,-0.0006283020247528944,0.014512734551478638,-0.008393628264349038,-0.006142994319319061,-0.003731926202576211,0.07228017505823765
2015-04-24,-0.01344654504393362,-0.028278773771038195,-0.007850784913229115,-0.006778758021681999,0.003907038466076524,-0.016262821059210127,-0.04086103243966809,0.0016406545968380983,-0.011141436198728826,0.03244105810675932
2015-04-27,-0.013100820770592584,-0.0030903647621799975,-0.00562551522481813,-0.02502803327696935,-0.017797896691116085,-0.0003462465629385794,-0.04209311174391568,-0.0146368354721747,-0.011072202173819238,-0.019551525594307544
2015-04-28,0.026583012032559868,-0.0040585580981939255,0.02394539213153371,0.006395204837683127,-0.009393095523437959,-0.00034646601039430887,0.01740049915354408,-0.0006322874010376257,0.008703378361128562,-0.07361551958101528
2015-04-29,0.003086335941393499,0.003743133387298152,-0.004447471731237592,0.0048528474178221575,-0.0162560214744337,-0.004064154629033221,0.007968199924551443,-0.009416733398058957,-0.0055490174921902485,-0.00981249305637729
2015-04-30,0.0019349845049953225,-0.008449806683428736,-0.010967675222620371,0.0012364301318956764,-0.01117475323664867,-0.016860923199280103,0.015748341593925654,0.003540956824075575,-0.007094495768480639,-0.0005802279873282024
2015-05-04,0.008860197482079205,0.017159406328796034,0.017193371597774277,0.022615476459334524,0.020324456017626467,0.016246798307921327,0.02602553585798378,0.034087015030095404,0.018222037975143816,0.0046323143635584926
2015-05-05,-0.0016148063596998908,-0.0018961171537956786,-0.00036020026679852476,0.0046996957234947305,0.0026332236547850552,0.02683039531363051,0.012528277024860191,0.004935156621466164,-0.0008585577695799613,0.0028844060551348836
2015-05-06,-0.037053034685294875,-0.020933357280739723,-0.028917087113071133,-0.0289876388598086,-0.023975568022246832,-0.03151007057458864,-0.04271287014905497,-0.02645106964436403,-0.027745365388399824,0.12492589188895989
2015-05-07,-0.024031405209216695,0.017121351588272417,-0.012888888626396918,-0.01372604980335031,0.0026182923132207912,-0.005177264103466489,-0.024067609074624588,-0.014168657275016198,-0.004915134139810429,-0.0010173173776109859
2015-05-08,0.023865589176950513,0.003973117548196226,0.02632137373812417,0.01928060231800079,0.016003225476638933,0.007335116866612868,0.040600974402523804,0.009410398746615591,0.01651854271401412,-0.027865528711013946
2015-05-11,0.022400494917166745,0.013557812168405764,0.027463391218039666,0.017427192365264813,-0.0030892905671412742,0.027017155599198747,0.009121493241382814,0.010984924685227505,0.016196034167464263,-0.02543865062496047
2015-05-12,-0.031882459207510885,-0.018367010049206108,-0.017965087451315566,-0.0054379212777266855,-0.010011543166002463,-0.030966517924977992,-0.035757214281182746,-0.029968010777099586,-0.024107341992543527,0.09808776425015747
2015-05-13,0.026245537165423376,0.004670466652401279,0.016284728893423632,0.0008730541843729882,0.011170258883427035,0.0011741239899649878,-0.007706627541983148,0.012429688623381964,0.013262307208340643,0.006789613753570549
2015-05-14,0.001035533337144289,-0.006908044590899798,0.008533105136495129,-0.0018449312387599285,0.0013689866778163339,0.00813931703499173,0.010920917168969469,0.0011740301693128274,-0.0013669794296785854,0.00048321955849526995
2015-05-15,0.0036888829492014437,0.007033401813252719,0.006349465863007107,0.004553023074603248,0.007607212566054192,-0.010612678049571259,-0.011919729771513184,-0.0022534581773332985,0.004627952191887896,-0.0434422236238247
2015-05-18,0.013101704022744085,0.009580771272668633,0.007059704153235287,0.015443776461081802,0.014619381672840914,0.005618009804179988,0.0004995310045934664,0.016524829560419955,0.013380913913783618,-0.10189082196892534
2015-05-19,-0.0023121476114986183,0.00818929453289225,-0.008026264205144865,0.0013085787547909527,-0.0030106234083490876,0.0037074831695743204,0.00348951976008895,-0.002038170700301661,-0.0009558345015271625,0.020459703909846666
2015-05-20,0.009462502699545365,0.017390681146017918,-0.005465425898657039,0.0027716493477101495,6.921730340739942e-05,-0.005802883496059448,-0.0019924982755533034,0.006519419642776101,0.006861656693210339,-0.030566489018210255
2015-05-21,-0.0022661143860803275,0.004044749606258604,0.007608148157653302,0.0014108352837367056,-0.008016765294277995,-0.004864905363823834,0.010663430969410616,-0.006572552543419911,-0.0002671534812630433,-0.01764916141147197
2015-05-22,-0.004322507836740418,0.009406055663733849,0.0037417956827825094,0.010723051108233524,0.004811336840694334,-0.004037732185695142,-0.0022224824638138966,0.007805612745960916,0.004496489481834225,-0.026776866178080262
2015-05-25,-0.005900775433767858,-0.008997311971763216,-0.0019304866974897419,-0.005733444638878086,-0.020073482328891657,-0.017223284592912332,-0.005950907416219367,-0.0018795561870987789,-0.010541322896106728,-0.0011806646668514559
2015-05-26,0.00024287692147620493,-0.0035724039026922803,-0.0019808305601748005,-0.0046471808099208325,-0.004296677304359152,0.001497611039223454,-0.0064870638759976776,-0.010555745914217875,-0.003698523791285403,0.008235304757663367
2015-05-27,0.011367620043591433,-0.018685161689113074,-0.021072947295474088,-0.004228994084631257,0.0057021167255745684,0.0023368391055770166,0.005242818369186977,0.00778273955991862,-0.0005697510609127147,0.012227284183891093
2015-05-28,-0.004847598643402806,0.007305522222550406,0.0011223718075622654,-0.01564620552681154,0.0031146584241464577,-0.0032225078963891403,-0.0012457955825668574,-0.0061144708698222154,-0.0018734224796336696,-0.008718539768336931
2015-05-29,0.01464366116092976,0.010787973804239397,0.018616017830987368,0.01610189671113949,0.012551562612698864,0.005239166289465906,-0.005249371103086085,0.006939495116024591,0.01368764678319723,-0.027820635764242176
2015-06-01,-0.005589486087465806,-0.004276882427359078,-0.0032148602732860075,-0.035133582875221565,0.013834110065637405,8.391789392129673e-05,0.02009745361173867,0.01216060455442633,-2.9643593685729908e-05,0.014894526307199339
2015-06-02,-0.03496522721694816,-0.015542281111498107,-0.021896494640527033,-0.014756785486208648,-0.033834067391860595,-0.02234368598630384,-0.040607113316700943,-0.007166087899391887,-0.02363060893126965,-0.005336517485782723
2015-06-03,-0.014336870941810865,0.0011624660034674618,-0.016159767492125932,-0.0132140306629302,-0.029720688919031693,-0.011437822097995851,-0.06172843853200985,-0.014945943942758605,-0.012381404397236432,0.040203522968076714
2015-06-04,-0.00012421896788906913,0.0015919394129023472,-0.007492954297744024,-0.00970498907818071,-0.003290459341617941,-0.012866458441983267,0.008939482118011979,0.006635464345525223,-0.0005471860103022912,0.034244187560888144
2015-06-05,-0.009637540172440397,-0.00773250354350019,-0.004703328468106735,0.007083777855124314,0.00993775096380345,0.017997326200646514,-0.01713624932219045,0.004993376312242188,-0.001963603376990351,-0.001657039088007034
2015-06-08,-0.006669297307478336,-0.004700394287510016,-0.010702983990429592,-0.011222836556766813,-0.00915932978637537,-0.01558181299562049,-0.007987906051500158,-0.013689470408614589,-0.008732148739867544,0.0432733413604544
2015-06-09,0.003281637869915443,-0.008547218329532452,-0.0065790536234308266,-0.017871080341511254,-0.005522431312397715,0.007015753568445361,-0.016732124593471166,-0.002244124019904042,-0.0027074902267056862,-0.047705477306126655
2015-06-10,0.012350598693876058,0.022955455759099186,0.018732982097619755,0.008531242799574554,0.0018529323202147237,0.006837076934648526,0.008122139235933586,0.016086573524430325,0.012640440848079765,-0.053018988002896665
2015-06-11,-0.023013377119354212,-0.015427497391171212,-0.024362561082159673,-0.014856179206595169,-0.009811806327842692,-0.012932037867061028,-0.024852981063192975,-0.022915590455396487,-0.019777160752925255,0.04185188342161402
2015-06-12,0.012584942068245938,-0.015963419477296906,-0.00047425582247493915,0.0017935387473134211,0.0009555434581703961,-0.01527965149961417,-0.0017172473819181346,0.007563624032340512,0.0022008448289133065,-0.018702723275643228
2015-06-15,-0.0037077312023792637,0.004019298157199407,0.011439357542458471,0.010768483162866547,0.004727143966661579,-0.005913677918923248,0.0008589486368297745,0.005258405569785579,0.0038757800540692557,0.00228576759677249
2015-06-16,0.008199989582612149,0.0022824958451296952,0.011767352349010975,0.0019717156487302247,0.0010081450908442275,0.002168732684476619,0.0011441474559338843,0.004024817447052589,0.0041590853857635356,-0.02017943228347964
2015-06-17,-0.0010457791279733,0.002183006924085047,0.008626802094472382,0.017730616031153862,0.015404471251405009,0.007963517713747235,0.004848183563391997,0.01000048858478526,0.005483675969067097,-0.025960191715941914
2015-06-18,0.008466072307594802,0.006426972581173783,0.011900575516885234,0.013370347838501776,-5.448861095521959e-05,-0.0016853157047177704,-0.0022785192969708374,0.02946048219450114,0.010211514727058937,-0.04336551742216286
2015-06-19,0.008272012388150106,0.00252021873007446,0.005638655213861059,-0.0022118104515007303,0.00504226283702596,0.0036110969014017504,-0.008878781003491078,0.009896864580117072,0.006140443483030782,-0.059805687323111714
2015-06-22,0.025054211885397915,0.016420403163768738,0.011415220528628724,0.005854935540967318,0.01581103125034505,0.012198355331815269,0.05294611037644853,0.0018789182034685428,0.015460439332762258,0.026162356761061673
2015-06-23,0.003095929133377408,-0.007786224217085909,0.0006068615751653128,0.0025978081607313224,0.004237002016528658,0.015907385594747032,0.0021803982644165673,0.004307035301276369,0.003400157603319678,-0.029481323667348205
2015-06-24,-0.0014037707715830897,0.001110347298521727,-0.009424654407634365,0.007303072086147342,0.005353765657821735,-0.014401201734141549,-0.013154445296393273,-0.005971964824215471,-0.0024727884395158908,0.05686286922324421
2015-06-25,0.006910200337373486,-0.0127061321155398,0.008252203858934931,0.000808188022346525,-0.004214429820703064,0.0032883159160197756,0.006324750443189542,0.007995624881437515,0.004433532413488122,0.000627957870686199
2015-06-26,-0.006586315451268196,0.013480889026069339,0.006085578645146091,0.004951357027153621,-0.003241610419317664,-0.008010999527482996,0.007918196767651252,-0.004718944222126243,-0.0020144580738723343,-0.010729044126564365
2015-06-29,-0.00711512051039729,-0.020350753635916787,-0.014566030238077038,-0.011707527990847224,0.0030366850628837576,-0.015749357438134992,-0.020330437631709875,-0.006310002924391936,-0.007509148581665224,0.09323135845049382
2015-06-30,0.0030024230193379836,-0.008682547851479518,0.00696664907672263,0.022890467230124584,0.02005510341227112,0.018310277100396555,0.004430929830637024,0.004293562569758729,0.006004681365091595,-0.02161924323240185
2015-07-01,0.015483890285300665,0.01583775127435815,0.011763678725324361,0.0044603987738150415,-0.0030733016290316393,0.01192958634734797,0.009077268441921332,0.008699330793550895,0.010052642911917523,-0.06591768978000402
2015-07-02,0.0002126188283716103,-0.002352555549202878,0.005425829423905518,-0.005177719234891687,0.002447993758920189,-0.006414328007729806,-0.0010959574084996023,0.0017263658530744332,-0.000964544764320111,-0.01846597867288055
2015-07-03,0.007723501179386837,0.001018533220611365,-0.0041240105423810194,0.005809806039158105,0.005048470051659808,-0.01387875327068831,-0.006048909584527561,-0.0018657188590679834,0.004725404031422576,0.04707483817084007
2015-07-06,0.005085866962484429,0.0009772489704808344,0.0028745594135671003,0.01609908146619509,0.00647928322046878,-0.005947310187127417,0.009059740190939705,0.004760408875566215,0.004380543110671768,-0.017940413674015276
2015-07-07,-0.00141669958702559,-0.005882777997650737,-0.0034162507389006555,0.0021318580316754625,0.00037786870523293917,0.001373835635751274,0.01303308774203173,-0.010973033529695425,-0.001332779992604704,0.017940413674015408
2015-07-08,-0.01800020431129664,-0.011012629127295358,-0.024035274828816552,-0.008038305409940874,-0.010645422420005348,-0.04118368717994766,-0.02016423745962358,-0.01053329182959614,-0.017512752525573723,0.08685816925203534
2015-07-09,0.002464003344548078,-0.017675077138712397,-0.0046867952778236206,0.0007139704266362315,-0.006805984366198522,-0.0032589730794209374,-0.0022044313320099085,-0.013623501712569907,-0.004133821795005965,-0.019870104037371775
2015-07-10,0.011341005928130336,-0.0028159509462906186,-0.0017533830455987302,0.011060192531242257,-0.00720453340409089,0.009286485133875014,-0.009145103882745557,0.0049011418765855415,0.0038348430969963264,-0.021443930174955425
2015-07-13,0.009238809491140757,0.01840660239977287,0.016459465622140703,0.012724521820940011,0.012266165523523026,0.004302920943497991,0.008593193795888783,0.008733652775727232,0.011783656733947193,-0.047999569562057545
2015-07-14,-0.006017623459846343,0.004082990206320833,-0.007801436618622635,0.0069689822889139,0.0025323203444345484,0.00719102329669507,-0.0060907766035414495,-0.002588197234443388,-0.000656363189627265,-0.016109408061587012
2015-07-15,0.0019177987585018955,0.009588242609620929,0.011670559325744536,0.009786470456066574,0.0033138900780936777,0.0018123333414277562,0.005262424221439758,0.006028812984613525,0.008210743295109776,-0.027867575059138897
2015-07-16,0.01852402258989245,0.003701542827501691,0.0037237333491663234,0.01139670549169625,0.009551163283513964,0.0036598795687332836,-0.00027629812127369894,0.009842969914582554,0.009835561378738018,-0.05207106879251019
2015-07-17,-0.0038341471042535806,0.0069098959410284965,0.004654555151625343,0.006004013692284249,0.006340518364007903,-0.004316559419127164,-0.004708447073049578,0.0013863396581546435,0.00020906205231804127,0.0013522962044063974
2015-07-20,-0.003252192649153787,-0.00019967917931642168,0.00028898910246692,0.002785552061638139,-0.0031371908126686977,-0.005951520752332036,-0.0204747532455355,0.0010997993097232302,-0.0007435430080160121,0.010752781438702515
2015-07-21,-0.01638439501296138,0.03390021976951782,-0.0042442386700384995,-0.07241197817369369,-0.018121493654482273,-0.011295997833373548,-0.023510204449599545,-0.017698901799037263,-0.008638404295993872,0.009314793987511687
2015-07-22,0.014506933748150836,-0.0010043431704027106,0.011584811969137965,0.009938001706500409,0.008263829913549172,0.009152054390657485,0.009815303414880041,0.028206280944341616,0.012125080858812433,0.0019847662803316375
2015-07-23,-0.006972696305354974,-0.007331138297223972,0.004970738428651108,-0.008299190724657894,-0.0018430598076272264,-0.0044623008239579685,0.0008614151084534958,-0.00114918913892982,-0.005074554770036643,0.025450008886048543
2015-07-24,-0.012221267169647611,-0.008213608118414295,-0.012818711237840247,-0.00402838626139262,0.0015254734153525205,-0.013135847822521763,-0.015329259805922382,-0.012040130432200074,-0.00797720384261551,-0.0038734986234156368
2015-07-27,-0.022948659367219317,-0.008910732708957531,-0.019836433883468372,-0.01393176270597223,-0.007536756841610022,-0.022465898304207227,-0.026581600022483703,-0.021461203977340595,-0.019020189089775028,0.05719439702285223
2015-07-28,0.0038222942501448393,-0.00495840608169749,-0.0055720001255609615,-0.01165857069376222,0.00010912936968079333,-0.005098984272540408,-0.027922943742013817,0.0012454103468942483,-0.002874597739444469,-0.027874257441020543
2015-07-29,0.002218208771108778,0.014440304915415175,0.013158447783193309,0.005126488583809598,-0.008848959718333967,0.002290592491059513,0.012844250606150028,-0.010191260668239797,0.0045535850933296085,-0.0025157221829736026
2015-07-30,0.006364945986659037,-0.00666082130472282,0.0022200015015486083,0.00787474445421994,0.028042388472048225,-0.001073051050178128,0.040201929209925207,0.005401197117584962,0.005566534416230723,-0.035248775118647775
2015-07-31,0.015574631746522993,0.017365540479658534,0.018586214275787962,0.02293938144238344,0.018155712804529444,0.015600326944872518,0.03018771651455491,-0.0004820082207303265,0.013099815871268341,-0.05084708864532499
2015-08-03,0.009820775800620444,-0.011079640558024791,0.007554996003897747,0.0021226923699536886,0.0033904817426673225,-0.009108040635920451,0.0014150278047054417,-0.0015449774041410669,0.0011946892258352072,0.054753370897334896
2015-08-04,0.0030564918624105108,-0.0044446097657170145,0.010852975716889335,-0.0014186563432889722,-0.003316356958881136,0.027286785639909862,-0.0033994712823889233,-0.01030772401471256,-0.0030655933038692055,-0.037065819153686154
2015-08-05,-0.0023244339822834762,0.01757917564226361,0.010497876227229974,0.016892628079600333,0.009315086818957645,-0.0005537128955987495,0.030186803594632265,0.0023783430727822913,0.005976049525257857,-0.010847553649704276
2015-08-06,0.00531115979677893,-0.000129118337135181,0.000170528179251121,0.009889273238240192,-0.008397850656678826,-0.005600745011321761,0.007406375007525936,-0.004203661132550463,0.0024130893825477714,0.0040816020420066275
2015-08-07,-0.007161848260070376,-0.0016757626496409987,0.0006874797779130112,-0.004455684255043316,-0.0019238979793390434,-0.010475186218546791,-0.0010937761544980021,0.008020371284357009,-0.0028042262557410207,0.01214591914514243
2015-08-10,-0.000982351572802819,-0.0019981417740323666,-0.006541900392475625,-0.00019384725476531142,-0.005344080911513927,-0.010443851558902163,0.00491264040128957,-0.014587532927663387,-0.004564027276617137,0.036870563303330786
2015-08-11,-0.013768559573761193,0.011788815994073361,-0.014552598156573714,-0.00013445579731840088,-0.0061010122593999705,-0.03590080763863755,-0.011500624361370842,-0.007306535375270368,-0.00744648944425946,0.02678732030879111
2015-08-12,-0.030384012841528887,0.024931726889310432,-0.02491549319801034,0.010614564206550556,-0.016261653591229754,-0.04412017432470854,-0.05753114411590396,-0.02382704580597212,-0.013431174840318333,0.09364969021505469
2015-08-13,0.0063833139473995874,-0.004231563976471919,0.00408333716674699,0.011053077863748357,-0.0028842022909181864,-0.028092431121008576,-0.013805423347610247,-0.0025286354613328205,0.0007661537895581861,-0.02495054232903325
2015-08-14,0.029715713323993708,0.007694461451778351,0.023479645739605665,0.01716292806985301,0.0036463393307704446,0.014157858185348537,0.08092962428834553,0.018603177197256907,0.01928427002460754,-0.06055117982613651
2015-08-17,0.005244313811791927,-0.003883564679535572,-0.0030884378775597686,-0.003637519503968008,-0.00118532774258396,0.011569787021265278,-0.01594759769935042,-0.013220754297087037,-0.004854135797220708,0.02709516941285289
2015-08-18,-0.0021914090299412253,0.013050092852060227,0.005451988197865823,-0.00839680170995095,-0.0018445647680242479,-0.01757549750109633,-0.003887796988288577,-0.005582377538346091,-0.001268897173926015,-0.006093771145423885
2015-08-19,-0.00414035121924693,0.007349867673127463,0.004693127685814157,0.027038483031070877,0.0020684822504667658,-0.014296872867030956,-0.00866291901569686,0.0027043986271907306,0.00337237573051901,0.01937104674435756
2015-08-20,-0.02272024374356794,-0.021775705937488548,-0.017355863024847637,0.009545020339403062,0.01535449782103213,-0.02343939977077365,-0.04125475955774867,-0.024180192681193976,-0.014513073495647132,0.01782573869769885
2015-08-21,-0.012432589927617926,0.003917957098551578,-0.02029559743538666,0.00046410173942960464,0.0031104676707841817,-0.008768777802712218,-0.026375788813054878,-0.009834437981826741,-0.008732870680242016,0.007626969652104735
2015-08-24,-0.07146343078462952,-0.04915523953636818,-0.07533667478047677,-0.06254695513977121,-0.04759755684633005,-0.07306381255906004,-0.11744523425987706,-0.08676590850503807,-0.0609725995392517,0.49717346909134474
2015-08-25,0.022406746266843514,-0.006867645480815143,0.018721302695410818,0.009368588172382364,0.006407320203133489,0.035377287629762194,0.06630996088242737,0.017577422659789326,0.009139842514835898,-0.04657075750534695
2015-08-26,-0.016130377572755542,-0.008177178568930406,-0.004841030881682894,-0.01176213114116245,-0.009153970881941026,0.003413069763744916,-0.001898153435763581,0.001700103526856877,-0.011338429020653107,-0.050803358748275296
2015-08-27,0.01738887436501375,0.009946802282116226,0.008873116533164407,0.029097888619893438,0.02059359915460079,0.02730765027853244,0.040644671470420966,0.02091240352532992,0.019961540867943228,-0.14660345058997085
2015-08-28,-0.00014240256525697143,0.01665023084556008,0.008882289475482443,-0.004241133725936685,0.0037867968647064066,0.005757869985512432,-0.004876590426671309,0.012140139639221705,0.006645417343079588,0.056881056939064846
2015-08-31,-0.0038068760209111424,0.0015047198478990934,-0.009360286703871798,0.020835097499350596,-0.00309791834883862,0.0071168831998815185,-0.014154007325264,-0.010713459954807832,-0.0038377197180878234,0.05300637568208546
2015-09-01,-0.036601885531329544,-0.01119924692643204,-0.025890391371682836,-0.015724841564753803,-0.01752584854904891,-0.03460436243817828,-0.03371994907623363,-0.0176621037654687,-0.02353957047024599,0.1548472618265369
2015-09-02,-0.016936064429309623,0.0111130786584323,-0.013871648949467711,-0.012898977106668343,0.00472769552011467,-0.014390401886943306,0.007026576863187502,-0.009382694273524167,-0.008882308721944062,-0.07480458397396099
2015-09-03,0.018453212444812902,0.005855393660103071,0.012993348106711218,-0.0017888727476039533,0.0025476699586643586,0.02400071286784474,0.04602798609270213,0.00924292763547598,0.01364242522747763,-0.09974772964472044
2015-09-04,-0.026087231893406258,-0.022460006362557287,-0.0234223432484843,-0.023352508960050956,-0.011852647712021196,-0.02228348290950483,-0.036840549973149776,-0.020133174455870533,-0.021702577450189775,0.09107989532884177
2015-09-07,-0.02124193527026652,-0.008384725031346265,-0.012666832561895047,-0.022741867243771457,-0.016175918747616987,-0.02560377962228116,-0.020389345104417613,-0.008424304967098778,-0.012653113658095735,-0.0026530125175130556
2015-09-08,0.03490285568890128,0.0063236551940722835,0.016568200924620337,0.007285487769433155,-0.0094418597647233,0.02397249521947787,0.030117982997954887,0.01758624360777811,0.016980767754825463,-0.06994211535197968
2015-09-09,0.017012496303436656,0.010028542772708456,0.029325951905735226,0.002474716673274428,0.006860626517772008,0.035730142091503846,0.02680789595189216,0.020986699772965942,0.016812333537542277,-0.011049855162604023
2015-09-10,-0.0020373686736007567,-0.009427272647562145,0.0077753454668516575,-0.0036514499543862052,2.3267716014636737e-05,-0.008102813869053236,-0.006099439578381721,-0.0065264972175668335,-0.003908582653268309,0.018349170064882393
2015-09-11,0.000900287943561547,0.0030925159461059858,-0.002338976615161299,0.0021778629802967895,0.005439271813248557,-0.015273085596999096,0.010044273395355888,-0.0033824822922972958,0.00015403174356981987,0.009249997357525037
2015-09-14,0.01785020420318422,0.007672370813641322,0.0042290361951685075,0.012348691639579737,0.0043563420983497615,0.026494059969242735,0.01979067766939098,0.01375064653904776,0.010592945398427487,-0.026776441822604517
2015-09-15,-0.01023742302983376,0.0013922063862472915,-0.015910177963917724,-0.0013133973718726522,0.009451542777623096,-0.023810025490932554,-0.0047618410989315315,0.0023870685231431785,-0.00549634403468119,-0.02413766500928734
2015-09-16,0.013369343612077459,0.006075357342017907,0.004227345533869167,0.011552716846709589,0.002291372754347547,0.004054785750724079,-0.0026886481142324196,0.004378891567275186,0.008907573043561995,-0.07611892618201668
2015-09-18,0.025852379259574926,0.010290066446961375,0.005555656731853262,0.010041494472677003,-0.011707052919431492,0.005604453231656425,0.023356640219452763,0.017826093827466617,0.010421319740291772,-0.18468794089937307
2015-09-21,0.00765346836561044,-0.00022603888031598387,0.0007902717700073327,-0.0035274820531032564,-0.00739490631297004,-0.0010904468830376167,0.004373822242011905,-0.006284910835270895,-0.0006015169913181517,-0.00603240692326356
2015-09-22,-0.02960529257426352,-0.0015791993165187679,-0.01785553864669157,-0.0034293722128055752,-0.009018083069668534,-0.04324706212821352,-0.024743602306431606,-0.027753635177537702,-0.020913936119176794,0.11275882509836573
2015-09-23,0.013075268797623512,-0.0009871818664779462,-0.0005579217026532499,0.005414603565342366,0.004136354600358578,0.0008467952401849301,0.008316110700352215,0.003658612522813154,0.004336486972064778,0.016569586935761042
2015-09-24,-0.003404694002106415,0.021998393337222855,0.0020354449311345835,0.0074263108828324246,0.011635321350436635,-0.016686904054437086,0.004426744643615123,-0.010668958211896541,0.0028699470722847766,0.009141205251460734
2015-09-28,-0.005618632495987303,-0.009501991628989626,-0.017902539483535256,0.001382902463216905,-0.003241109247095672,-0.025366553918234565,0.012000746962464321,-0.0023321743726897855,-0.009295122372462671,0.0371370962477184
2015-09-29,0.010523116231859874,0.0019321153975162722,0.008396623027411065,-0.011282526093713113,0.0026764130129876182,-0.022876276758518378,0.019591487102327464,0.0009896424659362514,0.006087314580231289,-0.004625372816078741
2015-09-30,-0.003762435779566121,0.014073639018691348,0.014460447488183236,0.0170699077562799,0.0244821981431042,0.03208739092648,0.022009883766959865,0.02114225414807503,0.01337390276102144,-0.09424448071713035
2015-10-01,-0.0038469096588066407,-0.01374501547309568,-0.0036214643589681495,0.01704592476598567,0.0020873099181486594,-0.0042314031541050776,-0.01688753954394839,0.0010006773466264022,0.0002515754959328041,-0.02006753219436081
2015-10-05,0.03008772928421893,0.011248571526074185,0.020343857503887026,0.0006200408908547656,0.007289013227344616,0.031043255130291807,0.009885690225389756,0.02267350522901108,0.02095880198216427,-0.005733693759270078
2015-10-06,-0.0038947406523030643,-0.009392268838993766,0.007223082992028851,0.009593352602456681,0.025447014017083252,0.016222619130839007,0.008396355239768222,0.01265609324865865,0.004129760698013392,0.009365329201228803
2015-10-07,0.0006502331913338411,-0.01751600587758482,0.014539612289486876,0.004258129587399276,0.00336252252793701,0.03201231344140901,0.023958222490077046,0.01464560998082098,0.003000559533489925,0.0015524291315310197
2015-10-08,-0.008121744914617103,-0.0011775714504384258,-0.005259284922401254,-0.009007380946935522,-0.013628469760858483,0.005357740046641952,-0.009020117842000408,-0.014323862986767842,-0.00589325816039762,0.0113111393882071
2015-10-09,0.006613462055925521,0.011743385070619297,0.0036645703386165474,0.004896139639715403,0.003331396025433064,0.021121230344907333,0.0005489478254181156,0.001279739752238673,0.007396309429230271,-0.032738655960602936
2015-10-12,-0.00040369666747759527,-0.01509525234007474,0.001414924355320239,-0.012584773215501284,-0.008394885092570496,0.019322213409490654,-0.004951833482917522,0.003986373204884244,-0.005644936325841478,0.00998697017370558
2015-10-13,-0.0016107440946451067,-0.00933359814816541,0.0019330023580706108,0.00028596429364712266,0.0013210460311061376,-0.005655437400959363,0.010698206173314663,-0.003356555060039725,-0.0014623268695636497,-0.059252673932933445
2015-10-14,-0.0006609898649781621,-0.013956593564713569,-0.008409701105201344,0.003444204390406911,-0.0015790709135083418,0.001691947323110596,0.0008181857758013902,0.0025718597169614235,-0.002931144839264699,-0.01678837115609336
2015-10-15,0.00810972078309918,-0.002162946165642792,0.022569601297874286,0.0006038317833992361,0.006071721833537409,0.012241334354721719,0.010036737633633988,0.009245313616238026,0.008792141080753622,-0.03153022707435876
2015-10-16,0.012739241053913322,-4.849189142021239e-05,0.008900395816135998,0.0026505397967553942,-0.001625795958434572,-0.003611480233108329,-0.014134544351361016,0.009511943474751768,0.007144827515608405,-0.05384072998643895
2015-10-19,-0.0032318138284236973,0.008287337049670732,-0.002555758429947677,0.015787156279931103,0.00920391159513908,-0.008120110311686503,0.026740349282019925,0.021541395812467997,0.00446908837067067,0.036806490083801435
2015-10-20,-0.0013899881727820625,0.008488011917295372,0.00240453702143381,-0.005434607331325148,-0.0037867274829105875,-0.021744165713358934,-0.005612753080761679,-0.0047282405824908315,-0.0016205672034621203,0.007083904606024743
2015-10-21,-0.006735869959361787,0.0016855578997315795,0.002386628654924751,-0.011394478180585779,-0.0005940258595411703,0.012691865843169624,-0.016212189456948047,-0.002961868886976706,-0.0012051093404612868,-0.022606504133524174
2015-10-23,0.012540559257434114,0.00025541655928903713,-0.006885394616601335,0.005195067382829983,0.014238055065483769,-0.0004331378112759075,-0.0030009737277246606,0.006422590437290201,0.005287931868963474,-0.026213039246266806
2015-10-26,-0.0066575027627982595,0.0021056079471807798,0.000479959106494276,-0.0018004363743737099,-0.00047788928238486707,-0.0022768909475893596,-0.00740442777462689,-0.008674185653714332,-0.004216047634858218,0.062258223295585155
2015-10-27,-0.0004912841036815704,0.0006217812448790375,0.004859213701217656,-0.0008806822379158162,0.001346509362979182,-0.0061245512981142605,0.0011004799296657956,-0.00662592425064887,-0.003352778179937369,-0.040870279024148165
2015-10-28,-0.024626390307646035,0.005144919160739614,-0.008034660300155599,-0.005600590116115346,0.0010332625464915639,0.0015823784579395666,-0.014400725516730103,-0.005306666078869858,-0.007522568634822207,0.02978183018143685
2015-10-29,-0.009307538932806511,-0.008205605698967205,-0.0012498438726966053,-0.007415768727496179,-0.010864932139531876,-0.004015343183699133,-0.004192878260035927,-0.005601469452165781,-0.0073021729802976425,0.031198312787917345
2015-10-30,0.008233431799818955,-0.0053179951659664305,-0.012764312408663719,0.009011556140769839,-0.025712518907757553,-0.011423661917256347,-0.013820538284023949,0.004312110227051383,-0.005680751342262694,0.016920834891160003
2015-11-02,-0.0008012977465887376,0.0051534192863466706,0.0006362204606530276,-0.010721552801600373,0.004770281225651706,-0.021236657246395778,0.008484213641586977,0.0066818441782422735,-0.0018614353765358403,0.08570555190685102
2015-11-03,-0.0008654063825648061,0.0062293730080127405,0.0007160253006533634,0.0019053349736052074,0.00019785818579134954,-0.00028282943136466893,-0.0008452411071650867,0.009472218729060074,0.0012289844981697455,0.004098362587884798
2015-11-04,-0.0060525929247286355,-0.005766160236163792,0.016262423921603014,-0.010058376429079436,0.002731423730674755,0.0005938770499747893,-0.001692456217636244,-0.006484174503926616,-0.0025464428174963505,-0.010277523928257605
2015-11-05,-0.013207512766065552,-0.011943807980968706,-0.0050639014578490755,-0.022805482430842804,-0.002573203997909793,-0.019007449420236088,-0.027767669358687484,-0.008701132174779606,-0.010596729858654794,-0.003622238995976265
2015-11-06,0.005363581577636598,0.006200920204273462,-0.006083795040498048,-0.03265483065672473,0.0014479284522494551,-0.008739478991750553,0.0014503265776464615,0.00752661647067841,-0.00014461454479229208,0.009287909738382992
2015-11-09,-0.004898821338729165,-0.006402422367210318,0.012415774194130499,-0.019624310611673523,0.012032907637915067,0.0019745204533277447,-0.021682636230423876,0.0008321010540557193,-0.004927652224989373,-0.13331120898796206
2015-11-10,-0.009870347239106752,-0.017497761744354533,0.001393610187778292,-0.03141229248898956,-0.013772567158694224,-0.024787662192331514,-0.0267162629934606,-0.036072973602265614,-0.016798136847989233,-0.012400571459795326
2015-11-13,0.005735999231344019,-0.01001502753265922,-0.009661840873770516,0.0019132508409411878,-0.015935796072431764,0.0133513119923527,0.013297245715531664,0.005942539319501789,-0.0027146086971354118,0.04757275809678658
2015-11-16,0.014775672070309692,-0.008925172337020577,0.0014723627443411777,0.0060338957925203775,0.0045308669571201155,0.00966525366203687,0.0,0.0013857222288561,0.005697301642988936,0.012946961042086072
2015-11-17,-0.002590022430122194,0.002840416405851724,0.007511022155573026,0.0076726667065193125,0.02385682642911252,0.011010904585946571,0.0003001834054278616,-0.00039661198837108355,0.0039567183391247835,-0.05223568402455823
2015-11-18,-0.0193422742493662,-0.01814252670160249,-0.008653273541939574,-0.007092201216599761,-0.0028032095721277346,-0.02185052199098157,-0.015424488358771462,-0.007635749071574336,-0.013584591382027576,0.02617193702021441
2015-11-19,0.015334965837558268,0.01794321378178364,0.01384453527455752,-0.003663498930182038,0.011243679478731321,0.012146446516604986,0.0009139004229953695,0.01889390147850688,0.014247868942778304,-0.0950805797846785
2015-11-20,-0.0009551838676703818,0.007760077651909112,0.0053323903714102994,0.0008903494250018661,-0.00938374205574313,0.001884632139038082,-0.002133766037261451,0.011883754557031629,0.0017580157603643014,0.003780689215025117
2015-11-23,0.0002725121376365148,0.00021138315488453588,0.006686616437200725,0.0027177268089717647,-0.013950328821468067,-0.016236734786682024,0.00881061089346076,0.002875371658495389,-0.0009295680963622142,0.0715890986591863
2015-11-24,-0.004205633350480635,-0.005757884343578583,-0.007466352889249094,-0.0067909300798545,0.0008673994670313462,-0.0006184852801447108,0.010531163782381532,0.006963665681861787,-0.0022511419581774496,-0.04981527511781871
2015-11-26,0.00281561760370481,-0.0013030969016118998,0.01331555585022431,-0.0072915902342369065,0.009685858349796635,0.010491260384781194,0.020735339686985325,0.01428208776804258,0.006643152490718722,0.02671686089665561
2015-11-27,0.019438141837273788,0.007213848321945682,-0.00011241173608864774,0.0012326538206928503,0.002726855979070426,0.012284640175268244,0.0038039191236734645,-0.0047320173819411625,0.007443296061827621,0.0023937179644848033
2015-11-30,0.0034165322834687284,0.007443267834919312,0.004513814493816406,-0.006474259971573118,-0.007739209988695081,-0.00031676440162094644,0.012191768449288378,-0.005166961896261362,-0.000938432954834984,-0.01809453701340846
2015-12-01,-0.0018289376328844446,0.004478605414455991,-0.007437483977905881,0.010025346438791183,0.013805573830338343,0.03124987006479558,0.0034561719311477696,0.005516841118436883,0.0024732192560477395,-0.04927719355473097
2015-12-02,-0.010402422343151075,-0.00952436676927568,-0.00030882656014625154,0.009827712335178226,0.005101173730311793,0.008479221118541515,0.0014365755021572828,0.005246678636155786,-0.0029648056574549755,-0.00963711741607335
2015-12-03,-0.006315550901633615,-0.006090405776851513,-0.009760659208381114,-0.011672892253854377,-0.015556660675368185,-0.014836970749267243,0.0031532379069016854,-0.006465952459913953,-0.008508828559286395,0.036137035612041894
2015-12-04,-0.012515048549850335,-0.010235529097728896,-0.011336255116519534,0.004971526334362154,-0.012798667327204343,-0.0014621668041535356,-0.014704045341552677,-0.012954603938967406,-0.010513932743920033,0.0018662952229747648
2015-12-07,0.002936969161151161,0.002694920596064414,-0.0023326412983362545,0.01004379301712175,-0.02794839969968392,-0.003890561627907999,0.0060808241785898585,-0.007042878252449386,-0.0021225558652615325,-0.01376744316052107
2015-12-08,-0.008643452111601157,-0.0015286990306717983,-0.0013571682557434444,-0.013028065223988061,-0.0007988984489099324,-0.032586458503806655,-0.04185692514320704,-0.015343255730357667,-0.008236846826399094,0.006281451620403021
2015-12-09,-0.008391686698956744,-0.004728015604999666,-0.017502292651058418,-0.02073833466806521,-0.0036005018865015352,-0.03232688503034879,-0.012418775355560492,-0.017847364952478132,-0.011649476035916928,0.04649150868931434
2015-12-10,0.003014605209691965,0.011412182815988006,0.0021172797637284135,-0.00034295336604153585,0.009001298850942207,0.01863405010908129,0.01692396376851887,0.024744023595581983,0.009257483913935133,-0.026652008821133458
2015-12-11,-0.022301229176425352,-0.0011267885666545996,-0.0176879816193189,0.0013493185276961404,-7.663518967480309e-06,0.005782096873212253,-0.028881775383827534,-0.005396058084769485,-0.009526788440796045,0.053194455503788735
2015-12-14,0.000498605098969152,0.005116845398801965,0.002615128500356312,0.009138073775928322,0.003791633524937182,0.023460704629054783,-0.0018524429087217766,-0.000718756786835508,0.0051898297247641055,0.03545248011672933
2015-12-15,0.0029313369328554184,-0.003741342795480019,0.01474504400349545,0.005797905843084569,0.012257924884555349,-0.0024741375268330012,0.008615400344822235,0.013075248631753043,0.006625034231155874,-0.026182434284112786
2015-12-16,0.01096195569107565,0.007805273487032363,-0.005801002054795268,0.007144647303062904,-0.007598438030373329,0.001180308926159629,0.011272052958590633,0.013673758422483494,0.006471760590641962,-0.0358124925152718
2015-12-17,0.00972967860675941,0.011619194500646936,0.014013538479274959,0.011461258716799084,0.0075457438493659705,0.03263390704992675,0.013540149444907511,0.01723596952267197,0.011984586823973591,-0.16255404448339505
2015-12-18,-0.008831342587419815,-0.013631140016360573,-0.008602338433140247,-0.009216812571112528,-0.0063968741778861575,-0.012807628393395764,0.0026861496177828575,-0.00948046681396208,-0.010559923429662535,0.018809297383251017
2015-12-21,0.013815547820970945,0.009151077967317912,0.00932607970199251,-0.009203007096032537,0.01609116457631314,0.01550509550388823,0.011851990587014328,0.007935546585809134,0.009297083993681328,-0.018106360603898367
2015-12-22,-0.004524417360048284,-0.011586029690095577,-0.006798122795506958,0.00336461654369764,-0.011523852833488212,-0.0104970527394221,-0.0014738396183005527,-0.0021896614774885833,-0.006190595230165718,0.01741597541121189
2015-12-23,0.007927225248428184,0.00899021291536586,0.0014003262767796917,0.01794351720097311,0.003966150327623953,0.021736680858314573,0.01202186027327351,0.01584287066994592,0.010203237135106905,-0.059028861659588344
2015-12-24,-0.004244197621116563,-0.0009606556095781668,0.0031512492537051975,-0.0008558411428567102,0.0037237218274484016,0.008259072099926334,-0.0037962326861929615,-0.00041976363247324205,-0.0006231818889286995,0.0072993304281119935
2015-12-28,0.009952709720271747,0.0077393247501659585,0.011219218227045046,0.017917071575062154,0.004722611025048599,-0.010898856343875675,0.005252472906002634,0.011500844247200288,0.008121074246974173,0.04618935597842095
2015-12-29,0.0007240950494166758,-0.0016292483709623778,0.00489773953666133,0.001111016315369501,-0.004922054570429224,-0.0022051333986843943,-0.012888267968075831,0.0018340175778404288,0.0004794082310730862,-0.011173290180334456
2015-12-30,-0.004338024766327495,-0.012145362605769485,-0.0034647329317376626,-0.0029238000591803493,0.0007352510553378642,0.00319588607477544,-0.00029487277470323863,-0.005987544198807826,-0.004132679706995248,0.007695078878219017
2015-12-31,0.00025407007172196237,0.008504266210177554,0.0017641530636654417,-0.00198323708314067,0.006164744159974703,0.004993686307041471,0.017828927440717623,0.007818090548771413,0.006324752800432643,-0.03402174271311317
2016-01-01,0.0068932632286775085,-0.0033679866296547805,0.00887053802939568,0.0013656912823721416,-0.0003814576420038087,0.0018867556663704178,0.018654579617111717,0.001234147600940666,0.0,0.02773020496099657
2016-01-04,-0.026168065204382317,-0.013114848055000457,-0.022519076688190105,-0.02076097904086484,-0.004824534005577067,-0.013974712406829884,-0.01981407080226893,-0.014780597316741202,-0.019705014523420224,0.1662985868384498
2016-01-05,-0.0034186076845260714,-0.0029146507400285597,-0.0022745165429300476,0.0006645144586307495,-0.0020107798554091423,0.03152181972858,0.018106597172052517,0.010150747724446005,-0.0008538680302466864,-0.008348252767513699
2016-01-06,-0.006632243995754979,0.0019077646567631124,-0.012254237193562433,-0.005782576736132983,-0.018019005027926548,-0.01823028876941712,-0.011458160106311968,0.012481707696462258,-0.005622955254962513,-0.009022709383695336
2016-01-07,-0.022106912882770925,-0.014163000115034312,-0.038130272412580164,-0.019213139283153248,-0.021971998255557946,-0.04844714740724277,-0.050823380718627784,-0.024304661970311347,-0.022562432473354942,0.13594539281555723
2016-01-08,0.004271147271319735,0.011563855108082848,0.002469405081360244,0.003047246044839285,0.005059420062769435,0.004723268557107778,0.026325236131134334,0.015463332942008877,0.004357430194614917,-0.06313303410329588
2016-01-11,-0.007861060767296865,-0.015188115303633579,0.0009550788212218721,-0.016289887199272237,-0.0015301347338024982,-0.0026594758617643,0.0023591511341890465,0.008165704646361256,-0.00494554321070581,0.048790235605710934
2016-01-12,-0.017728984392193923,-0.003104508201467448,-0.0039553714775603386,0.0035861300014808245,0.0005637617898730431,-0.012099360985462989,-0.01783108164307246,-0.004654581291812499,-0.007104947023205757,0.0010694413115002871
2016-01-13,0.008672244935464032,0.004576942256658704,0.009596304279767227,-0.0017825728366672685,0.00382650236931381,-0.007242973229670483,-0.009944296901052863,0.013630509448512036,0.00691320150571891,-0.019428496064362612
2016-01-14,-0.016648173184492583,0.012887314394064521,-0.014321824155102211,0.004230795736232673,0.001207179136598265,-0.01681004416285247,-0.01618114456539946,-0.007233046289440446,-0.0033909243778356985,0.014069508162006205
2016-01-15,-0.026189094477181693,0.0013196576031892092,-0.01844573797585466,-0.009691150300673051,-0.017787604125050125,-0.03599938337691045,-0.04630013379465679,-0.007425170115503996,-0.013222582904531205,0.04260436334068014
2016-01-18,-0.012273922113087239,-0.000996425772950729,-0.015058061254250962,-0.014654225502200639,-0.004653194887594245,-0.010892529851603177,-0.03744287768942617,-0.037692224567756234,-0.01173872154132596,0.040863161759885525
2016-01-19,0.01643132735213427,-0.0019046158549527062,0.012642671421984244,0.011581073764808882,0.001808160579898231,0.006017917667706462,0.01889667474480849,0.015282207464186244,0.011375684463334866,-0.09318684031131752
2016-01-20,-0.022126293148698607,-0.004809424301670774,-0.016674280823286015,-0.00818917913209618,-0.01496604576361114,-0.03160699604287613,-0.03475122083680423,-0.02864755325548821,-0.017064559633827973,0.12911302392927115
2016-01-21,0.011033292651819526,0.002215608462808234,-0.01938531605217635,-0.023358432433659385,-0.015580530779885304,-0.008623691924286143,0.004071881099000092,-0.016363547457441553,-0.004456304927870771,-0.00765919742761154
2016-01-22,0.025907756160162238,0.006562959259900749,0.03844845003537318,0.02404525007375512,0.0047050693237181895,0.043534495005477555,0.017788750211169598,0.024121483736844158,0.019818039378412727,-0.10051349680030433
2016-01-25,0.004095498896069802,0.0016929353992908831,-0.007544319517486592,0.008766590263795847,0.0006734297504280739,0.01593228298314047,0.005639363781574317,-0.0014386052257255198,0.0018440109866640082,-0.02965972249633181
2016-01-27,-0.0017076993622773674,0.0003400674393583032,0.0005340953359328559,0.009686497242925073,0.0009071502731629147,0.0013946031231824763,0.008235922358283989,0.004043546453018246,0.00021515509354344282,0.04233147476084573
2016-01-28,-0.009907507258387249,-0.002396483894293467,-0.004455039392973554,0.008065195706892235,0.016791382327543146,-0.005925177910003726,-0.007905159641380962,0.014058000865861554,-0.0017628513745914778,-0.06279117867069248
2016-01-29,0.009121896200711563,0.02099557888839781,0.019525192873025045,0.027173765842535523,0.012260853461394853,0.010790882126930237,0.015422823199666631,0.016043497879805968,0.018535098493895702,-0.037568439576212816
2016-02-01,-0.013487293989731291,0.006130925729712269,-0.0046326302077800184,-0.0011149269275385492,0.007845688867728016,0.0031906889425374024,0.0019518746783940021,-0.005427455744080446,-0.001005272663116682,0.03700961144437637
2016-02-02,-0.016223545449041407,-0.005601594586148247,-0.013231312259764576,-0.027366448737685803,-0.004631254004095874,-0.049373369894157366,-0.02101891637814152,-0.02826209574790422,-0.013376662920665904,0.008349701980614242
2016-02-03,-0.0156481403502902,-0.010718018523738803,-0.017160225888283944,-0.007189391186918164,0.0005442450494359398,-0.026782585943561855,-0.030325775266509532,-0.02024685808014889,-0.012654253761286621,0.03003224455708641
2016-02-04,0.0023634497678158375,0.008184214578583072,0.004653272427873709,-0.011383438827058012,0.0036746917056507825,0.027098272411257427,-0.0037702721129238104,-0.0008119886624873133,0.00571595318480905,-0.02065296647797626
2016-02-05,0.019506990770451708,0.0012387408622437726,0.015921322043792693,0.03821545077573965,0.009808858854217955,0.03665958086082606,0.011947572923258898,-0.0006947753616608566,0.011428248424226505,-0.005506537865657229
2016-02-08,-0.00763027534125196,-0.02034346187888403,-0.009752643377567514,-0.01326953578864633,-0.014530697125458205,-0.008402768866069317,0.002033816246608463,-0.013764782654552044,-0.013693101923425259,0.11218420451998308
2016-02-09,-0.011476685979807149,-0.03582966212108807,-0.01731827053384185,0.0050486488802682465,-0.009287368166998286,-0.01873844994736917,-0.01673248547912252,0.001728641477349147,-0.012127772043135017,0.07004526308459631
2016-02-10,-0.019458542211192024,-0.0013009664531494912,-0.012863798857536074,-0.01783130866465711,-0.011407842307539388,-0.006052372451260114,-0.03682688721767538,-0.0014644250778519336,-0.011368534484495037,0.0334872824365534
2016-02-11,-0.03913558583329807,-0.027496065461074803,-0.03576564011722466,-0.022505923233055652,-0.03049491595885432,-0.044870767182266784,-0.062278342537585074,-0.0404253198109718,-0.03373336331978199,0.14476094359579164
2016-02-12,-0.004074962012211554,0.0011144815696400203,0.017834221794548057,-0.0017176575492567924,0.00553129305599065,-0.016084181917686784,-0.017645283889734516,-0.016009320152497612,0.0006591672782349067,-0.05135406560086134
2016-02-15,0.033328768173726826,0.016264954263109258,0.04378655568366938,0.009936025048522536,0.009862106464732522,0.09387468502587087,0.06480461401822071,0.03498460608336572,0.02573689591661371,-0.09742026824932493
2016-02-16,-0.0194718489394789,-0.007182334960331992,-0.019461155949319128,-0.02308038201420692,-0.021112680239473606,-0.019360795921822112,-0.03393911870035156,-0.013918970838399589,-0.01614257549907488,0.02906421017959938
2016-02-17,-0.0032948949868105426,0.008011074992291615,0.00991108850746191,0.019176977178088795,0.009729935532564205,0.010034509694936026,0.007849063206676351,0.015889857446261226,0.008504885651830765,-0.053946708497179745
2016-02-18,0.012548612768110569,0.018845417860199686,0.00714565839638862,0.019827955112992495,0.015122346016954174,0.010634112339080976,0.003345083536476163,0.0009103098232873793,0.011650291007518507,-0.01569746706314128
2016-02-19,0.0032154765407431066,0.006208386927921534,0.009193525135005499,-0.002615175069469086,-0.00027987773878307393,0.004821376776649684,0.000741885058148904,-0.0005704665605871732,0.002638432358562314,-0.026882057160138192
2016-02-22,0.0028264198818643256,-0.004495298875016074,0.003126171346133418,0.012795089958376114,0.0044666821331931185,0.006482662700110504,0.002222132714152331,0.008096629068472964,0.0032951654232690796,0.004768744382674104
2016-02-23,-0.02651856056776182,-0.011176285149974362,-0.015280622880354812,-0.011944657153384415,-0.017720314136993875,-0.011425601427752168,-0.0277586996016289,-0.017455873402910826,-0.017429210300505937,0.1258904613713133
2016-02-24,-0.015416195379909068,-0.012663060178679231,-0.012379784845741563,-0.019670105481340138,-0.012646717203689596,-0.02147841897467843,-0.0030475749033907285,0.0002717816568031047,-0.0128608796700014,-0.03761131702116714
2016-02-25,-0.017430176147046304,-0.006185454467625771,-0.011830919247543401,0.004204855233464996,-0.00024866000017613335,0.001613789393024533,-0.021597469005509184,-0.009895869031760967,-0.006876725240095017,-0.009188386179521153
2016-02-26,0.01724169744854604,0.005736349723263471,-0.0015201462098549006,-0.001150298528650864,0.011639788277497915,0.010580165645562368,0.014321948381611972,0.007940061919258974,0.008449825021575584,-0.03944927233455719
2016-02-29,0.011172578334938092,-0.01783399382111147,-0.010177478626659358,0.00030899185335596185,0.0013646961047799706,0.0025128571042768813,0.001536075119319803,-0.006275239251262845,-0.006092735574228962,-0.08141543742807815
2016-03-01,0.03290219722926074,0.03432671212581848,0.04193638654232681,0.011281361560709958,0.05235921189287673,0.026964615273640545,0.04758336015694773,0.02039756636781401,0.03311502695088197,-0.07678247399424695
2016-03-02,0.04607097281221161,0.024125306923140338,0.005272693917512731,-0.0014132196468856467,-0.002934342356603763,0.020873341766061794,0.055164316481852674,0.016802148814018005,0.02008823459754814,0.016994551131361238
2016-03-03,0.0056359090323669005,0.014381646182652539,0.019334009518813595,0.019653155793662686,-0.0026879341356233826,0.047018547878728965,0.012046265604647536,0.010621701052597445,0.014382727390574045,-0.0513209473871094
2016-03-04,0.010581111683161748,-0.006725498135388138,0.0015093804243656013,0.0030686362928572025,-0.0033243282611381164,0.01754917796137125,0.010211117056943634,0.002167989583724339,0.0013033933343828406,-0.008908842575952999
2016-03-08,-0.012642128710367084,-0.00608809941242777,0.0006452164211163362,0.0028301229509802316,0.0036002475167557653,0.023410929562804366,0.009437273746603332,0.014764359754185679,-6.718875810813698e-06,0.03246503422651277
2016-03-09,0.0087130869339231,0.0010622353906313813,0.012187402190907057,0.002645543657861343,0.0017965938213478597,-0.008883486507264398,0.01564346009070044,0.005822080473383423,0.006192960002448895,-0.05337559766563565
2016-03-10,-0.006460991037529339,-0.009093132772690778,-0.00019508262306258345,0.0018945923683010891,-0.009526466295655048,0.007600119469954176,-0.009290006593250213,-0.015745692233554622,-0.006079397498643517,0.022028532166298145
2016-03-11,-0.0008204818829809775,0.0007893700268152194,0.0045744102572084925,0.006226775635312421,0.015010496476949907,-0.006603190723634918,-0.005012541823544286,0.0016412423857527663,0.0032074889464729544,-0.045722205718766125
2016-03-14,0.007199657251805275,0.0028936505581971424,0.006915857000791351,0.002015869802566274,0.009295623009094573,-0.006891081151284957,-0.002347853573451617,0.006072644860481074,0.0037942631968658764,0.0
2016-03-15,0.003202172982608482,-0.012631322326266042,-0.008529072695350417,-0.03416292349174636,-0.020620574446501734,0.0031947311409907383,0.0,0.0014268043539286937,-0.010420532757604035,0.028820437901737165
2016-03-16,0.008763068470893459,0.006756892163391535,-0.005122602874803733,0.004945579826646074,0.010415203998413775,-0.009478459870988526,-0.006062624935144768,-0.0003733677271071238,0.005100486959710426,-0.028235800142207824
2016-03-17,-0.0011454458535629932,0.01107402716548508,-0.001186894550214691,-0.01365394140443671,0.00559015624702526,-0.0004094054016869448,-0.00950444267776111,0.0074341721391697315,0.0018385894298917032,-0.01590610570109512
2016-03-18,0.013560201718217561,0.02139266058899482,0.013545512418933106,-0.01211058776369664,0.005646176587308605,0.024991514681901264,0.018584754442959414,0.005773774040992227,0.012145535400108631,-0.027695990685547376
2016-03-21,0.01717845249494778,0.0030553930742532216,0.01285619589445861,0.01284956010933907,0.018901930409300532,0.0038002274172042826,0.019559694409608287,0.008805194944897258,0.013051659829120443,-0.003057124879309411
2016-03-22,0.0006214597515499603,0.001138370150738624,0.010060288732830198,-0.001621167507553869,-0.016159675277450984,0.012572801064363115,0.028161698496522992,0.006719902590370467,0.0013813866658977931,0.006105048313116195
2016-03-23,-0.003032302702316263,0.001921197060689996,0.0054712611682002695,-0.0017130952431190847,0.001052553659512558,0.020583980765759964,-0.0012775278268356706,-0.011600130848493777,0.000207382048564695,-0.004881029948734634
2016-03-28,-0.01796340232864844,-0.005308812032340284,-0.014375563480511286,-0.02150513789202566,-0.008536206736707474,-0.05019730526772667,-0.04711369833589756,-0.002808002298408724,-0.013227762297457975,0.06740135526932677
2016-03-29,0.003923769994774986,-0.004846666555295773,0.009891602563173089,-0.02726603292160082,-0.0044982309856824295,0.003877683278472994,0.004012082220794811,0.004461407073482518,-0.0023796985402065656,0.008539740034145296
2016-03-30,0.029472761328672405,0.012503899904121592,0.016086137751624444,0.022707356573206713,0.016152339198598133,0.03517285794140671,0.03829622474620316,0.016308648662321908,0.018027932915947852,-0.048195100327925226
2016-03-31,0.0004214125054136303,0.004852904836523238,0.00044523704444617034,0.007210308547238713,0.0037106106226928314,-0.007474661652184061,0.005444408026526717,-0.004181448391687658,0.0004135698294723892,-0.013776770544706624
2016-04-01,0.002057733340690935,-0.010189358312929388,-0.007141306319174231,-0.005552720936441022,0.01146746570617999,-0.006109664273753085,0.03020048905953435,-0.009163909525566352,-0.0032812610960895605,0.0413526580067546
2016-04-04,0.0009701319508995767,0.0170978222017145,0.011699587760192384,0.0045375331324374385,-0.005089937297229627,0.005926668114215102,-0.0071529407411862495,0.0028709012212261844,0.005913983718554631,0.009789889257555261
2016-04-05,-0.03108860675854883,-0.00995037458867894,-0.030169078115661677,-0.009251959856482951,-0.012913159183279465,-0.02684352724479787,-0.029777283965295567,-0.009228149491195827,-0.020258420894693874,0.02154273522619027
2016-04-06,-0.0037054552335935133,-0.0044444714365342265,0.004663677424740889,0.002630505781096782,0.0011274486802716093,0.02694808234284456,0.013097155954085494,0.0054524271128801784,0.0014654006885952725,-0.027289899216488313
2016-04-07,-0.006814802735282601,-0.010959716734501027,-0.01083508333389505,0.007199680873961783,-0.014010924920117636,-0.00695221531735988,-0.003178642156959499,0.0012881079176452063,-0.008957357794121351,-0.02450531420881172
2016-04-08,0.002418080589361666,-0.0037402756367223193,-0.0016990778238737605,0.002559494336024809,0.003483826418751145,0.003416560485052235,0.012968728290088837,0.005909970858867568,0.001158813871706803,-0.02997826354730544
2016-04-11,0.015940157347869518,0.0205979069589533,0.021659077182196,0.0011117540765518536,0.010206519843217054,0.019923500600182862,0.01590049270734022,0.009908478390753208,0.015263021567415073,-0.025895409318675674
2016-04-12,0.0038929049395172105,0.0011595595215603035,0.015389193408417278,0.009739521934756783,-0.0022747251987785522,-0.011120708535311953,0.0015453565704512957,0.008211054689555828,0.0048829015384887434,0.0006244289099211912
2016-04-13,0.024775200235687158,0.004184221044537586,0.034255248627487966,0.008327979267445053,0.022123460295979638,0.023085277358304325,0.016235670951135796,0.014391994375814503,0.018188863004861715,0.0012476893014073574
2016-04-18,-0.003436750107003441,0.02138730921241726,-0.0015726932734251998,0.008175331170857303,0.01036011306536657,0.009736436528730495,0.04660282889093835,0.001939865253999049,0.008150934704248517,0.055182219321503974
2016-04-20,0.007798023250663277,-0.0038444971757875222,-0.005350467302939497,-0.004463102129242735,-0.00036293875852727467,0.040130220758615505,-0.0034862955127812154,-0.009771769150282343,6.292661701482301e-06,0.007640305055929669
2016-04-21,0.017428634812106835,-0.017230067756371873,-0.002532826418737907,0.004706050544103654,-0.008705908911955582,0.0008698911556278857,-0.017616427072597397,0.00365758859554364,-0.00034121810751646184,-0.033941912098304196
2016-04-22,0.00397419083318793,-0.004532384801986847,0.009700116722666697,-0.0029990547739693176,-0.009742820625007888,-0.0038481364347981127,-0.002372534676919397,0.001976731217096428,-0.0016127659027939515,-0.007905244605589204
2016-04-25,-0.0014828502550848712,0.0010080144645390856,-0.009447683412686486,-0.009033525297062524,-0.008125372971691247,-0.012738703205780981,-0.005657284548747672,-0.01577803109410799,-0.005617511031739854,0.011532785831431852
2016-04-26,0.01923388803945381,0.008965028278356444,0.016049668238873903,0.009817288721249361,0.008832027428517285,0.022607617690391987,0.01687682457321205,0.0036538290504759,0.013605234565983467,0.000603332084480387
2016-04-27,-0.007651650521677643,0.003117610365317464,0.002668831483295358,-0.002220123115996408,0.012540100540639636,-0.0010088902483336277,-0.0020573474032087465,0.006373736183558651,0.002164021055994669,-0.013969224430840168
2016-04-28,-0.009291485679877755,-0.014586759297225162,-0.01928941145693035,-0.008120277695647733,-0.023812292510824104,-0.02356544147570735,0.016630615845263694,-0.02333220551508037,-0.016762715869970777,0.015174797667857473
2016-04-29,0.004660953423489401,-0.008086044311086015,-0.003456483912897334,0.010132368138524047,0.0035578810670701894,0.00684223883009926,0.011507606649413077,-0.0007314004995654038,0.0003248769344116223,-0.0036209733947393102
2016-05-02,-0.015118112459649911,-0.0070404503427104375,0.001217700822639443,-0.0018922644321797025,-0.00047123117759858977,0.009510815951234554,-0.005737250289691351,0.001717717191799042,-0.005608183374211703,0.032711761108127256
2016-05-03,-0.009371135277189446,-0.017420620432531786,-0.00434728175118335,-0.011039337774752644,-0.012755669452870317,-0.011418991956107367,0.0002876631714989799,-0.009211832785946408,-0.007574173857563739,0.02141899191976424
2016-05-04,-0.007007883320436458,0.002093728497123116,-0.021498839285072204,0.003031742707518454,-0.009413545675177562,-0.03889754897111944,-0.02475013421629916,-0.004228613399968663,-0.005235080380291306,-0.0005728056058597035
2016-05-05,0.00041468449236305323,0.0023035757468268117,0.005745595479270776,0.00458617555977509,0.008794778866972731,0.0017550532756469873,0.008220797157147816,-0.0021270984776225713,0.003749531907512104,-0.01617601301706502
2016-05-06,0.0009577005177622119,-0.007945717376932754,0.007703309045779909,-0.010020302862141395,0.002854628011745263,-0.0005846341920573781,0.0032112305911185727,0.0013141711005833607,-0.00026502182418547155,-0.012895800515193406
2016-05-09,0.02361957823717356,0.00955282991899172,0.014431570583267021,0.005545907854902083,0.011748245819743954,0.004313523112311661,0.019053711322758408,0.011476111211430872,0.017000904277695215,-0.020262918466402394
2016-05-10,0.00590654281482798,0.0038954543617939577,-0.00986099927269592,0.007447628050537899,0.00424603865582728,-0.012612113816182881,0.004564845547131095,-0.0066384051145496215,0.0027612316174809364,-0.011504851700547424
2016-05-11,-0.0018187782165905266,-0.0067288883359039615,-0.005125796275850296,-0.007165961543389631,-0.005550511636998239,-0.0008721903033620614,-0.010875859518766432,-0.006236353090869707,-0.004950200558543867,0.03235746771150489
2016-05-12,0.010051113407593562,0.010952106274355297,0.005113699391189189,0.006966240701145219,0.0011044204803199635,0.007923971829791704,0.014569622268950212,0.011002990530660372,0.006546342052207653,-0.03785367407182804
2016-05-13,-0.0122946636193436,-0.004558606878354337,-0.009009109385468516,-0.009539634052916319,-0.004109970328640427,-0.02245143394176808,-0.02498338758351387,-0.009152635632019882,-0.010881223351540733,0.04020944174585364
2016-05-16,0.0012344354364771778,0.005158583055889767,0.004865392619343128,0.00427044351272798,0.01560894147934826,0.007936163150301885,0.014434431008849169,-0.0032508428575970935,0.005849866346159204,0.001763190938139622
2016-05-17,0.0015044352886502638,0.0033628863680901363,0.005454428551412343,0.0041189794546268674,-0.0008112183703920644,-0.00033589086947167937,0.007424380551587262,0.0017142027707357835,0.0038091656381104887,-0.03952609234476508
2016-05-18,-0.002018481459540498,-0.00045401401269529326,-0.012165772318180364,0.0017448352793257166,0.00015028252850078885,0.006927189831146146,0.022782608319814455,-0.00047656017067505114,-0.002614077814670393,0.004875080941087179
2016-05-19,-0.009833574592398935,-0.0022912994009224716,-0.004996914713313575,-0.002247144689037299,-0.01774071840039642,-0.01609098034579908,-0.00865807971618346,-0.012219876856796713,-0.011083861385826453,0.036410987168187726
2016-05-20,-0.005071609898355097,-0.005282184711458659,-0.0029656195471002575,-0.01571501233467696,0.004687466902207562,-0.0041551593517141746,-0.013555665665767208,-0.006691992461288637,-0.004339090032687426,-0.037627560135387116
2016-05-23,-0.0044938685894074515,-0.008759591648145567,-0.006723651750751884,-0.010182086695696322,0.023772565573085255,-0.005330277803625029,-0.0097144318640912,-0.0032271644135836003,-0.0024094956185153732,-0.016569906972849203
2016-05-24,0.002988067020722425,-0.00138127559065573,0.003128420851998865,-0.009844309687896203,0.002294283345606819,0.00013162917278820667,-0.0020117313742346386,0.0015348302814693895,0.0022997953380331686,0.003705962703374667
2016-05-25,0.03233363759912591,0.02626133382591497,0.019700975162578478,0.005275766364773739,0.020282028929900362,0.012374433019362736,0.016831074386369795,0.017358976047891064,0.023726281336622208,-0.044115462103849916
2016-05-26,0.02106516089441364,0.01078822829079309,0.012188063652242637,-0.0024184226993315024,0.01351543963591777,0.009754395110049142,0.02154837000196981,0.002502778496441506,0.016839359534278495,-0.012317856343205452
2016-05-27,0.008746542571986118,0.007355619661612812,0.009732733602637185,0.029392274676317807,-0.000626353007600834,0.01375735708597387,0.015112253027559473,0.02069412918355967,0.010723434761836886,-0.004576647051828205
2016-05-30,0.0005052294025644034,0.01102836524427458,0.012201928495191543,-0.0028415789938679432,-0.0048184659895106,0.01973988133840262,-0.009315202739417536,-0.0003608179480391299,0.002675226223002301,0.04610287083697053
2016-05-31,0.005705467236558796,-0.013219743564580515,0.02595199320143826,-0.016197571872987617,-0.013811463672955665,0.011782569844098242,0.008223730832800095,-0.009242731632422584,-0.0022523239460265896,0.004370890348764117
2016-06-01,-0.011268784289353195,0.008654272967186023,-0.005704117009526277,-0.0034847763734499916,0.017627340858331415,-0.0085260436702893,0.005173665492699976,-0.0011053256648685785,0.0024296262330994575,-0.013170406021501664
2016-06-02,0.008250754817206307,-0.0031978447922899338,0.004935485945441064,-0.005041396854552205,0.0015715245547717317,0.018394274900645092,0.0013570363961616073,0.004497334725705225,0.004756425442880727,-0.048506113127741245
2016-06-03,0.006411698450871912,0.00033156819660669595,0.004071460251372148,-0.008650272029935761,-0.00033224456157119605,-0.0021221212505972173,-0.01255476640371866,0.005383187120386579,0.00022501672869773692,-0.005982081789402349
2016-06-06,-0.0005318197792245329,-0.0057923668044271405,0.001633069300741102,-0.012040010116275422,-0.0011722349161146335,0.0010494451783208312,0.009566835140537213,-0.005918939662039305,-0.0024053331374929024,0.023716504265574045
2016-06-07,0.015539492990570756,0.0015388393343488162,0.004037026952553066,0.0056494162082774795,0.015514774082662827,0.013783942192813736,0.018596395872054607,0.0003631292572491685,0.007943007071457264,-0.03242095259181435
2016-06-08,-7.519860297382837e-05,-0.000775674305003442,0.004858007929953045,-0.002125272199436944,0.0005183764661246731,0.0021869723210478464,0.0018674467095263925,0.0033454386317447217,0.0007980422292402209,0.017994517909868748
2016-06-09,-0.0032985167409582787,-0.012320790814586938,-0.006541411180571312,-0.004784363555552267,-0.01863615152558796,0.013993174063713023,0.0015978048297770474,0.013891613273552447,-0.008430185637149968,0.0344077905508815
2016-06-10,-0.0033094329709463994,-0.003183070596634663,-0.010977404910590006,-0.0007316776811905739,-0.006220762470421556,0.0007572814168317661,-0.008820016676963536,7.609956157292024e-05,-0.004098029802836798,0.018963917710852894
2016-06-13,-0.013248882851407113,-0.0033451411311022565,-0.010319769308125535,0.004587121231968658,-0.0026841758652688293,-0.012664169005013548,-0.016511421677705824,-0.002225502725969809,-0.007303144729646939,0.037485166158011334
2016-06-14,0.004449125842182882,-0.001976621490123382,0.0016326493481190994,0.00696212615320746,0.0033335444794510257,0.006994691455294702,0.012745968371734778,-0.005414646748037076,-0.00021579029938960387,0.03613070535709749
2016-06-15,0.013796053326755011,0.010030559512481583,0.0088425566973709,0.000825100894858514,0.011429318233677432,0.007843386182183717,0.004302254724537149,0.014885412514116252,0.011982591110193301,-0.007591339703815974
2016-06-16,-0.013858277830685176,-0.0033560629569880573,-0.008883261092028052,-0.0026075513556689336,-0.00420809634149443,0.006634000689186068,-0.007270833599910244,-0.006005861425345688,-0.008056347617289792,0.036828171924840676
2016-06-17,0.00139961235301428,0.004131330642696933,0.007218956688547656,-0.010156211256645608,0.00842231813416323,-0.0005628685026139798,0.03687908046976953,-0.0006897371566749337,0.0036110989197415846,-0.019972154304110694
2016-06-20,0.0012734330045161212,0.018932532319459686,0.014175336078096842,0.0030365981316251133,-0.0016192468816921427,0.01612727232355293,0.0106232535152338,0.009496904260568557,0.008324876233428225,0.009750583256712898
2016-06-21,-0.005631459888183636,-0.0015785499910120754,0.006728088879948423,-0.005489569755292297,-0.0006570658666402278,-0.0014322332711824161,0.004115247811214241,-0.0019305086504029306,-0.0022601974495153427,-0.01495141272020186
2016-06-22,0.0003944515929982295,0.00020449835248663459,-0.009100430304627892,0.006485755085748561,-0.0056908686727427825,-0.0009946439468123856,0.001282544724151211,-0.002841618906484299,-0.001972795244488282,0.051930406619572655
2016-06-23,0.015000890853360463,-0.0003264013036069844,0.010425968511039843,0.008990419718374464,0.008957425396513298,0.0034651671793607232,-0.011602553593629137,0.0012097277202886467,0.00810364889252149,-0.0088398279523982
2016-06-24,-0.026412620110372872,-0.025025273272427692,-0.027261640414399928,-0.00420594057805487,-0.013164561279201513,-0.038362216595526896,-0.04156789622704941,-0.02045779092087904,-0.02223326969761141,0.03329086198279693
2016-06-27,0.005088558595183948,-0.01756821803596933,-0.003045767008045773,0.019920656701012764,0.010017063513567553,0.004638026416199756,0.015292081246188895,0.005248307015521303,0.0007538756415223447,-0.005382062212927475
2016-06-28,0.002657059803630924,-0.011273229872730339,0.0015616612024690526,0.006482000075698681,0.02046839579505889,0.009306635013873759,0.010329833251535312,0.004739331194748545,0.004086897298664459,-0.044132983085628325
2016-06-29,0.007282064464393042,0.015746346694522233,0.014496205119177456,0.004462075651235852,-0.0015338049437412687,0.012376646385788455,0.0295971603492167,0.013203966017191177,0.009325392253691965,-0.09271905061689291
2016-06-30,0.013782498837021335,0.005658890656834314,0.013522100736312036,0.005155954876025869,0.009663092087510632,0.018454445073335483,0.024262009323512718,0.009122343935743482,0.010156680759383653,0.008012435165124244
2016-07-01,0.0027978367219521844,-0.001957824086870897,0.003502488017269664,0.009726408571420181,0.019111944834246622,0.007783117035604483,0.005726364030552841,0.016429321843604395,0.004886789454209853,-0.03434625036790919
2016-07-04,0.006207841717873924,0.007759160128739894,0.006951814936640617,0.0061096271258403445,-0.014914062393969097,0.015498984146152762,0.022825922616568406,0.011856903556582801,0.005072225932684971,-0.010217192902157828
2016-07-05,-0.005174228018577495,-0.0039281520324534365,-0.011735575767409303,0.0036814267686462515,-7.831042472380039e-05,0.0027720447150615542,-0.004621177758524739,-0.004880717882309868,-0.00416002601386157,-0.014221330177902529
2016-07-07,0.004469460172507509,-0.018023401435545337,-0.005772149993726175,0.014457216243154429,0.01038480904044115,-0.0034438620060332817,-0.005132618029318942,-0.002533694364700418,0.0002339226096985007,-0.0032604682901777367
2016-07-08,-0.0038031651633214153,0.000429463178973861,0.007814661689721942,0.003693198316061636,-0.0030858692395563264,-0.0036131723534273707,-0.004420484418389849,-0.007135570646804138,-0.0017646132140196943,-0.01513687955707657
2016-07-11,0.020584548831338055,0.009025803804523959,0.021005474872349206,0.015097604169270558,0.010094555107852163,0.022958924643223338,0.019257205483527363,0.015509960870714344,0.01723577043083921,-0.01536946658362444
2016-07-12,0.01493068887828487,0.000981743018078971,0.0069359521780575865,-0.00555357281438702,-0.003698229132643133,0.0324906293661888,0.013429399875496621,0.006859948552357833,0.006256959594241648,-0.004724993483751561
2016-07-13,-0.002609572916232228,0.006436839049079493,-0.005705818602263114,-0.0035034167332499435,-0.002915974652149986,0.016705413415581547,-0.01657296019834827,0.0016329877459371597,-0.0001818960901539572,0.03653679045379506
2016-07-14,0.013062301197452142,0.0026608063622962762,0.004971134273554284,-0.004231470934543987,0.00400644520396061,0.0037163489249691334,-0.0031533993213274727,0.002596213086636187,0.005326478102926448,0.018100024626621327
2016-07-15,0.004754406732475155,-0.04036328874735749,0.009749176743226498,0.00146991551784943,0.00047670719669197433,0.008156662489174817,-0.005359360469901246,0.00044673080677108776,-0.0027591572520208334,0.001920044535177324
2016-07-18,-0.0015972922038515755,0.0017387479161903698,0.002338501152138173,-0.004390386866749546,-0.002629239423119609,-0.012605389868281608,-0.012288186265200658,-0.011329551319743966,-0.0038357821106622886,0.022131755463054258
2016-07-19,-0.000964891014509937,0.0029021568885202135,0.003683841983967263,0.007770335158578733,-0.00616503996766237,0.004698814956846888,-0.00495786843580061,0.01535232920310591,0.0023301434628515147,-0.011953560427053927
2016-07-20,0.0033294980164248126,-0.00014858663117760224,0.0021305466750741733,0.023617717572153533,0.005429775728695871,0.002829422333878274,0.0264851631704061,0.01045701867400388,0.004363986470652139,0.011953560427053998
2016-07-21,-0.015615536650505777,0.000701102517142735,-0.007696671656529491,-0.008818318640949792,0.001908752565950731,-0.007863238049066685,-0.010950346349971682,-0.010462489326874302,-0.00652967485068765,-0.017666057836075125
2016-07-22,0.0008617650720804818,-0.0015096445912865547,0.008849070552531788,-0.0004146477986686718,5.220200115964285e-05,0.01675714993463893,0.0075563445124008305,0.01127199181993326,0.0036478885225085054,-0.01345743077052569
2016-07-25,0.015881373410906438,0.010625791920262454,0.00945942954887894,0.004547089491694259,0.006277886958146836,0.005687765375722297,0.014704389898081347,0.012857946507690952,0.010997493024321226,0.01409378006242481
2016-07-26,-0.0068030916891287305,0.0006207310348747132,-0.013244595061806972,-0.015148298008000763,-0.0035905935554148218,-0.0010447916441221014,-0.013005949073927799,-0.001706248182691341,-0.005224581055714631,-0.006381666902649132
2016-07-27,0.008505205591058034,0.004659237114511913,0.008108190302828827,-0.010425246848684922,-0.007074031166368965,0.009221772036076561,-0.002670243391843039,-0.002570364230778015,0.0029232563005614403,-0.012238450931826897
2016-07-28,0.002866269388503779,0.0006586317643831911,0.00785690917305886,0.0039550039242120675,0.017500128418634527,-0.008811927558112033,0.00967593436601458,0.0044642362161511195,0.005844213941164874,-0.018313179377291832
2016-07-29,-0.006489680718726217,-0.002045919234922708,0.0070463123992180465,0.0069918356295246295,-0.0027852856676953,-0.007299827962305648,-0.0014454498222510469,-0.0017382281987280658,-0.0032129615963578163,-0.015297906886707902
2016-08-01,-0.01127792055955299,0.02047472404649418,0.006231324694830389,-0.0010135386871401753,-0.004145060115168447,0.01487216267400581,0.0004820733040421602,-0.00167129013863554,-0.00022578173062699604,0.017276192182140142
2016-08-02,-0.0017275852719039384,0.003580083235966668,-0.006363317340556787,-0.010114873445161952,0.02242152268116014,-0.01958872182882361,-0.01212136053234485,0.0002204725295066031,-0.0015816745902789463,0.03304474792943801
2016-08-03,-0.005695567411405457,0.00021470014778685118,-0.01788407190704075,-0.001262887532147481,-0.024789135341619233,-6.226979479054094e-05,-0.014494772509952273,-0.014210438555055415,-0.009092783738205783,0.03445378063909455
2016-08-04,-0.0016302462240763795,-0.0029512261267767926,0.014726942255796804,0.0032664631292627882,-0.0005526281092007136,0.016759422768808367,0.023478715785928764,0.0012917817384559321,0.0007311673892417124,-0.07013704995398429
2016-08-05,0.018895092428224864,-0.0010231219061249746,0.031173047706880286,0.007554893423317938,0.0035976129409057717,0.02642303140238813,0.02364852516159839,0.023025151303058253,0.015324527088340225,-0.05359030189695238
2016-08-08,0.0007130603930631184,0.005386394085742383,0.006029790023726005,0.0011766443497987214,0.002187035102011651,0.005624537448619647,0.00846268808456764,0.011669361619081881,0.003242317221417232,0.0165864042041969
2016-08-09,-0.00032469304261174446,7.142643788543297e-05,-0.00511127369768236,-0.008373531756645186,-0.008413521893850445,-0.00862801008656485,0.003738265068205792,-0.004059559845872518,-0.0038068328301676924,-0.00343290351129781
2016-08-10,-0.015194068189754476,-0.0019754818047987093,-0.01950136853196358,-0.020321253714005554,-0.008420757831441647,-0.006294670332213059,-0.01480113449147321,-0.02128237666956779,-0.0119339403558223,0.025799130407364815
2016-08-11,-0.00039693396536330647,0.0041342675872752714,-0.004834128550224488,0.0013193309814440752,0.01839834302474923,-0.008030535342999322,-0.005458629335802375,0.007698051774898606,0.001963086091088332,-0.04875665509562467
2016-08-12,0.017195287353974603,-0.004357988233831216,0.011002763657483372,-0.0012753252269968934,0.00727051050746352,0.014384925941224468,-0.005010164500687298,0.010404288827079498,0.0,-0.03145359880941318
2016-08-16,0.002025590496297284,-0.016227269057827634,-0.006247095405673007,0.005056511264343058,-6.252664960656135e-05,0.015790138973055742,-0.006719531717316438,0.0011547086171688039,0.0058486143833095606,0.029340196641433475
2016-08-17,0.0020555511025482157,-0.016952728125016383,0.009205754229990492,0.0067025145616129165,-0.002376029607117083,0.01930192539051387,0.0050438587769762195,-0.006095613874023319,-0.0021428662849281455,0.04144235482760823
2016-08-18,0.016229458499595836,-0.0023388031826040096,0.0032702361815832868,0.0059405000069025545,-0.0036206784058296095,-0.0018287347024380167,0.012617756431056407,0.01273804085578226,0.005688787100174632,-0.015683890726727028
2016-08-19,0.0031932550370454955,-0.005197364846487125,-0.004146560262447091,0.001909115780328499,-0.0012292831092168693,0.013302013167083866,-0.005694023483999135,0.0015291464391806193,-0.0007323592374647016,-0.0006875372446416661
2016-08-22,-0.004359194394470507,-0.012607518997037659,-0.010382003944481745,-0.009852176284339102,0.006877619086268001,-0.0080558219971083,0.0004757664455469326,-0.005903284037434423,-0.004365165253066113,-0.020848579571118166
2016-08-23,0.0005896024384806941,0.016282847882729344,-0.001332284026074187,-0.005659275301785524,-0.009518884688600831,-0.004360262153076205,-0.0033349099185897347,-0.011869145687416972,0.0003996372089627608,-0.0241660772178865
2016-08-24,0.0007209494879461661,0.0017862574962428397,0.00028340622905432514,0.011113356323342493,0.0008000911093846158,-0.0006932730649326386,0.0026212479670130458,0.011388426276777445,0.0020482907499330422,-0.02994015943989415
2016-08-25,-0.002656515054776052,-0.011253075931670485,-0.00612116131320124,-0.003969206812264769,0.0040177903851095435,-0.01619639630009986,-0.007165065075386214,-0.003504183706429376,-0.006739142150229588,-0.014936783398083959
2016-08-26,-0.005636342575569915,-0.013460263030013488,0.007107178409819576,-0.008336862439420202,-0.0013718760586867262,-0.0007443090422367346,-0.01181454228034407,0.006253410978371489,-0.0022896225356679534,0.020849581502971382
2016-08-29,0.0011064164121707613,-0.013171949081117656,0.01649076185973966,-0.001150294365071846,-0.0026931730456984664,0.010873541881467282,0.00048499566903982024,0.012562598835155406,0.00406291485846204,-0.02991992980957378
2016-08-30,0.01623582946716537,0.01784123310739404,0.01728299158986608,0.014859628168555733,0.015831820009813525,0.010430442926845513,0.008449054486527663,0.011604645847188401,0.015779602831678955,-0.011454849609277227
2016-08-31,0.013024265021442981,-0.0024812684182178566,0.003162422024778143,-0.005520358113680344,0.0027615934505847576,-0.015521231291842175,-0.011848751510640044,-0.005860469718660695,0.0047745981624819625,0.016755861282791544
2016-09-01,6.316961646209218e-05,-0.001219165790664298,0.00430003718693467,-0.0022481901420063405,0.004688385773377004,0.0030342733310688612,-0.021141411892005153,-0.013370782966020681,-0.0013154039773133465,0.0075245187041360385
2016-09-02,0.0047565420129367705,-0.00046533889204182353,0.011304133075593158,0.007976303230656881,0.0032414154552982827,-0.0013993191113377459,0.007672370466470591,-0.003351010687268372,0.00398082888319566,-0.030443795280970985
2016-09-06,0.02694316318271177,0.0016086628978931718,0.028980251205574036,0.004968084790058114,0.008019779566302359,0.013943871213145198,0.015898585830446378,0.009227619176253372,0.015023347446829987,-0.014791985040444124
2016-09-07,-0.0009451695273847058,-0.004314473995570978,0.0010913258512220132,0.0017508245226145593,0.0015396987665850582,0.009885539413488393,0.00653039377112111,-0.004304742433376745,-0.0028049819116828943,0.030890458010233202
2016-09-08,0.0005069438884951297,-0.025015323967029098,0.009491704302992869,0.025763363654703268,0.007704494321607108,0.010315231296402059,0.02828477187529215,0.005336414697768622,0.0038667014380895045,-0.002283954821356482
2016-09-09,-0.008457331514477445,0.0050067694980981845,-0.015363183279304495,-0.009922064352129143,-0.02102726210678682,-0.020143273526674707,0.006074727993832251,0.006933207771977526,-0.009630114351834806,0.008349168733122928
2016-09-12,-0.022715717282571088,0.008037049611026775,-0.028132058716724553,-0.01674002251858273,-0.01833364760445471,-0.0477225394344223,-0.05088877239161897,-0.01601998427538316,-0.01718822993969123,0.141436591713572
2016-09-14,0.005972456255206932,-0.006973747577099698,0.0072389276172380975,0.0015475088720960152,0.001589011903491431,0.0043555079768568305,0.00024508296352963383,0.002744693146681147,0.0012613090035687876,-0.03200270056078121
2016-09-15,-0.003602840741787855,-0.0012965602758664059,-0.0022034614382870797,0.006426634374934789,0.008913579129506612,-0.0027073927786512297,-0.002207762153404203,0.0021673222085985145,0.0018260991839711186,-0.005434790704315485
2016-09-16,0.0009018540580104889,0.010609730361805809,0.005341444730725594,0.000840369161967862,0.010417629236142326,-0.01574714138182636,0.00953201353633618,0.008689852925812352,0.0042573919410826295,-0.006835322627179107
2016-09-19,0.0025854146580439334,0.0061498027915709175,0.0028029029306705913,0.003503334690824041,-0.004144783829510069,0.014038718476788484,0.014729243635416719,0.008496931283395107,0.003246577269225301,0.024391430270145887
2016-09-20,-0.002743997003045745,-0.003513648287049307,-0.0070568885709418475,-0.0017224481157221516,-0.008023437523398725,0.00383486502805225,-0.014972537889805317,-0.0033777836353001845,-0.0036964832905136196,-0.010767254164723324
2016-09-21,-0.001202187077571977,0.002853951945632155,0.0020772648430573888,-0.0013161789688614673,-0.006430878002488448,0.006690724625631493,0.0029154835744642834,-0.0018068065444149055,0.00014242538436080372,0.0020277591598888184
2016-09-22,0.014079526134925401,-0.005692026911646755,0.015177440558647975,0.009628754975758914,0.002623735111066211,0.011361039917154406,0.013494121834362329,0.015499059918918721,0.01023549301709891,-0.10453560468719235
2016-09-23,-0.010386999817769322,-0.0005869277816562192,-0.0024809821915324714,-0.003874268673753206,-0.0038463736133669706,0.0005705605246499899,0.007867529757039669,0.005889198113964011,-0.004056776073300545,-0.006769499493618955
2016-09-26,-0.015701743472979278,-0.005892556787575952,-0.017392495045525484,-0.007652979352211511,-0.015291722824905197,-0.0010036698449045994,-0.024033840911477762,-0.0025725237957528136,-0.01236159001721051,0.09496704682939253
2016-09-27,-0.003735562465621216,0.006465019864286014,-0.005603524394052598,0.006291661887806049,-0.002914053303554237,-0.006261010710642635,0.0026721893200757412,-0.0029250528662990295,-0.0019104927510736648,-0.02220769254696422
2016-09-28,0.00688506321170656,-0.0035168047808328807,0.012278593834457894,-0.00041167550769798003,0.0001802051670108617,0.02173464079160287,0.017793192997476504,-0.00092595221536008,0.004440873383603119,-0.028471646538371836
2016-09-29,-0.024199628585899042,-0.009962125456349495,-0.022200092932261762,-0.02977820597197173,-0.011744530601093582,-0.03570079040248395,-0.07238624815762833,-0.01970371879158955,-0.01775506219605918,0.28677915166197954
2016-09-30,0.0053054341635660075,0.0033576511129405104,0.01359747693052076,0.0025160152040332993,-0.005515730394066235,0.013351739641150133,0.03795857605181306,0.012905595263975082,0.002313677050935853,-0.07131847751872496
2016-10-03,0.015606909343803148,0.001703687181343604,0.024251631562779513,0.01534711984337961,0.008661572124623347,0.025059551682242505,0.030607213562396013,0.01619618897587713,0.014634809521912494,-0.09519379723456571
2016-10-04,0.004261121208344832,0.008157849131910217,0.0013809928845284476,0.0037007793127533262,-0.0009023907491030506,0.01099857407297436,0.0038204585434190867,0.01420448230398342,0.0035471948830647004,-0.04116884023943883
2016-10-05,-0.006929423092394628,-0.005876154973542256,0.005263227586189872,-0.005622983812263678,0.0012406560731233977,0.007847846155960505,0.018184423013979385,-0.0022745162511300944,-0.002877869921600413,-0.004010664853998197
2016-10-06,-0.007284470774398869,-0.008835674772413865,-0.007194261319366705,-0.010510555686041693,-0.0035625554075134087,0.001838778065160856,-0.015091052806736172,0.01596633111726818,-0.00394195263650275,-0.0060463839701023715
2016-10-07,0.0002602844203458006,-0.005703321174012332,0.0072232443378217005,-0.0012492595437865659,-0.0009630716692705411,0.009968688147692478,0.003794185521809871,-0.004965229088327066,-0.0013730217286708416,-0.02386750748469417
2016-10-10,-0.0011113888572373946,0.008477131847789322,-0.0008220463768762518,0.005836558863720872,0.0015654332657938635,0.01631066907938409,-0.013103224998427112,-0.006204214529918057,0.0012869056479532695,-0.013898751264454164
2016-10-13,-0.02213869716254,-0.002651777602663307,-0.012931783417966984,-0.01821677872004208,-0.010093443155852042,-0.020180835754809168,-0.02329073298772508,-0.01933221164237016,-0.015675477121613476,0.07675369688086088
2016-10-14,0.0034708236140717974,-0.0014751188746724867,0.002002325607196029,0.003631333908245787,-0.0014879644861388222,-0.004811556997222082,0.008310959528060323,0.017247274552128676,0.001171641761961016,-0.0356238163999621
2016-10-17,0.002638481746372554,-0.0068572415500527135,-0.02125934087916051,-0.008888093882976615,-0.0003501523198351237,-0.012332170807252367,-0.01027653213378482,-0.007431826315388676,-0.007366816969274471,0.050419811065670554
2016-10-18,0.022023163568626946,0.02127090812100234,0.014053832920317722,0.01670890804598361,0.01545740049244007,0.019719268544270308,0.011979103911772546,0.008445072374109621,0.018316274989203487,-0.07420621133707299
2016-10-19,-0.0042641140674628715,0.003266195945397268,-0.005681103787088928,0.005070176289596298,-0.013864012971849768,0.002456446666740805,-0.005604956208198908,0.009166600960547073,-0.0021688629658940845,0.004802732781660957
2016-10-20,0.01262343287544861,-0.0036710320908866652,-0.00038150356610126715,-0.003859045980458483,-0.001170849207978326,0.014447635018690008,0.016240768164500003,0.0018134790493980718,0.004643356702434108,-0.030579143176668887
2016-10-21,0.002651884143192782,0.009990410697790547,0.0012777834843850544,0.0009748668490270957,0.005689852674820025,-0.007578934272550172,0.008141792990409428,-0.007560578666977686,-0.0007302693005771827,-0.024286918926664534
2016-10-24,0.004909023873820603,-0.014362260974793402,0.008536418560630745,-0.0006048342475857819,0.0010737562420214054,0.0010225234723699231,0.005470386640347015,0.009375656996911773,0.001827421566475664,0.035515096355896426
2016-10-25,0.0013621801478606694,-0.006440304040791955,-0.004377364653730372,0.008525015215455341,-0.00849209258671791,-0.004208355362868225,-0.006186091782044248,-0.001982053892187361,-0.0020287520787162444,0.01041311882804758
2016-10-26,-0.017869975049772748,-0.010191777842905436,-0.008628698293544021,-0.0113755538133977,-0.002300728758881987,-0.014415818557611593,-0.0026287650734742457,-0.0076360712636050964,-0.008788614143283245,-0.002073953985259979
2016-10-27,0.0015898358051284994,-0.010336353948754543,-0.01439228820103415,0.006929242072234626,0.0052163605749251775,-0.008192719754326264,-0.00648179359662074,-0.005040373836069467,0.0,-0.025229064618691066
2016-10-28,0.0021166892002347933,-0.0004477322263016045,0.014407242584338885,0.00322852872213568,0.0045560027842541356,0.022179298097879423,0.013634900023375814,0.0038767913565777154,0.0026371858270232084,0.03897497268408134
2016-11-01,-0.0049904943155400505,-0.005768844907298834,0.004845660078521196,-0.003610013335297749,-0.008273842894880963,0.037609605513118406,-0.006674608314679723,0.004473616872833123,-0.001361194585834806,0.07176491902365763
2016-11-02,-0.01192667860647221,-0.012018119988081303,-0.013123123343123221,-0.02291862392227343,-0.008199020086037552,-0.008758125595177,-0.02739901879378588,-0.021743923540335715,-0.013098012546713908,0.06517361254830523
2016-11-03,-0.0025621518056854974,-0.006249702776905775,-0.002564978899853584,-0.012914866525896924,0.0031018985538919827,-0.00684300229571159,-0.011620805084626009,-0.01154896391497399,-0.003417838470350909,-0.019838338497281883
2016-11-04,-0.006308030912759434,0.011584295374400961,-0.007820817904515899,-0.04771200845213527,0.01850904414173644,-0.023353529324360422,-0.028504940149706063,-0.00967378186793,-0.006052515976111644,0.022810176938655797
2016-11-07,0.015510237795440026,0.004619499546598195,0.0022111250075406035,0.019860861227444113,0.01182104992512177,0.01982280446969685,0.016244073971103123,0.005227649227472546,0.007477508488472915,-0.020384407642262372
2016-11-08,0.007453067509245254,0.0038441954474565166,0.018736556264436634,-0.01423839742376042,-0.0006230302908754711,0.003987166633321975,-0.002016175845256656,0.006091844013176179,0.005457567982692605,0.01562533133643767
2016-11-09,0.0008944052816532314,-0.03302719068040299,-0.026122784001850353,0.019065513514266164,-0.02255550769844222,-0.014210415089585402,-0.12334844541494017,0.0003817347524684414,-0.013142597631657107,-0.008984763209006723
2016-11-10,0.03434506038853028,-0.002947566515084276,-0.0062978623619354135,0.010927938855364487,0.006829507221550547,0.060873994185537995,0.012197054551135001,0.015156108721569982,0.01105700404045472,-0.07235079429595334
2016-11-11,-0.023108673501448837,-0.023066281043875515,-0.04719641903106309,-0.008158333329194108,-0.03469332386767111,-0.020913729658583464,-0.052080033772714994,-0.016989765968875525,-0.027281387102400093,0.11591269876396502
2016-11-15,-0.02301248171277102,0.00553869922889882,-0.05291004687389222,-0.01416703856135674,-0.025185026634620685,-0.052049093365204274,-0.052748145750351645,-0.015324691785675972,-0.02290285685988103,0.14903552507048806
2016-11-16,-0.009461566748081839,0.01610239727150346,0.0101482262416101,-0.01770816996909217,-0.008994935740924706,-0.008449900312407823,-0.010069253290812766,-5.177028595033401e-05,0.00038839613027746525,-0.03278980389149059
2016-11-17,-0.001060334323483398,-0.01513309852965065,-0.00034212610900459376,0.003441323369632674,0.0013853190710828502,0.006517767603321483,0.01257087530497636,0.002130779938528337,-0.003909439439923456,-0.04135637421621842
2016-11-18,-0.0067705314531089494,-0.0020819449815630024,0.007625969930641404,0.0145970709665229,-0.009677499436994377,-0.013972736622071857,0.013647835197921943,0.012205095321639919,-0.0007242886837538094,-0.04929802403830352
2016-11-21,-0.027412186497892326,-0.0023983059829274164,-0.034222678979000526,-0.010222851210430598,-0.013043194913602564,-0.034794897314416616,-0.05346835188382605,-0.011048628985604493,-0.01812187142597807,0.06992828770964178
2016-11-22,0.005527844716259,0.005874573376438471,0.019539334595177125,0.00485097718887939,0.011759819779539092,0.028951487340067594,0.029460925436951554,0.006142362460055158,0.009189427494782599,-0.03354059798993232
2016-11-23,-0.00041791230874437115,0.0042393450946775655,0.004311310840897957,0.022226736392424333,0.0020946341303799874,0.025265157433511376,0.028924480172029005,0.0069201091832883565,0.0038664021768522933,-0.02355619165055961
2016-11-24,-0.015479948143702694,0.011079967438800629,-0.015488590039728793,-0.01583226760573696,-0.0062469329883598785,0.012544719336446462,-0.013269808264979348,-0.012371227411009475,-0.008475662098624583,-0.05001048021658115
2016-11-25,0.013666094449358514,0.04640424878412553,0.002954155299904249,0.029529600938373417,0.015269477111809723,0.016878079230929873,0.015413375715413156,0.011296003064741092,0.018508197132649923,0.025885871999739466
2016-11-28,-0.011185065918786461,-0.0008605066586142594,0.005253589252434562,0.0022752625803170237,0.013252001720225427,0.009797949656022101,0.017887377208001834,0.008493864946276736,0.0015516218520139676,0.025232561250054946
2016-11-29,-0.00425450297736451,-0.004621752604922697,0.021441458738518868,-0.004415593431890235,-0.005865148138193214,-0.002733063238502766,0.0047961906911349545,0.0025195678144087135,0.001874725893588773,-0.019570118318303596
2016-11-30,0.021929378556640736,0.0027895156603347715,0.010572669733830775,0.0016936641002306579,0.008888549922533082,0.00785523963411461,0.0038800773904993013,0.002407615812441939,0.010063243621010479,-0.04977872066171522
2016-12-01,-0.010759526648167783,-0.003769120705151302,-0.008019939153693584,0.004682141347438489,0.0032551002003928515,-0.018061977387545,-0.012590130722988471,-0.006318430184658628,-0.0038495313077255163,-0.009540909765121288
2016-12-02,-0.009859306199362674,-0.01271263872301107,-0.016988958670228607,-0.008479940545671654,-0.01840502480736534,-0.011415296772255485,-0.018572633597942482,-0.007301506795150136,-0.013034894616329137,0.0716655349650398
2016-12-05,0.008797934618805948,-0.00878599549683358,0.01756947811319969,0.0032064894590637157,0.014705680415258271,0.014992220431970795,0.007043416927423023,0.00035691523642122723,0.005174081595203409,-0.036346951990980786
2016-12-06,0.0006516538332466279,-0.00010673655091118618,-0.0035713829297438584,-0.0003297053718126344,-0.009104426790449528,0.008230962673499497,0.014240451663935085,0.00950810010184779,0.0017699108511295017,-0.010465229070146752
2016-12-07,-0.010189692168879117,-0.0058176107893882535,0.004344884998752612,-0.021660403390911603,-0.007709535775639402,0.0018677656006049971,-0.012106685626673622,0.0011355235633274138,-0.005059979081726745,-0.015312444138790987
2016-12-08,0.015309317446372022,0.016029723029096655,0.02678841413315535,0.012841090811636086,0.018348480898269005,0.029053718384079663,0.014810589696278019,0.015410850195913648,0.017714169916451,-0.0815770594713134
2016-12-09,0.00969347246382265,0.0061805616960930445,-0.005040075244950073,-0.003944850053616024,0.005453121424146014,-0.0012382344944602286,0.017841687124143215,0.004465059032097261,0.0018051676124941,-0.030067627578355603
2016-12-12,-0.016331523505425227,-0.0043705883221039485,-0.017477242165117673,-0.003074391037259251,-0.014787062236302558,-0.002585978347836551,-0.005319125500495751,-0.005101046861277389,-0.011069630108506541,0.07168780828857071
2016-12-13,0.003966496840325073,0.010468526253648299,0.011373700910638345,0.004761085192857595,0.00842668478384557,-0.01067669903869643,-0.011922644956906146,0.008851933384229531,0.006222340051564259,-0.016817615467854867
2016-12-14,-0.0067676739277894235,0.006964679983242985,-0.005446536164099136,-0.008130441381153078,-0.008729315636505659,-0.015234826264976362,0.004189096219590435,0.00041372877903498646,-0.004797498800311476,0.04122392819136515
2016-12-15,0.0032468634497050883,0.006573287140259178,-0.0030441710279753465,-0.018941060572260127,-0.008776409777873865,0.0004847007760090309,0.002385978773636821,-0.003872904506884838,-0.0035320811496494836,-0.05769043258107733
2016-12-16,-0.00481282200741533,0.002664245142118898,0.0038584201000716935,-0.0008449911309274218,-0.007649904407233498,-0.01566348928880759,-0.0008941091575183562,-0.003391839440968935,-0.0017369253327930302,-0.026530177765437483
2016-12-19,-0.003048997461591839,6.849014434759566e-05,-0.006076236430390218,-0.008565182760060318,-0.001271934000405749,-0.009782250405874389,-0.010490130855080835,0.0058899576544342944,-0.004321667547371758,-0.027253255031983385
2016-12-20,-0.010331441136321404,0.009656144797030362,-0.008277690633268588,-0.011332785576493904,0.004092967554076422,-0.008355600686037797,-0.00030135937029235864,-0.003581285264585996,-0.0027121205636996375,-0.020422778539652114
2016-12-21,0.0008353060824527706,-0.009206347040861283,-0.0011144131710007625,-0.007226603945932072,-0.011511231598455006,0.0052950519728190764,0.010493276099871312,0.006319078056129391,-0.0026140364419853872,0.011624067724829094
2016-12-22,-0.010732223888136529,-0.006399825680889119,-0.005752695621259879,-0.013158424120887696,-0.0030055277964407727,-0.02896257292254558,-0.005082928285383931,-0.013430701184456866,-0.010249174221346512,0.05553311368453644
2016-12-23,-0.0004164478846840545,-0.009088722145132764,0.0028916222955857403,-0.006819501411077314,-0.008001465668097578,-0.002817080516203425,-0.012973536467820061,0.002961018877657025,0.0008330679821808747,-0.02738111552704494
2016-12-26,-0.01285627174461273,-0.0047525887432079425,-0.01485286804927843,-0.02667535701425257,0.0016115141612436453,-0.030638889669662866,-0.037121492195108956,-0.013386606240410444,-0.009752185003088458,0.09272318297849544
2016-12-27,0.012607455830732285,0.014598693519797229,0.015358990990596092,0.019397492595466068,0.02644049727560697,0.02536403283929323,0.006596556554022996,0.01387844971680037,0.015632877835896817,-0.0960333608220715
2016-12-28,-0.00015950193479070935,0.0027393608790361335,-0.0011850492204181192,0.006558788129553432,0.006369172578909284,-0.001399878086899585,0.010898442190448474,-0.007202756850996562,0.00024894664276991384,0.030047984964211353
2016-12-29,0.00871359935161249,0.009101864265638283,0.014140423413258335,-0.0016763885311454664,0.005985797037721179,0.015007860428211953,0.010474507326775814,0.015300425514277865,0.008520076594398652,-0.016872576222074304
2016-12-30,0.007956250460174348,0.010381406230511918,0.0035834298391618238,0.013201631307341408,0.017172133817918427,0.002812604322537031,0.013394490711630657,0.012012554841849129,0.010092502517199517,0.01235791558338131
2017-01-02,-0.011486624392644475,-0.0031011996766202843,0.02005090678581836,0.004198847109603531,-0.002110242246534246,0.019691737963619803,0.04291233767102116,0.003508457338075923,-0.0007698979027411989,0.02300418722729291
2017-01-03,0.00366618385856488,-0.00046309376761418324,-0.002856103304957552,0.0007029400015262827,0.007398837406250464,0.0035791895555279383,0.004624215135862385,0.011900540462526296,0.0015575613575361691,0.008178725338482667
2017-01-04,-0.008049752163694966,0.012910617972222338,0.003284878390315091,-0.0013239151476085735,0.0034019472663073566,-0.0012715317261707687,0.021960136264848117,-0.008104828553419909,-0.00021363934707617968,-0.004395592256984635
2017-01-05,0.012494857529957505,-0.009269417642140343,0.02030488065800312,0.014830590055470444,0.006439616832747436,0.031492234488261675,0.011220314067492842,0.01521210090638866,0.01011892597298775,-0.054311998286541714
2017-01-06,0.008139174100809866,-0.02824103330265716,-0.001644800940671548,0.0014285596072228961,-0.009700220681116903,-0.00014292179819948368,-0.008403410796379504,-0.0035186830072823864,-0.0036324930615801707,-0.009345885325580065
2017-01-09,0.0012394120017914785,0.008666205364433587,-0.0011261823238370306,-0.014353864511311269,0.005741373204599175,-0.0014486062004111888,0.00840341079637938,-0.0069399228326100255,-0.0009405426329750955,0.037516720047566635
2017-01-10,0.006700911334540973,0.0022575779330293684,0.012625318746502183,0.004180739354635162,0.008091158152742852,0.014251126582177823,-0.002793297905612711,0.008943921994693205,0.006360193250249055,-0.018253423286399582
2017-01-11,0.022579149303227054,-9.296477821579247e-05,0.009011412412687252,0.009404183064304388,0.0017378413844333796,0.04177716282665709,0.004187026354216453,0.0032551027994913396,0.011044494137506545,-0.025992758690841784
2017-01-12,0.0023313074380525043,0.017290015827700306,-0.002755354467616083,-0.006028886628253462,-0.00979084465870278,0.0012683167547215411,-0.0027894020875785254,0.01138991159239416,0.0031629810720875113,-0.013596454349596557
2017-01-13,0.0020192052526098797,-0.013091631326417788,-0.007910756352427314,0.004158870301194464,0.01160091821872606,-0.0021147558222614857,-0.0011179260333446597,0.001154862601379957,-0.0008151796539613075,-0.015867842012206188
2017-01-16,0.009700515169959737,-0.00885182145852547,0.005194438992616463,-0.0025786360949276374,-0.001661535206631434,0.00965748115028664,0.013333496959537956,-0.0053395686409484205,0.0014810071904502009,0.04686763213661445
2017-01-17,-0.0015405731498853942,0.0033072023903915606,-0.000917513407817288,0.0008107705776595664,0.01150323521622113,-0.014819292045496917,0.0038556752028912115,-0.014654152021928409,-0.001760750075312027,0.02101197777110444
2017-01-18,0.0050978108264167305,0.0024267865948001672,0.0003059313489007545,0.002471353372001894,0.004030562789690302,0.02337052499869491,0.0005496351069559223,-0.004004887802218167,0.002259887967437504,-0.013739178087668625
2017-01-19,-0.002102470462205471,-0.0009239596086032451,0.006634400628572944,-0.006016676154384595,0.004846656393659549,-0.0002494864709167294,-0.0033021830424830776,0.01286871508589068,0.0021480547533008396,-0.01059611525835964
2017-01-20,-0.01599446068830972,-0.008794050873185256,-0.011186030672521111,-0.007914040240020874,0.0003189073879091458,-0.024483854270342695,-0.02257928839959527,-0.01256126049214691,-0.010217880246458876,0.0499941490387258
2017-01-23,0.0011628602940969048,0.008524991050276702,0.006643852944807409,-0.009131650897332914,0.01069759915388959,0.027042276448812217,0.007023486981900782,0.004051510144454137,0.005035644029815811,0.007571006907348402
2017-01-24,0.009549535158781658,-0.0017433804180602833,0.01674471168459182,0.012192642979624649,0.0015805334428895652,0.01606408961981561,0.0033537808943137756,0.012893461225399291,0.009995732282151228,-0.039748815312930515
2017-01-25,0.023364031189878384,-0.0036481748420641377,0.014094060533662274,-0.0006627873145630865,0.013503638031953437,0.015150945433267771,0.018247689511614654,0.00724347652867993,0.014866898538362306,-0.007879219056368531
2017-01-27,0.012000824961163238,0.001710327525982756,0.004719067588790403,0.003343087226863669,-0.018546419048603737,0.00019291926679051362,-0.00604566898823393,0.0068746917113889725,0.004465328690727306,0.05389374291509739
2017-01-30,-0.006263247393467837,-0.0011005252308398173,-0.008644395970940742,0.004326436020372358,-0.0005459940022524434,-0.0016252341952899142,-0.003866323324662043,0.0027766127741891107,-0.0009841380903137704,0.040397160034621155
2017-01-31,-0.003585566720842255,-0.03218700057255296,-0.009197530115170351,-0.017028358402348856,0.0021252059288266937,-0.010523515438485814,-0.00638444304085665,-0.008503013129165739,-0.008311085218864388,0.009552302330079483
2017-02-01,0.025570617375387274,-0.010051874313856497,0.035371185791477334,-0.004587294279226674,0.029962023394613683,0.024024680362645257,0.04837896585035863,0.006373596919389738,0.017954328487415367,-0.18625081128618728
2017-02-02,0.0024794540971837453,0.017890292155493346,-0.013150358327361363,0.020640317033551393,0.008828878111361517,0.00020650668342054278,0.0015906846099818651,0.0013070286368542469,0.002045724967320079,-0.0327420879102389
2017-02-03,0.006283041220297087,0.010004173861257185,-0.00835590521701955,0.014601585949403128,-0.002251756956273493,-0.005975018466507974,0.008703702171850862,-0.004505164856141313,0.0007668233343177947,-0.029270407442384773
2017-02-06,0.00861754386169164,0.00032411113438934213,0.00559827937774301,0.014652878679910816,0.011383330681420636,-0.0028486543529433125,0.019246431319191057,0.006975010757557276,0.006852108598963618,0.020354981458282902
2017-02-07,-0.0021794297586272392,-0.0031057706469675276,-0.009958546547470956,-0.010021271553415693,-0.0011642263811474877,-0.012985414582905447,-0.005424283101809472,-0.008470324218682783,-0.003728087682222944,0.008175490424792898
2017-02-08,-0.004034674395647922,0.0009097335668663317,0.0062782461595525885,-0.0019445156542140648,-0.004885646384529213,0.008745413735990117,0.007482924540134485,0.0028485126325227,8.553173850807276e-05,-0.011913755492998565
2017-02-09,-0.004666302585811924,0.015945912399699613,0.003376219227940506,-0.003862617814857009,0.00476321508314919,-0.007090744932379432,0.009466649050394238,0.0003217167921068729,0.0010657487804178315,-0.008273880199055257
2017-02-10,0.0031091638952803822,0.021401078873566137,-0.004071880541575089,-0.009961618825994216,-0.00726782459494913,-0.00298695093609307,-0.0015290678043327734,-0.004606863805573951,0.0017242727924366554,-0.004541980992893479
2017-02-13,0.0018731364256169124,0.006242672889171966,-0.0014027637014599455,-0.0033106735827533127,-0.0026588657747936622,0.0024681664413308234,-0.010511585241234342,0.00261443550159445,0.0013069223565665177,0.03796505642020693
2017-02-14,0.00031098085201622486,0.002026016724943551,-0.015429322082945642,-0.00785010300334602,-0.002340554027805884,-0.008992517275230531,-0.007242628009191204,0.0022534227416002423,-0.0014490821077153884,0.008002997335498124
2017-02-15,-0.004670732679656632,-0.004444536482616116,-0.03073554387716819,-0.01804550513397395,0.003461405202488594,-0.014571590357442953,-0.03998945573044114,-0.007493823973419759,-0.007718210304816345,0.029277338808999416
2017-02-16,0.003959722015406936,0.019035744577871848,0.01697100098518575,0.02629446652545191,-0.01308228895937819,0.02119349901119716,0.018471931564369555,0.009100347326220753,0.006090485336691579,-0.034362758354044676
2017-02-17,0.015083001006913808,-0.009534311656508485,-0.00028394498998624923,0.02060255845741042,0.0029492860275599506,-0.007227519528563913,0.00397088542949272,0.00927194453305147,0.004966026084143879,-0.02209215318089602
2017-02-20,0.0061001516530306225,0.013590806935456454,0.00621290699783513,0.0016175324461598977,-0.0002740482941762877,0.02046953781336996,0.01416601323053614,0.009264377861375727,0.006496867502078924,0.013313758179017978
2017-02-21,0.008852172753226542,0.0008898464431306533,0.0015331295468809995,0.00028187277484655683,0.0004856467805749564,0.0032832862327569516,0.004418492456970058,0.007036367087957805,0.0032213817527225,-0.005895368990960019
2017-02-22,0.0003594629886377446,-0.015659285833726874,0.0009780953546981552,-0.0058699089636005935,-0.001076293835730508,-0.006368202577917973,0.001036790899821076,0.035123657650430296,0.0021363673161383717,0.012486396465183616
2017-02-23,0.0003929211916059204,0.016492250212205944,-0.0006861369067758299,-0.0019580306849401948,0.0003722423254290758,0.004207250918639913,0.007741974153615459,-0.0094502094112,0.0014104252886116898,-0.02214114042285105
2017-02-27,-0.012706973572722739,0.0015937118087291432,-0.00976922138373269,0.0009558930029812145,-0.0006755372147004232,-0.0030010848143382867,0.0017979000503923882,0.012968977294510579,-0.00479921579345047,0.020680256013600053
2017-02-28,-0.0002814559231125145,-0.0024079327996804375,-0.0012627612111935404,0.0012714744162780726,-0.0036373763904224447,0.005257986084608074,0.011988363584196238,-0.008641940752729962,-0.0019239764630964217,0.008008754536357191
2017-03-01,0.008528480772878188,0.006262525425769978,0.001650609681236035,0.010866374389767983,0.0138991791153679,0.018156695018646345,0.03805960709483821,-0.007319781210803669,0.007427659614302356,-0.015345572526493307
2017-03-02,-0.010821457675478081,-0.00060030718807198,0.0036024204119211142,-0.015036621839310023,-0.010364344520073425,-0.005762993923566318,-0.04314350221098646,-0.009358771666777859,-0.005160940111567701,-0.016332974101750827
2017-03-03,-0.003139737032471235,0.006000653038728173,-0.0025791822819260534,0.006896711815978904,-0.006112219239209815,0.006547713873236154,0.010142074921580773,0.01181202817839338,-0.0002472504647169898,-0.0007487289899189135
2017-03-06,0.008165927013258144,-0.002520253131145068,0.012268832829443384,-0.00011308248937983764,0.00499638684069798,0.0007213376577185096,0.008790713531700392,0.020535053317981364,0.00737928331770254,0.021490264164836112
2017-03-07,-0.0017510202634173845,0.0018583438341105338,-0.004751084396681461,-0.004906955356229179,3.567359532870302e-05,-0.017698162338362883,0.00821824644236559,0.002963644650742935,-0.0018480720763560477,0.017442285738075665
2017-03-08,0.0023751362866673287,-0.005538865624861963,-0.005376558093633257,0.0022179192360033207,-0.0012467137924936282,-0.01935020950993669,-0.013986256899220194,-0.01019095471680571,-0.0025292759007722594,0.014306381987610884
2017-03-09,0.0021643303228673005,-0.0013697410084792566,0.005458556126427268,-0.008091699866148713,0.0011976077556728418,-0.00675797993759604,-0.0020141454862836828,-0.005158851630824079,0.0003025208654424808,0.021778199446410216
2017-03-10,0.00029922356186117395,0.002337610131143959,0.0025494946769155243,-0.002928376251634355,-0.0022466268146846937,-0.005930364497839992,-0.0007563035721269097,-0.004096944814472827,0.0008453695473995277,-0.03033744469088485
2017-03-14,0.017937114788137233,0.011965540577989972,0.013321956222855919,0.017020376431454747,0.01783325697986528,-0.0008405834549427266,0.025645593092050216,0.0074342449716054936,0.016919058968585234,-0.11849965821951446
2017-03-15,0.002612449737484649,-0.01693606391799412,0.007764618651470163,0.0021576904601704563,0.002169686982678405,0.004737909732359617,0.0024551940395337447,0.002955635168476766,-0.00024215491551740303,0.001611640800859403
2017-03-16,0.004338881545779619,0.011669062208650905,0.006869822747258432,0.005620955646868454,0.004914770042525338,0.028811222159839608,0.012428589903490475,0.004809879993766896,0.0075555246752815495,-0.04192971209269936
2017-03-17,-0.003528610090976787,0.007241290688552457,-0.004694501114611744,-0.005255511004461706,0.025253171985136803,-0.0025706495073225403,0.007479842151286252,-0.0032721648826660728,0.000693425391241901,-0.005050470782785242
2017-03-20,-0.0030649698619186153,-0.01144055841214248,-1.0049197652092265e-05,0.003333975269236344,0.0003830480027258266,-0.0002877799638345349,-0.0038535840445509595,-0.006567984219717988,-0.0036310400180971465,0.014244067417883248
2017-03-21,-0.004331871627485797,0.0009692283682654004,-0.004561134538878918,-0.020454026984830537,0.01253377149153612,-0.0023055390656075486,0.01580115746566917,-0.004646303262338925,-0.0005863115999817308,-0.006677894369882704
2017-03-22,-0.01137089834502424,-0.0003616411921382643,-0.016168121144517877,0.001599654206626785,-0.017204185815882206,-0.012987091173144854,0.006156794453547015,-0.0032979094681744757,-0.010032042543653485,0.02726322320969388
2017-03-23,0.005477957371529232,0.006240169015998425,0.009542299108517728,0.006132159701629822,-0.0023733760440390788,0.010997567262530171,0.0021223776154735362,0.011853525158521559,0.006165541424006181,-0.03567365368702182
2017-03-24,0.01080734204383798,-0.0075717804714502375,-0.0019822305030793193,-0.0017841181656783043,0.005120669577423788,0.0031429578820691435,0.0044658527861715334,0.0025063160502818154,0.0023853850750034113,0.011754912133295263
2017-03-27,-0.0031128548001759537,-0.011247974350550699,-0.007126663804651507,-0.010900941943852351,-0.00047117392265668496,-0.02687079163398623,-0.0007037837075684142,-0.015575066541824759,-0.006918896341847197,0.03767849910314132
2017-03-28,0.007970280207321625,0.0030520878549232995,0.008082863804416392,0.005329608512822287,0.0010082096491047666,0.006279220353305137,-0.00423335139153851,-0.0008581927582751292,0.006128048426003716,-0.026060082380938498
2017-03-29,0.007778705760245915,0.005620344624959295,-0.0042617642287648486,-0.00747715362625474,0.008689062548632142,0.0038170315469565398,-0.0035414983142654744,0.0036223280167754913,0.004713732341589461,-0.0024782939511470764
2017-03-30,0.01067379207070767,-0.0009780179617133063,0.0014766843152884083,-0.00117158630441801,-6.336667126431716e-05,-0.0030492372592712236,0.01828037398050548,0.003385172771642288,0.0032701122498964663,0.004950461142170308
2017-03-31,-0.008199258722332532,-0.002566018017109239,0.002016199930737356,0.0003699205219682482,-0.005451833927813716,0.011318302989262846,-0.0016269897999950705,0.023543663499330857,0.0,0.02197894425829074
2017-04-03,0.004819559677947521,-0.010448434471820802,0.004130988634938456,0.008845468248488803,0.004124419120351301,0.002950512791855165,0.0191228457138682,0.014547679748338116,0.006962987433382358,-0.0778310107075885
2017-04-05,0.004858685194015372,-0.007743289052555957,0.011270695199120842,0.003563829382851928,-0.002367493085932195,0.010107502919216783,0.03056412199666109,0.013437861640427597,0.0029509594186491106,0.005208381541069537
2017-04-06,-0.0013749234119908357,0.0026463328114311076,0.00017439963311283657,-0.006801292546071899,-0.010001605665498422,0.0028328320443817244,0.009033896816316058,0.01196146575257788,-0.00034546099962948787,-0.02276807869890112
2017-04-07,-0.008909738290441364,-0.004984850399621119,-0.0041489601049874815,-0.017721105561030362,-0.004870689579819195,-0.011203059259006186,-0.01480522379222202,-0.0056579666313202,-0.006895967591191596,0.03481636480587914
2017-04-10,0.0041442825634413925,-0.014176218524195476,0.0036705535798785033,0.002912397267587815,0.001255872417907454,0.008752639119538323,-0.0055809943541273496,-0.003123866648785512,-0.001833497636833679,-0.006005998013472343
2017-04-11,0.009987092970841537,0.005854211516209738,0.000951623697518492,0.003845907475452151,0.016497768488610856,-0.014894714763998838,0.012237331153423158,-0.0004328140052861388,0.006031992108960761,-0.01911441963695659
2017-04-12,-0.0031956570544687465,-0.007277160114189759,-0.005282769091176466,0.008619972427818095,0.000779732026652139,-0.006765968343457094,0.0013259130913506041,-0.00821278321882317,-0.0036387226287440087,0.0199746544325283
2017-04-13,0.0009133797788383423,-0.025433433450458596,-0.008017313690847707,0.008270951289516644,-0.006880288511624362,-0.028284347972785864,0.007042309584404535,0.008724662061827149,-0.005737149166000338,-0.004308510814295122
2017-04-17,-0.0017999854500559773,-0.00630946397799986,-0.0018134399867066025,-0.00795031862149896,-0.002043954194685478,-0.010843848492875445,0.07720468856246071,0.007415129048814344,-0.0012575110864404995,0.02641827402118061
2017-04-18,0.0011196026292051267,-0.0019367586854553394,-0.007689163581790092,-0.008916463742932354,-0.0032855064001361123,-0.017798473733567563,-0.0344897627749883,-0.006334038907204029,-0.003743544319295666,0.04038453692285969
2017-04-19,-0.005343718450026584,-0.0036885874621097564,0.0017968311596609776,-0.003361250226569568,0.00017965203928952848,0.0050025628281220175,0.014601844938342552,0.005751618569232832,-0.00018127544810997014,-0.01300830090523228
2017-04-20,-0.0030175803580713644,0.009432686961756288,0.007958077204615662,-0.001658144319308245,0.0046072905657080325,0.00131947119978393,0.02090242536772482,-0.002672797654648837,0.00360752258526342,-0.05552307605198053
2017-04-21,0.002790222542605014,-0.003082668724891287,-0.005169859348187634,-0.009306629226744443,-0.011358062677246867,-0.004944267513569633,0.023846423667433912,0.010328857500300593,-0.0018624222643066866,-0.012184688634658315
2017-04-24,0.014096475085596503,0.0050032963864753794,0.012038295365807288,-0.0030167415116184445,0.004931881719702262,0.007014306481344477,0.023677802913388998,0.006486371494096044,0.010748636018943606,0.018221765462125793
2017-04-25,0.008986156199778095,0.0032656152480402814,0.011176749951990993,0.006239265137593678,0.017839729266171146,0.006863681795462393,0.014971582581339807,0.010834726634890287,0.009571092601938416,-0.041252033090305965
2017-04-26,0.008494905732987468,-0.012414158829498466,0.009797942479931867,-0.00433003826495961,0.02244573976299771,0.004082090677999392,-0.030170604847782907,-0.010386694318156673,0.00485035901773151,0.05066585162363797
2017-04-27,0.0037447554929386792,0.00456473909694112,-0.0016304820333558573,-0.009577768107919105,-0.00981171401862103,-0.009528263564926904,0.003919268289148863,0.0009320148219816982,-0.001037682638315093,-0.05876307575132887
2017-04-28,0.0014300063490560566,-0.006880087545477533,0.008033113211734748,0.0020672074600172926,-0.016405056662313507,0.015091044642064374,-0.018157163014818546,-0.002162596246868887,-0.004086692040742791,-0.019152436260448297
2017-05-02,-0.0007561852011624292,0.006280647980089251,0.0038540000328676004,-0.00838916788020482,0.003360676938308678,-0.0057486750593305465,0.01815716301481859,-0.0016893709994600802,0.0010473820656935206,0.05290343044990615
2017-05-03,-0.001525207621020964,0.012385093698569827,-0.002114962317942469,-0.005450048212112185,-0.0030059247252124514,-0.002200332557321269,0.015332710689656786,-0.002453417077123374,-0.00019860777483643832,0.0069625977793051855
2017-05-04,0.018336003524656492,-0.0024261649227967984,-0.005975198975025578,-0.00028053031273865016,0.01125220712555054,-0.00792738509411938,-0.008704958525613723,-0.00597047055443213,0.005136105872378302,-0.017498242815371323
2017-05-05,-0.00508116289380936,-0.0019957953140233185,-0.010221632999694627,-0.004403871557001725,-0.01350740868160921,-0.024498817049575888,-0.009369614284412232,-0.017847561635239595,-0.008002164979810267,0.056618881643912856
2017-05-08,0.0071586838623400395,0.01210142936830414,0.005829817682728759,0.00860884775035082,-0.007998317911800473,-0.0008229147453243466,0.04111219439003331,-0.001330029066075274,0.0030915084131222883,-0.027051497113950763
2017-05-09,-0.0026410124705961496,0.006876895504932602,-0.0009102158998867511,-0.002332775019792316,0.0036470256129924996,0.007712697312529566,0.004507095731239048,0.005956455121989435,0.0003005549701442118,-0.04917588008667762
2017-05-10,0.00540425795570868,-0.005858777380785654,0.014280638214113926,0.01079403014779774,0.01796511020372639,0.007843499723294187,0.0011235499045938447,0.011432062790583262,0.009661416055306064,-0.01450613390559944
2017-05-11,-0.0005213950726269793,0.0035700790503613174,0.0103164238848289,0.007162883540317252,0.0029803983347605123,0.005589537019752885,0.0026168695570287785,-0.006743861393404966,0.0016039118008357616,-0.010096428755926947
2017-05-12,-0.006451957994506657,0.01078399062556272,0.0017706568355533071,-0.005659966957695234,-0.002454552417665512,-0.0011325974183821062,0.006141245235016731,-0.001608804387862745,-0.0022844037397764944,-0.019562806968173533
2017-05-15,0.006585648623805755,-0.00266091222098551,0.004983115390256425,0.012903644811191124,0.006342771187723773,0.022562500802291566,0.00757784917863894,0.0015714027320034437,0.004722420937348687,0.004692658986859526
2017-05-16,0.00468200286302981,0.011687024388793543,0.011020726202774837,-0.0005560213557883369,0.010356931616897715,-0.004846340083911029,0.00934678604852673,0.005216291693116948,0.007052549770711115,-0.011299544092015267
2017-05-17,0.00032049566636387886,-0.002296805623269152,0.006794542440275827,-0.00239873892177416,-0.00426836757705823,0.022203607741418874,-0.0016431302903857595,-0.002180118388811511,0.0014182164368899746,0.00754719816612951
2017-05-18,-0.010402318223621487,0.010322764670996534,-0.022113099973293308,-0.006112967289423538,-0.01673605338212087,-0.027972399157492892,-0.03325273993630103,-0.01575736244263186,-0.01016086690923151,0.10263119513306926
2017-05-19,0.0031318500397590236,-0.008499262267120881,-0.0025472156526771374,-0.0004134783222890467,0.020279907774149532,-0.0013072783683410593,-0.0007559040511766772,-0.007576354014038663,-0.00016437141409942322,-0.0424489687162571
2017-05-22,-0.00514945028372697,0.0046276060873290704,-0.006732599016317377,-0.01957770503136539,0.03538280766636959,-0.005758565140232796,-0.014854563186598028,-0.008014462036113055,0.0010971618691591547,-0.00888898132633596
2017-05-23,-0.003097015029267042,0.0005092146916467518,0.003928481463402928,-0.031715052911138505,-0.009063957826020303,-0.004246486497722444,-0.027820135234265013,-0.012149850306488897,-0.005535341505865151,0.0855221748340554
2017-05-24,-0.002061235898651753,-9.515019288571709e-05,0.0005440774065260856,-0.021089755023420014,-0.000634125811254584,-0.022840216999259214,-0.01590807080439069,-0.00111664637001867,-0.002731211528938736,-0.03079726456410248
2017-05-25,0.028628295675987774,0.0215703270229037,0.019243080844053732,-0.026580827816675513,0.002803597936055739,0.01798964635433748,0.020827887930536956,0.0070079295832312085,0.01581355951256376,-0.12403671138242325
2017-05-26,0.007363617844515551,-0.0002746812986593473,0.011591888228988911,-0.015192321693266179,0.01783524044962283,0.03322022134200362,0.005676816553677375,0.019654962387288095,0.008934922695320598,0.03848432273359582
2017-05-29,-0.007710836238684486,-0.01568307975883063,0.003908702668163695,-0.03397409969928329,0.01712197498660212,-0.003006767487008088,-0.044096871121103595,0.005177077263824791,0.001020914802213731,0.08216542842146755
2017-05-30,0.005355981644564921,0.003839048917948778,0.004504629872477816,0.026201487060594515,-0.006365603240453369,0.0033402953813699435,0.010148250024938967,0.002856645290965569,0.0020436799494468433,-0.0016977511491481757
2017-05-31,0.005030911035714031,-0.005662186280096191,0.0063443646630187795,0.0038800080527947632,0.0022624770155273482,-0.015390881022326873,0.011245049389730685,-0.0023743750205748163,-0.0003429116745806887,-0.000849998231373242
2017-06-01,-0.004906475765335496,0.0024238630083662414,0.0019069637847556027,0.00879203846123449,0.012457937496443755,-0.0088437456047148,0.001197378140419899,-0.010871727482715391,-0.0005354574151470177,-0.03901663470380534
2017-06-02,0.0028167217859272984,0.003233628691241132,0.004639650219025339,0.016313308565825784,0.008977068768076,-0.0012306561851240046,0.0130772740272359,-0.003324277077694886,0.003881807442491232,-0.04521565676084438
2017-06-05,0.0035763051418252383,0.004809760016439144,0.002350509822746172,-0.0026995891358950436,0.0010959639306945706,-0.00596990994348393,0.0076478339617978295,0.00414621958675588,0.00223499051174814,0.019240174795548546
2017-06-06,-0.001849484498333148,0.0229199428307076,-0.010886038789259887,-0.00599320887423897,-0.014164960846320362,-0.0032917896000134264,-0.013768903763973191,-0.011003551048056554,-0.003930072114359614,0.00993233030553557
2017-06-07,0.006442622697389176,-0.019067148669233775,0.007639530403740465,0.013634763512131403,0.006552013410436145,0.009774677889928054,0.0011876606842195832,0.009520204565548359,0.002771871586730097,-0.02179920709836396
2017-06-08,-0.00133964502943975,-0.014234697152482847,0.0006629465465347314,0.019812071121249428,-0.0017876912706528332,0.00879918308493219,-0.0019801986668624536,-0.007471282970058115,-0.0017244332330555142,0.016393750681431674
2017-06-09,0.006555622058060816,-0.010227440853010129,0.009805810279157069,0.002179554274426414,-0.009281652214892128,0.01580289788276375,0.028913887549905707,-0.0010945751322641154,0.0021744203643893584,-0.019152436260448297
2017-06-12,-0.00934890081324524,0.0026872364856645632,-0.0075961882008668685,0.008014206815757324,-0.0029571564434527865,-0.0035925281302232994,-0.0023135006451255485,-0.004682229305219672,-0.005377306123000276,0.05027992801631935
2017-06-13,0.0003152607048652885,-0.012662502950173864,-0.004905312195766238,0.0008657469512374904,0.002988024760944464,-0.007763651728586076,0.00730781873011894,-0.0003696657983738255,-0.0009883839285963953,-0.007029899153266684
2017-06-14,0.0008876707202482076,0.002617676356130427,-0.0004538247300093639,-0.0016851281023646401,-0.007648032547478629,-0.006821854901911962,0.013512386429736779,0.01433420614874633,0.001170348147540874,-0.014209816731793957
2017-06-15,-0.0045616408342158505,-0.008530294645675908,-0.006056644690846245,0.012437950366734656,0.00033981936045791676,-0.00382904246221759,0.021321219405505215,-0.0015566118915081514,-0.00417797729350316,0.013327573282581457
2017-06-16,0.0047340111955506805,-0.008652755997681342,0.0027454393743507697,-0.017725505549054218,0.006230269473632404,-0.0004774971843945063,0.0027718763609709918,0.0037496469061799173,0.0010435092284018055,-0.036858091002731665
2017-06-19,0.010134565450402276,0.0008240767277280524,0.0022147840759336643,-0.003818082684670552,0.008141773365477799,0.017367575498557306,-0.0031420636690165193,0.007579113570542297,0.0072224616043765726,-0.026915774183683804
2017-06-20,-0.00186347407417327,0.008985854683502359,0.0006791218600923156,-0.0007695710657062169,-0.0027059160919217858,0.002110181146003575,0.001849454896363793,0.0016689732868068134,-0.00041942875067181194,0.0028182013039371474
2017-06-21,0.000455670067823653,-0.006488461052536116,-0.0059992446037353325,-0.0026507205220737953,0.0076922715247273775,-0.011830640689877098,0.005527929928171833,-0.0029583400463631926,-0.0020635967138743832,0.024097572879746555
2017-06-22,0.0011529146000672894,-0.002335666155198323,-0.0013621935728305955,0.0015637674776050466,-0.0026332937872293005,-0.013944567037843443,-0.015929280545919168,-0.007288262177831048,-0.00037372136982585634,0.026210263183625987
2017-06-23,-0.008179174418250017,-0.002842415557739343,-0.01708477520066018,0.0006913844785230211,-0.0009111329677455771,-0.00697671262762729,-0.01637674468384989,-0.0036217030926566497,-0.005732892290795095,0.030744659056243243
2017-06-27,-0.013965448004154911,-0.010054706145223115,-0.00577459975776042,-0.0010820197959327967,0.0009341038895427833,-0.002561673595544852,-0.012989769712592926,0.0008111254097900855,-0.006659213268124637,0.07897744323147667
2017-06-28,0.0008438730715335715,0.006405221002720232,0.0006096924297575475,0.0015249636865112726,-0.007912619191559323,0.016074614398974053,0.00785226033834608,-0.011450620095776244,-0.002120798705808072,-0.04245539282470121
2017-06-29,-0.00036798741943702186,-0.0009032912606061669,-0.0013711066944037415,-0.005726915676074026,0.006206189354339791,0.020075113997804827,0.009304089591181898,-0.0011514837469944867,0.001352921804466218,-0.052215511195524
2017-06-30,-0.0006934655536203964,0.0030227089101228215,-0.0026435358773440926,0.018724364708411136,0.023004788986485985,5.019481096891754e-05,-0.004166580216935087,-0.0026171210405146797,0.0017661798283679123,0.030292184885842947
2017-07-03,0.002650473838230858,0.0034209890074393366,0.01326053717603081,0.0010299713190195993,0.03796431977219689,0.018202932306739507,0.013759499976385287,0.0036655271050486824,0.00983495586260243,-0.046235862369197106
2017-07-04,-0.002521232735745547,0.0023085333669046397,-0.004823959109488366,-0.010280044997861943,-0.008663667515454183,0.0012629822464578053,-0.0050671257449082,0.01327570620243728,-0.00017684302140083614,0.0071174611259955806
2017-07-05,0.005944168653677085,-0.0051781669176741065,0.007054380699772916,0.007452781708419138,-0.007217182312458588,0.010663787768097288,0.015310254460773373,0.010282937870503502,0.0025245384198064923,-0.011591758703550226
2017-07-06,0.004871943960075104,-0.001157091206745403,0.003892533894226262,0.000969355743472231,0.008457875942027397,0.0036910249488894095,0.017449243877972156,-0.0030077194548631682,0.00382663157881288,-0.015364069302892483
2017-07-07,-0.0007460260514251366,-0.006038610150482042,-0.001634399002939038,0.012979942959338076,-0.004209080435997775,-0.0021028801020079447,0.017507913837248135,0.014285658873525129,-0.000904844097829429,-0.010068703785728522
2017-07-10,0.009587549209990201,0.026635098020109695,0.006151253328946381,0.016381244563493696,0.0003149011885795301,0.013558353622832512,0.007309018181694039,0.006205932318847809,0.010830050223587575,0.0036730952539467854
2017-07-11,-0.003827805700858552,0.006724417423029374,0.007470745442537315,-0.008412056271569114,-0.004117745461687884,-0.004819995620115906,-0.01539313622708862,0.0023754684884097865,0.0015339700917757582,-0.0018348173876292506
2017-07-12,0.0046890453305087195,-0.002736242496380687,0.002589401942684369,0.0016462660827970183,0.002345428756755218,0.0037491474995749257,0.0016219943521911166,0.012938481911112234,0.003065972775967725,0.014585476753542917
2017-07-13,0.008120465711296312,0.003747217835773456,0.002957813726390629,0.005834582135371446,0.017808953224155353,0.008503491146887514,0.0023383189641460727,0.0024892029271269306,0.0076721863955028615,0.017937683425593834
2017-07-14,0.002051146056292083,-0.010582001864173674,-0.004068042921281658,0.008369726425289006,-0.001943283514592544,-0.004194928074792654,-0.007212436919975844,0.007671681016117013,-0.0005410630593885717,-0.007136508739065086
2017-07-17,0.003226116306383261,0.011089490464403811,0.004049737760408899,0.0036586017855776984,-0.01711341808141476,0.009540135666382602,0.014729945644242865,0.006903277699881227,0.0029896131536668747,0.025631094703935722
2017-07-18,0.00029144478836051947,0.004522713981000502,0.0016399727607784458,0.002952170701118082,-0.06969487320135406,-0.001704811041954971,-0.01021608023846856,-0.012592909793091581,-0.008995588419495522,0.002614357325274253
2017-07-19,0.005421912025353089,0.008597064799431226,0.005258006468512143,0.020761972765232974,0.014307528506982166,0.01923089539187725,0.013420618945954936,0.00931140987377281,0.007345309743460549,-0.02022042890204621
2017-07-20,0.0025100259092353224,-0.008792429882150963,-0.004683078250745005,-0.009212138674803257,-0.005913509002409607,-0.009279812960456752,0.0026626448055659213,-0.003461068083685758,-0.002660188538483533,0.005314402777517413
2017-07-21,0.001803232097261826,0.020790498460151113,-0.00048364486830368035,-0.008750509100334175,0.0012665366163979066,0.0021095241725386095,-0.007651942190963347,0.015593972074483467,0.004239851688892752,-0.02052723069471726
2017-07-24,0.006729928418144473,0.010401717368995068,0.0012223402095844571,-0.007178261555705488,0.00917829998730141,-0.004897759654215253,0.00035722845389992135,0.008205002771641039,0.005145498736317388,0.019643512108088592
2017-07-25,0.004080334877848365,-0.0012203252587979687,-0.0033148569491827837,-0.0050173446994072135,-0.004174465476487781,0.012486440129429753,0.003742942845169438,-0.004269396117801697,-0.00018569972075426088,-0.03600754137049497
2017-07-26,0.0060986376305947375,-0.002537771347161076,0.006477925950961057,0.010642474331310029,0.006708402941434717,0.017110434869157767,0.005322936858348715,0.007911089315379684,0.005614227803035337,0.023551834052442468
2017-07-27,0.010150779291784038,-0.015952513719064847,-0.00771353922397042,-0.015720503817333666,-0.004956833928967056,-0.010071072587353189,-0.002303106404051448,-0.010036872875112353,-1.0037915545995924e-05,0.004466303982545025
2017-07-28,-0.004467839032774436,0.008178669177316085,0.0014505098586510485,-0.02124070934019429,0.002442102340058516,-0.013380051043359889,-0.0024861731217122934,0.0005565126635779517,-0.0006039221195206731,-0.007155658575852857
2017-07-31,0.011714101283288446,0.005248138763271234,0.006181287487574227,-0.020492567212955042,-0.011186255082868678,0.016329181007082427,0.00620404338353602,0.012376447169669336,0.006231441314613235,0.0659961027431474
2017-08-01,0.0007624930936981596,0.004276884298853098,0.015176029388508807,0.0043066360799372885,0.0014420100723875706,0.009403659463878332,0.0,-0.0007173893428540552,0.003719422490879323,0.0008400024942593324
2017-08-02,-0.002694425326776531,-0.006920860976900246,-0.00328627451214395,-0.006678510360404083,-0.009759878867584887,-0.002022830790819308,-0.002122788994851727,0.007979049345722036,-0.0032828454686495033,0.0025157022652151973
2017-08-03,-0.015288736950934087,-0.004189630081204198,-0.006799469803898456,-0.01245833104681118,-0.0018641249731247362,-0.019245581936000625,-0.008536398336460431,0.01217537238242892,-0.006752859858295522,-0.025446601022304952
2017-08-04,0.00615721386368788,0.007038145755351087,0.007095791137655351,-0.008610557401399033,0.002647176655622001,0.024681255901376244,0.0023191300207916214,0.009336347813087002,0.005253982862758577,-0.021711664196811118
2017-08-07,0.003172947808498338,-0.007384584912456755,0.0019106054543937582,-0.0030076789905148973,0.0022459573349907468,0.011756797958472448,0.01538357970019212,0.004820345721296867,-0.0008944632972548343,0.04380256045964161
2017-08-08,-0.012396643803390804,-0.005173076610762827,-0.0036854600876575464,-0.011245093800029965,-0.011882782154343373,0.01460375884311296,-0.04504221725129983,-0.017104244565144425,-0.007870951189924851,0.07056033783004638
2017-08-09,-0.009184553889378432,-0.0009559044977963253,-0.017434138422682162,-0.04020188214201507,-0.008064103630231993,-0.0020078101038152954,-0.004968291198652336,-0.002525749126010854,-0.007090231284273741,0.051880385975567114
2017-08-10,-0.006472282959856555,0.0045873398172329655,-0.029646250802061767,-0.029291197820158692,-0.00533435702562475,-0.01631430514584288,-0.052060588825357725,-0.01585185796329684,-0.008900958038211523,0.025689514117708603
2017-08-11,-0.009609429001764994,-0.0014359679519099287,-0.014123690394448817,0.0009568101038960925,-0.008312605042818808,-0.03424185561036883,-0.00937138440757801,-0.011455536887668363,-0.01120793220489222,0.09662680931935846
2017-08-14,0.005405231783848642,-0.0056276889844691065,0.013524858476367667,0.027404208691723428,0.005872648906678677,0.03362585929097682,0.05625351171095679,0.01571041750078196,0.008546660459731773,-0.05545705505264449
2017-08-16,0.01326190959783339,0.00681514292385179,0.016708414472210192,0.011500144480728674,0.02483714661631577,0.017092861061307887,0.008493471607730618,-0.0022069905224348886,0.010476664391422662,-0.00978347034057286
2017-08-17,-0.008236299225054094,0.012872097512793486,-0.007832950332947624,-0.007057009011431776,-0.0009188224124797311,0.00741931292399062,0.005683351106024574,0.004758300501488974,0.0006919277268328227,0.006997955901524959
2017-08-18,-0.006739623566237401,-0.021322591705731017,-0.0017126747202661223,-0.01808889613923241,0.008094887526762544,-0.007212489891304984,-0.008076447191737113,0.0052026937640409325,-0.006762412448120804,0.015911753449431857
2017-08-21,-0.005746574349336431,-0.012370446875095947,-0.009751041894175914,-0.017420600998222957,-0.004674801223412316,-0.013998459740726443,-0.010188103774170372,-0.012684663152494315,-0.008478188903126932,0.017013000014158928
2017-08-22,0.001584093618034015,0.0005937093264585042,-0.008534540903035346,0.008964223127931178,0.00023435898043926024,0.0007786557333174507,-0.008977034209977905,0.003677917590894619,0.0011475670344457027,-0.04909385774293512
2017-08-23,0.014178857639800492,0.0030586178830600895,0.006645813610479665,0.005726681589618335,-0.0003437758261492867,0.017038657942583125,0.03380133112157735,0.010255938432880196,0.008864363739937172,-0.06818318930402677
2017-08-24,-0.001753415865069306,0.002444973744388771,0.0017657806048465281,0.032678080459227384,-0.0016011131024322124,0.004829955384511599,-0.006011472521896064,-0.0032381057636042695,0.0004616853061997081,-0.04738755390477013
2017-08-28,0.004230094047210994,0.008380649656336383,0.0019750159280355686,0.008166918274685207,0.008063679222810394,0.0036254413933464193,0.003101365663753418,0.0022704714386398038,0.005639916223863896,0.005553417556270643
2017-08-29,-0.0102318575147031,-0.008180781085524298,-0.008423470623735755,-0.012331925991300506,-0.009062025183639185,-0.01112260985094403,-0.008965432888195098,-0.016665529369812315,-0.011847608353940924,0.06878184878645376
2017-08-30,0.007421952653316823,-0.0012143292324019422,0.00653353061122621,0.004838782749723869,0.008904773595331828,0.02611278886672027,0.016767319220499278,0.0189770812533143,0.0089785730092648,-0.04919642108086515
2017-08-31,0.00039900734700465233,0.0061753515487516595,0.003795179082830564,-0.005448035845124031,0.002986886278942992,-0.0009635638320687742,0.013463986111371028,0.011991721087243064,0.0033834484516002566,-0.07572058116946667
2017-09-01,0.004742378556113024,-0.004161761511028378,0.01969165453286004,0.02365239464436362,0.002777246377511388,0.019281351861493858,0.02552730869749263,0.00521073020124291,0.005680605029627355,-0.022853258888299022
2017-09-04,-0.008101432533476257,-0.006933590408945851,-0.007902760612764282,-0.00014889011490273212,-0.005626289762560647,0.0014386534648742322,-0.016650985358048574,-0.004161869617301334,-0.006189993868598528,0.12006351802005585
2017-09-05,0.0037660910753523655,0.005372569901962748,0.0030497851393893657,-0.0036171998621319077,0.002229534258141643,0.008574533729764019,0.0140402449805967,0.008415664001674622,0.003961795997934277,-0.021489677962290118
2017-09-06,-0.002022283572050052,-0.0072993522305358155,-0.0023330620060061373,-0.015645771234909258,-0.013483818938677781,0.007448124233931032,0.0006969066729141702,0.0012948348799653293,-0.0036238487939692175,0.01768593120740219
2017-09-07,0.0010599506635547607,0.003763884763479855,0.008497143661879926,0.005771585286167487,-0.006453036506425954,0.01144634871646275,0.007979184720926956,-0.0039537138750743205,0.001380643762176384,-0.008419464676136109
2017-09-08,0.0027077657291520243,-0.0004111183527381343,-0.0054402085635225,-0.01219863262775823,0.003927581600119811,0.0017946942447409034,-0.01479445690917382,-0.006604116044435391,0.0004932784400140928,-0.003850616249608063
2017-09-11,0.012293387528354547,0.0002724793367241171,0.005620136215432597,-0.004063492960112686,0.005557375280517392,0.006018085692328419,0.0066410378898748585,0.006536181389580921,0.007146165244692658,-0.04740226961494535
2017-09-12,0.004547418306666218,0.0039693200355717575,0.011570560451758327,0.021533808993506782,0.014097562795371141,0.009761735937679254,0.020174858907620476,0.010739819817735698,0.008657158285843384,-0.04976146231940071
2017-09-13,0.0018985688419689967,0.0003998967443855812,-0.0045608906205903185,0.015934879425278724,-0.010897250878003136,-0.010809930722687404,-0.012712700501203898,0.002440560146333998,-0.0013632524119145414,0.0
2017-09-14,0.0032345666514706456,-0.0008808958252873906,0.0030185250451958885,0.025944349518194215,-0.00015995167496986825,-0.005668214000941687,-0.005200219507036276,-0.0037342459491803873,0.0007239751479918529,-0.02496900751131426
2017-09-15,-0.002731300680672904,0.009831438632524789,0.00204833413200361,-0.004578239059997821,-0.004783531035096215,0.003527669975098366,-0.003307556977744009,-0.0013177505038361053,-0.0001188993408102696,0.01814304910623649
2017-09-18,0.008121717687925986,0.004682526762285171,0.012085452626714894,0.00016595374738795162,0.0028345476305599343,0.007194311225799807,0.006950505826523332,0.0022675855227092334,0.006690166885736892,-0.02076205425627439
2017-09-19,-0.00021360898305822974,0.0005022081955584925,0.005916840313115139,-0.0048943784477374335,0.002734931453356148,-0.007221636048363332,0.008792360224025143,0.0027173612797977524,-0.0005467613092135457,0.0026190051500377906
2017-09-20,-0.003059634035892709,-0.00032854288045912523,-0.00604286653544289,0.0027828203857572977,0.0019533937430440806,-0.0007236463449430101,-0.005335139840167313,-0.0002535334508808637,-0.000630835313560427,0.0138530219488133
2017-09-21,-0.006663466447534388,0.0002346844998543882,-0.004653494198926355,0.03271077269892101,-0.008160182128750108,-0.00595945230192843,-0.01530196384756786,-0.005720903658224397,-0.001900010615274047,0.0
2017-09-22,-0.017507714874435323,-0.0020436023168187993,-0.011361045703473556,-0.017208917186078032,-0.010623225521132535,-0.041236593832322116,-0.04442784542193651,-0.021766906987581918,-0.01568265154818977,0.09663817229488483
2017-09-25,-0.008398271781425643,-0.005938272859558727,-0.010913094838461007,-0.017951223216795084,-0.009547697378093516,-0.012014132116409693,-0.03182558805722677,-0.0008971958123690276,-0.009255576609087487,0.04054090326024459
2017-09-26,0.0014101343886417576,-0.0019557476163532283,0.0006982656137906016,9.148569145490811e-05,-0.004356817820182523,0.02375828993998968,0.026499054480860165,-0.0008518862945001496,-0.00011138612526191736,-0.031216835539935737
2017-09-27,-0.01608803163589321,-0.0004077054817302349,-0.015837606307416235,-0.028522190445252393,-0.01278639765443073,-0.01593417619536803,-0.029719082390480697,-0.016634223992245085,-0.013847140123069935,0.06945675260508088
2017-09-28,0.00816386811102911,-0.0021171277452068844,0.0035256590146115463,0.008276398287459595,0.006840457520763723,0.006978383370256433,0.010943597572871513,-0.006823073697082141,0.0034043309606841105,-0.05106544744279549
2017-09-29,0.0018663782827946609,-0.004433995643896495,0.011872686630781011,0.006677918691111555,-0.009911568733271474,0.013826379161638438,0.02611496730565494,0.003977333316352625,0.0020093949262780385,-0.053013215735920806
2017-10-03,0.0020932209737021114,0.006731245443813486,0.008519508126706635,0.004606449611294547,0.010837357023186904,0.01212239202473584,0.0027384772933037706,0.013422728774886525,0.00721705404356513,-0.00240478939141718
2017-10-04,0.0004106670602318248,-0.0005928118405480215,0.003565818358171802,0.016931323170905444,0.014358397138806267,-0.0015316710321177879,0.00472895687330041,0.01651755830329088,0.005603258200374948,-0.05442396878527145
2017-10-05,-0.002293922139223593,-0.0014431124771811278,-0.0010057419385939648,0.002328687160793775,-0.0037931689407804435,0.002866433379199872,0.009031853702643734,0.0002925360338931164,-0.0026460047490028745,-0.00765636676832376
2017-10-06,0.005469614851920751,0.012341914805070714,0.00686459085638555,0.008859749626794202,0.004794457589587944,0.03094683249134848,0.0014376441436145034,0.01809246723234709,0.009160338481321154,-0.05169790233627992
2017-10-09,0.002555685991034553,0.0023295014567509043,-0.00010904522135652454,0.0029446929005822525,0.006178497425079008,0.001709462905683148,0.02307521524531372,-0.009534283130607776,0.0009064103842389305,0.02399052907057537
2017-10-10,0.003932073519886278,0.004297786640065719,0.00218280966307647,0.00258453698974946,-0.0032282881786423493,0.0009946908094969394,-0.008635218533716264,0.0076788129368040945,0.0028192178944088774,-0.02489023485216208
2017-10-11,-0.009906153978135008,0.00549009503964968,-0.006325562894940934,-0.0093983400687624,-0.0006885811118158304,-0.014371045070765505,-0.019480599333889643,0.0007284232840565939,-0.00321476053982032,0.05430405089094732
2017-10-12,0.010472826557124249,0.008866241719214178,0.010162342512136187,0.014296955234435565,0.011294766718198068,0.01970400755429941,0.016644766963164245,0.01947314837623014,0.011115046293774924,-0.06062458624673991
2017-10-13,0.013370132716670787,0.003934827999977508,0.0005462442143670841,-0.0032945169644716093,-0.001522340911119019,0.011453778592506993,0.0030127646569975265,0.0018257503399839341,0.007012497012134821,0.01973160564492018
2017-10-16,0.0005628642686818029,0.0034176909960114453,0.012428854874788052,0.01527725461036432,0.00676890165861236,0.01856071668882151,0.011086869090704212,0.002395091505642823,0.006216166917771876,0.0044306841908887855
2017-10-17,-0.0023284067906014214,-0.0017256355072690303,0.0004501838413728664,0.004940035154514672,0.0005211785218420434,0.0032886122685114876,0.008885807185696277,0.0012391123710885057,0.0003518722920273383,0.026179438909086524
2017-10-18,-0.013556334121550455,-0.0029790007149209643,-0.004828181310609848,-0.012183106344258529,0.002459861390450494,-0.003742618236024866,-0.0010412628036028425,0.026300961559864174,-0.0023086574073600593,-0.006047508364179789
2017-10-19,-0.012582020873139204,-0.0017752062039366502,-0.005400500618839888,-0.0030286720208998713,-0.004059410934188931,-0.008809494387764181,-0.002433979616700509,-0.008114330073212597,-0.006317115188263494,0.07187718407297984
2017-10-23,0.003291210071538424,0.009781385426275184,0.00020254167008055258,-0.005361698507006407,-0.006306032901716651,0.006081121498227584,0.00935561969405356,0.017770373972277903,0.003767556695072139,-0.005661130858718064
2017-10-24,0.005516333372834174,-0.01033246096582169,-0.002699439452190767,-0.005485474687173851,0.003291329054351491,0.003921344414903199,0.005674484642707687,0.004221411708267885,0.002241072913402321,-0.06189264047144668
2017-10-25,0.033043277824941306,0.003727645276500938,0.006324704538286069,-0.015209923328780607,0.0052873040045844245,0.0036865327767933915,-0.004123759132601379,0.007445538980793839,0.008549942456258083,0.014561291416083411
2017-10-26,-0.0005474171664930768,-0.0038884328632562064,0.005571725267294345,0.008692377122899997,0.00023399841700808281,0.02029589823811889,0.004295170339086133,0.01253095374107876,0.004694988474485417,-0.011976220358072713
2017-10-27,-0.0073262340856926084,-0.0019314702535973402,0.0093474665871909,0.023247171096690934,0.006626672124903357,-0.0016841062181043238,-0.005156422671219301,-0.013267431579780319,-0.0020080474155119445,-0.012121390558613868
2017-10-30,0.005980570035989494,-0.0007137479796019623,0.009549641478892975,0.010796319670138636,-0.006884058159022548,-0.0003168828851520604,0.019792552782778992,0.01001774432228157,0.003925288971653147,0.053425178198114015
2017-10-31,0.0012317729896183514,-0.0015120104958622146,-0.004956911428357349,0.00011792317088856877,0.0019522390100274196,-0.017262531102611275,0.02848052476628073,-0.0014219868561237406,-0.0027393276855447964,0.02688552436513765
2017-11-01,0.01865431679683514,-0.0019026000190268135,-0.0005718433305146144,-0.004566601652997773,0.015300267364625019,0.017858150769331622,0.025613311278077075,0.005093380273858523,0.010127272636955603,-0.024411239668142334
2017-11-02,-0.0024803629651614445,0.0026357959935339372,-0.007122625321733211,0.029719113073734385,-0.010012080225716122,-0.0013692479788701786,0.0003200707484275773,-0.0024506838120588424,-0.001600839619376669,-0.010766158762147525
2017-11-03,0.008747349252425849,-0.0006271465484374198,0.002726156734518067,-0.010783083186039674,-0.0012942277749787084,-0.000659973546932818,0.006856421398693071,-0.0023740150168897146,0.002749549839980272,-0.008361284594033926
2017-11-06,-0.0031060129491066795,0.008346852979567786,0.01313192561375894,-0.00031332817889327035,0.001216777141210088,0.0033839941094339736,0.004439499719423314,-0.0070727728742163145,-6.699055402996047e-05,0.08910830138345976
2017-11-07,-0.010628778341507925,0.02191737527246018,-0.011533401152550873,-0.04383607271518148,-0.002363235094751456,-0.01689396226770094,-0.022720899276235884,-0.01967143335201425,-0.009773143593572503,0.016755861282791544
2017-11-08,-0.004613268670993126,0.006584088487509227,-0.006876048314368348,0.0026575911967966622,-0.0007611159411185322,-0.013877696399052744,-0.007798656630326364,-0.014256901235978604,-0.004551338464517429,0.027562258215888345
2017-11-09,0.004239642244656946,0.00022670622907546378,-0.0010312323288292904,-0.006243875436324479,-0.0005906336694750243,0.0046213510177710694,-0.000979072529073503,0.005632984848430893,0.0005627572809849458,-0.025298908597354987
2017-11-10,0.008174837954151,-0.002305229148211572,-0.005082942992903261,-0.013266028065344526,0.007528121034303794,0.004134554431493531,0.00016321212660477203,-0.010608765201108004,0.0012408504033945,0.015701188685183522
2017-11-13,-0.0055311083312405,0.001215596799101004,-0.004610333711442503,-0.007832818636634008,-0.009931287716876028,-0.019117333317328476,-0.013972447814734352,-0.009112398660462227,-0.009422488277922888,0.041415337829758855
2017-11-14,-0.00291058078275749,-0.006021026469212923,0.0020322688488030355,-0.0032958147698458214,-0.003313583379113985,-0.005221253724027468,0.004789084328745849,3.639712275455629e-05,-0.003757738283689395,0.008504649731587434
2017-11-15,-0.0026018005903789385,-0.0041136186174275625,-0.0047708869263673745,-0.020100875703928565,-0.01202494173956805,-0.03008151527988011,-0.018120393789938526,-0.0044940988363152525,-0.0067521545169891405,0.007032404480711111
2017-11-16,0.008988421735972259,0.01732202909170474,0.00474401440039415,0.006345356982281861,0.010647922669228668,0.01002893284833991,0.013165800665255148,0.014604747919267067,0.009511815914835575,-0.05843713651680738
2017-11-17,0.011013307001485317,-0.014888612493750637,0.008541383900089102,0.008676601351940897,0.007981561035590478,0.01875297683783584,0.03593586582257828,0.006106472333283963,0.006717601133431633,0.018403169305961854
2017-11-20,0.0015612440902986312,-0.004485415810536186,0.0029152537255592043,-0.0020158482340761315,0.0041217362777314255,0.013025695158665638,0.021020211051116153,0.009739514038446981,0.001472173357154509,-0.020634463098057988
2017-11-21,-0.0004308394533173846,0.0017417626369248661,0.003622175992858355,0.021980473976136013,-0.005909811075833495,0.0013482039595116575,-0.011482703953991457,0.00934004539612559,0.0027296504663746014,0.021363608501895535
2017-11-22,0.00035519253761006784,-0.00017540132980202819,0.002526354552366663,-0.007361264025745604,0.003636937072124242,-0.0066013515050045305,0.0026858571422339705,-0.0006045320039497984,0.0014900834832817704,0.023055754120163998
2017-11-23,-0.0011805450452384147,0.010121717455200909,-0.002451342634489742,0.0016369646061547224,-0.0004265028895626757,-0.0025973784738329998,0.0006309533554154935,0.008276415598812516,0.0006234768735595227,-0.012182169804871449
2017-11-24,0.001684951794491645,0.00672681076290449,0.003982629372446955,0.007621594913399676,0.0071700508991988186,-0.00569289148373938,0.0022050148993441303,0.005021986496683733,0.003949210104835523,-0.026298057162004694
2017-11-27,0.004346618095366788,0.0006940215736085619,0.0027003724016271937,0.00046980096150481585,-0.0024826890233994505,-0.006968086305985561,0.008616016660179325,0.002875217583020451,0.0009475676238426342,-0.03617579827039964
2017-11-28,-0.001760758502729539,-0.0038654625318516726,0.0003244490356835269,-0.005372695272028548,0.0011437724576377583,-0.0010433684644968306,-0.0043770397739646,-0.009397553279503803,-0.0028213872448567432,0.009167358971300126
2017-11-29,-0.0019635831679209854,-0.0033460897962461506,0.001887490603616024,0.003572471382869959,0.0014024615016222052,-0.0037411314627466105,0.008890352966627274,0.0016886197670170457,-0.0008634372203591307,-0.006867573636468231
2017-11-30,-0.018123538779966503,-0.010524440109924276,-0.011887881981269988,-0.012167547804493258,-0.00590039446625029,-0.01176995572832951,0.011118107329417945,-0.015371880006262686,-0.013090432150481796,0.03683240542388321
2017-12-01,-0.00555974360397773,-0.015124540178746567,-0.009314575316723514,-0.016908526561660798,-0.0059529937420317695,-0.016570588598139275,-0.02000846029604528,-0.013080241807861503,-0.010295766224326257,0.08824063225547651
2017-12-04,-0.004649138031885062,0.01208816187167015,-0.0025147864484050724,-0.003512340784007694,0.0035469000550494576,0.003545518487055329,-0.003767016471437556,-0.0028409531506803642,0.0005876866933977984,0.004045822528233536
2017-12-05,0.001982019610351272,-0.005088885165875007,-0.0053502434391181864,-0.0009781195391593495,-0.0024235263939131548,-0.008186026728854658,-0.005519212725560547,0.0029091086734843886,-0.000938457048031478,0.010043644708200126
2017-12-06,-0.010927135634411089,0.004479584532805329,-0.007214779560302852,-0.01167335974923122,-0.0028645050699388783,-0.019742898809885577,-0.00332626678868154,0.0016483264495045589,-0.007355365457362713,0.005315621997618641
2017-12-07,0.008233008273162229,0.007968206040094275,0.01931193416284998,0.002480663959211863,0.008803052323866257,0.018005834242186793,0.018548139625743094,0.013637294444897755,0.012132334291871919,-0.055872819324124176
2017-12-08,0.010476790272759518,0.0008864606189922455,0.010755742282227108,0.01528917836918496,0.023356901935179353,0.01342861091897686,0.007293092052200796,0.001210726346461283,0.009685715646246356,-0.04295580725050746
2017-12-11,0.003300093363602324,0.013388378774306207,0.005921355104657751,0.0095873386406326,0.009407756688730133,0.0017139139697523165,-0.0017020902924566438,-0.002751795430248576,0.005498351059959995,0.034510940813274195
2017-12-12,-0.011058891089004062,-0.004562654193151078,-0.008217767802706956,-0.007320357281739826,-0.01341435810233609,-0.008378021633398394,-0.015765622286022213,-0.005529955749807626,-0.007985453457626933,0.07552044372486558
2017-12-13,-0.004991416649921001,-0.0018424673526077795,-0.005881584838440669,-0.012835453802525649,-0.0073905510833727015,-0.015593554973350946,-0.02162930351233208,0.0020041151538433134,-0.0046199820794001496,0.044223776417434274
2017-12-14,0.006691452725316558,0.0021041504179705314,0.002796864872955387,0.007530313850337614,0.008511235077075486,0.002144557669175071,0.0032102756302481894,0.007867304803476463,0.005786200538018408,0.028432078530974722
2017-12-15,0.010753347452468424,0.0011433776691002575,0.013383613098517022,0.003241426332163963,0.0017987625047890437,0.026242191559147247,0.016686918785014736,0.0005105588970160356,0.007884326721783314,-0.09384874418565257
2017-12-18,0.006044900710973467,0.00238019805118619,0.012210653560649033,0.014200463998578413,0.0008603679814990846,0.016502917983000742,-0.005056121117202347,0.0012523918577018308,0.005356638616709943,-0.1299043768245651
2017-12-19,0.004741623328038521,-0.006610265116050659,0.03417078452114645,0.007468984497939659,0.009048426719902872,0.014491116060611754,0.01602801801845112,0.0063923423030324425,0.007140867974318959,-0.07352186572315945
2017-12-20,-0.004853043702880286,0.005637648629566698,-0.0031571713563014066,-0.001528127115606786,0.0013383562679996721,0.006615956147614727,0.029036564958879765,-0.0034679409789368236,-0.0018175387542658723,0.0
2017-12-21,-0.0014624360976855436,0.006182051954852938,-0.006483188719845988,0.0038855659465405457,-0.0023165677359259437,0.008749493858232,0.007542651260611217,-0.0008276325193815298,-0.00037352013889224483,-0.0082372318224513
2017-12-22,0.0036814062871445277,0.011155865764878046,0.004565739806433195,0.000536244820335076,0.001588678472185009,-0.00014325773518508974,0.0016517393435815004,0.007532221959003811,0.0050350692095142814,-0.04223600673056296
2017-12-26,0.0010404347169632841,0.00047806755685796386,0.002339874248748235,0.009539879260022513,0.0005501688548902744,0.01203882435886047,0.011338292023358065,0.0058051616744684295,0.0036623979675021196,0.03892200524814485
2017-12-27,-0.007003929216713562,0.0001607192486821829,-0.004496230209134329,0.023495137855545897,-0.003298230192809473,-0.0016484180636351018,-0.006399289506907152,-0.007680315772283521,-0.0038768496273459364,0.035863630046995845
2017-12-28,-0.00023735322308466184,-0.001117083020305427,-0.004027216363070135,-0.005789578166049986,-0.000865741663873017,0.020550909264535976,0.03000228621491195,-0.003057224850936977,-0.0012256021006669842,-0.015329027927007976
2017-12-29,0.0019380890977915973,0.014623221445203071,0.012741411004956784,0.0037386893814227184,0.008886200261792465,-0.005012617727319993,0.005202288591070485,-0.002747248928485691,0.005026504801246669,0.02963772246939806
2018-01-01,-0.008704769882079117,-0.008609053882097718,-0.009974910895606325,-0.00020263992376330398,-0.006169501228361711,-0.005331229982709748,0.002303537740505246,-0.007774354895007787,0.0,0.05227941306610018
2018-01-02,0.0007955814612625986,0.003159485709913471,0.003077584812258038,-0.005457761863684036,-0.005744098518322389,0.0060162979563502875,-0.011134540605393616,0.0016571789115117934,-0.008439512288536271,0.025149195228258217
2018-01-03,-0.0007758327085962116,-0.0013497246821318149,-0.005072778152366537,-0.004846658979934969,0.004321040375020835,0.014440510823629953,0.0046424167550484065,-0.00032489784297014994,9.576067320342099e-05,-0.005126316330078285
2018-01-04,0.005671394658589171,0.00035375768894429935,-0.001986483590349492,0.01190938891834807,0.001544835837247631,0.02756518048935277,-0.0018834468850967843,0.006298210467211389,0.005881209368789884,-0.014793155090320883
2018-01-05,0.005453969109716899,0.0036814850794768855,0.007264588852117276,0.006977159760697901,0.008383811117887595,0.004464702787146822,0.007224421215336363,0.0001860109236406555,0.005132056867763014,-0.02337086564087346
2018-01-08,0.002895941138706207,0.01224255869931175,0.0037567148869836462,0.014043742778757584,0.007645017461113624,0.008666145251269637,0.00931439022881399,0.00532615163360994,0.006113570815585057,0.04693599854838133
2018-01-09,0.0010783009143700607,0.001188066897562624,-0.002696856349318149,-0.006940893054445545,0.00472134384876805,6.0002758738529666e-05,0.02771119396832469,0.005922647677756579,0.001260584616212523,0.007973990040151285
2018-01-10,-0.003370899305559044,0.02213086776940068,-0.007168322401335622,-0.0022133117785550346,-0.0014175452965015712,0.0007197524193811686,0.012545882547354196,-0.0010691514249282995,-0.0004513385294137436,0.01362513570435652
2018-01-11,0.0017004564217406564,0.004006944275604396,0.0012474182306479134,0.002484447973284975,0.0035620961817620245,-0.0014159824132358575,0.019805280217974362,-0.0038104695920912735,0.0017854294613236375,-0.0021390191946954627
2018-01-12,0.0034293555933980237,-0.0003222350047482418,0.0030824380033093964,-0.0031770949404336508,-0.004074866779638058,0.006177246115039743,-0.014748964461610852,0.006810334813182503,0.0028172876803263624,-0.02018819024646818
2018-01-15,0.012356740008072907,-0.00883289742691811,-0.00964469294556723,-0.008463229946814872,-0.0009288544081525745,0.0014907131349474613,0.00027260762336300516,-0.0019792344318090706,0.005629512900836509,0.041375436452197885
2018-01-16,-0.0036238508915964213,0.03588289288056846,-0.012615133527064875,-0.0037649194322323435,-0.010985192715193638,-0.028857886190243886,-0.03438096875368842,-0.02140665766507499,-0.00383356587156863,-0.015493286151572852
2018-01-17,0.012023752589507372,0.008048179370988081,0.003971889881864743,0.012479630087046289,0.006313130235979022,0.010068366546193145,0.00856683238145514,0.0025242066227108544,0.00819955353642979,-0.01645836774911006
2018-01-18,0.009400644985396476,0.003131199053419961,-0.002611895537901635,-0.012167940159991095,0.011144999463323601,-0.029275744357174997,-0.03994255240858978,-0.010456942827077828,0.002633602200690908,0.00718913107582218
2018-01-19,0.013924326259558549,0.005010964027581065,0.0013239442714152471,0.001178308077206031,0.006169714518654511,0.008602824306784974,0.010856298656603392,0.009554892965522057,0.007157479729840962,0.001431603994663613
2018-01-22,0.004882200215407276,0.020456088237623366,0.001138272749267123,0.0017623342363517413,0.0032889149986198053,-0.006779012511422441,0.018966770106557024,0.019749803139740004,0.006541382438729125,0.09609026609747755
2018-01-23,0.012838280306697604,0.011868091963398568,0.0029850744781598788,0.011584870891553387,0.005551809153912476,0.039845542898371354,0.006617343643039476,0.012883403724707258,0.010657745398174344,0.05314338316275494
2018-01-24,0.00029024959422837535,0.015259705886548515,-0.006086250101858357,0.006032629323066071,0.004585827121756039,-0.01733575178650216,-0.0008423074992169914,-0.006322719206118486,0.000207472782716017,0.1057302120626153
2018-01-25,0.0017175988258195578,-0.009989706492161712,-0.012684554088187349,-0.009946107147950507,-0.006206262960451192,0.009183132784701278,-0.0177121173064399,-0.002699281514108661,-0.0014758864718050037,-0.02981940601507608
2018-01-29,0.0019218625965606354,0.009457486078423569,0.014720293728476276,-0.011038096853268306,-0.005758630222401144,0.0013775244596129156,-0.003436956635508049,-0.005865546348033081,0.00547297411504586,0.021469704034461867
2018-01-30,-0.008377177695598693,-0.01021242317139233,-0.004333598841514535,-0.006129500370513984,-0.0016433797986296307,-0.005958549648034947,-0.010817153523767917,-0.0008695773824687217,-0.007281350035077295,-0.0857417547330292
2018-01-31,0.004040290835773631,-0.009316245171109927,-0.0013769483377750601,-0.01887294519248223,-0.01408526401055154,-0.012319707457782155,-0.0002899944500018526,0.0059259703733450155,-0.0019884815852113905,-0.030295965591429143
2018-02-01,-0.00581501495268211,-0.0016801500041199878,0.007011182203476385,-0.024381762888920796,0.008245380879935418,0.0013640494142398204,-0.008156230142813976,-0.013235849851879087,-0.000979814128127614,-0.121320401546409
2018-02-02,-0.028678003165996443,0.0014644564145274172,-0.034066355704497946,-0.012740936858823281,-0.006300937051630481,-0.030701777771770952,-0.06370044085298306,-0.03485477805787136,-0.023539213933076866,0.07769576152057321
2018-02-05,-0.013412236786046038,-0.003603269171257321,0.007444400597133055,0.0029538041324942816,0.000426677424730615,-0.005523928719020814,-0.004530138820609489,-0.000646250181297377,-0.00877862069830589,0.05112929898743466
2018-02-06,-0.011075063167863742,-0.029379508978590704,-0.018141164200897064,-0.022101424958831488,-0.01927494433395789,-0.016576006167780197,-0.018966902970952836,-0.01336031012855469,-0.01590408165467595,0.22102299471153714
2018-02-07,-0.0054894039796682245,-0.008979591075380846,0.0029513452702671847,0.007249947423379638,0.0022825535221097453,0.004585534563274332,0.016772506457056018,0.009054331041066248,-0.0020548141539544224,-0.027857012635131625
2018-02-08,0.009717005736215987,0.011047128763755843,0.011476741166823163,0.03590295530302224,0.00198238775902866,0.014508570949508377,0.025408066126480344,0.0014507620966398326,0.009513851145813865,-0.09136311619022448
2018-02-09,-0.017788057922170124,-0.007627262695012707,-0.009694963818444122,-0.004317062763723583,-0.0045761265255449485,0.012609253968598431,0.003512239651654079,-0.006398354202535476,-0.0115920444485001,0.07895986786898851
2018-02-12,0.009301303189794172,-0.00562303861779001,0.01150480620393968,0.012649368999144803,0.004411837210452507,0.010617240497881387,0.01677913417407442,0.013805015029760217,0.008078254517088934,-0.07278881298764893
2018-02-14,-0.014119739960282453,-0.0002133742248416071,-0.0025637984188577366,-0.009763837404512239,-0.005132204446423703,-0.0010429868453187099,0.0034419021306223026,0.0035945935108610714,-0.003692818691702758,-0.03993678848883375
2018-02-15,0.0032738960943053896,0.002934498518090992,-0.0025483639183915183,-0.004518713077283117,0.003312206468128894,0.006883527522979234,-0.01021037222884456,0.006399223953485826,0.004238223668407977,-0.051354603483077896
2018-02-16,-0.010296960008537361,-0.0014902765857536427,-0.01714925417105448,-0.002893087746957123,-0.005041930363372206,-0.015154147169785796,-0.012452630423852033,-0.012031468253976411,-0.008877197442514924,0.0036696963532075423
2018-02-19,-0.004195296458056363,-0.008603411828674046,-0.01248471826033069,-0.016805456077960395,-0.007079780318054418,-0.017233577571031937,-0.014313516903286253,-0.0016896899354592822,-0.007095270288084443,0.017549674149752184
2018-02-20,-0.007375947440202458,0.0032869682138273494,-0.0012534442420758546,-0.0007923463355250065,-0.002084605350343863,0.01092549383749243,-0.0052843819133770835,-0.0021470514790194882,-0.0017358770846747271,0.011926244965541013
2018-02-21,0.002501433783586116,0.023015495905018554,-0.0018899891733570099,-0.019856016916652106,0.008146885235875104,-0.013809754579257717,-0.00688044061347126,0.005100353439860399,0.003569718731482044,-0.05796076109639496
2018-02-22,0.0007415337309543212,0.005529700297498668,-0.008650751470748484,0.0020727997831227903,-0.004195526846685925,-0.0019958168136477565,0.0031333255123553814,-0.011005814046456648,-0.0014196242279203768,-0.07092403420329765
2018-02-23,0.013821024755131951,0.011007352029002444,0.007260650541179872,0.026024572116312015,0.007873100345937342,0.031390054620644814,0.009031497014492972,0.010875559539355284,0.010381515779008083,-0.04341019983009028
2018-02-26,0.015116896846281409,-0.012351481483944713,0.022142563648516377,-0.0033370016649386515,-0.0009022018027085815,0.010653411215448324,0.030832742706878042,0.006708432934914608,0.008688611908417675,-0.03584613226335594
2018-02-27,-0.011916783876721113,0.002643322818557555,-0.0005730777939854907,-0.004605066532790921,0.0030857570870772154,-0.008558221076068859,-0.01667210518061549,0.005917152383047682,-0.002677764703635068,0.015930841475334002
2018-02-28,-0.01094061407904638,0.004867804460043498,-0.0007212295214914205,-0.007028637578388123,-0.008057607516967623,-0.010682880077060232,-0.0007644675998506941,-5.7162182423064636e-05,-0.0058393057141950064,-0.007933662580971048
2018-03-01,-0.008192416640167502,-0.003092434131379229,-0.000941539425104102,-0.004754455762256633,-0.0008055537434505547,-0.008409639533917098,-0.006598639508560647,-0.0021787147205207676,-0.003293370543887722,0.018651851630287136
2018-03-05,-0.0033729086447446413,0.00688338060461044,-0.015833427123585098,-0.006971083083650052,-0.012442912296382565,-0.03339757610453959,-0.00990264093292645,-0.019868770765574834,-0.009559475957881534,0.09032263521234522
2018-03-06,-0.01503051925761537,-0.01185683295447023,-0.013789081888847709,-0.012070341384375757,-0.010486738596373446,-0.0036351221621216566,-0.02296416714742571,-0.007657237518767742,-0.01063665692404489,0.05372542412692471
2018-03-07,-0.012941095235870673,-0.0022809712153871084,-0.003035630036649229,-0.015497378173130379,0.0065174196675746015,-0.011581373350735707,-0.00911060767070186,-0.01661127660839625,-0.009317099938461516,-0.03443220857020162
2018-03-08,0.014134714251167227,0.0004140451950657789,0.00979565338020622,-0.003331182467600722,-0.004148880128422913,-0.004502614552648668,0.014189196869150041,0.014215527397012595,0.00867298109371104,-0.07332432721246201
2018-03-09,-0.007430261773320665,0.0051003257188568865,-0.0005876473893947482,-0.008262145972477243,0.0025725387336133533,-0.018229610505961537,-0.00047500243830514606,-0.0009081837710775291,-0.0015438368683495453,-0.004120913788648512
2018-03-12,0.015022566295201068,0.013724089789110017,0.014356873092988566,0.009932076464969778,0.025908493938698415,0.02112740526932253,0.005370354632081042,0.021796366288694902,0.018844845326350685,-0.00275671866769136
2018-03-13,0.0030140809365595384,-0.014748349062296042,0.0016734437785581972,0.012869201143500729,-0.0021818797021169096,0.005295360547497184,0.014233503037533669,0.007112110873509046,0.000522750722395459,-0.0020725211680211676
2018-03-14,0.004557324862696012,0.004133832081319509,-0.0003344824559650931,-0.0012116708826929825,-0.0042368190223250595,-0.005706872302781564,-0.0051382733962459515,-0.006548514690240138,-0.0015308007692338495,-0.006939679656913771
2018-03-15,-0.0024092381317261154,-0.0019296377211709635,-0.0008004223887384787,-0.0035689448715950436,-0.005701764474330018,-0.0031254388603834888,-0.0010932467654657797,-0.012802577365865426,-0.004886618546444992,-0.0020913031957991743
2018-03-16,-0.012268410941149905,-0.005019465115614755,-0.017373530859604518,-0.014375282359421667,-0.01255514206925012,-0.024023505109941754,-0.016227293972255766,-0.018304928600206116,-0.0160545978679463,0.06025513346213051
2018-03-19,-0.010031965135705858,-0.022063306846541238,-0.006873550212219901,-0.003974215055686629,-0.004476029580165636,-0.027023051415563826,-0.02982408637623366,-0.0071233229141660845,-0.00994620052782473,0.03866457307086365
2018-03-20,-0.0031768687801567923,0.015006019331976084,0.005694298002783201,0.007699703657030517,0.0041631315778994,-0.003187225178697308,-0.004099374602109411,-0.005973193529570906,0.002977420018466655,-0.013363230515432964
2018-03-21,0.0036098572570732266,-1.9827147547932685e-05,-0.0013836237036367058,-0.006226579026365629,0.001879663748469335,-0.004609138662211018,0.007856094133611801,0.006070742410634054,0.003047438325629427,-0.032554958970481045
2018-03-22,-0.004715205987432636,-0.009502650647394008,-0.008942652574540225,-0.0060531784051864905,-0.0021811071727130074,0.003187760563192741,-0.012137305412046401,0.0035695553993742852,-0.003996058598285198,0.009222749490331415
2018-03-23,-0.019706996680672086,0.004114952780183769,-0.009305413624637656,-0.01745132268825779,-0.004855017468972512,-0.029396397683968192,-0.03373081784923887,-0.010051884136683469,-0.011604700101594518,0.019481147837730032
2018-03-26,0.023958279267711532,-0.006295076980490239,0.015234408943076405,0.007548783942969616,0.009942609124234805,0.021180618537332073,0.011707885169643419,0.0030920784077052934,0.01317546616079525,-0.02276523558726634
2018-03-27,0.007798185679986596,0.004467458442461566,0.003950154710795493,0.0073621421408246734,0.005001093836450167,0.01810923284943135,0.002863662741117513,0.00557172892680752,0.005267107884641591,0.02276523558726641
2018-03-28,-0.007014795760195707,-0.0005313988978314046,-0.002067878663021696,-0.01123713266784997,-0.006590070397046896,-0.020611416058242044,-0.010823756178381428,-0.010557693108529479,-0.006941668814759831,0.013414448061541491
2018-04-02,0.0026814881033637343,0.015508659556412535,0.021673860785268586,0.03095851945908229,0.014214831951832154,0.007657330881323096,0.007960093437263872,0.005817669281988472,0.009652935584409928,-0.02635960006803828
2018-04-03,0.007457165293425982,-0.007238592870805242,0.008554025328924438,0.005073680675548439,0.0001886511317072713,0.005718822361102938,0.005047966400991429,0.007756915158766853,0.0032458864317621047,-0.010478209901508566
2018-04-04,-0.015670524639273008,-0.009925923765517406,0.003990753959826759,-0.01104793521619476,-0.00220560901053889,-0.02603943187309812,-0.013178071892083363,-0.010555930084257929,-0.011446384030859532,0.07297880978701565
2018-04-05,0.025786303535004072,0.015230672498659864,0.01841307930979024,0.010002944184848678,0.008598663319425484,0.039820989823417204,0.025853419287159164,0.01332559486406216,0.019239306758980577,-0.09898890511260088
2018-04-06,0.00456749665133199,-0.006264396849615738,0.0033259986723402956,0.01339814164473658,0.004840902676139303,-0.0014417678558869774,0.005618860171532093,0.004360613744157604,0.0006244175835545499,-0.0033841108717312623
2018-04-09,0.00883193503708939,-0.0057410705815524815,0.002461041867904249,-0.003911932195140904,0.01119576443506454,0.0015248976908369574,-0.0003296723502212984,0.008914587945604678,0.004611095715747583,0.008102669990140884
2018-04-10,0.0052861013557452255,0.0036124032372983643,-0.007498107551687363,-0.0021252209743121684,-0.00015679431744956726,0.020239566322444547,0.010821611897657873,0.0018606486183451916,0.0022039111834326382,-0.025197103349440943
2018-04-11,-0.005108811514564571,0.014410758600975822,0.005862406102504653,0.004828020490354236,0.002062228287191059,0.01579753716671651,-0.0039216135455941055,-0.004048708509719066,0.001431395034394698,0.015058482014745321
2018-04-12,0.0038513601214007352,0.03156013508854827,0.0005193694972896262,-0.008798206760447444,-0.004352380411852745,-0.013871839246336061,-0.01934106502051341,-0.0005045273615326725,0.0039759006232568585,-0.010929059852906334
2018-04-13,0.00021827513279476033,0.006981088575550337,0.0005016390701403469,0.005230917029564238,-0.0021674985990743074,0.009439248192069474,0.004496655573097831,0.004336870939474569,0.002096467331850084,-0.029270386839690025
2018-04-16,0.0047603414031615445,-0.004334314643684739,0.003452328991311846,0.0155250464428293,0.010481139492377233,0.0016226607916738516,0.01615329022481198,0.00033365941647163467,0.004545689717794212,0.008450746288091617
2018-04-17,0.0005369534234593873,-0.003094953094719647,-0.0028376361095593513,-0.004458928704470305,0.009835146041686078,0.0010847789150460886,0.011865314056265733,0.008193160394092605,0.0019310664870136763,-0.015548035156125187
2018-04-18,-0.00920554427283084,-0.002914052725154863,-0.005291867737290817,-0.004285457311366682,0.017286468905030567,0.003994087923202823,0.005639263897037248,-0.003967716854917147,-0.0021352422200410556,0.004973345652203394
2018-04-19,0.0009495787648290125,0.01132319909796987,0.0017379678432450796,0.004511989947193242,0.005565042784049782,0.044240729037485736,0.006406171561928283,-0.003836851697177013,0.0037076219486611,-0.025844917420267257
2018-04-20,-0.007281797468902785,0.04686732509449986,0.0007388345128249594,-0.0011275297644155315,-0.002211991372706698,-0.007348067193813375,-0.009624712997273466,-0.012330508378742977,-0.00011831883371402492,-0.06071556746770108
2018-04-23,0.0006732468626039079,0.007420136726947093,0.004978851423578214,0.014643230805860798,-0.0031674242183154146,-0.0077131563470392624,0.015990106617044864,0.006081016666180537,0.0019528716532068399,0.016098472969789283
2018-04-24,0.0032578303740370025,-0.020120532136960922,0.0022067458957379434,0.0038195544394493274,0.0020195258264216935,-0.019336071013831717,0.003957893084612482,0.02066823658190123,0.002797241731914462,-0.09988336155346486
2018-04-25,-0.009134275293262547,0.011409212254126184,-0.0016589534553738882,-0.009281431366498215,-0.002339010003361973,-0.013663559854958138,0.005986135839151122,-0.004122850739399267,-0.004135008266019891,0.041158073786099335
2018-04-26,0.007887613331388559,0.009617163261046733,0.002717199117165688,-0.0005113883888891102,0.011684894745171306,0.0003478996614076462,-0.006934660436514605,0.002897534498204067,0.004460005540255803,-0.029462005134981276
2018-04-27,0.015224814134156262,-0.016660132440147236,0.004066347607951875,0.010154502514431216,0.0032108887692222808,0.007025456935982927,0.003473341395633669,0.014762312462818367,0.006992018327494462,-0.0016624695217608441
2018-04-30,0.00538033356086483,0.013775717183456713,0.0037875819053721743,0.008122761435224862,0.01186073119790674,0.00291827702963542,0.01563753522479975,-0.018726747352553107,0.004390691482923282,0.02789345706206151
2018-05-02,0.0014364648210974027,-0.01672321584357231,-0.010162623797038093,-0.011059015494237637,0.0015783462089689131,-0.03493572246816563,-0.020218578652066246,0.00011254179774893075,-0.0019853115722468315,0.038099885892984756
2018-05-03,0.0014440918529917111,-0.020593282119602124,-0.0049259831918914785,0.0005856973021081775,-0.011583807512377817,0.00759744267476792,-0.016764183469699784,-0.004526752913625647,-0.003589119852419833,0.011614502917051968
2018-05-04,0.0015667669413311264,-0.0015337915808978585,-0.011235966791117359,-0.016740348406178475,-0.010883567901580172,-0.010798473643974455,-0.0014500339087166283,-0.004844129350764052,-0.005765879228025447,0.019817739369571964
2018-05-07,0.008025715765162417,-0.0021131939210567914,0.014544352634448494,-0.004894299256617932,0.014394848943530799,0.017013693093100777,0.011063952268525466,0.015985711970467033,0.009117072584576636,0.03776829670682067
2018-05-08,0.00918136316469668,-0.0033762955667047427,-0.0045710265493841004,-0.002413375486080314,-0.0010972596103208721,-0.001855060002213148,0.01173130853715757,0.0012615478695151032,0.00021460108497364168,0.021568067088182045
2018-05-09,0.002448008544488764,0.005496966133858555,-0.001526905256714302,-0.005630925838535167,-0.004184873674106273,0.0006909337909934574,-0.0009460353502626211,0.002917140827917697,0.002227489038162844,0.01482554734025442
2018-05-10,-0.0008969797131364685,-0.001941957906631965,-0.006443765144200294,-0.018453646107471543,-0.00721939637713386,-0.009785906151368796,-0.019916215556429966,0.002790370502688568,-0.002344124254457977,0.011149930366993946
2018-05-11,0.010739708610317776,0.003813280207511887,0.002359180304792116,-0.011683028798519618,0.00862857848968198,0.015498742120559633,-0.005001279426120767,0.0063052583563419935,0.008358547680564028,-0.03168168987300096
2018-05-14,0.0023445183744753976,-0.0024103647729650443,-0.008782713232490483,0.001933978734130963,-0.00136701029990675,-0.0028995886336847217,-0.006978828674486578,0.0016358642352592464,9.217500201396874e-06,0.0191292026531784
2018-05-15,-4.3453163122353474e-05,0.004363450597811714,-0.007742520145976095,-0.007222790230859837,-0.0029741029322415346,0.0025628588202008316,-0.02023592563326596,-0.003299336181727803,-0.00043964284789006357,-0.07881538516645961
2018-05-16,-0.01108520424187464,0.00152785779265432,-0.001977461608969579,-0.00024413699322164075,0.017943917935893172,-0.0041578813322159045,0.02039873906563431,-0.017184254251441326,-0.005639911268794516,0.020293782325322415
2018-05-17,-0.00414686054060184,-0.0015426817493111038,-0.0008871517080876855,0.00046427420212221104,-0.012900705398065763,-0.004555578263646583,0.00097662219197099,-0.007524921742034049,-0.005451839472282671,-0.0022346179585997525
2018-05-18,-0.007630597525556877,-0.003382274239644785,-0.01736671857937269,-0.023010599476937597,0.012439822472238737,-0.0244029152772529,-0.015079800778335055,-0.011699679744878653,-0.008111271197454395,0.053713911215332436
2018-05-21,-0.004834680186892971,0.0018334428733914733,-0.02118933566382521,-0.028238827415738216,-0.006223249936263512,-0.01693617357580885,-0.0334176420367265,-0.0007027251330143637,-0.007549869197766206,0.01820780229214796
2018-05-22,0.0010440339590712534,5.192709451579489e-05,0.016682164609794096,0.01685530693500874,-0.002806139437765794,0.017562604834657974,0.012220132433298524,-0.0042861884068557425,0.0018999311888009693,-0.05785257863115233
2018-05-23,-0.0036046017995080082,-0.0014991483537317735,-0.004854465770084747,-0.006078333915551491,-0.006242894176595422,-0.038168023716409726,-0.008640419000259823,-0.021331338142718544,-0.010144631600820039,0.04035125669834219
2018-05-24,0.012837324645796445,0.02286076183739409,-0.01661892715583114,0.016871117574711957,0.002981593697036362,0.009582750938535613,-0.0070008595743840775,-0.004435779979398605,0.007973610404251362,-0.07399934787492424
2018-05-25,0.009820285581702805,-0.0009696101995707592,0.018679340238496912,0.0109366859534183,0.003347022049463609,0.02146263587693802,0.01260024259102318,0.015274721398456634,0.008646370571623485,-0.03876454459684925
2018-05-28,0.012884028873256986,-0.019417259393851808,0.011343158414238523,0.023930264746891982,0.006832466200036686,0.010401524207881919,0.01528024990604457,0.009737786717170217,0.00784269833741265,0.03189697096038093
2018-05-29,-0.0135979373724811,0.004682383710886848,0.003989433165631743,-0.010379395843023782,-0.002982717287790308,0.0006239903776457049,-0.009880283739995022,3.348091931063179e-05,-0.005191899405584954,0.0007653483085972732
2018-05-30,0.002776543582544668,-0.00024703272769098034,-0.0024461740051495004,-0.01068059281637241,-0.0016752218601583403,0.0008867693246640153,-0.00016836930464986518,-0.0033559120528311713,-0.0017837455774774606,0.025681181628125167
2018-05-31,0.02358790690947259,0.007956330345999598,-0.0026977385060631214,-0.012193788457581033,0.005437410536315653,-0.004580923762883977,-0.0070945418716873935,0.0090549061837343,0.011409765823805856,-0.014269831292531659
2018-06-01,-0.009819443411111383,-0.007893666122496798,0.007439625576150689,-0.0008579823513844305,-0.007066565347074183,-0.0070510832242109385,-0.012623886955954726,-0.0018614997621522727,-0.003728031736138272,0.02613059673538289
2018-06-04,-0.01644026860193102,0.002692074733970434,-0.004823564783518573,-0.0009014423687348953,-0.0075991961318917665,0.0016100696248227686,-0.03387199653581453,0.0009737550448756695,-0.00634948413268003,0.022587511965907615
2018-06-05,-0.0002495158297409954,-0.01379071024627269,-0.003298455922856885,-0.010788175330784746,-0.0017042830111574155,-0.005780240754287836,-0.010532925090581544,0.0025094837012050375,-0.003331469647161854,-0.041182321122533234
2018-06-06,0.004431862596945665,0.008902037292756279,0.015255766327774126,0.0141764410271598,0.008974871137043273,0.018416431913618057,0.01496280760401137,0.005055388867571442,0.00860056590990892,-0.059545961425358264
2018-06-07,0.005680258401669294,0.011388265420086332,0.007158920261865297,0.0022443565843190435,0.00912540038562598,0.014740529361825764,0.02927046738475466,0.013069763775397043,0.007803071219768874,0.018160747279325692
2018-06-08,-0.0025090085430083415,0.006268776686084015,-0.0008815196654173251,0.041747603046863924,-0.0052346503910655805,-0.004037171438314853,0.0035992421098976738,0.005047796460927855,-6.49348765086917e-05,-0.006279449609063218
2018-06-11,8.321336498562184e-05,0.00038481206071810296,0.0012107815183317631,0.005008409220113379,0.003226744895106675,-0.003765399730817506,-0.00617811388564187,-0.0011982004393189512,0.0017907833428202438,0.03709857378276837
2018-06-12,0.005787681940438177,0.0061335568250111445,0.00032915347523033306,0.02549571780170866,0.008790898508778061,-0.004358170886777048,0.0041229458055752595,0.007235613486763751,0.005168752278609608,-0.03473917561894633
2018-06-13,0.0013408340266919984,0.012497529926769562,-0.0006405981753279109,0.008810678933681452,-0.005002054300724875,-0.00444637519177811,-0.000514426481564138,0.0034321697815465554,0.001276578356983104,-0.007094960729553156
2018-06-14,-0.0030279015180400617,-0.014986164598989283,0.0006049863728085639,0.018105402991011203,-0.0010587972676197666,-0.004368969167939429,0.0,-0.001322794095043969,-0.004491210136474933,-0.04366093175120274
2018-06-15,-0.005468125900728016,0.021190950381239183,-0.006241101619275166,0.022118555428905593,-0.003832844219605094,-0.0154505832640058,-0.012774253752260533,-0.002665211181915613,0.0008924907821071907,-0.0024824743035048395
2018-06-18,-0.0003066518745526529,-0.0069140360070007924,0.002717172866972894,0.00032731040905069147,-0.0021831277587420856,-0.017515827414787327,-0.0038293365712470553,0.006535718583983009,-0.0016514905857463397,0.025359266674852332
2018-06-19,-0.005450430416898811,-0.012538887954415169,-0.011048550001284576,-0.007036989115697228,-0.002098940912382093,-0.015855765601991024,-0.020259654459709737,-0.015058841745634367,-0.00831229035595547,0.04269422775909394
2018-06-20,0.01105386638168912,-0.002787371007964466,0.00513105560530466,0.004033309265011184,-0.004617717884536803,0.009861583516341846,0.010973475020866765,0.01091642250925088,0.005734879851344152,-0.0598025909911064
2018-06-21,-0.0022901191528594857,-0.0028423876553947186,-0.009395362867344133,-0.010010798239490372,-0.006652593683704372,-0.010810745053499132,-0.007952679881684592,0.006555697561374481,-0.002877330145384961,0.02274669432219368
2018-06-22,0.010134608905889,0.00039198906449052303,0.0049996084739502445,0.01746846190995604,0.010542352242623206,0.0026554137739957773,0.0015956468832593503,-0.008281975369227694,0.00748973404895337,-0.03514864040008625
2018-06-25,-0.005888380492384405,0.0063743527037265655,-0.016187471767381383,-0.007947465391514918,-0.004729857309991435,-0.009986932517520569,-0.014992293298487575,-0.012357069196684698,-0.0055039602444048865,0.04553627801703187
2018-06-26,-0.00030069094541911257,0.005631331997330854,-0.005362489808410416,-0.004213737358427005,0.010351336356214094,-0.0038485266460300056,-0.007218945221594291,-0.014332340809256565,0.0006223592623338975,0.017336940619139644
2018-06-27,-0.006725102529037726,0.00535733041899887,-0.012601940235568885,0.0016962918569838905,-0.005817078429156053,-0.012667010624158547,-0.018094185491179696,-0.02489295990394416,-0.009118299083682797,0.05398498308703546
2018-06-28,-0.0037461911553596725,-0.010368624949189158,-0.007831916925796495,-0.01238822448869844,-0.007479417767984223,0.001405424969329285,-0.0223806427000838,-0.01889846368545136,-0.007742169031781291,0.032049325680856396
2018-06-29,0.0015031687434405242,0.008304892896508818,0.007164443650995071,0.002592435254782266,0.01931643046508574,0.02760002314004745,0.024039103209264997,0.025384385389680304,0.011754146307527904,-0.0751562379497453
2018-07-02,-0.005091723659746237,0.005901264035451574,-0.004046817621162475,-0.004287971952317263,-0.006528896571584485,-0.018053595287762993,-0.01371909441365575,-0.013698334694312631,-0.005334194556937323,0.032690125909442314
2018-07-03,-0.0009994003312865135,0.0106204072002228,0.01057140637066162,0.02073830628638302,0.006791225254206266,-0.0036918223665456046,0.0014922363967728922,0.00956863282622966,0.003989347109783859,-0.028064025092784915
2018-07-04,0.00873329432610664,-0.006801002160002052,0.012464652472849006,0.007935977971647856,0.004633160052538521,0.001276623075626779,0.004649008838244014,0.007076645703173428,0.0065208102070441875,-0.026501952798262705
2018-07-05,0.0026201004032602396,-0.011079753691165317,0.0010439871488090713,-0.013425350931180543,0.00994755853518635,-0.014343804233273671,-0.018160215107649966,-0.015194105583551368,-0.0018727438548922296,-0.006339159455681144
2018-07-06,-0.0003566713293856619,0.0032480171620298567,0.012922085444207988,-0.009136645268778274,-0.0018555154726750712,-0.00012037093663421744,0.009963402235564594,0.008524008592244175,0.002128052526818883,-0.01119119162780605
2018-07-09,0.009745283532738097,0.006606251605090093,0.006107234624070529,0.012726131340785818,0.008243430969855366,0.013247023408817529,0.007640094309741863,0.016025955848615308,0.007421810355794803,-0.00402733022907086
2018-07-10,0.005265821820458665,0.00804056289368059,0.009255976353877742,-0.0033900710291563975,0.0043117519422460615,0.01649837778463007,0.01784613986021835,0.01846401310632409,0.008655921796766377,0.0008067184965870901
2018-07-11,-0.0029175734772131524,0.021816506403337464,-0.009997114705373011,-0.005122943044768359,0.0029301818320770843,-0.03122152705505042,0.000911327827131554,0.0033181514485651677,9.589206004582807e-05,0.030184986207812493
2018-07-12,0.00781361015011619,-0.0014318970278822869,-0.008066705210415802,0.0016672532363807128,0.004354246001290689,-0.005077398044283807,-0.010991134152876229,0.02648434233031681,0.006817985187144955,-0.021353085280385792
2018-07-13,-0.0033579151126444276,0.0013252762718643403,-0.003171375675404951,-0.008702703333469564,-0.010177670394560653,-0.004174927565621235,-0.017091279668769506,0.008631333038527565,-0.00039014473464332456,-0.01692906488945859
2018-07-16,-0.009555080730652386,0.005635961296716468,-0.015376974373767468,-0.04207764864133874,-0.001966226535126112,-0.036721555543086475,-0.03372714073079489,-0.014358627436002821,-0.007474230051277428,0.05149649553171456
2018-07-17,0.012230049355684475,8.210590082483926e-05,0.011972180293119144,0.015774409658827194,-0.010138649773763619,0.017071902220785688,0.010218902875978493,0.01646996889161023,0.006489019959189796,-0.009309600735968001
2018-07-18,-0.004720777216191265,0.0009196731051301432,-0.014425617850678776,-0.004541865710445914,-0.009607715556665642,-0.03201843707932467,-0.02427068032343578,0.003102961372909605,-0.0025103689537061304,0.06414876182155758
2018-07-19,-0.0034003449845028434,-0.009742043866244,-0.0008885401599548567,-0.015395343522137334,0.007537091203286876,-0.005300621011338408,-0.0019673428025808425,0.004716113691194712,-0.00212882431847883,-0.006600695111569306
2018-07-20,0.0031138082728333428,0.014494376562058707,-0.0042966332583042315,0.01647511002403395,0.0023421416503983297,-0.004002118169928427,0.012524673340114971,0.007662185199974923,0.004834521296150269,-0.0036859747242310096
2018-07-23,0.005009194170981959,-0.0012387575312894266,0.0016632596629130101,0.004727336452935712,0.024288552717232435,0.015133007333497487,0.016969145493283322,-0.002337311657615701,0.0067481562013002455,-0.03992995454959899
2018-07-24,-0.0012504187781837862,-0.0013152786533922986,0.008385831044721225,0.012414995389277367,0.0008412874249401306,0.029487499382258645,0.024739201228440248,-0.0014035982452975516,0.004460126536742217,-0.04239252901153347
2018-07-25,0.002107224721416994,-0.006056998861013598,-0.004738970338588993,-0.00885769770751156,-0.0020303047152903904,0.008852544458135204,-0.014088709309445814,-0.0021419942548068878,-0.00020657268750096133,-0.02107048985878892
2018-07-26,0.013781110956009587,-0.007385519997697051,-0.003702533193066507,0.002827939033329725,0.0023666086060607733,-0.008218703131015756,0.007914140331167033,0.0011820920460710233,0.0031660038191820943,-0.014851783457174654
2018-07-27,0.008284835736523555,0.0034361988719885,0.009683676872639439,0.004918549248054611,0.02346385756589134,0.019088097033957276,0.005428229358895871,0.015064804443221651,0.00989507665693427,0.023008466494148123
2018-07-30,0.007505766669665511,-0.006728138688687451,0.004610131711790617,0.008433176166400987,0.0028334404025545856,0.006829914025318285,0.0018649762534107663,0.014707104522574257,0.0036463779405013436,0.0224908858921977
2018-07-31,-0.002821536223864667,0.011531290509572705,0.0044477575055542175,0.0069801605910995695,0.005518764592573159,0.004447538209129091,0.016630094634285834,0.015881018741945,0.003258965149071806,-0.008775533914525143
2018-08-01,-0.006053071336213982,0.00625616810125776,-0.007651973488853541,0.013235314576767888,0.005398638620063219,-0.0045379102785002455,0.0018308316678500647,0.006257499938296412,-0.0009073639087465626,0.003998421335319191
2018-08-02,-0.008758566361341598,-0.008672072697011732,-0.014470380824233874,0.013131438662647526,-0.003208004312693383,0.002331617016594332,-0.016785484433651035,-0.009377846434209266,-0.008985979419681003,0.0023914468522061726
2018-08-03,0.012335919836211849,0.00660922849400982,0.003872756758462349,0.008042104045546634,0.011190456107622848,0.015830786109377697,0.0059347583607047855,0.006793411885392787,0.010271892255968624,-0.03896600825807999
2018-08-06,0.007302993478784221,-0.002977293369056842,0.004398542227476368,-0.009746619743700365,-0.006479163989854423,0.0073232981106190614,-0.00593475836070488,0.007423396030905706,0.0023122852731850252,0.03896600825807992
2018-08-07,-0.0008104030953793014,0.000561286244543562,0.0030307158294588096,-0.003998994219838822,-0.0026185811725378174,0.011545986608128955,-0.006157287678924481,-0.006519553335053082,0.00020640403976921495,0.0015910507585679082
2018-08-08,0.006669833374478226,-0.00037983808179345576,-0.0031785267126516374,-0.006831462550292512,0.005193573199028598,0.002420722762666418,-0.0005616171567567052,0.017203649293513274,0.005302224530419492,-0.0031847130448416517
2018-08-09,0.009135880672379344,-0.00033210055710930806,-0.0006841128646750083,-0.006175499125607006,0.0024265967982364995,0.013845650001235357,0.020573380321812326,0.0004907529922078117,0.0018062450766348273,0.01110244091381899
2018-08-10,-0.006936017552957415,0.005187397120459767,0.002369196552311221,-0.01214926616836079,0.0030658518521423255,-0.019318700715098527,-0.0009176838716962673,-0.007503244535290344,-0.003598242758917501,0.013317867951018109
2018-08-13,-0.011797614984715652,0.013596505518629504,-0.007663440333904772,0.0052769569848572185,0.00015406675613316794,-0.008464267874797008,-0.009594079443164987,-0.015355715234514332,-0.006473508743511776,0.04191083746138681
2018-08-14,0.00814456117607284,0.008631847369041745,0.004308960027150579,0.031559800090961154,0.007768411822571161,0.002580509507488487,0.019642579533130068,0.01107028990764777,0.00696331478277028,-0.00899555454827866
2018-08-16,-0.006988564593145199,0.0023358017535167444,0.0025700000680234196,0.011972907289745921,0.00018910592351868607,-0.0229731866473743,-0.005102959654498999,-0.0046647297012026075,-0.004386464262815843,0.027480369743771677
2018-08-17,0.010794529228408643,0.005439107979199179,0.004398972451558589,0.01021305810204329,0.019004424664525475,0.016951461102678936,0.008732069223857665,0.0007511120414235101,0.007499242877784467,-0.036557579382121695
2018-08-20,0.005166384571508768,-0.008651446192925112,0.010897614051741058,0.010804063565583506,0.001216005806948332,0.024677464883837406,0.006499457183185443,0.017562853943523794,0.007036623669863275,-0.00992754365897818
2018-08-21,-0.0005784248259979195,0.009196701561883387,-0.0016972532626512698,0.015327114080102415,-0.0022570650779279956,-0.003440892968968625,-0.018159205691143137,0.006560183907850623,0.001656418678663017,-0.01002708884703901
2018-08-23,-0.008172647364779009,0.012299610745189891,-0.0017913788762659313,0.012612931377944411,0.009054591947800636,-0.014570775989065218,0.0040234365420322845,0.011209192036676177,0.001023563041648874,-0.010911985942237723
2018-08-24,-0.0069170514728691575,-0.0040481639630093064,-0.0051777681369831975,-0.0015592687370909978,-0.006607597269612054,0.018672593071267275,-0.0018268181101667445,0.004830545961469553,-0.0022169894415104054,-0.0278127089331351
2018-08-27,0.015312581615464983,0.01656579820411893,0.008270738693274575,0.0032845570164221857,0.006725675569680455,0.014727890375495168,0.0007310608522346823,0.012998627468705249,0.011600654595540067,-0.013793328536273058
2018-08-28,0.00019284853969734532,0.004379684753369357,0.004592191963051197,-0.004378474984941875,-0.003371819307451683,0.018050813201814724,-0.00899329420841518,0.009834782361081998,0.003973450407027797,0.015403671689487105
2018-08-29,-0.0016126145019746286,-0.0037353527664671063,0.0011764014822398746,-0.004107809629921238,-0.00199464210809737,0.010260782177553631,0.011730272531180475,-0.011250347258340987,-0.003977710157774837,0.0008041235056163411
2018-08-30,-0.004290961541542634,0.00031553345273286455,-0.004491405028183424,0.011093254703368152,0.012697505907108992,0.00849366703733359,0.0059950909010922536,-0.0062054465245435855,-0.0012923772322029556,-0.002414466658830449
2018-08-31,-0.001477806091746605,0.01796727032012288,0.00014992068868827275,0.026367262888911572,0.0020546038839501474,-0.0059791791352435345,-0.0007247026650378096,-0.012457739181252753,0.0003168341695652239,0.015194257311850524
2018-09-03,-0.008670256443782316,-0.005498486632017833,-0.0067076982826647005,-0.0029926318183450297,-0.024670165722259454,0.003630066430764462,-0.010019211015978965,-0.010484280048166242,-0.008438430776075216,0.06081134111050934
2018-09-04,-0.014072518310313246,0.02039512465702005,-0.016741089354216455,-0.015010951159495745,-0.020988254044003087,-0.019635236694501984,-0.018664566095254735,-0.0006829491907966209,-0.005371674285373425,0.028710060864198264
2018-09-05,-0.001996097988161217,-0.0005484692225532858,0.003184478146615287,0.009542304944071645,-0.00874607784793735,0.010431748483143695,-0.011255043355183073,-0.0065262997334471,-0.003769986473883496,-0.009478752523046417
2018-09-06,0.003378613312860332,0.002599502358680204,0.0009403287373649462,0.026789174830837162,-0.0003722231803891853,0.002480912075786751,0.00526821317814597,0.02025639031429859,0.005209934834070753,0.005115148076011905
2018-09-07,0.00046399129521198737,0.0014384573579053728,0.021809740395139995,0.007352522055191388,0.006304480738671469,0.018426737940685944,0.006359848110980614,0.008440289912819653,0.0045143394792379185,0.012314539723032909
2018-09-10,-0.01022986995818014,3.104616291810042e-05,-0.017618842238512976,-0.020348678571013686,-0.01746021390105947,-0.01714730057611139,-0.015218660253652037,-0.016550463459332504,-0.013115113390097494,0.09012623382037137
2018-09-11,-0.014599635706902012,-0.006984754123898136,-0.01509879827312806,-0.01615916977583154,-0.02444468666401727,-0.01623010828254896,-0.020079075486446146,-0.012733970910464932,-0.013253935347788789,0.00851627260306439
2018-09-12,0.0004363257652567575,0.003797497913296855,0.0010619940661297231,0.010889925585663696,0.02498328705181441,0.014730381021092597,-0.00620039221310444,0.007954068634232201,0.007273628261968242,-0.07305478119228923
2018-09-14,0.012769015086038735,0.0011485950065018558,0.012449381758210889,0.024829675430643693,0.005157281696645101,0.02241044911337742,0.03401166197199161,0.01215896792314802,0.012698371727607837,-0.029193945499999457
2018-09-17,-0.012727941797303577,0.002938580903609318,-0.0088972305000816,-0.014056970960247918,-0.013903328221371665,-0.0022239753904457794,0.01120878564381133,-0.011646313348165018,-0.012008224872722099,0.046585688211868696
2018-09-18,-0.014226212864257246,-0.0055239702297776114,-0.015509882931778976,-0.0036958392206056494,0.010853929802237858,-0.015598184799036125,-0.030939957461344644,-0.009581869419079458,-0.008725935642451747,-0.005532512278883491
2018-09-19,-0.006225486649735188,0.002053295405572714,-0.003579296884995829,-0.0008077673430871813,-0.013214415477790122,0.011907646332316748,-0.012338741971548047,-0.00011320028395539042,-0.003957743942134398,-0.02884476046169651
2018-09-21,-0.02623607388623942,-0.014449694480235274,-0.011511784042617462,-0.01975993829858359,-0.0026537287726862186,-0.0050373284445463075,-0.035742784358549974,0.0075305215498694955,-0.008155577062129398,0.10364596579879254
2018-09-24,-0.024782216657681554,0.02135742664800585,-0.03983204112440117,-0.02544695436482772,-0.02186735457578492,-0.011375984010287226,-0.0543241204365881,0.0008503442908685034,-0.015893165427847328,0.11477553455583885
2018-09-25,0.01431417215762976,0.0036778947839030767,0.009894908652769518,0.024744505866617927,0.012531587234904426,2.7561824535374123e-05,-0.01734334457564245,-0.0030807287792451953,0.009081113743931286,-0.04398246181406943
2018-09-26,0.0018124533422037943,-0.018805347844056568,-0.0097749083226003,0.004300040339109998,-0.014771088659689197,0.016967926415958894,0.023902145287439395,0.010453184926908866,-0.001234142949208208,0.024283090829478528
2018-09-27,-0.01325527668950207,0.005355167680764184,-0.018852467681350127,-0.019316862427887306,-0.0007549476530964449,-0.0065864314538226845,-0.02801424692415486,-0.0005700970187054014,-0.006921982157626523,-0.009997147368813642
2018-09-28,0.003097969875614317,-0.01129782948584259,-0.02320566326594792,-0.011961328328986944,0.0032801302436282565,-0.05154140394547838,-0.048660034460411214,0.0001433479373571895,-0.004299770124143364,0.00471698536904043
2018-10-01,0.009790720906973522,0.023435111714889732,0.007200085691555936,0.00619291807476695,0.005561254920215932,0.012176826614869761,-0.015141390361236507,-0.010081107648541764,0.007097025685968254,-0.00945632618099683
2018-10-03,-0.011781159771073708,-0.018915112846337814,-0.029868492556987723,-0.008356190060421487,-0.014324964747678815,0.01796382622025878,-0.0004624559782564304,-0.01091539988422266,-0.013724356268050715,0.0732593290549218
2018-10-04,-0.01004636963210921,-0.029902498999697453,-0.01811448620610977,-0.03270193419913529,-0.02986558765110184,-0.00548548056664557,-0.007195124853833938,-0.06332896993693052,-0.024141915818458322,0.043203220726040506
2018-10-05,-0.015259292756856557,0.009702779313356648,-0.0322176398197106,-0.008697516236823742,-0.026771390745353268,-0.036401395435775266,-0.027631895611653468,-0.08304835717588754,-0.027043516339215604,0.04192072917693937
2018-10-08,0.007129753189947144,-0.01854288689971903,0.0060388685504001545,-0.004361470080283557,-0.006045401799691935,-0.03101616628891432,-0.0326142160141339,0.040597867507796315,0.003058349730753957,0.021063972628070474
2018-10-09,-0.003690978907812706,0.004211879698409451,-0.02668774575882532,0.013889314084784577,-0.02027763641438597,0.01021877720145935,-0.009945382518033771,-0.017272865567741456,-0.004552264462335634,-0.019544565558381164
2018-10-10,0.03186061513008366,-0.014852933188973504,0.02589031175253638,0.013663162463592152,0.016324783747317512,0.01905403874971448,0.04112176914684189,0.013737534076058797,0.015322168649223668,-0.09830049634989374
2018-10-11,-0.02146540753605773,-0.030861237226775355,-0.025134879237105296,-0.029358205963655994,-0.008058764950966468,-0.039188695967211924,-0.028458718283046892,0.0012474804382493956,-0.021788921165731508,0.13750169626331857
2018-10-12,0.02438949624105336,-0.00984189858834437,0.0387112023716224,0.0038864814819424814,0.02804329637176364,0.0390287934875024,0.03348206597865852,0.03185050797851246,0.022973713528550762,-0.09808776425015746
2018-10-15,-0.0003071413857161303,0.017589523489179432,-0.005502574611526978,0.02575311990909605,0.006272510241916175,-0.00425560204110182,0.0014306299302668443,0.008396871362303037,0.003812251460013522,0.013859509636510576
2018-10-16,0.007909381669071333,0.006073845943553627,0.00753147943242835,0.0063893818993526145,0.00589668713021558,0.002363233595627317,0.010193255807277844,0.016146690069416478,0.006849260681022563,-0.08388802063446975
2018-10-17,-0.015796522059914688,0.004172684671257257,-0.029905915540338227,-0.015402491782939268,0.004380122764011695,-0.02020810272410145,-0.029438496805792594,-0.01320253805737479,-0.012520502809902525,0.034515375015751464
2018-10-19,-0.0040894853668129805,-0.03213372262364562,-0.016485463882045248,-0.003733897460858011,0.007722530040069619,0.0006094126461846966,-0.007558261105013675,-0.027549694238405826,-0.014405306077947945,0.09591680229272245
2018-10-22,-0.0002871062116075976,-0.0038340997430762512,0.0011730633462288134,-0.00037823739700531005,-0.0016549934767526246,-0.007561981259606173,-0.0031867126373995185,-0.02547508047152207,-0.005674293551714025,0.07634323678991235
2018-10-23,-0.0042417406500438815,-0.028609902442634918,-0.0059136755265519255,-0.02928443278256679,-0.01106720118577516,-0.008087321674476424,0.0017171897204096823,-0.003644595202250014,-0.009655817945697833,-0.11497796521886758
2018-10-24,0.003667358744303912,0.0024551308461062587,0.001703917322839039,-0.0036197699928309413,0.005266906874714051,0.01053971776339831,0.03017730500884094,0.0015269713367220652,0.007652886157385112,-0.008438961181205271
2018-10-25,-0.00989353547031402,0.0015397906603398168,-0.009620359963188318,-0.020750774519836895,-0.0076221568612469225,-0.012337408763648831,-0.02042113006347638,-0.010418969140902037,-0.009813476770964884,0.0042283322731352085
2018-10-26,-0.016101455129643446,-0.01953460476109664,-0.00033806056910342015,-0.003023431876548467,-0.014179540456327461,-0.006949258443610381,-0.0029169010103895967,0.002395005867848513,-0.009417173007402645,0.014140087256457488
2018-10-29,0.021816932865224157,0.02392064155180345,0.0168598382449153,0.050830302728266226,0.00867055950349542,0.02573265468538704,0.03256994401917473,0.03212481854264781,0.021779988895005153,0.030724402888279566
2018-10-30,-0.006106381229037504,0.015669746443446386,0.0023698919126315895,-0.005761957765770778,0.0004882743427582849,-0.01087655004122072,0.006107620870313211,-0.02206007810448027,-0.005129707325392901,0.033228947460058
2018-10-31,0.013831013249074545,0.03989134954893259,0.008647881877338285,0.023035538967362646,0.009708157651638846,-0.010890031500193438,0.006535942578130243,0.006773945705680247,0.018285592676591408,-0.034742986976169246
2018-11-01,0.006751645528645055,-0.02152160310549746,-0.0007201247139197311,-0.015320409882702604,-0.006748446678690115,0.012478918338571024,0.027310990432201126,-0.0007964299449011318,-0.0005922280054286613,-0.03129256131858935
2018-11-02,0.014816469540784461,-0.015528216652051952,0.04068493266852563,-0.006399852845459656,0.016845481950065577,0.029776722157676426,0.002035495168132554,0.01894984300350843,0.016485931474334168,-0.05132077426949176
2018-11-05,0.0011879020111409064,0.005199445987287723,-0.0028962626396575562,-0.009190721554792199,-0.0038810849304196666,0.0007701917593279824,0.015024347500026552,-0.0013968613540932585,-0.0027518165109068284,0.06631971113511483
2018-11-06,-0.005228856729456607,0.007267037641672918,-0.0025377466782719148,-0.0005868012433692751,-0.007968977414326069,-0.0008574380826232639,0.003998269037529243,0.006915226622599668,0.0005699629678378127,-0.05107713576451371
2018-11-07,0.006685130884028885,0.007231635103150122,0.00766999962647883,0.004974351153897278,0.007700910432697281,0.007214537379496937,0.007068687950734506,0.004831112243594726,0.006474757039787639,-0.043617232523525624
2018-11-09,5.047647213890013e-05,-0.008882809578936949,0.00833405803272371,0.014812845928400932,0.00047522224197324225,-0.009266700198545056,-0.004854338094452967,-0.005413566285158823,-0.0012462656636175824,0.002817761499848635
2018-11-12,-0.009013795251835172,0.006660128201258246,-0.024688570670270846,-0.00899944504017669,-0.006799747176895523,-0.013907830250099208,-0.014706160890061767,-0.016137050947937413,-0.009778218363148,0.0862138528183204
2018-11-13,0.008920646741550842,0.0032505860222978356,0.008295649937478056,-0.014220454724223095,0.008618381890440962,0.007667397962384262,-0.006079073644203874,0.017305154472989744,0.009523094254035388,-0.035201956085915434
2018-11-14,0.006249715037429809,-0.024776823406012137,-0.008306654734814616,-0.022148309616624458,0.009149123583930541,-0.00836200985590827,-0.01501729151419096,0.004934222754486453,-0.000586063060967349,0.006927773957896735
2018-11-15,0.008624369229704098,0.0010908990256396284,0.006261111185281381,0.0002603149550172554,-0.0009437281714080344,0.007584664084713203,0.01682238748279505,-0.002131421968596483,0.003812621107308771,-0.02038692677907076
2018-11-16,0.003465702552739908,0.008256109502267118,0.00044999720449052786,0.008941771715459049,0.004567338802927575,-0.015763669768051256,0.0024766557314225973,0.012797609901209653,0.006150571652505879,-0.005434816549147176
2018-11-19,0.0020989945508626566,0.008712580894878133,0.010404109269114994,0.01047038994068551,0.016946258107027896,0.012074309852567822,0.016945724528316764,0.010691947971407227,0.007572703131144189,0.048400822964651445
2018-11-20,-0.0071487962988915155,-0.021790807949249463,-0.008069264270017303,-0.019395847875618318,-0.00826121585230392,-0.028726877201716506,0.00044211364497710357,-0.009218767148926428,-0.010009625523730635,0.003627871019548948
2018-11-21,0.005678289492449735,-0.028829266508211708,-0.001572413088376678,0.01682314581690289,-0.0005714697384195706,-0.008064682670659823,0.014915801614298107,-0.014713191101305576,-0.005283201056794732,0.01182834802979117
2018-11-22,-0.010049649232167921,-0.003135519765916839,-0.006231410466331281,-0.007795536385542994,-0.005005557551063096,-0.017865723201443157,-0.013590699610615733,-0.010369037054789868,-0.006939063131569403,-0.02066187272427463
2018-11-26,0.013984774995084557,0.01361777696322559,0.010553529541599162,-0.013179991034382034,0.02336723652132909,-0.013292701922364494,0.0035250225336423808,0.0017832179586177517,0.009628807669070337,0.06271011757183702
2018-11-27,0.002935158669877583,0.014155557466923272,0.0006767368793824898,-0.013383624077700856,-0.0007368811828989304,-0.007387843815903644,0.0008793007566632488,0.01291292650963921,0.005348559924642655,-0.10754153956275672
2018-11-28,0.0005614172969096386,0.02824688809392143,-0.007507632300344507,-0.004830395805791286,-0.007747183530584161,-0.010069758683515345,-0.014385552742163951,0.005564121068174836,0.004039334223781422,-0.01984633068977514
2018-11-29,0.01804064755032402,-0.011519780485815893,0.011547427436137002,0.008378806256949338,0.013896034785750232,0.01901675303341507,0.011965562349543232,0.007205119712006979,0.01203028163822991,0.04037655276129906
2018-11-30,-0.0028493569385801957,0.011871625170136933,0.007373298959452749,0.020151642646567103,0.0009398475596299231,-0.004258009902845955,0.02178735418490723,-0.003063603691648691,0.0016608635822544591,0.024301199919395812
2018-12-03,-0.00020098473863432926,0.006967760337760331,-0.0010361761928972784,-0.02425767748783256,0.007345252697238449,0.020058278303599953,0.023851241510376712,0.0006839212499744404,0.0006433675918710725,-0.05030491043338707
2018-12-04,-0.006115642560857958,0.01745151051981277,-0.005240085457765043,0.0012142755607486718,-0.00653402318387692,0.002691651577043264,-0.003583881110498981,0.0017669639868868915,-0.0013101492455916805,-0.006055548547667888
2018-12-05,-0.006547293223220502,0.0008696145321166277,-0.024093293188467063,-0.0282175493034355,-0.007139689907727197,-0.03680314297954102,-0.007632019506330031,-0.004526501856539108,-0.007999119688821785,0.015342699829128921
2018-12-06,-0.012189508138958877,-0.021490941681035044,-0.022661405200608314,-0.014367050817792427,-0.015040912153375715,-0.011023542833679876,-0.024341509386980924,-0.021525319747091102,-0.016999059579474705,0.04881606335646271
2018-12-07,0.01500240979464706,-0.0021017125809816898,0.008878210785841953,-0.0004491183513572873,0.006231947607678641,-0.004612928138880469,0.005002702751037838,0.0016998437324596892,0.008692278636606364,-0.037999258841958004
2018-12-10,-0.018660073866351476,-0.01675985536421979,-0.009691880932957924,-0.017110495869805353,-0.015696992428062828,-0.011445147471493292,-0.03084624420190676,-0.02574670789638546,-0.019380130942287622,0.09486998152215123
2018-12-11,0.0023245980642671686,0.011062599208305627,0.007095444435177386,0.02445452663664553,0.011959394339169874,0.006270982974253871,0.0004474546093253119,0.003803848589354082,0.005770654643792864,-0.1299036340256891
2018-12-12,0.018196827677041325,0.010843232323734426,0.035461603760363135,0.006257152736589889,0.017518155533137042,0.02511280226365298,0.04269007577688203,0.014727472208847087,0.01770623905775317,-0.12694747967527667
2018-12-13,0.00645342361054969,0.006927124020600118,0.009560130236719998,0.0010560580565784686,0.006818874702695139,-0.006098913160345441,0.013623015823772662,0.000811852173559512,0.005011838341027756,-0.01658202687145032
2018-12-14,0.0003598091149898322,0.0007005422878255064,0.001867655152980272,-0.00962526112774608,0.0026457767514132488,-0.0005299741763601566,0.0029554463258245726,0.01056219914321408,0.0012872521687673252,-0.02540028074208937
2018-12-17,0.007050352019878478,0.001456674067873686,0.006911272597951343,0.005132047309951964,0.008285851879643908,0.019961059433114915,-0.002321423696874465,0.014945996274905511,0.007642719885813293,-0.04175690066727617
2018-12-18,0.005864451872249851,-0.009603482347635814,0.007257390753158706,0.00784716293830504,-0.0011369640764708924,0.007233328423193445,0.00211059602571134,0.007132884350432987,0.0018672794743268973,0.0027472518659459946
2018-12-19,0.0045417948475692275,-0.009487641209136147,0.01098817502936414,-0.0019191965458241903,0.012599507614914459,0.004056610932108663,0.029089938921979752,0.005289665189773347,0.005357446474361821,0.005471964702323165
2018-12-20,-0.0008539328742195922,-0.0034083577265705636,0.0017706381302457002,0.003433751199436762,-0.007039570352097246,-0.010408527465246559,-0.0032820041479428505,-0.00261706402879059,-0.0014233871991216722,-0.022767449534045543
2018-12-21,-0.014976802019692696,-0.0232567547179905,-0.019860878957222175,-0.009048244211934502,-0.018378166038474794,-0.0049209441708008925,-0.020131451032290165,-0.018538595748520195,-0.01821693480035375,0.10960827601579287
2018-12-24,-0.005781558398954997,0.002804398243083651,-0.01407486565470577,-0.005451339973429096,-0.00827431020507099,-0.023177048740267034,-0.021615616626393146,-0.012099944672056525,-0.0084510833319759,-0.015123147260159663
2018-12-26,0.010132011630941653,-0.006255570290250934,0.0021970579123258387,-0.004767055740225252,0.001511356342360163,0.0027793930429817672,0.002353710565735134,0.0052935354745665035,0.006202845587195536,0.010735819936928152
2018-12-27,-0.004019260968436161,0.013720052676217337,-0.004660283109493077,-0.0022016088803593938,0.012629828951625417,-0.0030545567540859737,-0.00578713794278027,0.015584982999742345,0.004644453671963747,0.00937797555044752
2018-12-28,0.00913646233069489,0.002178113469555154,0.004313393502704579,0.01698560496569026,0.005466064182762026,0.007482441977564567,0.002576175064939687,0.005946761972987434,0.007403148015077441,-0.05106401155050248
2018-12-31,0.00128755226632915,0.003781299979970358,0.001273067777097492,0.006164166665585051,-0.0008958178803866917,0.013531880114004424,-0.0036515595902826365,-0.002435160386708321,0.00024393326275947618,0.046698573031266
2019-01-01,0.008513006698401923,0.0007338280404788015,-0.005766071939885181,0.0014929033212124805,-0.003880854533131405,-0.006152820305991421,0.021922741675081316,0.0009169515390204789,0.0,-0.04277703433283248
2019-01-02,-0.007979273512633186,-0.0002630480498246617,-0.03094504572194626,-0.004739906861873446,-0.006708649092082195,-0.03465799436593143,-0.01441922290557302,-0.014564017023478818,-0.006469627145011258,0.0668596676095233
2019-01-03,-0.007937604794684786,-0.00868635813561792,-0.015314479413430764,-0.013398300401736719,-0.00019872682928042434,-0.02272656000243545,-0.0006409963013849521,-0.016107922112507504,-0.011204533761500678,0.024112170101108426
2019-01-04,0.008684381722644128,-0.012364787326332812,0.00477906339698063,0.007509879640569806,3.3123880859107925e-05,0.013854417219370226,0.008300556272573548,0.009188977030301656,0.005149603931252372,-0.03824448196695111
2019-01-07,0.004020297388900137,0.010222425067088071,0.0012082569302535552,-0.006323902363649159,0.0030559347119417982,-0.0015335915115415719,0.013264787297991387,0.00667139931692031,0.0041350713736188,0.008626017355984852
2019-01-08,0.007477960314922619,-0.0004059043382481088,0.004485434522347047,0.01501381884445749,-0.0003500843718439672,0.004394570727236021,-0.00020919590679200468,-0.002173973957850811,0.0028136345625500237,-0.03750436080106924
2019-01-09,0.007637236890317552,0.002823970612573356,0.0053413631149306215,0.004721086098119195,0.0100363331550826,-0.011627665685950066,0.006464428900536053,-0.003220015314742052,0.004894433183399924,-0.027770550997029728
2019-01-10,-0.006944952062351591,-0.0001989301274375087,0.0029427531360266446,0.0031499181804952835,-0.00018640431622762903,-0.0010591735119442468,-0.0027058364283140566,-0.004022744740840645,-0.003095557040757343,0.0052253496761386605
2019-01-11,-0.002715388233784106,-0.0011282008468928633,-0.007979498400729028,-0.0036272009241927277,0.006111163585940717,-0.00037017889855886813,-0.01363991384279496,-0.004795640223391993,-0.002465650421033224,0.0
2019-01-14,-0.007518965571901444,-0.005853360814251793,-0.0014283401811254152,0.005248753419866542,-0.0013875586646359033,-0.010794237996945165,-0.009766480147778154,-0.005204504783541061,-0.005326886232360374,0.05142354476597556
2019-01-15,0.00558107976553706,0.0301178425593611,0.00436351756268563,0.00870017905628815,0.009546891147271025,0.015846677580384532,0.01776319434190459,0.021222541787109032,0.013799464213669708,-0.03655100810494276
2019-01-16,0.003022651960639667,0.003357580037651986,-0.00243877420121676,0.0029532858559155766,-0.007353428655880264,-0.006466969613126632,0.0,0.005632786512475645,0.000321438583917674,0.031588223460485364
2019-01-17,0.0016378589423854222,0.00626612049412398,0.0012905301818976124,-0.013756375662990133,-0.0015149149993393912,-0.001349049945455818,0.011876338624540475,0.0010456378880669855,0.001367290766106507,0.009901061633650749
2019-01-18,-0.0026206826446872164,0.006247231384435735,-0.0037691621245962794,-0.027345521017120785,-0.00642652680748841,-0.002010068335427034,-0.012924886468538942,0.02425201139789828,0.0001604610249256087,0.02312951928286913
2019-01-21,0.002796834437902289,0.004916410745830105,-0.01113610273388868,0.005176757420750794,-0.0018139879544110365,-0.0038286477328853836,-0.014370531229662586,0.02410217082688585,0.005020808629692447,0.088063699770552
2019-01-22,-0.0018667428601863974,-0.0002539865194582301,-0.008230929117276062,0.017915805515782136,0.0007410607370070985,-0.022364514422441435,0.007422364879534639,-0.0009360260608219563,-0.003573257146616415,-0.008854504453527886
2019-01-23,-0.008459253733566945,-0.004947833917128772,-0.007277053435484086,0.006009456671222717,-0.017065133173474103,0.005625236787082406,-0.0048713171044653236,-0.006714856220507066,-0.008389214537151498,0.005543272602418131
2019-01-24,0.0005741522661457762,0.005569242763061733,-0.008746666450972702,-0.005795774769848645,0.0015109450385355282,-0.0011743239816959271,0.02142491545200119,0.009423638281118557,0.0016880730581589696,-0.037166430801554
2019-01-25,-0.005557008871305017,0.004491624922520618,-0.0330385913727677,-0.00039357904418552944,-0.0032913592564008057,-0.012502210597830674,-0.0448391390413676,-0.001358496880694932,-0.006403062164968701,0.014806661320916523
2019-01-28,-0.01719460769535531,0.005361555273272571,-0.014241688033536747,-0.025874516433341686,-0.012520414103390724,-0.010695528891702421,-0.0032654866942292667,-0.010070544889959428,-0.011099773244971002,0.06616236352051652
2019-01-29,-0.0029928511744146723,0.007324191115722873,-0.002773067075826013,0.010676992941024895,0.006518401440443044,0.0004244347380487932,-0.004808779118073258,-0.012872589704475459,-0.0008773312978436732,-0.02518211364163879
2019-01-30,0.009442161035721,0.0015679330537399104,-0.00025251701534467676,-0.0025499006183909195,-0.009964185128924238,0.018808326151866072,-0.007477479131714608,-0.010391800761978248,-3.758830501756102e-05,-0.031976258643873365
2019-01-31,0.017367122799095143,0.015874407672409538,0.012242512056633287,0.010336112799582629,0.011362801019264073,0.011659542553476223,0.009010073207356873,0.021434139094427696,0.016678920874278535,-0.041756109862263614
2019-02-01,-0.007704896146775051,0.01441242505757633,0.026754811456457618,0.016207267985269024,0.013311750118869401,-0.034968299870537026,0.012392770252658225,0.012281497089381605,0.005772292029816439,-0.08531361574661156
2019-02-04,0.0037090472071849125,0.0019377942776350264,-0.005428621599637659,-0.0177323607697795,-0.0063446087027696,-0.007557816309204838,-0.009989172282381399,0.015872534806290174,0.0017059248691862574,0.0
2019-02-05,0.003125351667491557,-0.0010224084828574411,0.008627976765580164,-0.0012832684514774164,-0.008333860845237713,-0.009401858782103133,-0.022735817074373967,-0.001078401656925881,0.0020231630833451035,0.0038094945081245447
2019-02-06,0.004779240090273054,0.019935014182953535,0.011634591203655434,0.012006444526532904,0.009003424903778852,0.02308512329788212,0.005121976001022783,0.012761233126480824,0.011647333726075786,-0.00955114674048933
2019-02-07,-0.0005548287819691227,0.0018823052268501343,0.01956821807648024,0.016617826943141234,0.007871326733368014,0.0010055472181346775,-0.0006666333065729769,-0.011042236433433519,0.0006280717930916961,-0.012230634335878553
2019-02-08,-0.003392340237813252,-0.004114534300026703,-0.036881217657298765,-0.007904345932176537,-0.016565618698762222,-0.03418371603575202,0.007528808736804698,-0.013985542741024443,-0.011429805188104512,0.008384448826281485
2019-02-11,-0.002443056738982096,0.004934806930543328,-0.01195306029454607,-0.016479175420838262,-0.001363107791711064,-0.0055985835039211425,-0.010199590830281685,-0.016842510023284664,-0.005020054711538446,0.0171924297736898
2019-02-12,-0.008003625031323819,-0.01001325022013109,-0.005084862122722372,0.00754671712720632,-0.006902689742569148,0.015565154367809406,-0.014140103775515157,0.002655163581448544,-0.005285360831624847,-0.005698030747711541
2019-02-14,-0.0014875828816694732,-0.004842730954877302,-0.006635805156113997,0.0017895583150255164,-0.0024603735557609634,-0.012469279541563008,0.008552872944437389,-0.03206141888489905,-0.007911132252471094,0.0012690647308042776
2019-02-15,-0.006559988051634503,-0.0029075007262994394,-0.011103117621068189,-0.03161245040956591,-0.004845083672065103,-0.02090352125904981,-0.002468319621696474,0.019573394915558928,-0.0020166713974639474,0.0428237096251306
2019-02-18,-0.005238760566441287,-0.009950938441761384,-0.008006043827965286,-0.008055872386533621,-0.011804637994862923,-0.009420083243693316,0.007609691764358379,-0.012711778060490288,-0.007811771620307167,0.0894386182685877
2019-02-19,0.0011473747877149844,-0.021005854236176402,0.0007062352917297022,-0.0024815139469731027,0.0015368332024428683,0.014115572753536818,0.01702265510950577,-0.0015774049804600308,-0.003445526538395949,0.025775999138724037
2019-02-20,0.01009142856142596,0.01783653526746645,0.005940171212305621,0.006253212094215584,0.0015052995937514513,0.027610989897145166,0.0026269316363895464,0.018432886344412962,0.01228711014362708,-0.07941124627602296
2019-02-21,0.003588351542548917,-0.001317365006385534,0.004330939148713056,0.011552342112849154,0.0038801046193488215,0.011202801101674018,0.003927603343866329,0.007982781762607237,0.005054473607434973,-0.06102770871801036
2019-02-22,-0.006856479864638965,0.006126579769905563,0.01487036702712639,0.007580583526688936,0.0025630128930559503,0.0163349469199582,0.015343306047169405,-0.0013356396408938471,0.00016688193630472358,-0.0380998110423995
2019-02-25,0.010798401471367687,0.02013423035171455,0.01111095822897174,0.004957777191000735,0.0029316779650845593,0.003477216295147768,-0.007318142783944083,-0.0009546114045855387,0.008162673513503154,-0.0058422856306717145
2019-02-26,-0.007624908066893757,-0.0008814712415776707,0.003297380161834109,0.0015017868083044331,-0.002505959388279955,0.0009811827272188673,-0.01655451932206432,-0.004572574260010309,-0.004126092031890748,0.10789641820853033
2019-02-27,-0.005716921014507965,-0.005487335055931958,0.0024912325388040356,0.004153569043624399,-0.0027967612031685003,-0.002823627846131249,0.0015362939846126791,-0.00044579771592164337,-0.0026475831003447124,0.09949877830569881
2019-02-28,-0.0003508355962302944,-0.010754296842757676,-0.00773758132259977,0.0021012189283805805,0.00311117572986729,0.008656245555633532,0.009820046180975513,0.00877409521580008,-0.0013102730795938819,-0.0333542982933453
2019-03-01,0.009436485024914152,0.007365372157060003,0.006977271432732808,0.009833570070865398,0.006880957587078944,0.017638430147689114,0.00043424274321274985,0.0026519186459268863,0.006557097745663337,-0.11648465422227786
2019-03-05,0.018688075232510846,-0.011690781831070335,0.03077426845325254,0.009097375867443556,0.006235379595393613,0.02617110696220772,0.01977279468122861,0.01673577344949617,0.011345183958033887,-0.038213268547531765
2019-03-06,0.002595174649595213,0.004519250832681284,-0.0028680892259731134,0.011021697075393494,0.0020586960496703052,0.007008281663671798,0.008054342579443149,0.016701170736843875,0.0059481541776258,-0.0031979682852878847
2019-03-07,0.005017098461206218,-0.009767901247585947,-0.0018568162589048297,-0.012016155769807515,0.006500135524792141,-0.009461075196376739,-0.003383395218567023,-0.000957312054522093,0.00047036753884395607,-0.0207126950874961
2019-03-08,-0.00010081188753054145,-0.01119049683639991,-0.006167943976376605,-0.00263465283160938,0.0013934624661433366,-0.015116146336440511,0.0019045480112537996,0.0002736203446067073,-0.002063929117607768,-0.023156865828197055
2019-03-11,0.00735175483896523,-0.0013118204305081183,0.023047047311047224,0.014656248749098703,0.010320333937149788,0.027073044798195424,0.009049809944742018,0.026888081215856077,0.01194868284879883,-0.002680964268458953
2019-03-12,0.016913913070278157,-0.0002567308316379078,0.00229735732916853,0.012995405586126923,0.007389257566607942,0.0046772762123496745,0.025851921158910888,0.013865816128580769,0.011851926453906937,0.013333581734356021
2019-03-13,0.015371528656234604,-0.0027108946108044254,-0.004023873405968577,-0.018999138187368855,-0.0009584777203373124,-0.01900934641269643,0.005903374730120207,0.003162334781095155,0.0035772840485137174,0.011849997178892768
2019-03-14,0.0013423639409246206,-0.0053883246914037605,-0.004807610582352297,0.009258988147672615,0.0005154778606309593,0.005444433334053911,0.021881819964254843,-0.0010509085532981984,0.00013663725743869715,-0.008544259486808963
2019-03-15,0.015722907711588338,0.01857741299430077,0.0025810230271296228,0.004003950509503508,-0.01701114926743295,0.002063109435681888,-0.0007945846449243407,0.001325178726109463,0.0073429617299341126,0.046430020551311804
2019-03-18,0.007279104832835642,-0.012111007571318798,-0.013928202868313307,-0.0018234202721250279,0.0072814571314959,0.006675880664065696,0.027828587292941572,0.017724735214614307,0.003088866890158751,0.06288307202968471
2019-03-19,0.005786357648065871,0.008821940823537709,-0.0069791666800540575,0.004298150960086547,0.008608176825380964,-0.00033026191133839856,0.0011589253215050592,0.01583837268384463,0.006105817158639563,-0.024559476665385535
2019-03-20,0.002159341514585831,0.0066699628502684336,-0.014337081254301016,0.002150336722280803,-0.0044722506021246606,-0.01039265755934485,0.024033153431975526,-0.011912371990746969,-0.000984719142560533,-0.028292113234979616
2019-03-22,-0.008405316919671463,-0.003091485622325964,-0.012930932729719376,-0.007057104817473089,-0.003256405801179368,-0.004314942014744084,0.006200205542462315,-0.015060367201526252,-0.005583577314696379,0.014860939909900695
2019-03-25,-0.010237311261956539,-0.008670308780384637,-0.0118310786757729,-0.003179100502709272,-0.009228242861671152,-0.011310047377347504,-0.019480613825492894,-0.00027240785277511144,-0.00900007950222714,0.024287751973034045
2019-03-26,0.020315652018950126,-0.003915718160507522,0.0058938552887039565,0.008129178418938279,0.001214162400690089,0.01043816915908624,0.00855762607445921,0.024073248519509337,0.011297328693216403,-0.010856578647955124
2019-03-27,0.004595853034996127,-0.00112061640278024,-0.008713881120115162,-0.010460163041661039,-0.0022206229745317346,0.0005031277718175993,-0.004554882436957845,-0.012853276222329929,-0.003332146821462826,0.033396036290873905
2019-03-28,0.013261227589252099,0.014712522100786942,0.002297976776467925,0.005515605201524012,0.011703891266462499,-0.0028208307819483137,0.014353363671012535,0.0033257592277844686,0.010858236155870985,-0.023739965466984862
2019-04-01,-0.0030964464506056115,0.017442216246074213,0.02163625041646961,0.01895097227888174,-0.001657928682947109,0.04233683532985131,0.002060573190490117,0.008968155908255311,0.008533099582725414,0.07851697838110401
2019-04-02,0.0009145691584392341,0.009284038174416278,0.010633359750265503,-0.008402868889290545,-0.003982330325037683,-0.004263969654382986,0.022938414617871956,-0.0005203118183081365,0.0037677868730356698,0.003879178847770731
2019-04-03,-0.008633930258549525,-0.001593059462473811,-0.0027847510971378505,-0.01262654782672872,-0.003469246001595544,-0.0013281606044982662,-0.00293036031292078,-0.016158511191274313,-0.005929679070481917,0.037986159598477204
2019-04-04,-0.006280229824795486,-0.013760284647286257,0.00654632633987833,0.009011331500626536,0.0009905072752527406,-0.004255426475268563,-0.0007339897835259186,-0.008527165870185642,-0.00395407913661549,-0.006946384707026268
2019-04-05,0.005992732792151876,0.011257593092922385,0.003303913173045805,0.000879356513156481,-0.004327833091579229,0.0194873218603307,0.013129313848237954,0.0031494208807847186,0.005841689650914404,-0.01403912020877262
2019-04-08,-0.007987715956774841,0.006585057641149444,-0.0044819020780229426,-0.0029866337921597153,-0.0021685032460853773,-0.009833220206168598,-0.02216406383325418,-0.011702938945200561,-0.005281405184150887,0.09139726403428089
2019-04-09,0.008957825185385335,0.0058071731499107085,0.011254353961123332,0.009624712362294053,0.007181157539343944,0.010248095631046892,0.013978479246814694,0.005300860317137904,0.005795590267793092,0.006430943120049963
2019-04-10,-0.010359339391738547,-0.007624343262226108,0.0025134452962574157,0.007961174223303539,-0.0008098344356650511,-0.009120318342534843,0.011260584184556196,-0.00257669035661504,-0.007537827950835446,0.041058579329098836
2019-04-11,-0.0005840144296738103,-0.007805823620699948,0.00525538996256776,-0.001782005339251992,0.005194069908449244,-0.012231528191321636,-0.00725034880188269,0.008217891979117483,0.001069875484907893,-0.00807797613723965
2019-04-12,0.005105138956885232,0.002287157692330689,0.010007284387789337,0.0037517903446560256,0.012607888065437478,0.0013520486340993813,0.003087845792866711,0.0006557358664684215,0.004023215192085498,0.0019066219503222404
2019-04-15,0.005519383118418988,0.012652899635636403,0.015167800127861376,-0.0009233818193925986,0.0004486223133641984,0.02245404464957898,0.016368699646018527,-0.0034258156272806454,0.004019874826265466,0.018401056836455935
2019-04-16,0.01408762451847806,-0.0017888859666961182,0.00804135035240951,5.288370981149461e-06,0.0063697137783817045,0.0027180003817974105,-0.01004128118313079,0.005513944867908705,0.008246306446581041,0.013927854901200479
2019-04-18,-0.010137529445937167,-0.00034824966640512874,-0.0012140002096848223,-0.0008391268656367057,-0.005991722674794733,-0.012796150379961303,-0.025738459172502913,0.008156222948729792,-0.002918494732110024,0.04727412879614606
2019-04-22,-0.01787527088546841,0.004424458176812828,-0.0178510400955707,-0.013313688129312915,-0.0046197663739281514,-0.01808954274075065,-0.02509018194603715,-0.024285178589812256,-0.013564941266796056,0.05600948657148982
2019-04-23,-0.007039298634318448,0.0009716400293562125,-0.014974445844908988,0.0110687887926816,0.0025265878490039325,-0.00396978834109773,-0.002087951044866033,0.004155874585721169,-0.001596865278055509,0.024641920184538268
2019-04-24,0.012844696982592899,0.012542931342672814,-0.004253072583184132,0.007449200507274533,0.004456328696682277,0.0018884196260173613,0.0064394624299817455,0.018260545418455666,0.01289173694761699,-0.0388800235494934
2019-04-25,-0.0100788437590433,-0.0010726233070082135,-0.006748265380358847,-0.0017406191170375475,-0.008522620410824619,-0.018762368091021733,0.003204247672962805,-0.0038219114634686197,-0.007219371112150696,-0.02045233438715388
2019-04-26,0.015179508750508186,0.009230869618865097,-0.011017818692954456,0.0020260414643036156,0.0022840620584401606,0.018401348897720906,-0.004904813815547057,0.011504329410916631,0.00964688746996101,-0.0672110636243854
2019-04-30,-0.008320733003878764,0.012102049653048558,-0.017003116796086716,-0.006276480215945062,-0.0034173650930508035,0.0138372236920317,-0.023341432050458383,0.004160156615613862,-0.0005531255807526546,0.005051703614718941
2019-05-02,-0.0018899824663825664,-0.01822517231812546,-0.0020078583844975665,-0.011897153933239056,-0.008130374410633023,-0.0011660991828648937,0.0011608370972338818,-5.753006391329395e-05,-0.0019938224921164987,0.05133908543357954
2019-05-03,0.008231369429372503,-0.019125571486594387,0.005695466448976223,-0.00765459292766693,-0.011386786343926819,-0.0013783599701212709,0.015539834221855777,0.004188427434617818,-0.0010666895238500144,0.044678825822369296
2019-05-06,-0.011270440352772644,0.0011426682881531076,-0.013573863189823154,-0.00333513198591986,-0.005889508741562293,-0.02049252039011745,-0.014766808702834564,-0.003939982830893518,-0.00978107795702945,0.09519666183987688
2019-05-07,-0.011212771225076393,0.0015133389096928334,-0.007551031596259331,-0.004531572541921134,-0.0006358162252865458,-0.012785351487466482,-0.011855110627190735,-0.016615967466490956,-0.008689780690377916,0.0018899736188941342
2019-05-08,-0.010082006707101247,-0.004606001588194238,-0.013538310441232371,-0.015960473059300873,-0.005473941941476613,-0.007037151782636633,-0.021340441675851793,-0.01899490456848566,-0.012114430150335101,-0.004162681591155716
2019-05-09,-0.0037941304493033074,0.0044262360781988285,0.0009383184883004511,-0.0029420322662606514,0.002687308927340729,-0.014430329577130993,0.003389459289441977,-0.018399638844311998,-0.005088026035289156,-0.03394082278175936
2019-05-10,0.005382835024285083,-0.011423815659731251,-0.0012718400602210298,-0.003604700078228461,-0.003934814609959022,-0.015407274830737979,0.0,-0.009097638782729175,-0.0020282295690185756,0.03280249269940081
2019-05-13,-0.013190775088681344,0.0003573241400433025,-0.019281003742977202,-0.04470939865960789,-0.010203803772424172,-0.018144438149006528,-0.019293215556723205,-0.020984956636820266,-0.011655690801341047,0.03872408710082769
2019-05-14,0.005888085412042516,-0.012141488601819062,0.0021202900529351614,0.015130225591523778,0.005972959705469845,0.006026015032081485,0.007681497916125355,0.014863852010325527,0.006602508032110876,-0.00917269347191112
2019-05-15,-0.007406985420769168,0.0008909325404993417,-0.012477738181094097,-0.010202886438952051,-0.0017117371346610719,-0.021189120324498815,0.0032167419656767915,-0.008150376451154486,-0.0058134718372332824,0.05486232133889243
2019-05-16,0.00831197266346304,0.00991469682418068,0.004451129461871589,-0.0021429326196205165,0.001492784867485105,0.011611776150901485,0.010979249655979587,0.01666315508399243,0.00893190238330833,-0.01017013867347465
2019-05-17,0.02040534092732406,-0.00570215648512777,0.024266348458648432,-0.015082766033287762,0.024783854910654858,-0.00128160697974046,0.0027755645714535294,0.0004956739272433046,0.013241380029110125,-0.01027470196189009
2019-05-20,0.04350633567438641,0.00784622229906505,0.04075590384730618,0.006723745162538699,0.019352840908042835,0.032212200425987846,0.05563939740241136,0.04417149530683323,0.03625035203017847,-0.17042675353729397
2019-05-21,-0.014780431255793838,-0.012683267314646075,-0.025573203414831443,-0.0020830873485708965,-0.00031922443059279667,-0.015608445322199406,-0.003940291312201277,-0.009465607846613348,-0.010124454145348287,0.07991273384136868
2019-05-22,0.007180052228972999,-0.00641363074839832,0.004508953844185256,0.0026589199674079277,-0.009550039515802274,0.0035672310403686304,0.003753053585927418,0.0052418909093071425,0.0024566721316128274,0.07435855181666838
2019-05-23,-0.0038630998740731056,-0.00815904422049847,-0.003601850859334085,-0.0015580494741140318,-0.017470410436222904,-0.014930489184045896,0.004671595688259361,-0.0026532023778646323,-0.006911825598039294,-0.3531137192417168
2019-05-24,0.026078376054714254,0.0019930123110108795,0.02918566748641197,0.012960576976037287,0.008095297777247918,0.028746560793731918,0.04341368769431537,0.008531876143270641,0.01591868987483049,-0.16424788682074828
2019-05-27,0.013843662600650794,-0.000848101748745085,0.0002304861646659404,-0.009741278523591568,0.004661174868840311,0.020920661586451342,0.021544205717900014,0.007065925992277176,0.00678625187736734,-0.017146701822442528
2019-05-28,-0.0015732517884746269,0.013116914670549337,-0.007591789744614332,-0.0013088198408174347,-0.001211518747444457,0.009146430959326305,0.0012220886232907162,0.006406891846853952,0.00033538055526396364,-0.016817615467854867
2019-05-29,-0.009614722622389753,0.006548079076417724,-0.013944962590571331,-0.003435508717731324,-0.0018224749061179764,-0.01876869810066148,-0.005599229277529254,-0.009873885303722886,-0.005687347678687314,0.030314710594959444
2019-05-30,0.007688643354829735,0.008269840306537705,-0.005594071070196432,-0.0011734171546001887,-0.0003931854971390021,-0.004367282768526988,-0.0012290620185163097,0.012076193670621769,0.007124050901094894,-0.0499791832699594
2019-05-31,-0.005140457116721664,0.010156240123339967,-0.007336509775717703,-0.002315514054646097,-0.005079138312192668,-0.008274901055568249,-0.0022864977881819756,0.0021791883526217325,-0.001935638971628022,0.02904244822544762
2019-06-03,0.00882935993675777,0.012293638025721573,0.018505492853582186,0.009592992902759738,0.014247893173379593,0.017380184572210428,0.009812546695966411,0.011992807789827652,0.013806190447529239,-0.006242181811445031
2019-06-04,-0.0020429355731504434,-0.01573072391648293,-0.003367735417245772,-0.012216081657086679,-0.0026721309321497176,0.0017434694788578517,-0.003668404046007854,-0.007071396336685868,-0.0055494840533033855,-0.021519827192311745
2019-06-06,-0.023433984129010724,-0.005797551305693073,-0.008925037779649066,-0.018412454992326657,-0.004665115510460752,-0.011344670495815147,-0.0176558251078157,-0.018650187357450835,-0.014908921111632112,-0.006418531789051054
2019-06-07,0.006755113750698134,0.006086199879758346,-0.00419652835203935,-0.01209095805260892,-0.002863664093904816,-0.005523203631239561,-0.004821029101507981,-0.006350224985817621,0.0022686976453037896,-0.04410060378041639
2019-06-10,-0.0010483373372827283,0.015555181644167797,0.0030045626644775807,0.008169882406442421,0.012910373416086664,0.0018215735283605037,0.0030381797141791358,-0.006558308181516009,0.004375162508348263,0.008042931344956768
2019-06-11,0.007430275078856539,0.005223901716715174,0.002868052305333422,-0.00038813298986935935,-0.0016350031634348413,0.01309947366943981,0.0010700474944233956,0.0064966963559730485,0.003591671280959742,-0.03325720699400737
2019-06-12,-0.009633500273471816,-0.0013475914751424009,-0.01138703521202336,-0.007836789723762156,0.0022392035091770386,0.0038730572494309803,-0.020712131679020272,-0.0017359562875305119,-0.0049765444699523915,-0.025866516576527904
2019-06-13,0.0003358156076589011,-0.006679383238842617,-0.0036891561438691348,-0.0037482479505736447,-0.0008133599344660279,-0.002078437541972345,0.0063492276786587445,0.0004412302960450057,0.0006590703001973485,-0.03312038098798776
2019-06-14,-0.011747095756083535,-0.0029706765084339015,-0.010570718839607586,-0.008008865026614539,-0.012879719938933833,-0.003745244166139963,-0.02119957924781938,-0.005676463720896813,-0.00764621523730026,0.01741696972055306
2019-06-17,-0.011204358016539904,-0.0024618123681951908,-0.017014794012498034,-0.013488112176192325,-0.00878836622543559,-0.029078392782061563,-0.013388098747604632,-0.020519475529136088,-0.012866448437943826,0.05255149673140623
2019-06-18,0.00256494698883913,0.005794042397399703,-0.004665060812982833,-0.007336940825987435,-0.004154551538986462,0.005021422340669248,0.0007484345100008064,0.0072032551141137085,0.0016563861789982873,-0.003418754581832914
2019-06-19,0.00036564559646978025,-0.002441317594520496,-0.011150628530302598,-0.016101012640693947,0.00015719767481483293,0.003957564903279386,0.010975879042351266,-0.0010726066057521004,-4.259914774167141e-06,0.008864644555221157
2019-06-20,0.013705776931359433,0.0021012503012434926,0.024560173745526187,0.03015494452727477,0.002229992173167058,0.018468205622469057,0.01905871171609317,0.012127819909214417,0.011928773907426743,-0.05082886978231636
2019-06-21,-0.00497480883128032,-0.007847725567651414,-0.012277789163638024,-0.014736294818576018,-0.007705445084884157,-0.003372964171540215,-0.004730788648770112,-0.008091826709855296,-0.009140077037704798,0.04264887264818748
2019-06-24,-0.0008590221501068948,-0.00012354525180274686,-0.004579490347516276,-0.0012078003947719367,0.0013703838552137928,-0.012966786450971232,-0.00971324021265059,-0.010670262501875213,-0.0020875587921609646,0.040904167714693296
2019-06-25,0.00797408703550699,0.00166964605306686,0.005849614037776949,0.005703797958015631,0.0029957726780814645,0.0172066257564797,0.009348387575053756,0.019498688036841287,0.00823969509310694,-0.01389370908414563
2019-06-26,0.010169530907641586,-0.006974870283340293,0.0006724872733956846,0.0173515575921298,-0.0009648474809138772,0.026922656920163116,0.014849987629006012,0.006136091624374216,0.0043224233576614314,-0.0174735781081649
2019-06-27,0.0034325360212425983,-0.006851883082168901,0.011088147740659776,0.00021023417882609936,-0.0012641336717509831,-0.0028987208429213946,0.018875269258168677,-0.0030865704191918968,-0.0005065621089227406,-0.006802773361642074
2019-06-28,-0.005268197486155743,-0.0034671280024023646,-0.005459353868866255,-0.002829183538311613,0.0020073575416850536,-0.011344042829028752,0.004751352839834364,-0.005915130322851802,-0.004460380187531091,0.020270977654323837
2019-07-01,0.008547117224567335,-0.001240065882884503,0.012671578009051183,0.013993118526566121,0.0018377983326244942,-0.0007552680425413575,0.02428145757907706,-0.005173253392841347,0.006489288220080564,-0.023689732236156676
2019-07-02,-0.002837662381360118,0.009840371928293422,0.0020529034258959166,-0.009477684122982279,0.0037277504851847727,0.005158066251124335,-0.014845734017724564,0.00983001550353361,0.003760130979735517,-0.024264648127694296
2019-07-03,0.003159605195718622,-0.00915263953352872,-0.000764668365635412,-0.0011670736788167964,0.0034171747510842432,-0.0004010342756947801,0.008313154636338829,0.003331549120262136,0.0005414178862205623,-0.03936108780283314
2019-07-04,0.002849451591539105,0.0009256339849841545,0.00467840980091977,-0.005626186304417317,0.0025727360005174497,-0.009958653446684148,0.009099535634192846,0.0017387977990727457,0.0025143014062712723,-0.012486396465183756
2019-07-05,0.000125539800361684,-0.024918409654031783,-0.02864641402152474,-0.015062896299063029,0.0027997680386760747,-0.03827601184478889,-0.03637391086398626,-0.024062705490530138,-0.011415241213692496,-0.034589918159845245
2019-07-08,-0.028093227660472203,-0.01125598926597152,-0.03313263417775009,-0.015863508795951164,-0.01271170227437688,-0.02128590121962948,-0.03554087783088066,-0.028109118322741485,-0.021614318798492883,0.0579657558894902
2019-07-09,-0.0011344752012185581,-0.007933310735423875,0.0,0.026598566540602,-0.009279373934323626,-0.0011291491431362076,0.027890297586158085,0.013404585210070541,-0.0002335519922360358,-0.01161965152726004
2019-07-10,-0.0015403625921533888,-0.005647065552389598,-0.010877683591390092,-0.00031829688639506415,-0.005720374537411991,-0.011398842029054125,-0.01584200337058797,-0.0077993567136377595,-0.0049447502653284115,-0.0036589310634220296
2019-07-11,0.006350634270462913,0.0030082862833093566,0.018441278450200323,0.012475672094254733,0.004776915842209158,0.01754905933819763,0.012801106382198155,0.005239572634577876,0.007278493704286908,-0.08968089647996315
2019-07-12,-0.003754234735037156,0.0008607000701140069,0.0003527968116808402,0.004214262829718255,-0.0014228349116878216,0.00747579145409777,0.005181756275069992,-0.00743062438654755,-0.002628042532973005,-0.03841913131764214
2019-07-15,-0.0050944083805760446,0.028144113999974667,0.002687923354191258,0.01069245725513314,-0.005900720106027152,-0.001168303745584106,-0.0010698567336387883,-0.0013649185556877245,0.003098385639232596,0.0016653174025607152
2019-07-16,0.004092359371045666,-0.005223640548719681,0.006863074310432387,0.014005293796419519,0.009810733519533942,0.008588622190032312,0.01873504040941151,0.01536654257973077,0.006386857732255645,-0.03902106764730776
2019-07-17,0.005373006524032525,0.006113944592583513,-0.010269867380219911,-0.0020625349947684555,0.00839770358181261,0.0005090986599384749,0.0017494756783890829,-0.008479886092833228,0.00213278748103271,0.020548648092337266
2019-07-18,-0.009969658213581698,-0.01138763528865691,-0.02776764710766816,-0.013000093296995517,-0.0020399363476638088,-0.024950631242852614,-0.015323859824299782,-0.016985141289939068,-0.007782039913567366,-0.004246307045422469
2019-07-19,-0.021935744842539354,-0.007437962538873823,-0.033622554382776025,-0.022511861772542975,-0.017970322120211834,-0.013314328212966074,-0.014841665060978178,-0.0022015137788712917,-0.015437326885714045,0.06347416164437747
2019-07-22,-0.01643920552917152,0.004190445810112548,0.003816004075623763,0.009993307452747032,-0.010827540078704876,0.016727484621362875,-0.014151157868960273,0.01284492295942655,-0.00641762449493666,0.03839090788263061
2019-07-23,-0.005370370360989402,0.002918423684659491,-0.0060568915870009435,-0.007068545024735388,0.009564135256279964,-0.003359208990597929,0.009818305079619033,0.0023804483612254556,-0.001336175495625011,0.03177272314140866
2019-07-24,-0.006055412369865237,-0.007297424486695477,-0.019693348728459004,-0.017893034662165287,5.517473499754916e-05,-0.023964600570000077,-0.0105493659318538,-0.011776013416201306,-0.005287073265915101,-0.05117573740449301
2019-07-25,0.0031312867100000636,0.006086498915460743,-0.003723208575866037,0.02169303865463188,-0.0003087212288690111,-0.009834614737218892,0.0012790338369985904,-0.014124831062206683,-0.001700398341321937,-0.00944887997377034
2019-07-26,0.009671391189311842,-0.008214809026096835,0.021303326785060202,0.010391355813423766,0.005462299147357658,0.0022495706495919143,0.002189005338001378,-0.009385650636459941,0.0028531055771835413,-0.04118468348982682
2019-07-29,-0.0010030085096383887,0.0034342599304463244,-0.03637227041728593,-0.01715347233814477,-0.005759117131368596,-0.030373653185514896,-0.009336407564890625,-0.01054751683956886,-0.008463316975262767,0.07387242358770582
2019-07-30,-0.0173639231371979,0.006523817733722527,-0.02076971584568884,-0.020361852863820067,-0.003815719365001003,-0.033045060047070154,-0.014076981310288679,-0.018311913791712146,-0.009320082365343962,0.04125063545940235
2019-07-31,0.0029271021785734746,0.007618465859256882,0.012912014952836198,0.013835489601096354,0.006951441830187954,0.02391046863545242,-0.00224080611386686,0.004346849767158939,0.002936454076975709,-0.0014705520465966532
2019-08-01,-0.01777549162595667,-0.01861631660498747,0.0006492962694599454,-0.013708557858470399,-0.004848999339794521,-0.03183651443154646,-0.010902455412035668,0.0020960817900853904,-0.012489980449893174,0.06894383219736186
2019-08-02,-0.00573784169527757,0.005852875978390706,0.011262011190203071,-0.0013399173979795316,0.00018668353646882484,-0.019311313552814794,-0.0073982380961860805,-0.010753278402378202,0.001578863082899198,0.04235921739477754
2019-08-05,-0.01994225983167156,0.006234549665501304,-0.012940757901951613,-0.007686874030872091,-0.005309446875725391,-0.017951224485851076,-0.0180600958902407,-0.027622815317186744,-0.012328638591802651,0.08816282441679016
2019-08-06,0.013438257491023883,-0.00024167549204025498,0.014194731804042095,0.0013502498850967424,0.002422524352739952,0.013447564652521582,0.017488744989054814,-0.001700119351001799,0.007853965566277007,-0.028739324259829335
2019-08-07,-0.011487018218612576,0.004408617040327922,-0.021820967582557534,0.0078034571767583985,-0.001137625761209442,-0.02422861572123384,-0.014391497832110528,-0.014204809814307323,-0.00850776214660283,0.03774026224847291
2019-08-08,0.014634949710923823,0.018098352442107918,0.02985492516608375,0.010735631190990216,0.010949892833607665,0.012208376101256878,0.018384231603384194,0.02171745718099696,0.016169083798241606,-0.03960308090088828
2019-08-09,0.011370396241629761,-0.0029410949321140058,0.01965982682084721,-0.005129394556372441,0.005832184019555565,-0.008636512998519315,0.00812626193975617,0.0023234074951331146,0.006973187375465333,-0.01502844609691093
2019-08-13,-0.025029391291753834,-0.025409572560894402,-0.04026083447387047,-0.009140480648851066,-0.019772910471680026,-0.017712277990302373,-0.010025597743408715,0.01879382866509011,-0.016682629759426824,0.1149047443139602
2019-08-14,0.010407553309107935,0.002709534079036493,0.009190732520251774,-0.013804869790779436,0.003859767755309239,0.023139578903658087,0.005119973592461607,0.00969702796052787,0.009432964697282421,-0.08323490022258723
2019-08-16,0.007034683992174672,-0.006545281602219378,0.011410275132771564,-0.007777802780534542,0.0017443275814047763,-0.0037397977631695822,0.00283313054819969,0.0020714015410955703,0.00166682533651526,0.017570825033204895
2019-08-19,-0.0010957111740586875,0.0032358684689774127,-0.0056313974542021444,0.0073968427193777265,-0.0018171332318325565,-0.004464458888037829,0.006204753863436871,-0.00010967499776040208,0.0005520467691192048,0.005988064755717649
2019-08-20,-0.0072514496609895,0.011775855671196461,0.011621863956507448,0.0010780545291687238,-0.005830589192994169,-0.0169535722431904,-0.011120696172460216,-0.010574382297266153,-0.0033438078514244876,-0.007190015531267399
2019-08-21,-0.009457539234550985,-0.0012573565934957493,-0.005504776575740992,-0.009392748021685915,-0.009488593537543123,-0.029326582269674856,-0.020102142380598955,-0.01522300322971271,-0.008962600859057328,0.023180907301052475
2019-08-22,-0.02501723394457803,0.0034507788099197335,-0.01725056168018568,-0.0008339667677376712,-0.00010385441573553015,-0.035485515421495875,-0.06367502996009226,-0.02306400691763975,-0.016376190359974212,0.0476143795556403
2019-08-23,-0.002798437278020082,0.01173990141824418,0.015320638733879134,0.01419956132457238,-0.004908846728929088,0.03349068854946905,0.008005777795729864,0.02759961417498737,0.008159261534645986,-0.02841100121690513
2019-08-26,0.036161252331317104,0.004642582574534712,0.0049103883670206265,0.005607245917071215,0.015824150433567705,-0.009701750053027735,0.036732655111792856,0.008402923427084234,0.020880542984676998,-0.040581900799836174
2019-08-27,0.00623428011702366,-0.013616366661273624,0.018370007112686368,-0.0015604243410106417,0.007615167377379102,0.02072192729702234,0.01136602139141082,0.013646588184719716,0.004286391351556263,-0.03979708627495668
2019-08-28,-0.011509043120862972,0.01296797053671665,-0.018968270164711674,-0.009446585087391933,-0.0038879725469872805,-0.03419492990075965,0.02349426719142049,-0.010988186918877796,-0.005349549884040612,0.05054347657041645
2019-08-29,-0.018113578731344435,0.00029274324391678134,-0.0069198848345087445,0.02221654630529136,-0.002195683737249184,0.012453359559288925,0.004178450850336971,-0.0003011605658210973,-0.008893213897011299,-0.024648067251740787
2019-08-30,0.004481755277750191,0.007891609066915817,0.005601079515340211,0.019963665617417116,0.017430409660374225,0.015668235558752578,0.012806293338084404,-0.004052365983494352,0.00682250334649108,-0.009171547871842666
2019-09-03,-0.02225633337585298,-0.0015939844149935232,-0.016042539380228944,-0.01191397827576436,-0.016905376604542808,-0.03149587292469666,-0.022902555836864628,-0.02892871676729617,-0.020654971620241963,0.1037621156659064
2019-09-04,0.011110841245733152,0.002973360976392781,-0.01691588413445297,-0.0011038934538173397,-0.0014349687574387324,0.01596061793278454,-0.001724563747111741,0.005744927290033934,0.004320199886309888,-0.04646726645820398
2019-09-05,-0.0075550840506123295,-9.667111176534001e-05,0.020389240497332047,0.012980729954886439,-0.0005449713168006116,0.025810088240016134,-0.01819292328394792,0.020158118148692054,0.00029964203445609783,0.0017386667055411425
2019-09-06,0.012118133159219205,0.0002245160306323899,0.025771194614353943,-0.0003717357002009484,-0.0021007770137862172,0.018881751656075318,-0.006662760050868019,0.017463204796130255,0.00902083303672415,-0.05964796929848954
2019-09-09,0.009378593609006098,-0.00720724115827844,0.00881709983946202,0.0011333500606622636,0.006814498112380246,0.0009962790951774474,0.006662760050867975,0.0018110171249842663,0.005180107429441778,-0.0261534249756099
2019-09-11,0.009824458833332994,-0.013763172776311382,0.03540720559137483,0.0006187812756750895,-0.002996297051154964,0.02283012861745228,0.040571986158952626,-0.0022429250884445167,0.0029630005796600876,-0.03075197428600866
2019-09-12,0.0015217036429886145,-0.007578723566452987,-0.018983966011488152,0.0023787395540103627,-0.0064237367390630245,-0.001637234877379226,-0.008853805888168061,-0.012449334632748051,-0.004805095025496559,-0.031056362755353333
2019-09-13,0.010023871100613035,0.008921653744149488,0.010461302559268046,-0.008565189319815397,0.0005895530391298445,0.013801277275197112,0.014464443257383627,0.0221416573498631,0.008441217109748283,-0.05376896338920298
2019-09-16,-0.008712639352814142,0.00128710164083446,-0.008178092514694181,0.004669754983989043,0.00556990047562173,-0.0014535532112694757,-0.009556967108185316,-0.013239852973678395,-0.006558207998363749,0.05711906311829549
2019-09-17,-0.02630780498350164,-0.007491555087520019,-0.039093321972108526,-0.01709558391939703,-0.002662482675713043,-0.026868134449101324,-0.037993803248036126,-0.01366855602138872,-0.017039002763312223,0.06912668313621365
2019-09-18,0.0015062838394416752,0.0048933662453051145,-0.001232807787309793,-0.0013116865598447782,0.0026764083615287053,0.011216944933571652,0.014561950701475382,0.010643339875152062,0.002128592102631135,-0.042722471330070275
2019-09-19,-0.015390500356719197,-0.01151981029778585,-0.013134756966354053,-0.01575427883812655,-0.006159367476034285,-0.01644985893062108,-0.01554032865241457,-0.014431170584151378,-0.012610772583449698,0.01294515200649689
2019-09-20,0.0798390337009862,-0.002021735455212541,0.09441521569438217,0.023310687380937563,0.043140725834865355,0.055227855396782335,0.038030295430943106,0.03961257820216539,0.051824725995144275,-0.009693166242329005
2019-09-23,0.05323531211544823,-0.029509078604265666,0.025545706191179796,-0.015946477783086627,0.04215998111971371,0.011365927331208012,0.027877666090610785,0.009407773125111525,0.028505409421526316,0.0864160409687587
2019-09-24,-0.012612663778011582,0.0196192506738031,-0.0037750547246705713,0.004406604911148549,0.006160297581838832,-0.016403238544725873,-0.013284238105968212,0.006734140546247819,-0.0010350003337080292,-0.003580037980693513
2019-09-25,-0.019979130280938596,0.002685675186171249,-0.03973308790621034,-0.013040904056127253,-0.012418585674918646,-0.026648710437265567,-0.031125778247538472,0.005175074764032695,-0.01285387045749521,-0.0340458093296312
2019-09-26,0.013981004705194247,-0.00436585158190671,0.02502408170533733,0.008640637816861509,0.003284716689040243,0.040773208590081815,0.025911522805812867,0.01748227872686685,0.011385783826013008,0.010458420462905231
2019-09-27,-0.004206763377294644,-0.005008308403050995,-0.01386902735256419,-0.020833283614784533,-5.476607428143979e-05,-0.026738486351886727,-0.0230415314931982,-0.004116092336858465,-0.005094519950938459,-0.01417586369477578
2019-09-30,-0.026230796480779042,0.01973969501984325,-0.008121061958445709,-0.019360221903789256,0.0034909664558484244,-0.005762349254159017,-0.011336511601653037,0.007650950291625691,-0.003301907727659163,-0.015009707748215475
2019-10-01,-0.013061215791445804,-0.015557854404893018,-0.0038843826524014627,-0.010829827527730476,-0.010758021592259645,-0.017697767018721187,-0.0420304292807935,-0.007462491862289977,-0.01003319671254013,0.054564581383201374
2019-10-03,-0.010899732881688592,-0.0014585429160872715,0.003964465612917721,-0.0006297069179565621,-0.0003360680194227345,-0.029852330442543425,0.012417507146540722,0.013322141198332797,-0.004048747902700529,0.05456957397333551
2019-10-04,-0.02430393309662886,0.004072714512275605,-0.011927409742094709,-0.008728990837601681,-0.015179075690489704,-0.012695535817324147,-0.012216045007950121,-0.004344824679504755,-0.012384128036227408,-0.006802794766490336
2019-10-07,0.0012865577343727805,-0.006116974143218887,-0.006700368447550801,-0.03409546022231078,-0.0036022941246413396,-0.011933185444161812,-0.0117552789919036,-0.01254201138735665,-0.004336070945390455,0.014120539678868024
2019-10-09,0.03601583598651367,-0.007769458516469681,0.014214383751232747,0.01204778024644813,0.0016879852653760553,0.020817510250538535,0.02018231974985748,0.008983412668574307,0.016658309554353663,-0.038301342428336146
2019-10-10,-0.027199250318387283,-0.002312856533833377,-0.013643581362203028,0.0,-0.004037030978852015,-0.014931587940579936,-0.021406322569443127,0.007043652356937643,-0.006985173448092334,0.004070938804262112
2019-10-11,0.0010365045043165563,0.014999152467929263,0.005068881682799697,0.005904653944061765,0.00888331156801657,0.02326718070976156,0.009548091241790124,-0.004425883564799124,0.006255677219734019,-0.0052371464121531664
2019-10-14,0.00496044608001161,-0.002885681417836938,0.016531446741596626,0.011372956575139518,0.005730512524483333,0.009835454193314119,0.01902530576871045,0.006407345321805077,0.0031882272704231176,0.01677799948072308
2019-10-15,0.0131538814291079,-0.0045495891155350465,0.022080496932015678,0.00797573039945998,0.010952853724642294,0.01549249449099504,0.006524961939846549,0.010999323468130762,0.007654979710518189,-0.033842197603056685
2019-10-16,-0.0005709547966101813,0.008938509932764014,-0.001881285343831663,0.0073443127262052465,-0.0009348808543635465,-0.0036569987871507663,0.01039126746278127,0.003194567607430164,0.0031189722795879394,-0.02951131095537032
2019-10-17,0.015667330194172213,-0.004117295285034275,0.030821438957580632,0.007742176155068242,0.013912939421571674,0.00943900422324815,0.005834322128751559,0.009006676960489842,0.010615956850818441,-0.02977890545655641
2019-10-18,0.0045019170664616125,0.008353966135870666,0.006392212586664164,0.009866898159403387,0.005396791375695906,0.018513169836423028,0.019015195992796687,0.0128794476426364,0.006495149556810502,0.003143680053659898
2019-10-22,0.009940040923167172,-0.04794799994973897,-0.0035342959839081197,0.017975904830141762,0.005001563535719021,-0.005368579836119357,0.003987542823633659,0.005250758923776968,-0.006322547531982618,0.05376977257103423
2019-10-23,0.0016459716336642935,0.00980288445945689,0.012514860762865426,0.0020247872938383917,0.007556812345705155,-0.002459168712667493,-0.008755359839462469,-0.009039521956991618,0.0013582008758651655,-0.016192170702428683
2019-10-24,-0.012008520014020193,-0.0035015988963020203,-0.003015790847307341,-0.004351226401994495,-0.0046109925683803,-0.007124669090995253,0.009134314372402776,-0.000384641824540953,-0.001854512016487498,-0.018304424308039243
2019-10-25,0.009845558118288685,0.007907603677853337,-0.003256482876264404,0.0010863325287854525,-0.0021186283575160988,-0.003602169723136284,0.0035926357200567888,-0.002774295500607418,0.00011229846989121649,-0.05831817624746776
2019-10-29,0.016099868687831087,0.01878701751306549,0.0564030085273153,0.011316802837356907,0.00833334805316099,0.04360466716896296,0.009019204239771697,0.015236454874571703,0.017368233407476515,0.06934096427833068
2019-10-30,0.003823910275521924,0.014014007298738885,-0.0024705316476320047,-0.0006711860024538393,0.010069384153924645,-0.0016095417484877042,-0.005439314568125169,0.008870749302453683,0.004845350178432992,0.014510518909073905
2019-10-31,0.0026226174499361767,0.0105799553427903,0.0024409445357757797,0.007491648950198257,0.0014134595941054891,-0.005383861459299726,0.011779116692997856,0.0013565794186420701,0.0028118405572833054,-0.023073224828123778
2019-11-01,0.00875223787550916,-0.0056847390106502,-0.006721111139530586,0.009009676115212823,0.0040173101309978355,0.024099931814537102,0.007960771175491677,-0.00639549116144567,0.0011064782775295006,-0.03436771478276397
2019-11-04,8.39680628223465e-05,0.007732810162368815,-0.013500966020954455,0.0021864263622953313,-0.006001061015572295,0.030902324000216117,-0.005732749100026152,-0.00046099273940396554,0.004254824252091804,0.012634455110384723
2019-11-05,-0.0037405113724195767,-0.003717278114013076,-0.0029267663682312687,-0.011018423961803353,0.0032731278605959164,-0.009583443837215343,-0.007072405551330381,-0.006046287040337328,-0.002020212299297299,-0.0006279578706862964
2019-11-06,0.012814712693133636,0.0017912745284441335,0.00032688086879013227,0.005921893726659076,0.00097447462305289,0.006285256218754456,0.023443530823069596,-0.004045098407781953,0.004090706038353768,-0.008832886712819833
2019-11-07,0.0007691051039913682,0.004046769619111457,-0.0022970500288848226,0.0049898201799004034,0.00440175701406705,0.009674179429316409,0.00871948999127731,-0.0008918239220881424,0.003836839214212366,-0.036790189716529545
2019-11-08,0.0037877062613736493,-0.015551327151357531,-0.008562198988487188,-0.022675454360110803,-0.01825017658688349,-0.017489101934099475,0.01650252907409805,-0.01767027097613762,-0.008687223905779385,0.041847085780396955
2019-11-11,0.011837236005558615,-0.004871009649082557,-0.0013044438967797292,-0.0003210829553545431,-0.004547430684645299,-0.0010912603830310343,0.008326759705408438,0.0014853139868673843,0.0004449579074941643,0.02429271421612899
2019-11-13,-0.018619668538095154,-0.004425585997003627,-0.001079121653553462,-0.016115193184499457,-0.006944937987341994,-0.020690802603606142,-0.018159681050833616,0.0017556348973819626,-0.006146378372844679,0.012840230851830425
2019-11-14,0.006800280997859628,0.009650825891005447,0.004981279221752715,-0.009048114526755737,-0.004538112908774162,-0.019770477433094704,-0.002338318964146194,-0.0036181176088613013,0.0026694246816312177,-0.05046224701647736
2019-11-15,0.008369776197068574,-0.00508803278686662,-0.004527441589182729,0.01686945413993801,-0.004774503981120824,-0.003116655977023456,-0.0025242771490747717,-0.0030445298734201004,0.001964913812506188,-0.04042270661260438
2019-11-18,-0.0005257705329052518,-0.0010063675126825232,-0.004289334545370239,0.01235116187994276,-0.0039852528908511375,0.016215601629664556,0.0034242862296923336,0.0016729638224309146,-0.0009209603886071214,0.04742691295419684
2019-11-19,0.0078469242389207,0.0006274234275351674,-0.0068034587468945844,0.004454997236063214,-0.006189474351722147,-0.008581178803973471,0.0005395949458185166,0.014454437962351876,0.004667420332106962,-0.022458459522542603
2019-11-20,0.0037577560718489006,0.0008915021840005158,0.0024584997133287006,0.03210365243802187,0.003751086547183587,0.002756360301796451,-0.01485525718751984,0.01374058484147184,0.004929163997457979,-0.016356269281088236
2019-11-21,-0.00012440828597656706,-0.0016039101603294798,-0.009839424227198598,-0.004778518928801156,-0.00631785470415753,-0.021801118789458503,0.005460515691647028,-0.015541833136594253,-0.0025617386493080496,-0.011944422618310883
2019-11-22,-0.007631883518713737,-0.019680481676045525,0.0037781900830789325,-0.00021690427574078017,-0.0027227173274988795,0.02031480738330989,0.0014510936092408456,0.008416233419581462,-0.004522090396049399,-0.007370194754780698
2019-11-25,0.014179839036780028,0.00695759580732141,0.017249334573328428,0.017735193791183018,0.008919944671226924,0.03156527219106774,0.017429265011004738,0.003240420416747946,0.013285889135891809,0.008704448326240299
2019-11-26,0.00513477482504912,-0.01188773981448055,-0.009198431409256068,-0.004112384190431049,-0.000973593186771952,-0.008277806659881733,-0.00930574366854005,-0.006040061455505394,-0.0029902665544935493,-0.010723953080772902
2019-11-27,0.0049564132709017,0.0066790921239079015,0.012629903373151345,0.008311022109311419,0.005350264379598325,0.008604462624168498,-0.006493595438098469,0.005904855770275474,0.005219910352766259,-0.014935801527501019
2019-11-28,0.0077189498971588725,0.006611593796825465,-0.002820019439418079,0.0033354992409860315,0.001326748692758952,0.020534211237755683,0.010799241496307543,0.005833558544957012,0.004160529350791835,-0.04404767417693517
2019-11-29,-0.005520611361995938,-0.008217218739921928,-0.011527416581850247,-0.010167996485142822,-0.009251527333640347,-0.01186989319657912,0.009797887660987502,-0.008276287962271414,-0.00785725523266999,-0.006453959624220653
2019-12-02,-0.002339522411218421,-0.00978564331411762,-0.009100148210489569,-0.007476028733822176,-0.002780249103589569,0.0027195522696164976,-0.003551770891893861,0.0016219813906444198,-0.000651305031476376,0.021353138482401758
2019-12-03,-0.008131084334865158,0.004618325293897375,-0.006071246038161965,-0.010399640665932814,-0.006886833462809592,-0.026344386271175566,0.01325459066163362,-0.009073211896062859,-0.004492071500914214,0.02503612041318537
2019-12-04,0.011509366304402956,0.01690638570782189,0.004047397270288492,0.009482718889005542,0.0009139585877730164,0.015402204252104952,0.001929381696240528,-0.004987100254354632,0.0040769856204158446,-0.08901142938721963
2019-12-05,-0.00836378861218035,0.012595642482474448,-0.0068702490148783565,-0.008612975356936404,0.002912128273150059,-0.023330752343464302,0.001750700689849318,-0.006345159946390957,-0.002061360247465576,0.07169198069053034
2019-12-06,-0.011780385284157925,-0.005082056638141169,-0.017170382960542453,-0.011780751829848776,-0.008434547275105671,-0.0031890469319287443,-0.008607913342315015,-0.007457042312146673,-0.00809534862199821,-0.04795194530607278
2019-12-09,-0.000794747625622744,-0.008700439571173592,0.007236798554845389,0.00035184201619777044,-0.0053011247936706465,0.006230859507038023,-0.010463806238895685,0.008736842169076893,0.0013412131605239934,0.06801487725674821
2019-12-10,-0.005003472221178063,-0.013991902682499504,-0.007909532659234964,-0.002496735438161743,-0.010457784688970203,-0.014129230973266332,-0.009134184695466441,-0.016935146049250876,-0.006783179618895446,-0.02146156557006508
2019-12-11,0.003088885381327907,0.012218851943757793,0.004737911283070501,0.003438461491615886,0.0014444208664657998,-0.002527079945705024,0.00931241017728567,0.009610786930349629,0.004489484356039674,-0.06579892601907353
2019-12-12,0.012990830261226226,-0.010474113288432146,0.013092663284930306,0.009679589858845887,0.004160429378070695,0.023335409142316445,0.008519731769953567,0.007289889092040237,0.005162857346029799,-0.002244649832445726
2019-12-13,0.010954903021909877,0.015106368996543832,0.015988948344456005,-3.732573094603952e-05,0.006538755447708256,0.02230845778543477,0.01665098535804854,0.007377109436779394,0.009551822783961173,-0.0037523638520943715
2019-12-16,-0.0012517665168814607,0.009702438933502946,-0.009825475592593964,-0.0023893766101925457,-0.012672718355506174,-0.013664806925426909,0.005892607022979446,-0.005857883122690766,-0.002713267419203363,0.00898208765995345
2019-12-17,0.005179834769789755,0.018615480936211612,0.006125777675859969,-0.0032760419404516856,0.004614398387622043,0.028402910254831173,-0.00259538162525949,8.448325109289266e-05,0.009170552980705609,-0.06941873499408306
2019-12-18,0.0032305708868731547,0.004689332766953968,0.00526605075747446,0.011373151593170603,0.0036049124395847584,0.008181725598395017,0.006733969019110343,-0.0011712365994019512,0.004646024904610523,-0.014481371391996553
2019-12-19,-8.686620011934269e-05,0.006490385736503317,0.010235277621057805,-0.0022333745456022745,0.0031329390143583122,0.001282898735097397,-0.0005163745745583534,0.009732038005421719,0.003108475179285728,-0.017989059643700483
2019-12-20,0.004440908231213285,0.001996343354321817,-0.003920502927365763,-0.002927539305939962,-0.0009795456970016674,0.006075631643364258,0.005323334608581974,-0.0019724147488699335,0.0009864549951019103,0.01717833978973661
2019-12-23,-0.0014059175229035991,0.001321360167503872,0.005755814833699104,0.0002546190968493907,-0.004569615633531167,-0.00042480022176455846,-0.004290746984925905,-0.006835682294167891,-0.0007377192709850936,-0.03046755927655317
2019-12-24,-0.0018167667971515202,-0.005517687605086089,-0.0034163666803258565,0.0027658175876730793,-0.0006752716860781506,0.00618836294355385,0.004290746984926052,-0.0069299528562896204,-0.003938363953434116,-0.027979775341311162
2019-12-26,-0.008807057214658133,-0.004557784400803455,-0.002819046570505939,-0.009482718182058529,-0.0044473206558516805,0.005803627666143292,-0.001885723725992109,-0.009883945178082535,-0.007230600491364134,-0.04484269783973393
2019-12-27,0.01287547774769369,0.004716218311635822,0.009335595153306852,0.008770284305848019,0.002720473285079762,0.007764628380622182,0.016000382904951906,0.015143954358209996,0.009785757510884093,-0.05451697774396424
2019-12-30,-0.0017740417432485704,-0.0003612783325496625,0.014457674336482115,0.0018636812135286015,0.0026469895654244787,0.013011116617942324,0.0011813556101788892,0.0010781422732088824,0.0008203370378256411,0.04457567073610673
2019-12-31,-0.005990677302231448,-0.0078021236099099205,-0.00930403485194817,-0.005327746813719595,-0.003441760839600732,0.0017149772991982503,0.007058770774526773,-0.003385607365689878,-0.007156789574995062,0.058217481312948315
2020-01-01,-0.0018284014353869297,0.004446286125099381,-0.004642038748472827,0.000864062626604365,0.0,-0.0018758882142254538,-0.0023473575386654287,0.004991207337893052,0.0011539431631088094,0.0
2020-01-02,0.010564511620814317,-0.0007953728611332605,0.006961085622823842,0.000850888351368738,0.004792350016958877,0.02606942756668356,0.01052024018226861,0.008761974220082114,0.008150579934013252,-0.015544380895503793
2020-01-03,-0.011613277627358032,0.014343128143364452,-0.012083708615671386,0.0071756286337191465,-0.005199118990246104,-0.0075372383885640715,-0.004495158213497363,-0.0045800352724615296,-0.004533048142335533,0.10012490650547831
2020-01-06,-0.026289520208264822,-0.0035704772428878317,-0.02346067549855288,-0.015479254787917462,-0.010347503995561386,-0.029428067609714843,-0.024492399533611542,-0.019990065691743733,-0.01929072847314149,0.15167291900710145
2020-01-07,0.005180690662144481,0.0009693401624470502,0.002972235273751091,0.006134612616098379,0.002095168249540308,0.00725909997229436,0.019138509707847702,0.003596499726038983,0.004982160403270252,-0.011568695189707694
2020-01-08,-0.0008204253504144916,0.0036579298800096817,-0.0074944299602709335,-0.005033501398078906,0.0010509058786616217,-0.00671689862158129,-0.00336078300206192,-0.008188547116102647,-0.0022925703434345888,0.06812555480530147
2020-01-09,0.022650890349879833,-0.0017754739293119747,0.026402328740720026,0.004616554205683175,0.007677901086620707,0.014191014508767827,0.026903005281261595,0.014915351957194775,0.015721524760104574,-0.11077442745348894
2020-01-10,0.00015578980044032484,0.0021797057183222898,0.008577193435007957,0.003150717145972831,0.008161165743272655,0.012023040023617171,0.017863417873325113,0.002500011116644339,0.003342455210374022,0.0056980156960335475
2020-01-13,0.0024971111578881698,0.01652940426641622,0.0012574437678923322,0.0024726116441260264,0.011230573485371417,0.01167151392476107,0.020707971972880806,0.006453301039276632,0.005917935234497193,0.014104592900649415
2020-01-14,-0.0032996881157054863,0.00837418493761571,0.006468974091558359,0.00476058115427697,0.013965930355505545,0.00919520040054353,-0.00126200963377145,0.0006169121377018813,0.0026526987425187607,-0.026251943246244497
2020-01-15,-0.0077234274278828565,-0.0009477456819742157,0.01152058608755297,0.006043080530857552,0.0029399041332627833,0.007145235514974789,0.01301670989456994,-0.002135803569735711,-0.0015381131440847836,0.0149842289945178
2020-01-16,0.000910770479831094,0.0021266354624117547,0.0012574489552591534,0.004508375679170176,0.0032312973085477747,-0.012624461263345058,0.008996474448422151,-0.002788052393351749,0.0009879181499700635,0.004240318665330409
2020-01-17,-0.008298606093152394,-0.0015303680642143559,0.00376844964055487,0.01718639874512708,0.0010604429763006267,-0.007009445827829946,0.0010803492474700679,0.006442667762252922,-0.00025501131760789477,-0.0035323378299645207
2020-01-20,-0.01627575368359617,-0.009178934738289674,-0.00892712434823053,-0.009142621365000879,0.0017612223354422397,-0.01010439425401313,0.005077305908365852,-0.013954710518199345,-0.01040008785925209,0.0867164346345685
2020-01-21,-0.004291577201678001,-0.0019733098494760827,-0.01286870878064799,0.0005864020882776674,-0.008975245426404203,-0.012740207871139749,-0.014375374001461577,-0.004925396090453759,-0.004484659455009181,0.028783555129468046
2020-01-22,-0.007984031472844526,0.009803267361424742,-0.009351302153775267,-0.002123279886852219,0.0002311806094220819,-0.015549092783281981,-0.0009345414791341666,-0.015480257421826283,-0.005185979163736476,0.03103917392253552
2020-01-23,0.009807994643492185,0.008525200112840726,0.008847847675503957,0.005260650858222266,0.0023645390934434614,0.004524075758254366,0.020972203637868034,0.010899787915963416,0.0060483951593072694,-0.031039173922535447
2020-01-24,0.007637501170455006,-0.00010018411952557057,0.004008046991314061,-0.0007412677170255522,0.007910499862718775,0.009684809694366914,0.003047389280760087,-0.0019247743318660103,0.005559104211847819,-0.019096648841718213
2020-01-27,-0.013027115414534045,-0.004819488057194457,-0.0020201081992256894,0.01463782945863822,-0.010385825923377149,-0.0314049553955498,-0.0056450105054786665,-0.011898547719702997,-0.010608600656474901,0.09904238860164281
2020-01-28,-0.002467547057327598,0.0022057034219319276,-0.01244067960251864,0.0004633228544084214,-0.003945159455194295,-0.025225552806402637,0.0004589657107336559,-0.008161457450193494,-0.005228613250633523,0.006960523083643603
2020-01-29,0.0037508804692105878,0.003011379393766991,0.00785895800102836,-0.0008851866875478588,0.012784101099858934,0.008892165832610467,0.004729546581301376,0.005747220937032072,0.006094646255253335,-0.04734607649665095
2020-01-30,-0.007463687096006615,-0.00922977029524623,-0.004749496811638263,-0.021112085936908952,-0.015708455826999108,-0.013957522139344146,-0.004118075265544971,-0.013493549922012342,-0.007754976405079576,0.018018460089614625
2020-01-31,0.006057155672618108,-0.01131754582200305,-0.011667256841398127,-0.012024059350805518,-0.005222629524793563,-0.023048752472839537,0.011850621838055608,-0.026993089713282122,-0.006142239847635705,0.033365787571969334
2020-02-03,-0.026632962949143763,-0.005232272969590262,-0.012217921008460822,-0.02124116877923591,-0.011109300941876378,-0.022855569982132895,-0.06569708701798409,-0.023113950875122517,-0.02147942474929971,-0.09600133007236855
2020-02-04,0.02185722617346157,0.01795435369716309,0.013978555581127261,0.01924864671143462,0.010091708623579942,0.03263630935763715,0.027364119154055507,0.030834027180640405,0.02294554852001912,-0.09290493824451045
2020-02-05,0.010220825463221991,0.00595751505689941,0.003807229687365825,0.00039391867969982875,0.006173992653134228,0.027056646021741067,0.02418718775720787,0.0096730416371673,0.009098978920125088,-0.01471130116446268
2020-02-06,0.009697413656115815,-0.004716711691910891,0.0012842330984652445,0.01251128190923911,-0.006414731706030922,0.008722298074810942,-0.00045964575355219103,0.008549882403056342,0.00402853577236436,-0.027908812879262546
2020-02-07,-0.003266977254778413,0.006029012099026423,-0.009570135476795685,0.013754101915759154,0.002368969770005844,0.008167410692458858,-0.01840594013303482,-0.0025543212984123517,-0.003267876820959125,-0.0021794220949342825
2020-02-10,-0.004619292458142234,-0.0023221125395797965,-0.025627571731732142,-0.009709059683970199,-0.009164073847262795,-0.030678341691675534,-0.010040817711646294,-0.010885280083244174,-0.005540836887552729,0.03290712068094508
2020-02-11,0.0077760155413780195,0.0012377697589783475,0.004043705039176895,0.00764513206204214,-0.0037378721137047042,0.008654328802856423,0.0022050148993441303,0.013744922929547704,0.0063299538920958175,-0.023496981469843924
2020-02-12,0.006124890643988618,0.005201453789616452,0.005231830451205883,-0.007185282634237222,0.01862241968268239,0.006203027408494782,-0.008214818979951953,4.923254603059467e-05,0.0076761591804553895,-0.018909671004731902
2020-02-13,-0.008374994613998312,0.008126903948947248,-0.0023850425148243407,0.0085117620802398,0.0017106109826734181,-0.006259558597659934,-0.004451595313356042,-0.0028233090104970433,-0.002178370358219195,-0.01852590976462781
2020-02-14,-0.012743187920073099,-0.0018190041298318292,-0.011781176792446746,-0.00047997887889496325,-0.012727547813092238,-0.01443464954490443,-0.011216269283374249,-0.00943129207056335,-0.005039531569823334,0.018525909764627767
2020-02-17,-0.0050102389033650175,0.0002973356564786743,-0.006631357510119635,-0.015342145201416508,-0.00542141619627332,-0.010345705504057919,-0.014935263286688616,-0.015550248937390149,-0.005600386389670753,0.05707684482869585
2020-02-18,-0.0038599808553785564,0.006051606802722985,-0.01011470923812563,-0.000798603349913854,-0.003959502362860014,-0.011919795923058564,-0.009366615247646481,-0.0017969549231657985,-0.004434580853707973,0.0062219455225266795
2020-02-19,0.008980365976850877,0.0014170118342253875,-0.0006436696847550927,0.021760058405436853,0.015504706131641592,0.013600100564945051,0.011000869509236325,0.017915186810776407,0.011062238693018929,-0.03435316841296715
2020-02-20,0.003387825561475042,-0.007366437251996653,0.0013714182533263802,-0.001708270289398106,-0.006466460095157153,0.008148701124881587,0.0001632387691514765,-0.004629740375572073,-0.003722171151700223,-0.023089095345378303
2020-02-24,-0.015888480668452696,-0.01133161045998096,-0.03554281771792393,-0.03019662966898461,-0.016078643290645473,-0.05615568518292443,-0.02145296795131315,-0.024326640899190004,-0.02103353072205037,0.21581752514438976
2020-02-25,-0.0007358010039423665,0.0060985110035124655,-0.008529915963177726,-0.022063883627547475,0.0008487822246797998,0.00030364678837227585,0.00929771881355267,-0.011800763907940905,-0.002666408571566386,-0.00589974469936169
2020-02-26,-0.004143899638752642,-0.01399942303423792,-0.021690207381038603,-0.012581253445529161,-0.006905672721820683,-0.016468623185073916,-0.016832287735491863,-0.018582786836027047,-0.010172038146389433,0.07739928834457008
2020-02-27,-0.003962424610107944,-0.012845251517524437,-0.004045393937418328,0.005844418057174558,0.000522077939352286,-0.0082437429169281,-0.024499396004812588,-0.008539027644603918,-0.0038778860778288546,-0.02720121977438809
2020-02-28,-0.035054163286595816,-0.05814937754324231,-0.0390454768379978,-0.03989688349548151,-0.022633208301328055,-0.07047437482876066,-0.03416291029496373,-0.030164556398355538,-0.0378016423222764,0.268363254208058
2020-03-02,-0.009609610726932121,0.014014327731603703,-0.006838309549733816,-0.005512231465308662,-0.005863219537264581,-0.02180723937016012,-0.0032131192438633275,-0.01713745440376564,-0.0061788013630017435,0.08096910265765778
2020-03-03,0.010634872520350535,0.01897596166491571,0.018745740991467925,0.049894856511325414,0.00913144523659858,0.0545245090612968,0.015963446821178284,0.03259860287347035,0.015203486470954998,-0.026539548202434936
2020-03-04,-0.018099923961548928,0.008933948420586299,-0.00686510249824002,0.020735190688535517,-0.0062237750541275245,-0.007113445417292734,-0.010969700248804027,0.0009336721403827402,-0.0046376876143074345,-0.012712960654317106
2020-03-05,0.005625730690331939,0.0004442830024670228,0.0021450135974528757,0.007324845675653125,0.010441892702371221,-0.00847654446265857,-0.011451124321544277,-0.00963067194880922,0.0015985793812774052,-0.04128638390263503
2020-03-06,-0.035820069383633864,-0.013182407519183467,-0.00848457116210082,-0.015800604249785223,-0.020302574466649383,-0.04518819484581285,-0.02958581755463083,-0.02961503291347812,-0.02511985353017798,0.09784847621444051
2020-03-09,-0.049355744897859814,-0.05300336150403146,-0.03886749078113996,-0.03320162450071539,-0.03090071890053187,-0.07798993681837678,-0.036813973122716316,-0.06681050930440394,-0.05019499598647564,0.1833610569609612
2020-03-11,0.0009518157846376069,-0.011748390354442986,-0.009651106918722662,-0.017348254014932802,0.0007927283183095062,-0.016521512638263253,-0.01843817397075284,-0.006559741306225301,0.0006647771623133455,0.024375813846928704
2020-03-12,-0.0998332398587851,-0.0924579719424689,-0.08496723046496307,-0.09350741240401454,-0.0737293013794648,-0.09848084598210981,-0.1028606369669075,-0.10124042667020404,-0.08666894981793948,0.26557642820296445
2020-03-13,0.048660697139103724,0.011458325553063694,0.024331160629485194,0.045812036477152034,0.004780946552880787,0.055495549568614494,0.02381321553120563,0.045052216263890256,0.03735847654239177,0.2235322301227917
2020-03-16,-0.0856292521354049,-0.08375274730890322,-0.05627765241865591,-0.04339505732100611,-0.05895177957994164,-0.09514732361878622,-0.08722345273284018,-0.061923036535058075,-0.07917416945110371,0.13450235517971298
2020-03-17,-0.04181247780068713,-0.028685552184476916,-0.00684268402252831,0.0028338894124989187,0.008952936910508616,-0.011711689840826203,-0.024114449400166424,-0.005200761628606086,-0.02536415171509603,0.06652150982712587
2020-03-18,-0.07374052366471083,-0.02903494005984922,-0.05077790605051665,-0.03995461532401744,-0.030271238735148972,-0.027411967098499627,-0.06485452682830325,-0.04606170127676301,-0.05716792711513327,0.016234871263401823
2020-03-19,-0.024430919995764317,-0.03577222885111104,-0.06284202450855428,-0.00752178679646328,-0.008960289197888648,-0.05559732243542031,-0.03368362199153895,-0.04134701905679432,-0.02454659954775134,0.12118212997897349
2020-03-20,0.011588942182071415,0.08640825679262938,0.03595424619686634,0.04357140895745218,0.07862795010434627,0.07266630897729928,0.026833380187177153,0.08281801464735747,0.05669138794443699,-0.07325598239340127
2020-03-23,-0.18313003618881166,-0.10065390112152461,-0.14905518019958774,-0.07768284724670708,-0.11199771123903245,-0.12331788085564918,-0.12052348301173077,-0.10216671458483387,-0.13903756461051203,0.07034316956995741
2020-03-24,0.011147855028771202,0.059506433521986105,0.01434599129226275,0.02741031971613983,0.03188981341860014,0.003968241891779494,-0.020015242245235036,0.01746000227676714,0.024762292138464665,0.1496359466547272
2020-03-25,0.07724062655397468,0.030568709365454125,0.05043902133718026,0.012700635525472657,0.02216292658858752,0.025497456366074707,0.02574263456268347,0.05194900514039168,0.06414544603118057,-0.07420922242478126
2020-03-26,0.05949256780445682,0.02440676842058236,0.02503767337211625,0.011796269308470114,0.04819904174329097,0.0011348347150581517,0.059313568655580115,0.007755066844221279,0.03816665439616388,-0.08183698998248633
2020-03-27,0.017942564150971473,0.0026688246365422644,-0.02452115048817767,0.0056004952423316665,0.0023472964976023946,0.007682925450920806,-0.0040447674810034475,-0.0013542476913380864,0.002173175106963937,-0.016065726105639666
2020-03-30,-0.06126079652861739,-0.020114855006077452,-0.056125156869047316,0.01210167135329562,0.0035329891127309373,-0.03079378383705716,-0.07545985270156175,-0.0214205096582412,-0.04476782787370225,0.02108596555666224
2020-03-31,0.019069084605665265,0.035474782864129244,0.01322294354726428,0.039870265667906024,0.055993079805561334,0.0505668064999714,0.022472820283786277,0.0672069235251908,0.03752477847769833,-0.10986820709068262
2020-04-01,-0.050109046035134844,-0.05788114792382194,-0.01571044802411093,-0.021094592406716604,-0.03578750838322382,-0.020609418765979496,-0.019563304223490553,-0.03217752791154143,-0.040826864424490454,-0.07009142159409906
2020-04-03,-0.05410872834391398,-0.030837928358558583,-0.030475434578298915,0.046560107062114144,0.006766032899531434,-0.019926238244085945,-0.00029058870131898134,0.010757110400109496,-0.02081164185069997,-0.08240464108900698
2020-04-07,0.0999515308746438,0.074937219078542,0.091686537137496,0.09864996484168057,0.07990605518063527,0.07224887048219271,0.06170100286030993,0.06913058741064367,0.08400295216282225,-0.06538276019503914
2020-04-08,-0.006106587633172017,-0.007767060487827361,0.018419512745711564,0.03475577780793568,0.003285555752141734,-0.007449809585647471,-0.013755375068485344,0.0014902126548803618,-0.004954153987953298,0.008458382561214478
2020-04-09,0.049786335395153605,0.01879508649224593,0.09899664162745599,0.045119822399533445,0.003920847784127966,0.04841348809696301,0.02867090582493299,0.025503890916878706,0.0406704613937413,-0.04883805349348902
2020-04-13,-0.021603958477875957,-0.009904702125649024,-0.024790956316606657,0.02733733143351884,-0.01543107843557336,0.019136187103753786,-0.04994832154306012,-0.013129074671096521,-0.013040327423561648,0.03379432545794782
2020-04-15,-0.02236169411643058,0.007863881720975074,-0.01841188587172799,-0.0006138095455242178,0.04045790109366441,0.00830640917010933,0.01822565551131025,-0.0092347341790542,-0.007651048328648555,-0.03399531694248266
2020-04-16,0.01783591659999524,-0.01899430132326747,0.011401083284622238,0.017600972350638667,-0.005900376919992974,0.01520133182766925,0.007474117027327531,0.0216753263010228,0.007534316783542481,-0.07599655521679026
2020-04-17,0.06396402125883331,0.014785560032379175,0.049680063261451045,-0.004526857646984956,-0.010557979959684393,0.020438667677273956,0.035224448430757796,0.02493135167378506,0.03000848934711599,-0.07919342938543826
2020-04-20,-0.007707946874238466,0.015563020765371917,-0.013836916120030341,-0.0009340502069312594,-0.020908903718059473,-0.03361687385868928,0.005840159172430308,0.00979616742933983,-0.0005289542483047096,0.020221466244468283
2020-04-21,-0.05577434690419117,-0.03475104940448902,-0.05457465052270674,0.025089230250392596,-0.0041171283713280745,-0.052509090503484505,-0.018432454716994645,-0.0254376261988737,-0.030742409586860843,0.03925614995507005
2020-04-22,0.014957705701401716,0.013006526322258247,0.024775361592622905,-0.0004958129314667385,0.024436891631328225,0.004012145382180338,-0.0075778110734749365,0.032167843348314316,0.022660713376927297,-0.05409182768278503
2020-04-23,0.028328200483047267,0.04334618060062373,0.006959501813550247,0.0012682996256525992,-0.013762189073353295,0.012737483629811803,0.007577811073475066,-0.003779386983755207,0.013685875581327233,-0.08756352748184519
2020-04-24,-0.03419255717751158,-0.02405259222523612,-0.016141283853569423,0.013703858877620939,-0.0052087578714903535,-0.02967330963394881,-0.04268856949268523,0.00498003069169731,-0.017273269224786485,-0.0028079306896895318
2020-04-27,0.024933347404297666,0.023515450947479904,0.010351223839760624,0.008744556062210453,0.014417201318026117,0.012923680621956656,0.013415568084548005,0.006470636095816156,0.01387465918374464,-0.02799555611837711
2020-04-28,0.028955036693848753,0.0009522068781724306,0.0025550599765455186,-0.022736050717733984,-0.009489853810353987,-0.002974509019163999,0.007743367633403003,-0.0027258653164716528,0.010566409007242056,-0.07333991256699038
2020-04-29,0.020071823085947082,0.021937261779151944,0.017587792185041157,-7.990773158379626e-05,-0.003939565855924587,0.0367200852592441,0.009049802194688797,0.005075647839302133,0.01821608855026957,-0.043654809930568646
2020-04-30,0.020847919002968025,0.04965546182528621,0.06251842727515718,-0.006236539185993964,0.00015002472165742158,0.07599155140846396,0.022406169843869884,0.04216607880747938,0.03158422875946422,0.00442287384209684
2020-05-04,-0.08681927944662284,-0.04747535110179188,-0.07477812891646207,0.004012481676882335,-0.03804735089934772,-0.08180958022146333,-0.07193365570883824,-0.03308087332653954,-0.059160835126554547,0.25059491247890153
2020-05-05,-0.024196773305333878,-0.004932537823855984,-0.004447311573592951,-0.019745991067445644,-0.01682248587746034,-0.011827178016464934,-0.029105662869796056,0.0133662869681165,-0.009503278972569803,-0.001374829717765337
2020-05-06,0.021701746214875892,0.0004966174692055351,0.018266095269847186,0.004959677459617074,-0.018911173517851498,0.0025356345633973094,0.00999124933783025,0.0011235825299624384,0.0070685522845568985,-0.05563538306966397
2020-05-07,-0.010348103491564176,-0.007644093855525993,-0.0060335646733377405,-0.00860410268493586,-0.014206543680117974,-0.0014144115184003207,-0.0020489169162240693,-0.006448677645963792,-0.0077803077564110755,-0.032523184062790644
2020-05-08,-0.007151587660907106,0.008308271393243765,-0.012994005062470474,0.021118653750475266,0.019061453478229268,-0.01126906113079706,-0.006466753015626876,0.0052320372445008,0.005685503917787226,-0.03881009033269436
2020-05-11,-0.021012023143079792,0.014072102720779897,0.04169576942971517,-0.0038658010005362294,-0.003443916187153152,0.012654068077043121,0.009100329999551123,0.001816658595418463,-0.001330377581346701,-0.009679576640525062
2020-05-12,-0.004635908429874144,0.006905871081082268,0.005136704229548979,-0.006537651491071473,0.007075219878289254,0.011506677482267412,0.007859105116010727,-0.019993199906764517,-0.004626930470959459,0.004458975753716279
2020-05-13,0.04011670187770786,0.006495647745398811,0.023483021677469268,-0.010753418601325688,-0.004128470616517269,0.024755760976697728,0.03392086424700624,0.01931959119153761,0.02012974293547344,0.016353409853355445
2020-05-14,-0.029273278840516385,-0.035702920029090535,-0.006962258649415079,0.0026692441375503174,0.006972825058723449,-0.026212382995521127,-0.018100024849794897,-0.03351050192364347,-0.025996919937107583,-0.017138821061070467
2020-05-15,-0.012376748550267784,-0.007353753363952315,-0.010104133128510315,-0.008672304803094761,0.0009277763773620215,0.015935973622665252,-0.015530924612167447,0.01031824096897436,-0.0006455711236580218,-0.004199477190322648
2020-05-18,-0.06928613631613795,0.008905939026456968,-0.056503476915943644,-3.844892731720588e-05,-0.009841039666367693,-0.04046099513566934,-0.05480821780694985,-0.03229442066800287,-0.03492536149006188,0.07350654723588411
2020-05-19,-0.004960058310999167,0.009880071308450655,0.010278410629272445,-0.0008858085548061918,0.0075050961308058195,0.011909704655503795,-0.007067223552307798,0.0027103321173062057,0.006309873650596998,-0.036584829704956516
2020-05-20,0.02003944776025641,0.005251516389587837,0.021218187523569028,0.040153409539249715,0.014564863974439218,0.010543232663354966,0.021958833953815055,0.021070233005641807,0.020891638839326522,-0.09680684427157343
2020-05-21,-0.005908658079380716,0.009607918936254487,0.025737542179089985,0.006718560927979998,0.021631056769582463,0.018180227565119927,-0.001509434248854292,-0.00047182177725987607,0.004369195599480915,-0.0820226862411761
2020-05-22,-0.026059547302214364,0.014168741804896296,0.0029695682635859596,0.008378245473484723,-0.003628320707998651,-0.018793941310829967,-0.011852422173245666,-0.0031282226092813996,-0.00738478460081561,-0.018663554882166183
2020-05-26,0.00930033392921949,-0.019528237108426702,0.01502438597169633,-0.012277398760126613,0.012027002100112658,0.026481312837859244,0.01185242217324582,0.004483038106920714,-0.00112907097030296,-0.02850629197910522
2020-05-27,0.07030117292893022,0.027461203003172455,0.007258900610814011,-0.0020899987006716397,0.0035531190192981807,0.02524309025134268,0.017370870746953516,0.015565719412975168,0.0311735219299972,-0.006375503148446844
2020-05-28,0.02424855906522267,0.00541067515515757,0.035867801259486805,8.450932256885033e-05,0.008088381561314851,0.023727369722998555,0.02521390191769994,0.010097504215479612,0.018628451492543274,-0.0407953446548792
2020-05-29,0.006626409421162449,-0.0012910266122031866,0.017273828211392703,0.03162516293143074,0.029279004097617294,0.018983735382811628,0.04195631858973133,0.016637777392795983,0.009459777532853096,0.006640092669095422
2020-06-01,0.03376267671848966,0.020948841736604946,0.03176330236233582,0.0034234885881846023,0.009320934418749947,0.03791862929429915,0.030081567165918453,0.0215943052806204,0.025338352659720637,0.017060796541682164
2020-06-02,0.028171692412877824,0.00802669035638658,0.008036752456302866,0.003208444646776243,-0.00717624135700964,0.0018420798374835495,0.04812283151343683,0.010013002802085487,0.015445627746472025,-0.02037529987002955
2020-06-03,0.01979760936027666,-0.004217625984945167,0.004217462490401178,0.0030917617557810334,0.005677017556589983,-0.0017396773103148329,0.03084170644286042,0.0029370555532034627,0.008228342186278518,-0.0026595734218113555
2020-06-04,-0.026627912221034753,0.018334959193916985,0.0019523749956468321,0.02144309249504507,0.0031970643586865734,0.01029154863462235,-0.017579558157496674,0.01359474280675028,-0.003230380747065696,-0.011719550609413041
2020-06-05,0.031097314644469923,0.0,0.017869426477850364,0.00034229572640406716,-0.0026891837335727043,0.03818886326236624,0.023288864364983456,0.015983024368922814,0.01120921756965851,-0.034610280391325604
2020-06-08,0.0072403317293497065,0.018098791121725716,-0.0027494213509906083,-0.014205769199970875,-0.0013498243318582866,-0.0023689919238568313,0.003212625554604505,0.01533200388033204,0.0024914146063167966,0.033262086205839224
2020-06-09,-0.022068368720214452,-0.010579716913110751,-0.0049816582655742795,0.0182397592113824,0.0007708330612954444,-0.010990055281494942,0.0,-0.017524648198548622,-0.011952175882067815,0.01871085251516371
2020-06-10,0.01794179495196341,0.007045367184700821,-0.01147539874519778,0.0026836179128896377,-0.0007352827889198584,-0.005801692831292257,0.01930426327239856,0.004265796053045154,0.006893910822071789,-0.0258186530919207
2020-06-11,-0.027626724866614688,-0.015111507926361924,-0.020045296701428555,-0.02149695557753652,-0.01402004207036489,-0.028219225457185578,-0.02103282696920007,-0.015061628361582563,-0.021396438367806456,0.007445019563998571
2020-06-12,0.006284667609419274,-0.014933686703418434,0.028734646064333604,0.004960736976280031,0.001825281116075967,0.005738421051768102,0.011549413855237715,0.007974246792663025,0.007134696525776951,0.03836448842487696
2020-06-15,-0.03656793027057475,-0.0004201333522313252,-0.017904850313839638,0.0006258809600779346,-0.015344078816156305,-0.01928342217900153,-0.0305120729870002,-0.002912763660098142,-0.016092064938005003,0.05553483938560402
2020-06-16,0.019090518482024074,0.0037507356129882334,0.0012486078238027954,-0.006291559578722599,-0.004415421383674993,0.014082007508801592,-0.00834705173157764,-0.0025293817388070566,0.010168511071378764,0.011899434732602788
2020-06-17,-0.004688996491662607,0.0019115876868517653,0.008097615541350193,0.005104595500217554,-0.005037965940565183,-0.007930578267051208,0.007591129336113729,-0.0027321839711193503,-0.0033189583187083734,0.011459632499839681
2020-06-18,0.03667007184495105,0.005015550061401231,0.0049695490998825295,-0.0001904914803404174,0.007601561178873717,0.029552085083605278,0.009033877212093935,0.020204962732721883,0.021079446670088396,-0.058340858079324084
2020-06-19,0.018054859880967864,-0.003542057822372401,0.014973264372813056,0.0026880910069246797,0.0021182700059426407,-0.0005505107820215724,0.06199032709448174,0.03584579143049295,0.015022865002949488,-0.04852001011134024
2020-06-22,0.017202790561585198,-0.0024927669700305845,0.014158112663120209,0.021384976433746844,0.005419041491746563,0.025820797158114032,0.009813191382310602,0.00960949039602762,0.006499449097502718,0.01621745899282973
2020-06-23,0.02531453074204469,0.014871221592250345,0.008891723415881523,0.013844349703430554,0.016824324887831713,0.017410246878511143,0.02842271046737148,0.010974892485296203,0.015378829255110686,-0.037462539494793126
2020-06-24,-0.03836904184290918,-0.006763111046860012,-0.006857903115422851,-0.024454947282490706,0.004493390679105946,-0.02105140442593477,-0.026796547501478273,-0.015889592388700538,-0.015951224257763807,0.00814667678789925
2020-06-25,0.0036964905362773222,-0.01174449073313277,-0.0007343425264416336,0.008141476588209351,0.02100220752333423,-0.005671265553933118,-0.01026605840893227,-0.006764304925794839,-0.0015926248529521327,0.005058166909228062
2020-06-26,0.003986314909646319,0.03968780126564944,-0.000950294771988363,-0.005440058790219888,-0.011899169269328004,0.006160777770649791,-0.00942514059513294,0.022323639070548226,0.00910417112670767,-0.033866748925639414
2020-06-29,-0.010852065941506653,-0.015230819105321326,-0.01279798825438297,-0.0001922899074917641,0.0071858429395559725,-0.026707255020693477,-0.036157229131364405,-0.01659731125726605,-0.006822760798075913,0.005897678063221636
2020-06-30,0.0005219163140799101,-0.0009281252738846461,0.010969029500387705,-0.014984587274809478,0.0030515476784285134,0.00092943754748816,-0.005167985295321879,-0.01324496612810354,-0.0009993724909477652,0.007237701398089775
2020-07-01,0.028028593635862548,-0.0015023455235743603,-8.182987297827991e-05,-0.010298136233670317,0.005614009097562265,0.0030085013157114707,-0.007180899898007527,0.005389509477436411,0.012343324106810436,-0.03494415536113387
2020-07-02,-0.0011108688214799328,0.026154787446738804,0.027670068173761858,0.006133303593394832,0.0027646926570858293,0.009789969224028867,-0.0007457745354199663,0.010367991137840687,0.011595958752537541,-0.05895906785245265
2020-07-03,-0.004602070364790568,0.010743866010317852,0.009215948826672826,0.0019842222433544402,0.006998116981931743,-0.004223084154874859,0.010144850115732379,0.009923089248640302,0.005260117338821228,-0.02831098650701984
2020-07-06,0.01573418748865382,0.01164532523406166,0.028383866322119224,-0.0062574062160621795,0.0038756857677242733,0.024419298787397722,0.02959221896490119,0.015237660609023764,0.014627632603289031,-0.02236701763495439
2020-07-07,0.019143083476116266,0.020480781159976074,0.0038687995852879587,-0.002350949677919307,-0.0042327987260397815,-0.01742367318929775,-0.006955283867457727,-0.020283839373558443,0.003339009534036716,-0.003976163457017145
2020-07-08,-0.0019175240947899596,-0.01733666008864496,-0.01966550382880293,0.007111723918732536,0.008343739468969547,0.015551380669769537,-0.01968712548442647,-0.009733100908450596,-0.008732782060989626,0.03906746760861077
2020-07-09,0.014180740894351373,0.0014363990583349502,0.003711576184022148,0.00391751174492152,-0.003324905313284051,0.01928421089202987,0.005141414482047811,0.004558674281231925,0.01000976742529668,-0.046666005795824535
2020-07-10,-0.022459514143387514,0.0018809599166927952,-0.006300147461940041,0.008444819938651413,0.004859119788922528,-0.007717281036082726,0.006571794777574812,0.005296882312350225,-0.00420734959083762,0.0012036385170662973
2020-07-13,-0.013900645816212564,0.016186738806764252,0.006137847071680417,0.003404519407011869,0.01269440213200957,0.012884566172683232,-0.016141230745610254,0.009250520442724848,0.003212722824094239,0.012353194055781185
2020-07-14,-0.032064743976921106,-0.011357516255594514,-0.024064701084286676,0.004782462342349291,-0.009076844060800263,-0.025352499392073458,-0.015404061625085612,-0.01721490782535316,-0.018249000734889463,0.05358766703972453
2020-07-15,-0.0024079705164329122,0.051057170222510544,0.002173720875669037,0.005469987403323235,0.006688878706730139,0.0016065671472416515,-0.020744436335273696,-0.019315237027283286,0.001022408086719745,-0.013225149195137459
2020-07-16,0.011942946224305011,0.02792984296123153,0.012167699216625803,0.01666132746850509,0.0013446250080521112,0.007221775617405979,0.0,0.0025800655349544318,0.011400923444823241,-0.03601551992944044
2020-07-17,0.01697089704999221,-0.00620501174004914,0.01715553829539155,0.00861697537578489,0.008206510442978479,0.015502376234289059,0.004081576038617413,0.04114688188801664,0.014948306530616993,-0.048474786885625294
2020-07-20,0.016033753961621305,0.02564434275027924,0.005386708928275098,-0.01612903014516851,0.003082108857898078,0.0014255169912209468,0.004318594882581977,-0.00041836453548394593,0.010992680250840313,0.02250961619874375
2020-07-21,0.020404726450544475,0.0008628897339773752,0.016570751697077078,-0.014742359147995873,-0.008153928416933928,0.005965125563182527,0.019330367403271792,0.0343101868657599,0.012626110991777935,-0.01139608518813966
2020-07-22,0.004406080129908456,-0.011479179450789901,-0.01266247302115886,0.0021054059255433744,-0.007336583709870729,-0.002197327049525039,-0.010246262351315122,0.006965934236851786,-0.002659843741967638,0.018654194096046836
2020-07-23,0.008758659026343365,-0.0018083493956041335,0.013388632863220078,0.014338703181657716,0.0016185988635157437,0.008220782761386597,0.013968812758886884,0.015165087740856224,0.007414603621325298,-0.01009497796298395
2020-07-24,-0.018443711395193456,0.014028331997206931,-0.01135020539220676,-0.008190686197339122,-0.0026738515143758276,-0.020811817243954516,-0.017239713449742806,0.0058424292118941425,-0.0019009541040186228,-0.0040666373042398205
2020-07-27,-0.03654802823522922,0.019520709219024462,-0.004470605610845715,-0.017330521497420575,-0.006439353368570082,0.003299891803308097,-0.01677288517398222,0.00045285815347224136,-0.0055854955772852745,0.01937104674435756
2020-07-28,0.011669086062023755,0.023326307491749455,0.031563831283608165,0.006537881077176541,0.0029531669047133872,0.022146074486880597,0.016016581601855404,0.006199699570914469,0.015045520083450243,-0.056735356615371914
2020-07-29,-0.0012945599089175168,-0.009033208481026844,-0.011751545227744336,0.03044598414267262,0.0012156475416172526,0.0090422396175482,0.0002521904003934541,-0.01666103793965384,-0.008683204468886633,0.019686550789062902
2020-07-30,-0.019658326702027808,0.006858270506666145,-0.005801030361500398,0.030642879180040758,-0.00817913609057243,-0.011918527564151786,-0.0007567620814085197,-0.019152788419727063,-0.009029356907451743,0.025390345514498668
2020-07-31,-0.0003141323248454363,0.0037864533164853028,-0.0011120704078547595,0.034943227131120094,0.00571877853946283,0.005674405643802645,0.014280619225133446,-0.008446061284114804,-0.002588449519166038,-0.0220777163233096
2020-08-03,-0.026595871584466014,-0.0058854632913775025,-0.0054407847713947065,-0.0018404389281978448,-0.003655507074328104,0.00411291688828312,-0.012263935111592234,-0.016704033368687518,-0.016558554850121334,0.040507764866139086
2020-08-04,0.019661057851336882,-0.008822199558778493,0.015581874205676301,0.01680118466063297,0.0046009251131078005,0.009784407266625102,0.018463582991117552,0.023149934555730597,0.01852527473195631,-0.05592156045028601
2020-08-05,0.0009046159555854062,0.0034643863527265097,0.018211032741596023,-0.004712014533325075,-0.0012321098372863365,0.038936252900111275,0.000741351318999362,-0.005195835242645005,0.0005766923029565639,-0.010550847115004697
2020-08-06,0.006147975121551495,0.017691090206435774,0.0012210168469963772,0.012343909281101462,0.013644357092458084,0.013579066331782415,0.010810976091380011,0.005195835242645118,0.00883342483924069,-0.017979939946334577
2020-08-07,0.005134131701160014,-0.01020096251809237,0.00746715947563622,-0.0062146900973999875,0.006467235762340857,0.008505007653916315,-0.0031820325486775734,0.005817581394182779,0.0012402330418245548,-0.02493020871138148
2020-08-10,0.006700391771987315,0.008594327577622232,0.008810113736643796,0.052292562983205754,0.004156098773645938,0.007597355717266256,0.02804149454701284,0.0011156343263674104,0.004990233307851035,-0.0031048902560397757
2020-08-11,0.014818671492318254,-0.005657698547740837,0.001186795407574227,-0.014266319755125777,0.004606449275320645,0.01643786946545921,-0.005497773521220996,0.004687594042519562,0.004634224153283686,-0.05243962242014266
2020-08-12,0.0016543144168756864,0.0004927811235112624,0.02007147418243739,-0.01558083954062637,-0.004133809834647928,-0.006708319046164159,-0.007458247095287282,-0.002521097450108311,-0.0012460495124746427,-0.024166076125784645
2020-08-13,-0.003043216169402848,0.0022778873560668758,0.012090974693420858,-0.009736406904869526,0.0009936418665167283,0.010917699711163591,0.009134649557910931,-0.0005436035950135393,-0.0007032817179241128,-0.013520277711818842
2020-08-14,-0.023565331107733366,-0.004680284217970802,-0.02598267944585314,0.014054018998321904,-0.0136777794656159,0.010508990255133622,-0.008893176415834834,-0.00941317803041584,-0.010859185489107238,0.05209513024008347
2020-08-17,0.0009889048429023576,0.011088114084937834,0.02417894127145937,-0.0038777175431150925,0.009786188496287217,0.024004992689572843,0.009849870832843976,0.012490721699115467,0.006126903182347498,-0.016752398019821254
2020-08-18,0.02141563866909411,0.00256206996358827,0.009653818593073292,-0.0011778389187161388,0.005721408964585631,0.017398739290542305,0.03960687432530444,0.002940123718164152,0.012217124027310865,-0.04217199728200319
2020-08-19,0.005187112301386392,-0.003261957064606618,-6.295960436397461e-05,-0.003788980430280903,-0.004425682110411382,0.002250666682047491,0.01255867595614982,0.004954359944580591,0.002022553472584474,-0.02327419875194709
2020-08-20,-0.012936765697133682,-0.004664681845715519,-0.0037532490239585922,0.0002599788477167515,-0.004637792841562476,0.01019397036203093,0.004302041859961448,0.01572037468450173,-0.0084681538079335,0.0325312942735704
2020-08-21,0.013551287405434594,-0.003359852598312726,0.002915521426736656,0.006391508772749528,0.005218564447096916,-0.006044385686317019,0.012349994005887367,0.007763769276296139,0.005237178104313519,-0.03353372797186141
2020-08-24,0.02363814989558589,-0.0030131515122470264,0.0017250675679662706,-0.003678799508129489,0.001188988260906556,0.0009901578737578978,-0.010093166177711482,-0.0008924900059749254,0.008306412509926262,-0.03625625552089753
2020-08-25,0.011285937872165858,-0.0020703280383553672,0.004418811522565645,-0.006262955382737818,-0.005758893690695891,-0.00739040923151935,-0.021648332869556055,-0.005665937440412561,0.000505678592222556,0.004669277192498978
2020-08-26,0.013849885248373415,0.008548169430613772,0.014536338382523805,-0.0013443985434437905,-0.001649518218731999,0.008063137693386083,0.008030328689767942,0.008403137715534022,0.006719694702452173,-0.0010357566082264244
2020-08-27,0.007918892023451822,-0.0013993463124873443,0.01013304337690877,0.008971741025809273,-0.002997312710840683,0.0012848771497013523,0.06202164447067712,-0.007408687734147916,0.0008352117348219679,-0.020943154498284412
2020-08-28,0.03838253899702311,0.0010683118267056685,-0.008732863952925763,0.003002945750478538,-0.0019498823150652718,-0.004236436181890962,0.0012878432596112634,-0.001585993927985741,0.007614134421611744,-0.02953230659289304
2020-08-31,-0.03187841682426053,-0.010715544342959502,-0.034042478913724146,-0.04785371061514026,-0.021288232659617455,-0.04038233584896462,-0.045417505874900586,-0.023151528079256977,-0.0225838540823065,0.21888379617942025
2020-09-01,0.00242394617618538,-0.006423609814155402,0.005799231173902024,0.02316859262987141,0.012763373515096136,0.03097440247492166,0.007825640831390368,0.004335268304207193,0.007240464307211334,-0.04660345667072015
2020-09-02,0.0026234459694346344,0.014652896349963397,0.011473437520900921,0.005693887325944584,0.0030995785820962167,0.017705588185243176,0.005552485114785719,0.01168414458607972,0.005629164732428894,-0.03216304402467978
2020-09-03,-0.014500764834563277,0.014910182890416457,0.009060007609679266,0.009390812743163744,0.007451814349552606,-0.005543915799176644,-0.001995331313588445,-0.007755166748240564,-0.0006547270470620276,-0.029322004628777824
2020-09-04,-0.022318226246315315,-0.015078963037171746,-0.006605990742861035,-0.02021710446531384,-0.01571181378618621,-0.030512625480633427,-0.02357805385793147,-0.019253408169325876,-0.01693737589976223,0.0774125931246725
2020-09-07,-0.002891863628957544,0.005674466789306207,-0.004851299098459618,-0.0010288175902236983,0.0056669126304314844,-0.0005304806054427376,-0.009359744336485846,-0.005082640139222897,0.001868773014980915,-0.00634057333167171
2020-09-08,-0.008783213725336643,0.011973561039215326,-0.008816257841422028,-0.015798658041946512,-0.005997866463872229,-0.030332329721704465,-0.017351505311199875,-0.0013032331631196179,-0.003325649779789579,0.03174865769351342
2020-09-09,-0.021213289723358376,-0.007324641112628424,0.0019124826219026484,0.018833131624690167,-0.00601607824066331,0.00852524651368445,-0.015048470789500872,0.001915128393328941,-0.003482986529093653,-0.0218028562469297
2020-09-10,0.008906177425817207,0.0073300559016594,0.005287700066442437,-6.185723766209319e-05,0.004727083781492273,-0.0114957852282518,0.005669738503068408,0.039068403969573604,0.01507030028649042,-0.04461532370430152
2020-09-11,0.0006118504494688588,0.012822544747514321,0.0014840844430432144,0.0008754075182676497,0.006267125498825566,0.006100016686417708,0.012640603553309567,-0.002239951340452521,0.0013267344350831917,-0.02621075247917167
2020-09-14,-0.016989620805384038,0.045728330598175576,0.009823685389902373,-0.007096443553867622,-0.006860242916896411,0.0011527136966350835,0.03654208864063746,-0.0071227401794997465,-0.002130620607789219,0.02291276628301908
2020-09-15,0.016353340713089658,0.006245544248663502,-0.00023027132037217626,0.01915083322926255,-0.0015714550297491322,-0.0006285881987585804,-0.007202330633205736,0.0043778288512980445,0.007120536611649034,-0.028238303170009634
2020-09-16,0.004791463803349013,0.0072618268011280275,0.01515809968123151,0.020576316272841552,0.004073184238998812,0.0045170609426453175,0.02233731409471549,-0.004358888994073735,0.007156369643982706,-0.046704987355799886
2020-09-17,-0.01128014463174482,0.0023921174877465524,-0.0033835520852187203,0.004047083636544281,-0.006043371590794097,-0.01388781906666879,-0.017155399240618797,-0.00894735619439191,-0.007651223391398827,0.02213372708593995
2020-09-18,-0.013045918991790688,0.00047423072277039016,0.004057658444078003,0.048640242011039704,-0.00624751729665428,-0.0004656005401010153,0.018920987388951104,0.005634711560041021,-0.0009686278452831663,-0.002490718342888822
2020-09-21,-0.030614500771076247,-0.004960034556680504,-0.041209038440569265,-0.04323566049083985,-0.030637722648923865,-0.05296122027407829,-0.0581057603963035,-0.026382709668865727,-0.022360395533691877,0.1014126453112585
2020-09-22,-0.010713996969432829,0.006925107330733466,-0.01764021070869577,0.006529715772175383,-0.00779386904158332,-0.011853918833408465,-0.01863479788147391,-0.019809226580710982,-0.008650165364363744,-0.03578366553734646
2020-09-23,0.0018621500575458395,-0.0030474715903921613,-0.000565456309703051,-0.016208074096177544,0.0003393625399779204,-0.003937347260769235,0.007826407411686042,-0.007214912715823336,-0.0019564998051874198,-0.019811972546432507
2020-09-24,-0.03466877351791414,-0.04294767787394194,-0.03601372727438977,-0.030523060329014223,-0.009505407474708134,-0.04327649432019235,-0.031436243292089674,-0.027668175713255694,-0.02975046086629724,0.11337974935927392
2020-09-25,0.0253638313566716,0.03400628287807507,0.033227352398041074,0.022791661099703635,0.020060875054535007,0.02838318886855593,0.020748574451732088,0.018918145421002137,0.02239317919403798,-0.12825880789021032
2020-09-28,0.03203955039771756,0.0077996746988652456,0.029934043278142634,0.017159700200640247,0.008491331119719489,0.0291881068028899,0.029874060674740407,0.025563650690347,0.015917509782938703,-0.05516929858335429
2020-09-29,-0.011802232713214608,0.0024611994080901457,0.0028621131982857276,-0.007410843096240234,-0.015219134886002671,0.01943437659758202,-0.012124215387155985,-0.0023103673010592433,-0.00045874615382283734,0.010167894523061705
2020-09-30,0.0018896686437288213,0.006010041276211664,-0.002160017682791056,0.005395521667385422,0.013730745361931853,-0.016956426085806067,-0.005881678105883168,-0.009810632277078762,0.0022384940193966077,-0.012213880289898064
2020-10-01,0.036353687685725465,0.007940322971991277,0.007307487291719302,0.004242361977583717,0.005607270643017973,0.008304124707599107,0.017774102776453745,0.001512801727803934,0.014948800566928164,-0.06232218475796705
2020-10-05,0.0056009675212462745,0.03414847181817744,-0.0010235967489926067,0.016866290655936585,0.003413067394100714,0.025153657515033685,0.0025466065650366497,-0.0033712176776465454,0.007539152980994381,0.07098907918271309
2020-10-06,0.02134977727437531,0.0042080590560278274,0.012506355296079814,-0.001210796314868875,-0.0019097290188425048,-0.006989088965692057,0.02556635952483219,-0.002152451064909502,0.013731761801546099,-0.0030504026224772124
2020-10-07,0.004849618387108401,0.005757040175304082,0.013797196059841595,-0.007895745585099,0.0037892749185362406,-0.015294175763792828,-0.018653889604208697,-0.0035071862864237517,0.006533795478530655,0.021159484061421492
2020-10-08,0.009816734226632378,0.031834839743154916,0.0016693900536754736,0.024391671357012354,-0.0010861482076845645,0.002048348212978921,0.005724114083888643,-0.009042124642863813,0.008123590712403974,0.015826230704536665
2020-10-09,0.02787071353953388,0.006450037837284754,-0.0024713963679057916,-0.013627306524902261,-0.007064650198375803,-0.0050956067627329895,-0.016342879919229544,0.0036232567692635947,0.00670357110102055,0.0
2020-10-12,-0.005635032859286954,0.016551299162571156,-0.007500342550516663,0.009141093829134354,0.0033478832107521404,-0.008885590208861453,-0.010967282151144033,-0.005353475418426899,0.0014048980594053501,0.03613980529502642
2020-10-13,-0.009346627695107293,0.012999487453865335,-0.0061465778655000755,-0.018052404543515088,-0.0032543560566282294,0.00391930339692055,-0.003054915549899859,0.010608045932821056,0.0002974848313881938,-0.019594407658320576
2020-10-14,0.016148847870156743,-0.01291160900193511,-0.0027108234260574643,-0.006711669823397455,0.001098761973232556,0.0010218807104674349,0.010535038474452026,-0.010580909636136355,0.0030578533826602027,-0.0249218981372009
2020-10-15,-0.03418010868290154,-0.029096424919504416,-0.011987781049306177,-0.018672447624245258,-0.010563037396638981,-0.004896624548927686,-0.024040709103966173,-0.020181946994388918,-0.024583309443990238,0.08758850350121641
2020-10-16,0.01977717796011462,-0.0013525154835984485,0.003032452837442011,0.015026653097726751,0.0008850922990123393,0.038904068425363675,0.02590208308221785,0.0070530899839348704,0.007004361448563385,-0.018760552787385424
2020-10-19,0.030692815112219437,-0.006813435489462386,-0.011257380000524606,-0.0168542528750512,0.013317889891961254,0.01617848192526824,0.014996243235538206,0.012332199539489623,0.009358838750109354,0.00782152959021689
2020-10-20,0.001854701869871982,0.014039476010823334,0.0033424288878643425,0.0023859638522452853,-0.0034730673032110533,-0.0019022663050444187,0.038630407571176445,-0.014628347823197144,0.0019983305148122575,0.03909735591001924
2020-10-21,0.013208390299853668,-0.005393765098654827,-0.0023645888923707805,0.00011161864106622799,-0.009405136116747445,0.022053850074210256,0.042697339683655064,0.007842949038378358,0.003427863919924764,0.010085572846358736
2020-10-22,-0.006144264023083896,-0.007636510623834422,-0.0017659420175997124,-0.008658619109978366,0.0010521984056803854,0.006785539645464089,0.003582306388152332,0.00991414980962064,-0.0034572511936285335,-0.012291668799254404
2020-10-23,-0.0002389454530814996,0.005128425146785133,0.028882740247546314,-0.003666210209399736,0.0022471392123605137,0.00430725719758027,-0.010998380020070118,0.007561211560910468,0.002845488039808009,-0.036433059309050816
2020-10-26,-0.01659437760714944,-0.012054580032942838,-0.03276864002448211,-0.014787479772702443,-0.0002534999152888948,-0.035603827355907884,-0.019109597965793666,-0.01953296262797015,-0.01372280171939824,0.044790290132935874
2020-10-27,0.0284204505944575,-0.011459287703865562,0.012306442456389257,0.015521814857589291,0.012981815296270698,0.0008691896138684531,-0.0071793799873497155,0.009453262643625409,0.010284540688903391,-0.027983133955000378
2020-10-28,-0.02191836527210839,-0.010188027673441057,-0.0009966194060952126,-0.016325068842069277,-0.007173318319443266,-0.014600129276657249,-0.020514643926918427,-0.004340977549247473,-0.013531751526031222,0.04750232911344336
2020-10-29,-0.005814858819387127,0.0031975481369580306,-0.009638934452343916,-0.008788950340211028,-0.009550248558624887,-0.007640688887294204,-0.00424350031324024,0.002298552974738017,-0.0050255491286022155,0.03129218335112376
2020-10-30,-0.007963714679469632,0.0019093934442971263,-0.011323318546740322,0.0015799021966987222,-0.007953754917261172,0.01543691398821663,0.021258564740722383,0.017215902829482883,-0.0024363388871728973,0.029938653305257065
2020-11-02,0.04065041327463289,-0.008862127281017335,-0.0033762207975182373,-0.006106450416987084,0.000441651864751005,-0.0020075587361864694,0.03106374484309898,-0.025129868848323914,0.00229500061940095,0.018415215869089556
2020-11-03,0.03125496137793109,0.00017841188040595824,0.014967142705164334,0.016480469288048326,0.0028795529416787238,0.022114619946023092,-0.023424288183366938,-0.005330413439668742,0.01229430453308261,-0.03923655312499504
2020-11-04,0.0034515978048245393,0.01761737389374422,0.006717217239176343,0.02156410594080649,0.0029101339470133047,-0.003099438017880229,-0.01865521041234724,0.006862871233386706,0.008009485529747545,-0.04385184020120868
2020-11-05,0.02079374562292167,0.013231460555871613,0.01179462948875019,0.008261302412723196,0.01898793023277884,0.04304448198489813,-0.005108257177892047,0.026434241596085456,0.017629285844443805,-0.10105949938793944
2020-11-06,0.018295844816208703,0.00497461318220101,0.0013248799047713047,-0.006995873632463139,-0.0009746411820605403,0.004690405597417317,0.010631302331349492,0.010622255539858464,0.011749715515175936,-0.022667926025283062
2020-11-09,0.027062498549612356,0.015139104908776754,0.007658462464873145,0.004378121717934811,0.010000977024735217,0.017798115873067108,0.014653104622221882,0.02026330854761119,0.015976331587139476,-0.019207652009152712
2020-11-10,0.03819128996541351,-0.039335768961804,0.007360387169602114,-0.0442609288868435,0.0013470658559393382,0.004488468332438448,0.020415450375712928,0.014200078442282441,0.013554232066476922,0.0705497221593783
2020-11-11,0.008320142425723188,0.016639869622547394,0.015620715522090817,0.03531259249548308,0.011439564258178471,0.033972641845857625,0.007628784685720309,0.003842909377680872,0.009302637490367565,0.020638235688320093
2020-11-12,-0.01982418968390849,0.001538845344610624,0.003488627191022062,0.002628286780016626,0.01271160008406787,-0.0030860394467843756,0.007361480105049628,-0.0019259358122989923,-0.004587327240413277,-0.06614367269412416
2020-11-13,0.006587398889544451,0.0034345668288298377,0.0029953208109262906,0.010772946303859852,-0.0005795371038580393,0.01658591151714265,0.013322415557341916,0.007974736025478161,0.0022943363271255195,-0.045642844816950745
2020-11-17,0.02482824337915808,0.0024088859465574565,0.013941456345139654,-0.0030447997239057283,0.0022187074361878383,0.02952986669012184,0.0267281153279329,0.003525752878679913,0.012053681426341886,0.00506322469636012
2020-11-18,0.01929598250579155,-0.008116276922890141,0.030512830607582263,-0.006681319442194688,-0.010879806046540626,0.004029714298440845,0.020327486747865962,-0.0008920730054624096,0.004962716492027381,-0.03494694765197881
2020-11-19,-0.028876926495957266,-0.009446391355674188,-0.006734087632601186,-0.003999270745660434,0.0042667302618383295,-0.007185391676906018,-0.013705635015244619,0.0025390366330003463,-0.012956239372488106,0.023262814297708833
2020-11-20,0.011453672460666215,0.013865468415734303,0.006521138216052573,-0.0034511796341298315,0.011805479408991548,0.007996604484472834,0.005186538831183052,0.0005139367899885925,0.006816027431926412,0.0025517310976760094
2020-11-23,-0.007270906310554116,0.027539820440797003,0.006181335052488873,0.018092880569384323,0.0036098287176010747,0.012125520272427628,0.009702073662567581,0.027549812097483313,0.0052277864790618534,0.05840345311589081
2020-11-24,0.024270547290560503,0.0025980611065017306,0.016946499664618555,0.012160333552480947,0.008331226881780474,0.010818503881869411,0.017772122486674514,0.003346916654366089,0.009907106958531581,0.012422531319477653
2020-11-25,-0.01835505598271466,-0.016376822187298093,-0.016963597980887354,-0.020888632387999408,-0.012343319049352881,-0.007991928143309159,-0.022710404127257076,-0.004417296805802122,-0.015185397205090293,0.09375495861305028
2020-11-26,0.012029863193198051,0.007069795053620986,0.0033473662724013437,0.014170455157329561,0.008222701651739186,0.03779884218696368,0.007693092325880902,-0.0025661405906866673,0.009951532476185488,-0.14439864320762572
2020-11-27,0.0020048239480007523,-0.00435532763331602,0.014026749877263232,0.0032064112680101845,0.0005518755099094373,0.0002392668248351623,0.026182103095402372,-0.00577649468005236,-0.0013908030691388337,-0.010040283247916023
2020-12-01,0.007027125940326573,0.01848203741357821,0.010688855874643143,0.017250252386882808,-0.00042730734758414634,0.01637381861586329,0.03276505327327195,0.013658576348924574,0.01074476242399418,0.018000516543671193
2020-12-02,-0.011966858148920631,0.006657697819795557,0.011786064775297846,0.0036007057082754197,0.0036205972601632136,0.02528246954317264,0.029209817375495616,0.013606337713388287,0.0003584815807498976,-0.013469919635924744
2020-12-03,-0.0004888845179167963,-0.005246985762661709,0.01653340560731388,0.009742650241136906,0.0027742655775106766,0.02457910625812788,0.008242362682862348,0.014279837871890282,0.0015354055912646832,-0.046783131245782386
2020-12-04,0.020291046475745776,0.004834730953244898,0.006135659159712379,0.011942009283181995,0.013945509363525361,0.011212929959044035,0.011355628251499713,-0.0010452871390490912,0.009445908959648398,-0.05240190386771509
2020-12-07,0.005281786411576088,0.005859125376306308,0.0009562425613961733,0.016247185415152382,0.01564337025281233,-4.7495546336145396e-05,-0.0033577187301779264,0.004424775534976599,0.007304391112653887,-0.000554797715444314
2020-12-08,0.0016652003633265506,0.007834334614897076,-0.0014240462568189665,-0.011909679042119823,-0.0005187984914758608,-0.01236573219311966,0.008285549686403167,-0.0018282222987326653,0.002781459960611745,0.03275403933725014
2020-12-09,0.014679279401994507,0.008192267218787247,-0.000489459223526237,0.0029455810675888512,0.008356152257037806,-0.0052824576936257505,0.014639551436379303,0.00705909007566654,0.010114428562528128,0.015983250735650566
2020-12-10,-0.006502863780895431,-0.002093945328121396,-0.009997860764510577,-0.000265288132721845,0.027667636232173238,0.002299471676437008,0.004315932465568729,-0.009180157119483128,-0.0037619219695161584,-0.01116147630269906
2020-12-11,0.003092558834198697,-0.0040400981862852665,-0.0012941321656156784,-0.006014515123598922,0.009063270361593904,0.01056065287444457,0.0077220460939103185,0.01596319122747817,0.0026340862816878062,0.004266770796070046
2020-12-14,0.004598174126354348,0.003642283056561202,-0.0104858552751077,0.007564747859113339,0.001360839304758565,0.013700543133126209,-0.008928651798167143,0.00852542402251118,0.0032728147749187795,0.03194818425634136
2020-12-15,-0.0017855789099807144,-0.0013901612025272554,0.006210715314306716,-0.002193495405949367,-0.012979209420605998,0.007698741958355008,-0.0031093267613119258,-0.004042427930993107,0.0007151234360649028,-0.0025806072159059576
2020-12-16,0.00023944488353147236,0.008379914704675716,0.00971787952290259,0.0091994189574108,0.006688422359083722,0.017762103295224922,0.05010749055619731,0.005873505973588173,0.008429280641864136,-0.007782120419823481
2020-12-17,0.004830591213493912,-0.0006113737539907979,-0.005850921706292684,0.004365860458750162,-0.005345339764134176,-0.013555215795455652,0.005906457837134884,-0.00343447610675518,0.004229970438016461,-0.002085554191327898
2020-12-18,-0.004301381564286444,0.015790520588125866,-0.0018034154844435227,0.012612096625251193,0.0026175395269157626,-0.0034448627185026176,-0.006071086525235757,-0.005301719093227602,0.0014435425896574643,-0.028588447658305937
2020-12-21,-0.04182684392123556,-0.017874197460158576,-0.04730799037139572,-0.03867810791218074,-0.028300591414087133,-0.057043239670722154,-0.05393001765490407,-0.050859772918150255,-0.03190866215630266,0.21948485737656043
2020-12-22,0.0057377656672136,0.03302335169156447,0.008380974494858615,0.021975083766857688,0.00535346678587271,0.01353423068579481,0.004506031170127104,0.011628079011241944,0.010293127415086657,-0.053133380138872685
2020-12-23,0.00864915120213929,0.023280999621534147,0.013219405298085324,0.015989765597604594,0.018930611778916716,0.017526160234131328,0.03866852537377625,0.0035665226521963017,0.009960389402299756,-0.0701629080138563
2020-12-24,0.017215132275446857,-0.0065799270133127885,0.004700199495357298,0.012134743297130135,0.004396153205607129,0.0032492227024977565,-0.00433474443144553,0.013885421523640137,0.01083363406633502,-0.02619377310049046
2020-12-28,0.01562450564411178,0.0037851482078330133,0.009842174176007704,-0.002683954883228612,0.0019167279567101816,0.025295162429348855,0.025568403149114568,0.00855139738062935,0.008974658395164679,0.022773310723288486
2020-12-29,0.014197264846028922,0.007183589715191383,-0.0025343214425860116,-0.0023679086234385783,2.4798666541486653e-05,-0.010912543458248457,-0.0029358816962172314,-0.006261684607518244,0.004272454296258275,0.017467722139669222
2020-12-30,-0.0006211344979546466,0.0023043332961421186,0.013279497100633437,-0.0015583730151243038,0.0038469644565042862,0.012786781605160323,0.012821669533736334,0.0029189482582742355,0.003535836164182277,0.015274744866310424
2020-12-31,-0.0012466761915215273,-0.0032399741501425374,0.0031266750188372015,0.00714849291612551,-0.003988793700846396,0.007324007024778363,0.012181648786062295,-0.001549987393756214,-1.4318227638304822e-05,-0.00047383221198578584
2021-01-01,-0.0012226494380896337,0.008407387754084691,0.0,0.006640220459748125,0.0,0.0,0.0,0.0,0.002624978069994666,0.0
2021-01-04,-0.0004292412515253173,0.026388537935305278,0.02412075095103614,0.011307173295304044,0.012866986765526325,0.05089999209660181,0.011405179859077975,0.014877718995987272,0.008127554493474463,-0.05204187460257421
2021-01-05,0.016201301102712215,0.025909859669787535,-0.00020180425097687007,0.0012577681186478307,0.0029002285944349066,-0.014219078964149109,-0.0034711491834098418,-0.006167014073894199,0.00470131235786493,0.021240531817717075
2021-01-06,0.002381962423177089,-0.013675212856908562,-0.0038838926813673635,-0.0036713764701907614,-0.011380632179652043,0.012816457985731586,0.007087201746801019,0.0015978994404993836,-0.0037571814216639365,0.02605072194712563
2021-01-07,0.004959690780606176,-0.006629193926525733,0.005327255162752169,-0.004381376719999127,-0.00863086929203367,0.03749225815418521,0.013406242228796538,-0.0032278084066769256,-0.0006293676223474675,-0.018260918434639187
2021-01-08,0.004003701677809642,0.035449632025445287,0.032510424382430556,0.01601108217103347,0.007155693011785769,-0.006003139734258207,0.014145396213262561,0.012385778926234676,0.014738082534464191,0.0009693917532810973
2021-01-11,-0.002662103312199249,0.03254083554923783,0.02577551091031222,0.010553263543369721,0.011731913324918767,-0.010052639670828499,0.00623999538190665,-0.008532288068209236,0.00953808562855032,0.08093675434245527
2021-01-12,0.01057239396738316,-0.0016904472730841006,0.012353845929256257,-0.012578408015255756,-0.005568955994371156,0.004568956360830807,0.027239057180620512,0.012837615343856273,0.0054186068221036155,0.02078346865021086
2021-01-13,0.007260422266976578,0.0008224728067023919,0.008726782313891821,-0.009265377654456593,0.0037320292932120523,0.0037963398691340726,-0.0031053268368978356,0.005785488199335895,9.608621670051523e-05,0.019072989171407886
2021-01-14,-0.0016868130732313226,-0.0014359871497462747,0.002909985798495065,0.008347579055439586,0.007714712335319358,-0.010227414190822537,-0.0005926287789187574,0.01363286424737642,0.002109021789565324,-0.011226379558282694
2021-01-15,-0.00842873682055101,-0.022606199188452383,-0.00587758724547923,-0.01663477758860724,-0.007355155918234691,-0.011028649335874911,-0.018395774721585142,-0.018757783800760777,-0.01115432296065278,0.04167267611807665
2021-01-18,-0.013583094192626792,-0.017083770083980657,-0.021570515831824816,-0.028111054223114135,-0.00367985020083098,-0.041632881092808854,-0.020433807433129596,-0.008123580684459139,-0.010614788200058034,0.016112696899217793
2021-01-19,0.019089352158728205,0.004898031818915392,0.01748487918460801,0.016658187265904786,0.004540026996567671,0.02880874621850505,0.04104999610391809,0.018307376601828202,0.01665525875641371,-0.0634462227630237
2021-01-20,0.003658667884261221,0.02188329692239041,0.022672348379463744,0.0011768551883088111,-0.001573662063725876,0.009295337179214606,0.0007390437244539274,0.004428332947322402,0.008472274336760961,-0.06076111275559385
2021-01-21,-0.011024235622522178,-0.006389669698802935,-0.00014466894947352105,-0.014391309603895182,-0.0032113928156138056,-0.022018376622503597,-0.025893818098250383,-0.0018287819703034544,-0.003718184091801354,0.02881521453473993
2021-01-22,-0.03219162807639261,0.0014960215817711679,0.0,-0.0122866354429823,0.0,0.0,0.0,0.0,-0.015085386074712022,0.0
2021-01-25,0.0009989089123363445,-0.017765545133163235,0.006321756526419186,0.016969589126219844,-0.009197183785593283,-0.038134439502791086,-0.03659794288015004,-0.046131152415991375,-0.009297255190251277,0.047114136352092134
2021-01-27,-0.02972908110588629,-0.006089988304431754,-0.021629665516263438,-0.020659921515430866,0.0030031245182099648,-0.02552106372329599,-0.021943936538039752,-0.01740525910991405,-0.019244480891583437,0.04786805516979896
2021-01-28,0.0024322385504760824,-0.02204853065064802,-0.01030243069021899,-0.008030799650434427,-0.01930772457687942,-0.005307565664989717,-0.02227193147997233,-0.001405496774635254,-0.010793693167934581,-0.004108406497550563
2021-01-29,0.0068019550017087765,-0.02624932979697877,-0.029366324225703958,-0.018375373008689726,-0.015126107379332659,-0.019516236229747887,0.004919655806502582,-0.01842844779440974,-0.013328858232496075,0.04231940020900083
2021-02-01,0.07933057420419111,0.011174531582087765,0.04140082521257335,-0.005495667239935118,0.017021566645047136,0.04752906528031319,0.06123072540046828,0.026162902066557643,0.04633334971971787,-0.08307283251876298
2021-02-02,0.035006516797646374,0.0208503225395572,0.0393646716194635,0.021092051032113642,0.0012222730513604214,0.018983619409137426,0.037153133181632644,0.02164487084609074,0.025349539675742865,0.0012856520560878203
2021-02-03,0.014213726828625392,0.009118214195056889,0.010337858428980284,0.02753467631358152,-0.0014388875211262342,0.016673275280014974,-0.004308786796513747,0.015861271303379106,0.009654368913945022,0.016985530028710668
2021-02-04,0.016728588752711916,-0.004325764876320977,0.01091312224430116,0.002546554531636632,0.02420698563136289,0.019293056005073524,0.009484399089098703,0.013922845799723485,0.007121340982025425,-0.026884450377451748
2021-02-05,0.008724054140646368,-0.009369162466710063,-0.013260264128240249,0.016473946355673834,0.003957989570771497,0.00980638960299135,0.006761712765930766,-0.0027208347323235955,0.0019181565175802602,0.012892281324013453
2021-02-08,0.009189256770241067,0.022792476110700916,0.03095942816785027,0.001570086259846939,-0.005564675504844311,0.03125077084790079,0.019871583710893134,0.014170930647629433,0.012753134705385865,0.02279537360937879
2021-02-09,0.0020225508769135254,-0.0052790480903529375,-0.013979246138962018,-0.012271440343426683,-0.006433854348223109,-0.010982137132479631,-0.006772865908926866,0.0012079175921043666,-0.00043010611605642915,0.012855303563215778
2021-02-10,-0.007611373438415475,0.004109229367057169,0.009421356656314373,0.00721278025317351,-0.0012657477213781569,-0.0007971541990924476,0.016206950406903314,0.0011867156799572512,-0.00018532057490518592,-0.013272682887373302
2021-02-11,-0.0008667162309195123,0.00609099685415677,-0.004149933393855528,0.0018772733861460477,0.008033341697749719,0.010159378712036985,-0.0025641735247855938,0.01343552014784801,0.004412176664707947,-0.03830261936910175
2021-02-12,0.009930282959038196,0.0019315011111581868,-0.004845170031692887,-0.011203440136744467,-0.01565854958763925,-0.017190919970702837,0.00014267506544151049,-0.010804322202168863,-0.0006592696934370658,-0.04480671051926541
2021-02-15,0.032621496535199065,-0.003558938361578067,0.0,-0.003184416155219677,0.0,0.0,0.0,0.0,0.009935142462115996,0.0
2021-02-16,-0.005587032876777559,-0.01500173535189339,0.002987618635326035,0.00462251427325178,-0.006024921226852336,0.023780924402484603,0.017529376597415873,0.02097208092337762,-8.162425642763527e-05,-0.011866876792828428
2021-02-17,-0.005065624874678192,-0.01300686983529102,0.0,-0.017315420211060993,0.0,0.0,0.0,0.0,-0.006850731452785171,0.0
2021-02-18,-0.008815244079590648,0.01318650434511876,-0.010830615702413164,-0.005326282202692873,-0.01045046562929105,0.014708641650379519,-0.011699320146707118,0.034765043461539115,-0.005931871684390037,-0.011080434799405297
2021-02-19,-0.020583736545771034,-0.004512825099564173,-0.026832301995725494,-0.01368211899132719,-0.0011121952103196283,-0.019777220633102225,-0.013129933804577056,-0.004760771174817412,-0.009116143118184506,0.03243029438041698
2021-02-22,-0.01643950370913486,-0.029314020698796933,-0.02306681709744562,-0.0258508620556978,-0.013441592791404586,0.015919455462304232,-0.028413072838826266,-0.018621054314016474,-0.02063971564030592,0.1351592534201247
2021-02-23,-0.00398577914017808,0.0016682681872352558,0.0076936101441961655,-0.00023271781187292543,0.004073269869296018,0.038177384962511676,0.026687765190326507,0.02054624007401118,0.002184873969705697,-0.009467517523033276
2021-02-24,0.03732067553140201,-0.00114547274535323,0.0024970071315423155,0.0005276972597872098,0.001988879617694589,0.007730931335298043,0.00859727288524241,0.0034613668168127277,0.01847152850052029,-0.04292154663739357
2021-02-25,0.0026491717492755345,0.0037480552199179304,0.008845506100295728,0.008756161239822589,-0.0027203429365778064,0.038916376036375024,0.01669533329696656,0.03006662743860059,0.007669725331353619,-0.05441209057202269
2021-02-26,-0.048932974481981584,-0.023224746616937315,-0.03174760303127492,-0.017765598321675718,-0.0170727901902639,-0.027339279337189135,-0.018551883388419507,-0.02948384630662616,-0.03836220275630364,0.20649192269649738
2021-03-01,0.01404882063957729,0.010432485078840061,0.023507344003262355,0.013721754365680312,0.010867479925139846,0.019250309523462385,0.013205799053058537,0.01927471511935556,0.01586881087701919,-0.09342852236462514
2021-03-02,0.0034985379833509527,0.02990902787248496,0.03141233520806777,0.013519681028180283,0.013724968572199688,0.007834393815014842,0.007448544951911257,0.007503488243802034,0.010616431079728933,-0.08209313068297505
2021-03-03,0.026422502691532037,0.018436367133978396,-0.006625574065868357,0.009928263067971446,0.00610148341615141,0.03280953344519118,0.014870695733803126,0.018815947622875466,0.02164866615239294,-0.06654535260924077
2021-03-04,-0.015673014191394594,-0.005478163716109213,-0.004446220171268848,-0.002252171562540704,-0.0003168293455551863,-0.020348037423870213,0.0011029751190886965,-0.00830841951919184,-0.010871815118793142,0.08915933996315277
2021-03-05,-0.01617225737955991,-0.015817810666484047,-0.009583892620826559,-0.01295624063998455,-0.0024998478096786817,-0.02739064217425815,-0.014294862153767539,-0.004063215899562745,-0.009504125991607463,0.05674424431232729
2021-03-08,0.0013503401836934164,0.004679935193491825,-0.001621432832323077,0.0038554773926226,-0.005107375576220212,0.008082241798116223,-0.010538985683213762,0.011369551343928658,0.001210972544447202,-0.03503539721256668
2021-03-09,0.01658418374779648,0.009204817213015687,-0.004110289234636871,-0.008697954900363996,0.0007680005798668388,-0.025470344918850477,-0.010936849313953141,-0.013587800797301356,0.009462861169810146,-0.09247790219211967
2021-03-10,0.0020236551097478307,0.0165822638009949,0.00904228383870486,0.014676883056062203,0.005611013244561692,0.018485861893827577,0.006122305384534662,-0.0027843717341532997,0.005047340602462587,-0.08096906253366709
2021-03-12,-0.012365353763278688,-0.004695711296706264,-0.016750402372073998,-0.01053178425320546,-0.010057064288461023,-0.008672753935572904,-0.00826684830926775,-0.0006700838158673215,-0.009524722735275023,0.04522669504272571
2021-03-15,-0.008888031670377541,0.005539303385504431,-0.004710736183691778,-0.013197899009650139,-0.00029181382107366054,0.01032361687281102,-0.004015476095946779,0.00023806761990983883,-0.006772300308835674,-0.022357687566382015
2021-03-16,-0.010800650769931643,0.012665237582013732,0.0015179613912784011,-0.000956838346532933,0.008820890934957255,-0.008489445372670674,-0.005620051315850842,-0.0015382795275689595,-0.0012767988653300596,-0.05022779537671438
2021-03-17,-0.016669033105397767,-0.006864297395265988,-0.018693975442229352,-0.018949748779662122,-0.004722985586153878,-0.02488303946662095,-0.030071939654377322,-0.03155276141746753,-0.01276691115553913,-0.0014870231420124956
2021-03-18,-0.01094066585173096,-0.031430046163509126,-0.001492329184016464,-0.023436862651637008,0.0008431550966123847,0.00043962581845574927,-0.014852909155356834,-0.015610112623107391,-0.011165071153974405,-0.003976144610294895
2021-03-19,0.008962353073003037,0.007436818484170686,0.004185826325090974,0.013170096199829234,0.023963632366939425,0.020602138050173305,-0.005304248443663135,0.031080495614900523,0.012705880170274957,-0.004492153961537301
2021-03-22,-0.0164734961849236,0.018319001256084443,-0.004530919102529284,0.015618275209812906,0.01689082258525359,0.009078030744053478,0.026688313862855903,0.0003343910413949824,-0.0005155703072306843,0.024704814017899885
2021-03-23,0.01714060593961284,0.0026984364006483533,0.004643845590668937,0.004752118855475771,-0.0038867043467659354,-0.00661532501058751,0.010449687343661829,0.0007264085381382044,0.005302656033791128,0.00874642630433227
2021-03-24,-0.026414640202633708,-0.011664855164176929,-0.026094225555063244,0.0007639188043336968,-0.014217078034012058,-0.032915175201957865,-0.029870673494266323,-0.017451648087032607,-0.018073523592070435,0.0830525311630012
2021-03-25,-0.008651683074940155,-0.022173677594116762,-0.02798425370714206,-0.008384963161512635,-0.023035252035447602,0.00020172542283482223,-0.025360412695236097,-0.029526672025330786,-0.015550473459416195,0.010629049549298547
2021-03-26,0.009400788818849416,0.00584725373315063,0.012372224022241342,0.00560342315303582,0.018060653655086835,0.03618224994608761,0.016724631356127083,0.004638163042395204,0.012652648509180619,-0.09464965716309263
2021-03-30,0.016576466755481564,0.028581029552340587,0.00952315398658432,0.026851102696846176,0.02223578022169303,0.027552476544035292,-0.0003043862528042592,0.01098640674206229,0.023017860602701366,-0.007778349853539668
2021-03-31,-0.017005782192763958,-0.010239396042042834,-0.00025850322027985695,0.00539234632112176,0.010152435364228423,0.0035767276384733146,0.01705313776661806,-0.012774776572665965,-0.010455164345430578,0.007778349853539632
2021-04-01,0.016500807174720467,0.004838416769931501,0.01610786780654346,0.008478856080366005,-0.0016373448012872026,0.05191978423407424,0.004925732600068174,0.018043426405901945,0.011952853344086897,-0.03248316387143946
2021-04-05,-0.035447182833613616,0.019477744146819454,-0.02572566850545578,-0.003690995189086777,-0.01647933802477238,0.008852717680874525,-0.034384229600407594,-0.015456763630139385,-0.015560296479187625,0.05971196376493229
2021-04-06,-0.00544645601434694,0.001538893491848601,0.0013606358392568992,0.017452110163214248,0.009149240906683927,0.014225026178167607,0.011644034491961648,-0.0008257392321870176,0.0031172037135109875,-0.018069876620382435
2021-04-07,0.014959215244258387,0.011198875196946859,0.01578769285458292,0.005384486421880701,0.006204000783984945,0.008940656428554994,0.009550573392189168,0.006358304823479446,0.0091890876818974,-0.028719430654493776
2021-04-08,-0.0063353488462448825,0.011760191718135027,0.0022466049515712477,-0.0003685908463899465,0.004232417903076069,0.03843836147429089,0.008114281056145216,-0.0031576406574796234,0.003687760707936765,0.002958555744441095
2021-04-09,-0.010265127393413582,0.008021636375568682,-0.0036614933972317653,0.029966601090996844,0.007689832173078329,-0.0061704322810825,-0.006154844407147832,-0.010915412286486384,-0.0026221466406612408,-0.02593654342039655
2021-04-12,-0.05238544748429845,-0.0236355120806946,-0.05247703582281362,-0.002581173594041547,-0.01981746209385424,-0.06265246502760038,-0.0779493154856051,-0.045130842451096984,-0.03596463281723922,0.15031741005255692
2021-04-13,0.03131786976271842,-0.03334333142049532,0.04187473141698866,-0.011979460682600872,0.004589964506531786,0.03325864699485386,0.02729777773880778,0.022508889699193048,0.013465132344700306,-0.11702250015285223
2021-04-15,0.01068345452426375,0.006152823601134574,-0.013003897733872715,0.013921755254151938,-0.001780079217807039,0.013634534354329732,-0.0038088656675215253,0.00614026999559184,0.005270570669209097,0.02079883057477281
2021-04-16,-0.0042252950453627565,0.012001530533592037,0.012051180457412871,0.018855474062050945,0.0055975394942264604,0.008277239310885339,-0.0044622366123252665,0.003334977063811637,0.0024931716281266104,-0.023735664200396217
2021-04-19,-0.02434367623260142,-0.0033484424397117797,-0.028624917562227736,0.0016609731834323184,-0.009633578583509411,-0.015431926701544647,-0.0415809488576188,-0.027462933174199216,-0.01783508230882999,0.09753587364350089
2021-04-20,-0.0030712040475341248,-0.013789117207128655,0.010285596401365256,0.012791047144650278,-0.0064665889327874294,0.004182579593283773,0.0031585504650357547,-0.0009077875824236628,-0.0044004910090830246,-0.0026713936563613843
2021-04-22,0.021302886059509356,-0.001968904258328895,0.0014370357591594906,-0.0035775955926042147,-0.007417385038839532,0.01729775341886959,0.01286295418394936,0.0016679208256761857,0.007647441212800463,0.026398381510042663
2021-04-23,-0.0018990517863361938,-0.008461068457700565,-0.004947608707588271,-0.004434694715562729,-0.009353858466051454,-0.0031545151891911776,-0.01103893310248593,0.009553579170014993,-0.004508280094204329,-0.014873421318970317
2021-04-26,0.017277685944029713,0.002776449600564502,0.004626172494616449,-0.008739472018975106,0.004130615048594491,0.019915656433594105,0.03339888637489204,0.0077984068319765145,0.009966685459202936,0.035076098821227086
2021-04-27,0.014157909785423016,0.005260579367154341,0.006899376829559943,0.007011220316098733,0.004232853061086077,0.026742832229505898,0.00718451270351237,0.011486770536411815,0.011534860370141113,-0.018033982815844694
2021-04-28,0.02971871889338764,0.005652996414968764,0.016680908245979963,-0.003299460566455323,0.003516279296811208,-0.0030523965555710624,-0.005903409520891667,0.006211395236650236,0.014330678808834763,-0.021901882991581023
2021-04-29,-0.0002461805961998094,-0.003387538927242512,-0.00995669289887062,0.0034423717917290647,-0.0035266165805567244,0.044268757151560936,-0.000800448262473936,0.004021784132747287,0.002039728305535653,0.03181787479388331
2021-04-30,-0.028054596043082403,-0.008143492894830986,-0.013685886191779264,0.012746753895082305,-0.011401478500121034,-0.0015148761045052706,-0.008362885751597385,-0.0017731385694480112,-0.017869525228607498,-0.01208468648871438
2021-05-03,-0.009687752876533605,0.0004519458399304871,0.0022897663483126777,0.0028320899567941104,0.01096618187720493,0.021326467595877325,-0.006318408082424195,-0.0026488912321772132,0.0002084917272909865,0.028255297066426106
2021-05-04,-0.00603685738915104,-0.007311694671188952,-0.008861504796584043,-0.02039545334960456,-0.0050562458498090365,-0.006238622772859262,-0.004560991488408658,-0.0019788230496092614,-0.009450624224999165,-0.02912412671994875
2021-05-05,0.01578252058953874,0.01162153316326239,0.0,0.04035056264830126,0.0,0.0,0.0,0.0,0.008336116981918119,0.0
2021-05-06,0.0013443400553884064,0.018128813235980493,0.02448447632193399,-0.002321334481255913,0.006652325764360927,0.034615846381548146,-0.0029430822012042903,0.012752722132024295,0.007289775876840782,-0.043069888170267814
2021-05-07,0.0023337125286275163,0.00040930436232174393,0.00044315617643165,-4.730999691659914e-05,0.0022003177333432457,0.046188548900897304,0.00750407368961297,0.006437541459260038,0.006657040403640492,-0.056944977295061795
2021-05-10,0.007203921380794971,0.00015225654186112306,0.015521302818091954,0.0276032232280805,0.002363608858581528,0.03090879989622454,0.00777078207737074,0.015965960944482962,0.008009262800994111,-0.028747419977312415
2021-05-11,-0.008186067344574806,-0.006366937409746977,0.0,-0.0046243122816036685,0.0,0.0,0.0,0.0,-0.006149068019026527,0.0
2021-05-12,-0.012855919141678053,-0.009670576203178956,0.004062765878014917,-0.00011379233591394126,-0.004302614789135698,-0.03945367013901554,0.0009671771015011285,0.006827060011242205,-0.0104409988264523,-0.007442337527662592
2021-05-14,-0.008750946402344235,-0.01039010304843683,-0.020501037244243125,-0.01284785277946104,0.02103834566624064,-0.03836030482252431,-0.032419321117120925,-0.0034493247428064385,-0.001273235308628596,0.009417692023188099
2021-05-17,0.03930782485556817,0.004497867862620485,0.01930693408015857,-0.0019319218311786431,0.0007443267324874421,0.02260486017161702,0.013882165250889594,0.01035217578377993,0.016577589783995917,-0.03310231171445689
2021-05-18,0.013747280836893798,0.00986033310934088,0.031716183782754155,-0.001899513709373085,-0.0018964868790460141,0.01650173905812656,0.008335484349960006,0.01863460120360333,0.012317273309973075,-0.019048237991345342
2021-05-19,-0.007016934446913308,0.0009453325533100968,-0.007281423118176381,0.012140030985968556,-0.00033826992575523184,-0.009193252180943717,0.021256760388312018,0.00553363112522183,-0.005172788238334181,0.004149379647108779
2021-05-20,-0.010464133272172873,-0.0034042197722152522,0.0,-0.002227222099342888,0.0,0.0,0.0,0.0,-0.008291052039504188,0.0
2021-05-21,0.03745859393099882,0.008107797832110108,0.006157233785049779,0.0016807387527342048,-0.0011278680687555921,-0.028382547537365202,0.0215943651617917,0.0009422262562659558,0.01790193553229923,-0.012500150967017893
2021-05-24,0.009682339125763214,0.0014889499301005838,0.00032476100290244886,0.0029220573878889263,-0.003408769733013281,-0.006009175406039693,0.013475015769687543,0.013223065007631884,0.0014750202275935762,0.0026170775606389526
2021-05-25,-0.008091373613662033,0.009505598942629385,0.0,0.003943095714180712,0.0,0.0,0.0,0.0,0.0007070938155468382,0.0
2021-05-26,0.0006402507234514113,0.01740657431899806,0.011761960040705335,0.002633160988156959,0.007009843672146483,-0.012677203145976501,0.03164776806917609,-0.013497380738670567,0.0060964006336564555,0.0870550217193929
2021-05-27,0.011775912322442551,0.011382534354741755,0.004607220583492364,-0.0019272267570490473,-9.761697887914268e-05,0.00767312952817316,-0.011995944882335088,-0.0013284732843406154,0.0023759962804964516,-0.047090650889314904
2021-05-28,0.0013211101714671355,-0.0015473149364054898,0.002309937325263546,-0.011839284386684195,0.0022437907998524636,0.0024656184216590247,0.0004524361508206772,0.013970178385194067,0.006356190262519319,-0.13475192611528733
2021-05-31,0.01090176849189904,-0.00028577828322768755,0.0,0.008407897945006706,0.0,0.0,0.0,0.0,0.00948793489109113,0.0
2021-06-01,-0.0053468157196446915,0.001081824884091205,-0.004998116251485538,0.0004482283642534748,0.010001244683157983,0.012950424273140962,0.008408421291007155,0.02073734696100358,-0.000510320620107419,-0.0005748910285917834
2021-06-02,0.0010338203329785971,-0.007571584421492551,0.01799574700553698,0.006650158442520427,-0.005194838814836156,0.02156538322535627,0.014399435756572055,0.012273655216456564,8.67120656808025e-05,-0.010404736242302419
2021-06-03,0.007751056276226348,0.0017894383177453961,-9.355013117719341e-06,-0.002649749482966372,0.005912513128883638,0.006618221111093798,0.0371779447806366,0.0051736477748395284,0.007301728008600275,-0.08865019175439935
2021-06-04,-0.010074755125671745,0.0003278565069973626,0.008240046601571837,-0.0009108739374040889,-0.0036503389041391524,0.013406207952581585,0.004816503727437141,0.0019485926673865805,-0.0012818385093088212,0.011991281765665043
2021-06-07,0.004297769386315099,0.011010874757525756,0.006573119884446712,-0.0023109111748743963,0.006732128133700251,-0.004439365235170441,-0.002830457690845276,0.0182870652365694,0.0051811361952536165,-0.023485680791643117
2021-06-08,-0.010161812579613969,0.011950385115773688,0.006213044654128546,0.008553097367998903,0.00836336620447483,-0.010705219911681312,0.008467451390839124,5.065354847546049e-05,-0.0007335750962069031,-0.02207882939530252
2021-06-09,-0.008150601865069364,-0.0030745664415335228,-0.012911884140182536,-0.005012539748533215,-0.0023434858154763472,-0.00944753936892032,-0.01672135899300378,-0.0036606220728682467,-0.0066772200430738555,-0.03202405406453257
2021-06-10,0.009457846498654604,0.009360893841935896,-0.0010905664001769745,0.013716767399978465,0.003991902763503398,0.010644847198176013,0.03289126346717054,0.0021072726612899793,0.006527933518834105,0.01680711831638119
2021-06-11,-0.0023881323499577076,0.014978277185077911,0.003983568739773143,0.010435126584425834,-0.0023635099422277678,0.02653821583994536,-0.010424724156533616,0.004066420322786139,0.003906490354253145,-0.061875376663497295
2021-06-14,-0.0027657378863229737,0.0034175471440079305,-0.0011525277873787548,-0.0009995415181696537,0.00036462110760356726,-0.006531550599054727,-0.015347044498506124,0.005059975158171367,0.0007908589968395644,0.04303230700256135
2021-06-15,0.00846600398039626,0.0022489975295993474,0.00012096071152726458,-0.008824477929845177,0.007307813633135151,-0.0004934388509407013,0.013108917064368964,-0.00012437489599873252,0.003623640223476974,-0.0075009291778280395
2021-06-16,-0.006953610544949127,0.002498826710703458,-0.00793047358112916,-0.007495226164596354,0.00582213982107372,-0.028863190163063504,-0.012683372266457401,-0.006083028557636896,-0.006429256198967984,0.017639550512523708
2021-06-17,-0.011438383027404355,0.005695754362523737,-0.013821198140443379,-0.009478048489025746,0.0014464754048690292,-0.023489892156826852,-0.01658836234514345,-0.010104608167173056,-0.004841201776747716,0.02785326467010451
2021-06-18,-0.001370638154252799,-0.005810001008661033,-0.007559624397108323,-0.003628322035796874,0.0028590237967679086,-0.009158451260763987,-0.00839852567857795,-0.019657572139685157,-0.0005132013116724437,-0.03257182378851409
2021-06-21,0.009025084419510342,-0.002766979862323986,-0.0040872988483975576,0.0037242288369282372,0.002489602502449835,0.011138804910566333,0.022999432243119917,0.013560587103060934,0.0040185031994205474,0.017415056577181624
2021-06-22,-0.0036284168823315327,0.005503591519292904,0.013303840715623107,0.0008552648676353196,-0.0021451872461851497,0.0027775592247440578,-0.006844440904220023,0.0025164621579178955,0.0016656491552922152,-0.021477379001491336
2021-06-23,-0.004933779539557536,-0.009335791951385043,0.00454825129270715,-0.0054743535846025195,-0.0030597592555735935,-0.011315112926966242,-0.0035834624636468804,-0.006730383121816653,-0.005454598542621072,0.041852678871521026
2021-06-24,0.007290965899573294,0.02755533682063288,0.0028245659983147744,-0.0035803375182684575,0.0014855674429193246,0.005732500356649833,-0.007639747180595178,-0.013583418522125102,0.006576170313444658,-0.01772278102099725
2021-06-25,0.015319808326103147,0.005580338023914841,0.008285962871307947,0.007250980213052023,-0.0065329764457839464,0.025799245068033567,0.002889757928527693,-0.005889049861898658,0.004416920149496724,-0.12168138652945251
2021-06-28,-0.00014702991588171532,-0.004873111534031716,0.00028954843004632796,0.012572030384454291,0.001329386063310574,0.01271556814783956,0.0004328147606331537,-0.005150786785170914,-0.0028823598351750412,0.0022412959346536786
2021-06-29,-0.009923339135994049,-0.002835280985409592,-0.009159589587206836,0.0057807680455321175,0.004982831001647751,-0.012313729027599776,-0.003611937628770422,-0.0004709223263431709,-0.004197939462444536,-0.030305321027438516
2021-06-30,-0.006824098855593169,0.006250638319798852,-0.0011220116433255218,-0.0014874635151912129,-0.003908644813593999,-0.001963254342041022,-0.004351616808674267,-0.0013485736517625207,-0.0017127578361914226,0.0038387909228639093
2021-07-01,-0.002539738396256146,-0.005669510579526263,0.008206583221952089,0.009290051595239995,0.003918239373888027,-0.0016117707418627154,-0.0033491823488889967,-0.005760039704360313,-0.0026431873739428875,-0.016222838238793506
2021-07-02,0.003623228417656593,0.0001671960595185343,-0.0002058835644794155,0.00601961589685764,-0.0005023828244373925,-0.014965304491123627,0.0052371906918662735,-0.0012414079668499546,0.0026877238189711517,-0.06018663289790589
2021-07-05,0.011485171739891066,-0.001978987716273952,0.0,-7.917851687984796e-05,0.0,0.0,0.0,0.0,0.007107867426692256,0.0
2021-07-06,0.010372825021523665,-0.010458401532283163,-0.011842794968421121,-0.008401494971287699,0.0006017727407546286,0.008279466018976661,0.023516947726492612,0.002128953444952438,-0.0010172694162285671,0.015593223726277876
2021-07-07,0.0053862320600004095,0.0029712110440312904,-0.0006820886051708435,0.0032051142469399756,0.005738454240319304,0.021752146367444988,0.0193690951060714,-0.0016362317927041878,0.003874103121228537,-0.005716609727125705
2021-07-08,-0.013996942283435648,0.0004992588179613356,-0.009186822352595988,-0.012805494203319282,-0.007378896606229122,-0.022177584395161622,-0.0057155471494962605,-0.004904489199846996,-0.009602209739377547,0.1048690222105798
2021-07-09,-0.0057473401216622064,-0.0030238297952347518,-0.003420168367661025,0.0063501420620487685,0.00014639631884740556,0.019743864168015768,0.02348823134885598,-0.004923453790581347,-0.0024254228908178565,-0.04680105681255405
2021-07-12,0.0036130751143963065,-0.004540636656185849,0.0017163645534825917,0.000835293991074436,-0.00021420364586549194,-0.002097596773558637,0.035416209035850195,-0.0017397870613691268,0.00017843152513541638,0.0038565564177800876
2021-07-13,0.01339052699069627,-0.0032507031179158335,0.005693520287942708,0.0060938623405336866,-0.0018356750588605182,0.006260642485031842,0.00381499298744186,0.005292245135598545,0.0076020168050800795,-0.02889696501781072
2021-07-14,-0.00014433356629162938,0.031158832453127314,-0.002852223780147616,0.0032416305245054618,-0.001027979130056844,0.000821117880692256,-0.009498687739403364,-0.0023455286039522423,0.00262743737830436,-0.0023799878688238285
2021-07-15,0.006689352478739536,0.012807984689948686,-0.004010782669623285,-0.0027299796188659394,0.003037806104351219,0.006666416806407583,0.0411612160610413,-0.004530149875789525,0.0044212840314639245,-0.025745564145652544
2021-07-16,-0.0043496233061740466,-0.010751453893631639,0.00023498057257099323,0.011518011321956453,0.0019493372776615808,0.01042266678711911,0.011383882459273582,0.006737746839322265,-5.022699813825734e-05,-0.046714115163105474
2021-07-19,-0.018992298771755557,-0.0046450860613328985,-0.01133604092541376,0.0023784788668699593,-0.0020198365382311876,-0.013717402302228579,0.004267105453279953,-0.0025891967356416277,-0.010796990571541962,0.0795827922093036
2021-07-20,-0.019102767546682747,-0.0003930515375339361,-0.008639781088957986,-0.013084651825023523,0.0013769126903789152,-0.023632397972069973,-0.025622929373948347,-0.010680825127655356,-0.007666291987629491,0.040948148345398165
2021-07-22,0.007579722756507133,0.01787028193020265,0.0013295152388537682,0.006622052612419906,0.0009201212001894147,0.029463609755700962,0.017323113764976673,0.014911690466516156,0.012204454864528006,-0.10527638184436217
2021-07-23,0.010245081370308266,0.0038325308644539735,-0.0033713339609444865,0.001539027923259496,0.008103251120701416,0.0009062361929224465,0.01279810588910365,-0.0049227986773903035,0.0020201963552988087,-0.010993777644384481
2021-07-26,-0.002420556849137775,0.001540899096798,-0.006234198817783226,0.00374013758261695,-0.001968596578494969,0.006256322974968684,-0.009646114471529708,-0.010499101430792709,-0.001994894010794567,0.05701664565742535
2021-07-27,-0.004365827674899823,-0.0015994403965910483,-0.004310004680890898,-0.04422575459800487,-0.003457888230888853,0.014465898912160163,-0.007327952978883281,-0.0095767090557358,-0.004941269190283573,0.060766335935787855
2021-07-28,-0.007631614533839348,0.002058580671030074,-0.009350691428344781,-0.0038523164826955287,-1.2354555326140191e-05,0.012165206647937089,-0.007893040560111468,-0.005476338873724939,-0.0023556712745251398,0.03417866512259258
2021-07-29,0.004582305870820393,0.013833496703056374,-0.004384422384245036,-0.003184527132396158,-0.010236405126016618,0.049015669106408116,0.015975964729657142,-0.0019164612271179784,0.0043858132000563635,-0.05556983523204187
2021-07-30,-0.0030934233256504633,0.0035710078886409123,0.00918266076353611,0.03563182565845854,0.0017169905066394633,-0.006976896129392402,0.002888889543655961,-0.002173557286166509,-0.000976516135808173,-0.011650587590253173
2021-08-02,0.00362655920721171,0.010541339544987555,0.013340503057454612,0.0034359868494372287,0.004098192454979392,0.0018957829233481821,0.0467993438374606,0.015460186607611812,0.007716153904229494,0.0007809628388730247
2021-08-03,0.014229797752244542,0.01170919512735997,0.01550737768854304,0.011873957631399376,0.017147780361310268,-0.000536287806442899,0.0026297076963951315,0.008087710017811564,0.015342653128218075,0.07081267544697477
2021-08-04,0.023040186165160223,-0.006073083009252686,-0.009305807721697677,-0.003659099597293688,-0.009374194770784567,-0.0031721528084341045,-0.01685365496488674,0.001025943942220852,0.007906900379200192,-0.040064702690611895
2021-08-05,-0.005379792992916907,0.007527131195790397,-0.0021394825253467143,-0.0009940290792714139,0.005984940905897162,0.012851319458397032,-0.010986438466892994,0.001403277776487977,0.002199451962862978,-0.02607510870600137
2021-08-06,-0.0007118613872103821,0.0029465685285017637,0.002402963773557606,-0.004285593405563984,-0.0008626932064762729,0.0011905352775486496,-0.009620187188988627,-0.001063140075808049,-0.0034672374282357825,-0.02040888996536875
2021-08-09,0.006116591524970851,0.004389225415008097,-0.0010249653141259855,0.0010980843523520501,0.000602430345906287,-0.01889744126149853,-0.007338828042715983,-0.007188987712383622,0.0012339690711517842,0.0
2021-08-10,0.000142997096882122,0.008626543145432595,-0.007868555507402194,-0.00210424625295693,-0.0042236915410004995,-0.028077206900927996,-0.020432054371527224,-0.007133867816619071,0.0013430068163520583,0.00789896545209964
2021-08-11,-0.006339224730695897,-0.0013694562658464156,-0.0018079194468710745,-0.014708164469102893,-0.003053557803135554,0.03091682187919095,0.0026723138697277507,0.013753411814215698,0.00013207834532344713,0.0
2021-08-12,0.003642256176932723,0.017996221048748342,0.003951534344581256,-0.011124479514874025,0.002632024074997825,0.003637964458363064,0.012000396279008885,0.010169410419836563,0.005032710127087298,-0.027114911049790545
2021-08-13,0.006443266527823694,0.01336049191901444,-0.0002210341008781692,-0.00596124844632163,0.008729122680733047,0.00519509753243306,-0.009208578257703633,0.003971886182190091,0.010014172717061967,0.04890563590975171
2021-08-16,-0.0020715351114119263,-0.0030909183430912254,-0.00883210558192129,-0.00597189393915307,0.003040783996355151,0.014652544685065648,-0.003936232158658617,0.00552416170419468,0.0020519176533692787,0.035542513988021496
2021-08-17,-0.006310395277317982,0.025361764089916885,-4.9561137109126416e-05,0.0054165559796304445,0.014088129089628858,-0.0232942470669594,-0.007022052473719812,-0.0032196422259336316,0.0031074454639570138,-0.003721641135758175
2021-08-18,-0.008763439375228714,0.00102143515249324,-0.0020191867325494374,0.0021413616168457785,0.006906724415368876,-0.008173256237230319,-0.007717080098563391,-0.0019006168004129225,-0.002757400455017452,-0.037998492875727936
2021-08-20,-0.014751899025211708,-0.0029205562654841736,-0.016347718752992766,-0.02593138866515542,0.02247444528745909,-0.06645525345814743,-0.03642026453513964,-0.017231731016742753,-0.007168531033199722,0.08248272121801009
2021-08-23,0.002581138288005195,0.016900639560028522,-0.014804065182500614,-0.0007697999413408922,-0.0027644830458745584,-0.00841246200471666,-0.00995831580050439,-0.0008556600644407569,0.002789286998064274,-0.02381930560817703
2021-08-24,0.01659369230222193,-0.002402731591178121,0.007518369560231622,0.012724719385411363,-0.006691670453523588,0.02860647604012526,0.01809336976149681,0.011844934985854564,0.007738343720985011,-0.03720667373304973
2021-08-25,-0.00353032439674082,0.007230369958320057,-0.002459026802122529,-0.003288020056301131,0.005615514174809619,0.00535772009236048,-0.007867264149958832,0.009906044293815204,0.0006043901504665573,0.023230750528405956
2021-08-26,0.0008791987777640337,-0.0012579120722436988,-0.0046547563191617234,-0.005212243561575315,0.005772866595051083,-0.01274972746000802,0.002673798384402205,0.00544143298675167,0.00013525068417903375,0.0029585792223913014
2021-08-27,0.0002877414171970742,0.007862386412444126,0.0031446648448484956,0.013722273211436703,0.0038405105586301943,0.0161509919376163,0.007316294690684197,0.003888640835614356,0.004096857993577663,-0.009647578751852376
2021-08-30,0.02000327096687959,-0.005862441917590389,0.016611647441239136,0.019438889679702108,0.00848281332626501,0.024351951284096517,0.01916569011142626,0.014990597008688947,0.013429259014094868,-0.006734043713774475
2021-08-31,0.0021149283117989724,0.01342487710924773,0.007657946819002731,0.008558803963650958,0.009646757317997226,0.015252395887895174,0.005833944260728068,0.0022721461897392634,0.011810427696351353,0.08626039872192519
2021-09-01,0.004101356480737578,-0.013388230830123514,0.0009413319057135766,-0.0017373622675819062,0.0029049814875127624,-0.01803694149249693,0.054216932730946986,0.00328943618562543,-0.0032710789243950112,-0.022989579322418952
2021-09-02,0.00700219420361771,0.01656657014010442,-0.0021379277104621374,0.009635817571261102,0.016304846331574585,0.007252031760858103,0.012411952941922043,0.005362206863956483,0.009204293951085803,0.0035174283100127194
2021-09-03,-0.001906425861200215,0.006062801104155665,0.010155325095415795,0.0018760542784462873,-0.0017423285648707893,0.011615768742237194,0.01058591336141704,0.022609658768128482,0.005176808010644206,0.020848579571118218
2021-09-06,-0.004602347060247881,0.014903700958176542,0.004188849018695106,-0.0002831192477865752,-0.0014229495466900703,0.004074337376092435,0.031101533282241734,0.0035549034749503515,0.003123863322045117,0.038453284081304065
2021-09-07,-0.003382162342717743,-0.013182640648613873,-0.0014320711452778848,-0.006526090814357824,0.003002796918692306,-0.005999484730212745,-0.023591230654259165,-0.0035310191705198372,-0.0009039273439216094,-0.013995566213671002
2021-09-08,0.008176293041859111,-0.007844461412295054,-0.005164633505554952,-0.002637693570169281,-0.0006555248373285322,0.002169883385935929,-0.0007128140699065028,0.003347669274437565,-0.0004954320044973781,-0.03343878792701519
2021-09-09,-0.0023144834602495104,0.00357227407612536,0.0012070667621035338,-0.001366880580957947,0.007780706239960563,0.007731239846629873,-0.007395968428347728,0.006815684782356675,0.0009071862729865194,-0.033160024191653883
2021-09-13,-0.005779549908339769,0.009360625412834694,0.0007463920228882282,0.0032884246512235264,0.00035486732862945094,0.012779737670235047,0.006444661783328681,-0.007582455224930897,-0.0008034211637875494,0.006435499850918316
2021-09-14,0.003865419951659175,0.00855713057219703,0.008799891388790422,0.0023551762050190482,-0.003029804917948954,-0.004970066373807697,0.004155048539085218,0.00220356705106688,0.0014221395731308123,-0.03259975856922826
2021-09-15,0.006511889029648277,0.01800437201022363,0.008524174803227893,0.005325497424090514,0.0008632202682959002,0.00834661425000365,0.0015389749449140225,0.014899220851709145,0.007991527890878581,0.010985069927041393
2021-09-16,0.02191026781355924,-0.006193743767288551,0.005274034710636452,0.00023804748337434862,0.01234437443130949,-0.006257718294197917,0.0018907776406539402,0.014627392002713707,0.006261987530756848,0.048339212982922264
2021-09-17,0.0037982126516244888,-0.005760917904107306,0.0,-0.009443102688161757,-0.005102371517779785,-0.024100885574659028,-0.023775117471861246,-0.010234379244023243,-0.002518817158814708,0.055344737427958555
2021-09-20,-0.0177771721694232,-0.006937710685275438,-0.01447909663002981,-0.018129047149474997,0.009047447954813857,-0.06822534360016562,-0.021632314575267427,-0.010839837586417721,-0.01076276621795277,0.1383621390937092
2021-09-21,0.0024240806494395984,0.019193131076394095,-0.004587768891679715,0.012806695573364732,0.010877070928647793,0.025193283454202662,0.03508275447723586,0.005221268799979879,0.009445425055689747,-0.057057480141573594
2021-09-22,-0.00785123053891599,0.009278935603891052,0.012587832913842686,0.0038653399942821256,-0.0027114900744376223,0.014623102248734794,0.08107905519045044,0.008161404360221157,-0.0008744061752431491,-0.0018176731110281581
2021-09-23,0.022139367763012317,0.010771615129981324,0.008553882283407019,0.0032213437341361453,0.0010005480473854003,0.016408655735750757,0.08302516347611598,0.01816031933084395,0.01562383807742847,0.006648595651132477
2021-09-24,0.001550179868676714,0.007747630407252245,0.00539368766257695,-0.0063725868485597385,-0.01108201105171478,-0.021207733571487745,0.01487164472992422,-0.00810836823334775,0.0016958112674268218,0.01909364034457443
2021-09-27,0.008972226858850517,-0.029230572457068386,0.03171893832746949,-0.009312511300445908,-0.009052502490426821,0.001136090023830203,0.02948326832360512,0.013247449152614891,0.00010643971788971012,0.06464928382359961
2021-09-28,-0.005944838211679426,-0.02229363434243175,-0.006448917646431844,0.0010519103185926437,-0.000925078723809661,0.0054624223119615735,-0.030680824526482523,0.019944192085083808,-0.005982542262753364,0.026784967008127044
2021-09-29,-0.005337673580812797,0.0012109373558775007,-0.003788992629161428,0.016331976699556036,-0.005195021913178619,0.02262540208375992,0.011220998116410688,0.018326067210786355,-0.002103719495544819,0.016051667728459604
2021-09-30,-0.008458378060671557,-0.007243555751205405,-0.005368408336038951,0.004263720562391147,-0.0011272779789778364,-0.00887120477428177,0.01460591908521023,-0.00026244938901345306,-0.005273255224157625,-0.023631633364472535
2021-10-01,-0.0053369924560869395,-0.007087936664327452,-0.00014154014313099987,0.008339675479386105,-0.0006817344775443426,0.004897731163382397,-0.015198606404724518,0.006177616615216555,-0.004898963801205104,-0.06686008685684794
2021-10-04,0.009457930991783253,0.009886017853302922,0.00416235519258428,0.015289387075250635,0.0011491011271635345,0.02945313119762511,0.021504103509262244,0.01443434330553592,0.009039488024266832,-0.02768950563746227
2021-10-05,0.004284447548279347,0.011834004971728108,0.0047672007880146215,-0.005018539035345683,-0.00044388684271101485,-0.0012147667951825413,-0.01372883230361662,0.028372842911437803,0.007380358946066971,-0.02051973981877586
2021-10-06,-0.005831649066889259,-0.013268371551073457,-0.01170783182329298,-0.01892507923826643,-0.00645329977266435,-0.030270950702544572,-0.01630873804192399,-0.0045152903658317685,-0.009941397212065623,0.05515778775529097
2021-10-07,0.006154835758757097,0.01774711360137351,0.04299402708974478,0.00690806775206032,0.0014665109590726443,0.005776436784338593,0.059762606215851444,-0.003924319477854779,0.00814702470131476,-0.069900055674465
2021-10-08,0.0005839134145276038,0.019365148317234075,0.004300986538237851,-0.0032603385915382557,-0.005810228294502377,0.0037914234599778413,-0.022306462272153403,0.0041042673522954706,0.005876323303578524,-0.03206815103952979
2021-10-11,0.013633850134250959,-0.03414742234914626,0.026383318065600833,0.00690351447194999,0.00808604951365224,0.014841435834832314,0.017130223951531628,0.010787837670297758,0.0028319423974920437,0.02772707787659139
2021-10-12,0.005928470726043001,-0.008856604663875405,0.008800279733632349,0.0009472251797758453,0.012097240325483306,0.010857566561447839,0.007239208971157019,0.004311541963770867,0.002559973015762186,-0.01502844609691093
2021-10-13,0.0029615211499713166,0.011855301807346891,0.033747630740981596,0.0034256322990736383,0.008312789042437827,0.014526788953217528,-0.002438545155286724,0.013851203673226228,0.00939334195098345,0.01564977129340898
2021-10-14,0.018086646632533378,0.012931253548955397,-0.005889270295807663,0.0033494260744830777,0.0055206773644609795,0.0175220850017231,0.012690265881718229,0.006560556589463713,0.009687709975996201,-0.020709865681742507
2021-10-18,0.008703614309323041,0.015586453606667017,0.0012280280042920692,-0.008896356279661073,0.00450799367580357,0.03812296382540079,0.004717621851216919,0.01532031308496045,0.007524019573498294,0.08563650431709596
2021-10-19,-0.0036428418327369484,0.021795455967534776,-0.0160359213298917,-0.01475746395297576,-0.03244353374279711,-0.024895132262720308,-0.048596409270709434,-0.014541301855299935,-0.0031602962146704853,0.01157413723039534
2021-10-20,-0.0005641641490761123,-0.0070193585729812265,-0.011552805102607429,-0.014495189716021484,-0.01353516225976177,-0.020765504341584924,-0.02184105920247505,-0.01642588540493309,-0.008294933244362599,0.05212725796894341
2021-10-21,0.012872895817674142,-0.0256527001857234,0.005561718353717621,-0.0005220542543053359,-0.008650246988580211,-0.01783471215160135,-0.014160599553456879,-0.00309928079749042,-0.004856682911584848,-0.014855764134552049
2021-10-22,0.0073039446166451305,-0.014555462717139154,-0.01073894126011852,-0.015669092549038744,-0.01226279040436996,-0.03085416780358359,0.025287677667156516,-0.0010661471660104594,-0.0034827257394313984,-0.02753765894478868
2021-10-25,0.021315589354565834,-0.011058343962943428,-0.018158528644020688,-0.0004159235186422476,-0.009921798155809318,-0.001838245916617247,-0.028103718692753313,-0.004966940218181401,0.0005794654054989729,0.0034130507279471404
2021-10-26,0.0011137327244242032,0.004473661668415281,0.019757728898443395,0.0019202055909984324,0.008687610120159651,0.026238875758010188,0.03551842231640501,0.008746745130282004,0.00785852166355233,-0.05006869889641198
2021-10-27,-0.008864698126962799,0.009666553257647596,-0.004998356686366739,0.00880818437033059,0.0030666212008747347,-0.015338320675217463,0.0030086648364032785,-0.007726976059457176,-0.0031497940609639214,0.004764745398427953
2021-10-28,-0.033975563885831575,-0.01676602272491364,-0.011851277401166475,-0.022505135136169106,-0.01911934604877396,-0.03497472091475805,-0.03842640173582566,-0.02529146252057114,-0.019613430387588483,0.06219620388341343
2021-10-29,-0.01000572198754499,-0.01456559036772988,0.003240470665735466,0.007140318210687268,0.0003545902324903582,0.0033939865138323615,0.004421253544553781,-0.014727838415436812,-0.010447905544470225,-0.02716633051233676
2021-11-01,0.016434281237424065,0.025288745186848274,0.010876712244683721,0.012181167141260368,0.011485918503597778,0.030160352325261645,0.03951369188314886,0.011484805203444333,0.014494106171593095,-0.010960625081241729
2021-11-02,0.004383759122792278,-0.003197183687472962,0.008739390257267055,-0.00401175171802742,-0.0012279844267714176,-0.015927363995270206,0.033268458611606336,-0.003528982468640128,-0.002272628736845954,-0.010495741200472638
2021-11-03,-0.013521594396312014,-7.106870678343757e-06,-0.010474526176297884,-0.007524766285742628,-0.006393306133925893,0.009225241817541174,0.019204772032340906,0.0028884412068473373,-0.003345641269055336,-0.05605567065109845
2021-11-04,0.004346822832082502,0.004457401374632302,0.014679607940804059,0.004303736682555018,0.008822037082129024,0.0004388505546035937,0.002374841831282746,0.004019318294016248,0.0049013449265533065,-0.02384047483612514
2021-11-08,-0.0034285198670181184,0.012602050237274629,0.0065430684963006065,-0.006975000418236687,0.00988759861423707,0.014375072807388346,0.013682065550230698,0.014929936983240022,0.008434037348294714,0.03677573349851891
2021-11-09,-0.001762533721876638,0.0009148370746355587,0.01029395729274897,0.0019798235543546545,-0.0033436278092420038,-0.0032663372515320584,0.000989518997987924,0.002732407316902363,-0.0013458266538282125,-0.02102737653037977
2021-11-10,-0.008816024624720753,-0.0025763183009528947,0.00533159332611901,0.002346140649757129,-0.0012043523047242826,-0.017711802002144457,-0.013668551935360361,0.001540203727753685,-0.0015002606334366785,0.01918966164895819
2021-11-11,-0.011937024293031558,-0.0039070987267846346,-0.011820216908977426,-0.014007200124298529,-0.009677360671868787,0.0036238447151588256,-0.023608599673323214,-0.006114447704638512,-0.00800207185820445,0.0024495367860043896
2021-11-12,0.004480442271280272,0.020820955504699097,0.0013976027989758867,0.004135729377763786,0.009559114327254443,0.00836138941432001,0.01638249702599032,0.013078119595029464,0.012739118453093435,-0.07161755069660453
2021-11-15,-0.0008006735932562638,0.0036539706013505365,-0.0016114809163336832,0.014393503652581454,0.009350262999591198,-0.018392201813667103,0.0022007366459044298,0.0024567297884037654,0.00036999789965571825,0.01629231186790885
2021-11-16,-0.010265081482217643,0.004885787655522982,0.02448041317439126,-0.012641860672384875,-0.006735046846613706,-0.0067703214926726025,-0.0013749487175824882,-0.013448685747807231,-0.006106589273008452,-0.017607266542163803
2021-11-17,-0.00695627288204577,0.0004638168586361609,0.007030242347035003,-0.012902797303664735,-3.073812603706779e-05,-0.0032722395034885097,-0.01655520107997281,-0.004468165715537223,-0.005601956226916921,-0.014579467773133951
2021-11-18,-0.0017180595861399685,-0.017997385409357657,-0.026407205313507275,-0.010367833769298116,-0.003773741370341881,-0.02623880429431702,-0.017403194651508816,-0.0018286263355476215,-0.007506297537132803,-0.008042931344956783
2021-11-22,-0.0225679441739628,-0.014773823152861782,-0.031800752295672585,-0.017664468683731394,-0.013335186156261102,-0.0004241030329576341,-0.042254381992742104,-0.028823595637523444,-0.01979806684873854,0.1646700954505149
2021-11-23,0.0038708291576505425,0.0007170476085082198,0.006651979682611835,0.018298460292467403,0.0054205927029762095,0.03244701347205542,0.0213503239237791,0.020069014383034812,0.004971320417088634,0.028139165946972546
2021-11-24,0.0045279061968597975,-0.015273277901767085,-0.012901869286458804,-0.006086005429649149,-0.00995345200029792,0.0003927868143866931,-0.0006784773732965522,0.0026717022687670214,-0.005057449101021469,-0.05240379176649593
2021-11-25,-0.0020639900408787257,0.009506735514584346,-0.005417461839714208,0.011744545880397432,0.0021337781305042747,0.003812361369714546,0.019302442937663384,0.023741219044847574,0.006935347288237329,-0.02606785823702551
2021-11-26,-0.03650072323859528,-0.01985867928455305,-0.04436976563109928,0.016854878147280813,-0.018800994837602364,-0.05486521225307764,-0.06462734359738127,-0.03653517659638137,-0.029502195657113865,0.22194232244773063
2021-11-29,-0.0013625008448574375,0.007617002133656176,-0.005166789783207942,-0.010806805471277735,-0.005938068388558876,-0.0035846853937396136,-0.016779566471167035,-0.012812247056721411,0.0016138312478338214,0.0014413015826949588
2021-11-30,-0.007845468742024209,0.004948911973595068,-0.009442720942977507,0.0010252055116841835,0.0016623256272857605,-0.01960772407712656,0.006171589147199679,-0.009970575576697479,-0.0041572285072535705,0.016190837140459494
2021-12-01,0.0185849301507841,0.01093341292085141,0.014474810885152675,-0.016285253050956756,0.0018946503757039542,0.02290125561986835,0.01435501930559153,0.012511592591155165,0.010758559762450211,-0.0847379794605113
2021-12-02,0.0039342202622614396,0.02036342519428063,0.01063284031105212,0.008511475267828627,0.011539541071648932,0.015446877202708882,0.005443586440323727,0.01634281927340953,0.013581917861660867,-0.07248780144799924
2021-12-03,-0.008557911480964473,-0.008604924950782201,-0.007792558934951762,-0.008381295746307358,-0.01046557690494512,-0.0023431288822042115,-0.0021134578731747495,-0.009978703265968338,-0.011847592241934006,0.019705103996133032
2021-12-06,-0.012824533074342503,-0.027392841793448745,-0.018612669301473588,-0.018892187393892014,-0.018198845285737203,-0.012033390760829198,-0.013796096026756344,-0.015505446165042285,-0.016679248094838027,0.08465987918576204
2021-12-07,0.024395020841994974,0.011201623237834838,0.015851358361515435,0.0031861567974797236,0.009567937534169997,0.03078138143760607,0.02212325608657216,0.01180748638488097,0.015515557382479443,-0.08411811154452163
2021-12-08,0.018032228482851565,0.019282837239480693,0.022852432044133213,0.014961919251164288,0.012937775871351979,0.018116923647097653,0.017038501516043164,0.008178816462789687,0.016917044993306308,-0.06663526081462809
2021-12-09,-0.005439201163381493,-0.0003532201606027924,0.0046269241595534635,0.0011569124257291208,0.01428149268094855,0.006218431800636094,-0.0027539978490268608,0.0019456464711528755,0.002692438725331353,-0.03956820032227814
2021-12-10,0.0006254234567475055,-0.00018779746880734425,0.0019242065014738001,-0.00024545230738022073,-0.00031672905975702184,0.005155626931239538,0.022882124508849532,0.0009243914553404908,-0.00031682107730694167,-0.03307104307788523
2021-12-13,-0.004873664714004366,0.003082346764956783,-0.0029736648121186414,-0.0009821213446152284,-0.00962999327599312,-0.0028491481750257904,-0.013568728563932956,-0.010839593326579643,-0.0082026046847206,0.03126213775638764
2021-12-14,-0.0008480489588950047,0.001441379729401773,-0.006812231758446668,0.010589239958886255,-0.004795515867811026,0.004244188451440118,-0.006264727012858809,0.007909612561458935,-0.0024990311601760175,0.02267406581653176
2021-12-15,-0.0028336279667120308,-0.010171380394335567,0.004895840421124678,-0.004714325279908499,-0.005806892818053466,-0.011126059918689086,-0.019033100187983983,-0.007549428765254375,-0.005991976410169169,0.015803580287064228
2021-12-16,-0.006569727919547287,0.011769712346248018,-0.007304867099974086,-0.008801122250512574,-0.0048292390523531105,-0.0012409679641901723,-0.008442285733346872,-0.0004550748485384327,0.0015665890089298405,-0.07975237389032076
2021-12-17,-0.025774849004950525,0.013394231728472131,-0.024704795439574725,-0.012240841665740366,-0.021888111278148586,-0.021736569042086474,-0.0400526723898487,-0.018262740063719467,-0.015377077556357827,0.027297013535782136
2021-12-20,-0.03365490790407651,-0.02016069922031336,-0.02593118467630322,-0.003501781862126563,-0.009744662288304255,-0.03856647625564132,-0.05019364590754486,-0.03057828638249813,-0.022084626281366433,0.14924264898037176
2021-12-21,0.004866153862142586,0.01959433996325143,0.007525511379397744,0.007435580368676005,0.006963499498607855,0.028989705115367668,0.015998628025588373,0.011498871928901347,0.009384532645495392,-0.07837470860995527
2021-12-22,0.012110011961913006,0.009834858128323104,0.015958497448930114,0.019743105588489462,0.004633301870866271,0.017632951494731958,0.029034098163057832,0.01133943306498367,0.010947032985081793,-0.05628689403499346
2021-12-23,0.0046039647802835,0.01005235291263651,0.007342108351484499,0.007119704392577127,0.01332118845250214,-0.00021740699524086708,0.022862339402591126,0.012732841780632834,0.006885546336514033,-0.04629027603224292
2021-12-24,-0.009539151071689412,0.009720306878529296,-0.01033175534231162,-0.011295182872352233,-0.002201403313238421,-0.004939753028118498,-0.014869053592049023,-0.012354316696448516,-0.0040409083631890875,0.02001315697490771
2021-12-27,0.005745567869400785,0.0068862383994391764,0.0019659489965963783,0.016095135767654232,-0.0008225673987137963,-0.0005918695299692627,0.004807237442946746,-0.0012137414236431895,0.004840138519222991,0.05832739368598853
2021-12-28,0.0035847662296057477,0.009674434985039934,0.013274024568778122,0.009148297606893618,0.0075440060913548245,0.00893174751332718,0.00789201976353892,0.011245661114680443,0.008566610759914585,-0.03809992302983391
2021-12-29,-0.003941386975472989,-0.0021701610018270774,0.004228882513425058,0.016966229409023783,-0.0036122825160668465,-0.010554426196637566,-0.0007243129503831012,-0.0031276123740137216,-0.00114091088034896,-0.01467017606458078
2021-12-30,0.0005192867212277838,0.00998669734436362,-0.006847256650324773,0.004438373766070782,0.0012671112159162196,-0.011727900098886482,-0.009777447809083082,-0.011494484652738578,-0.0005607831589689821,0.02011649238128118
2021-12-31,0.01185336503081422,0.0010922979645746989,0.016711194534796626,0.006171008881029541,0.013510264944061566,0.01921731388051677,0.012052068567182982,0.0064963631414623,0.008686990360265219,-0.021348806667099693
2022-01-03,0.02615323732866786,0.010864245794688303,0.01611261444152876,-0.0046935263409047115,0.0006943197815705952,0.019077085715745967,0.011296074250867793,0.009555703828604488,0.015532066331647875,0.014080517236673742
2022-01-04,0.011417960887834356,0.006290867557605546,0.0022333649575728945,-0.008210124603860312,0.005153440695480513,-0.003782842820132428,-0.0053240755479804355,0.022549814145195912,0.01013533773365083,-0.02026473445057181
2022-01-05,0.02296311067640673,-0.019532610447592653,0.01048838938908446,-0.0029101342732650395,0.0029215647803252863,0.013692500645435214,0.011939539174699011,0.006297977211604539,0.006716975758933995,0.06659123483190406
2022-01-06,-0.005470458267925107,-0.0156662807531284,0.005293842244567909,-0.006276840381781899,-0.007637692279118526,-0.004964653978218196,-0.014818114047849499,-0.0062872799534537975,-0.01005580805311726,0.04260797961186022
2022-01-07,0.006629160386206079,0.0034367344643352424,-0.0022735136410171044,-0.003910657719948806,0.006410380861541778,0.005087830214190601,0.0003088041597683608,0.008822511480587313,0.0037571168401497185,-0.02136107986534823
2022-01-10,0.015989724477208898,0.00189510765362214,0.018497741367997794,7.215814079782496e-05,0.003153698797679819,0.005954200211702223,0.019063743200329518,0.005694676061740263,0.010643475643964555,0.0045351507520485805
2022-01-11,0.002456095909850343,0.010238622070295661,-0.0019145923526364065,-0.0003392026416610881,-0.0035380587474002794,-0.019145835433401398,0.005638960251508024,0.012195360453196653,0.0029090757855369247,0.004514675980943794
2022-01-12,0.007395443538689877,-1.8112082525204537e-05,0.01437394512120975,-0.0014843864075044998,0.0037722990448768668,0.013218003615736157,0.018898513058240054,0.02112648607644479,0.008635720331115329,-0.033202816131972436
2022-01-13,-0.006673832632993338,5.82812849244831e-05,0.003450193067449982,0.015596612404243293,0.002478984821572035,0.03419321245135339,-0.007218868261866041,0.012233256147073494,0.002492514833041471,-0.028337169211836752
2022-01-14,-0.0025911384800170797,0.005678450672909412,-0.0036949946517058755,-0.006210911697929911,-0.007147286966071524,-0.0019312500313981645,0.011446776546430634,0.002024693165895707,-0.00011232987251458901,-0.008418648400448625
2022-01-17,-0.004028174886185262,-0.0005642621737667041,0.02025210855813803,-0.007309599159995488,0.004561677170804029,0.0028912076947526615,0.012674381614748419,0.012652937080675188,0.0028634646353713476,0.012601486424441654
2022-01-18,-0.00015302881310933595,-0.018550072426377576,-0.024064193569350176,-0.011963153417966135,-0.012869082876344544,-0.022889208159606836,-0.02640640714101936,-0.00515734429480933,-0.010710847446216868,0.05848266557304154
2022-01-19,-0.004431315215625131,-0.021495154571652197,0.007100532985443107,-0.001088331073029482,-0.010635468419677196,0.007952482419010152,-0.0014932062086861267,0.009493824197043085,-0.009689027834056424,0.002247136212458137
2022-01-20,-0.0050203475002711835,-0.016756338468113814,-0.008442077323915402,-0.016788894413205854,-0.011519647363420654,0.005166648160741789,0.002288659971952077,-0.0009433426197616196,-0.010163883876396832,-0.0016848517764236654
2022-01-21,-0.007333132999949593,-0.016711730730102948,-0.001853553476917204,-0.015870509233129618,0.0035785127804771307,-0.019324122917297463,-0.02383814278763937,-0.00851454558559299,-0.00790692279190989,0.0599960960618139
2022-01-24,-0.0168209523922673,-0.034796570723512756,-0.026339029556802413,-0.018631242465651364,-0.023959798054874998,-0.0537112229521709,-0.06085367743338798,-0.02548988431926365,-0.02692721026213864,0.1894428079972871
2022-01-25,0.020339789962539868,-0.0032835899536339465,0.022960135744504624,0.007167335722136952,0.01220906598685059,0.011865548992474264,0.01801076501191623,0.011849573429579702,0.0074854055398087425,-0.0665554145333706
2022-01-27,0.007275895001456312,-0.036153930239010146,0.00336588612720529,-0.018828560760095942,-0.01150124026798397,-0.007181408810068507,-0.018227158178474003,-0.006470060739669612,-0.009759199363728934,-0.013669829334307902
2022-01-28,-0.007736177510298857,0.01119617314435152,-0.005916236623276394,0.010464241251726172,0.006139571311733763,0.0036931851388280266,0.007652934775714628,0.004874689752037618,-0.0004794310858279706,-0.01771647620389604
2022-01-31,0.007558444366477401,0.028326038553925514,0.01811495080632864,0.015048325913031626,0.007678713777024286,0.0013529670924411826,0.030872535788517085,0.01236195169493263,0.01381485185545943,0.0586334371509402
2022-02-01,0.013863739199237906,0.015587987394014588,-0.007495909134906717,0.022328656913590084,0.019458606032463716,0.04395472142881397,0.01733967264561163,-0.0038297783831727455,0.013575374822651254,-0.0940354239699289
2022-02-02,0.021199257148980553,0.011722990552369465,0.0014023084432327603,0.012252612212843333,0.010638704469079057,0.010487924305556442,0.013920879475765228,0.004429983690156377,0.01149155699474709,-0.06888562467362902
2022-02-03,-0.008182271121833477,-0.02066397270320176,0.004374722688343598,-0.0019111955012753184,-0.0030460453230272753,-0.0031365811539538786,-0.017508603116847817,-0.010859202247820233,-0.01243929691182117,0.02697863894315365
2022-02-04,-0.005672224190906051,0.0006644371601422834,-0.010566333142330275,-0.0027428462400092483,0.001099003520735394,0.011716002529233481,-0.028012414440538407,-0.001205744585394692,-0.002503012582150695,-0.01366286269682396
2022-02-07,-0.02067940590792808,-0.01316640727479353,-0.013353613049417724,-0.014732082284085235,-0.0200199418264931,-8.577432779631366e-05,-0.01115075508358826,0.0050823640295881494,-0.017432174227495423,0.07833188958155379
2022-02-08,0.0008681581966032825,-0.002883866048835683,0.0019748445801066033,0.004696874340269129,2.7199450062839707e-05,0.007962740032352901,-0.008472380896253002,-0.013141342418088047,0.003082940476216172,-0.037890884332560125
2022-02-09,0.015183214554557787,0.013287037751130024,0.02166689047401137,0.009298575928607382,0.0023608747545996985,0.018448139914170814,0.005906057436082075,0.0005487769250396322,0.0113475249468573,-0.05859420854760869
2022-02-10,0.010324590037426515,0.010197031250440133,-0.0005224401628177915,0.0031453103357786377,0.0035132022860299844,0.012362730109235194,0.008953400574742629,0.006959439409785071,0.00810099920504003,-0.046879298484159324
2022-02-11,-0.012736210494940234,-0.027620468392787447,-0.010431891549176113,-0.00757653409331438,-0.008442266526408487,-0.005900812127408376,-0.020042481989657388,-0.005518481464574551,-0.013213208134273142,0.05332404903849114
2022-02-14,-0.0426629193614856,-0.014603381110990675,-0.03934744125544064,-0.019292510146381277,-0.02793926927093585,-0.0519242920585842,-0.05439208196539749,-0.026829478993226408,-0.031094690696753635,0.20717080336278962
2022-02-15,0.03360925027984842,0.03002385897241093,0.03929545417612022,0.007873301604918639,0.021566710131312446,0.02187816953155736,0.02995386249262167,0.01922833278368483,0.02981034961442144,-0.10884782798381125
2022-02-16,-0.005682839948649218,-0.0031944705696928155,-0.003694359363973429,0.005092925559101469,0.000604964294211571,-0.005721597220111594,0.01125213324882507,0.0011956679217791032,-0.001744791023833279,-0.0009708960662332925
2022-02-17,-0.011185142523866709,-0.0048346062684288624,-0.0014651061812517234,-0.0075290898481014815,0.0030383563824072615,-0.00323121551830339,-0.0024162023527263747,0.014852493907185479,-0.001016531212017758,0.06669137748688862
2022-02-18,0.0017968877506444516,-0.004369396717721713,-0.006319443783385184,-0.008713710863096703,-0.0019980737986237144,-0.002592510872044887,-0.01261499993505122,-0.0088136861043772,-0.0016366742405402451,0.007243121132171479
2022-02-21,0.002296724577552387,-0.00032052083039468555,-0.005166411042406466,-0.013636512859597046,-0.008209194439420864,-0.020888413702312845,-0.013678890593900353,-0.015038693736382726,-0.004039705592356217,0.0323968668325924
2022-02-22,-0.008365739310007508,-0.00998527258723516,-0.0016340097110966942,-0.005803528357095652,-0.008891527543547634,-0.011204227866867337,-0.02955878846074587,-0.00033308466767404673,-0.00667378632095619,0.15202741512495863
2022-02-23,0.0005457884272746232,-0.0004469267166105107,-0.0021489619067915507,0.00168138352750087,0.001483019634825834,0.002320435181301872,0.031025298757780706,-6.619379192742709e-05,-0.0016951453630000418,-0.08285983243676842
2022-02-24,-0.05961407892079611,-0.04700381167863502,-0.06467815854848101,-0.03738798863324482,-0.033906822199702646,-0.05407564143237958,-0.07439413838763903,-0.05253174418369624,-0.04896026903082192,0.2648062165014297
2022-02-25,0.033569156974585776,0.028144256525027576,0.026553401759791116,0.031479040085179544,0.015919818080121922,0.05582139214891627,0.05205196220331921,0.02848509552501273,0.024947858168202962,-0.1789501299774801
2022-02-28,-0.0062077318136890556,0.011018409023084715,-0.006884399788678234,0.002148877377966163,0.006294445594818138,0.04831797140995331,0.006090908711788816,0.02600418102705287,0.008101131335537446,0.06619664244672818
2022-03-02,-0.023262296174070198,-0.0037843948602910445,-0.030028953880887235,-0.018585725776620092,-0.00425930506194173,0.039868843626721794,-0.011871271627288378,0.01266314354854248,-0.011254730666993663,0.022838357901410904
2022-03-03,-0.01218782809600328,0.012094442557438086,-0.023058123585508003,-0.003615782779112221,-0.009799106810292519,0.011913982564413334,-0.005231049417552556,0.018089382115383384,-0.006518778370608893,-0.03729303759116865
2022-03-04,-0.01547203625402741,0.0013877860604102172,-0.036163652895022165,-0.0034542722838279837,-0.011249632653663381,-0.032751462394255255,-0.029690483234550622,-0.019285039698860702,-0.015435549523985674,-0.00712764124981114
2022-03-07,-0.045684955974205715,-0.0012237911016574157,-0.04296455141147642,-0.0042391427263186,-0.028423911606782638,0.02074780335457499,-0.05630426156792014,-0.011653360726187868,-0.023807855961420165,0.047835995766707586
2022-03-08,0.008688645189558955,0.02658439780264202,0.008355922966929505,0.023473315463267492,0.010328994150946213,-0.01491641542559909,0.031998776100325955,0.0008836455155849889,0.009430172336242727,-0.025553868716806694
2022-03-09,0.019630693424052787,0.010922698395287988,0.028090202885471198,0.01655377255343186,0.014017569699265467,-0.0034299749778530773,0.030051924946025974,0.009452056019285292,0.020514423015661167,-0.03996253656034146
2022-03-10,0.0193340940253629,-0.0011702266205095902,0.0188402543572294,0.0013620755479878796,0.029804906598814924,0.022542214248584547,0.02207752949146345,0.014512495765873754,0.015152013456311012,-0.07128368194285183
2022-03-11,0.0020471570737269113,-0.0014248457682244883,-0.003965134983714083,0.024321306818011628,0.002343071906935534,0.004549815066179127,0.004659840545514574,0.007533026712071231,0.0021398626113986923,-0.009032048082826807
2022-03-14,0.021928078497205673,0.01903481946245483,0.009434557801287121,-0.003521351233527644,-0.0006811506530097937,-0.004695946791668465,-0.016996247597211748,-0.00458972894251022,0.014378694372337426,0.012933745620245015
2022-03-15,-0.00823208715564856,-0.026156494368610415,0.005642015313128536,-0.0024784303529664276,0.0016999256119959397,-0.04158441759173502,-0.0029598079119578504,-0.0220104873940935,-0.012423307208470636,0.04007402231981039
2022-03-16,0.020506383369126257,0.017840913013370038,0.02136652132255746,0.004169613185754764,0.017342524607531558,0.025987215986475097,0.03575338739627555,0.017742620456239446,0.018571576221107083,-0.1027451063722908
2022-03-17,0.01885151426673634,-0.0024111811270534213,0.021591139350060747,0.01274506858828993,0.013937357676059714,0.019282953392332373,0.030865284987444327,0.020803886489870416,0.01819544269851146,-0.06464909336843211
2022-03-21,-0.011320157355513304,-0.007486559981381806,-0.012138389082791067,0.0002583445334242478,-0.01736859367354986,0.014855679229250572,-0.007012872009562723,-0.01465550741119858,-0.009850560325581039,0.08516684155913254
2022-03-22,0.009121637271411787,0.01939085746241509,0.011845266571460221,-0.002690007704262842,-0.007282483077037524,0.007515893897306922,-0.010104498093842038,0.01681478876550277,0.011494902983443505,-0.02259291572746986
2022-03-23,-0.005550715848474638,0.00032017711037513085,-0.01040590976045612,0.004172395788986054,-0.002712150641360783,0.011985697575308754,-0.0035042557110751818,0.008256598886448118,-0.004042093720190609,0.027859249898396863
2022-03-24,-0.017307837810868528,0.011976933403135557,-0.004890809716870557,0.011346846747345896,0.00020386033847691998,0.015235037177868076,0.004970104520678804,0.00854189471765135,-0.0013287761390126268,-0.033692574341564
2022-03-25,-0.003298623404219635,-0.010030467453149283,-0.005609997864760102,-0.008594530432056777,-0.00769490135214391,0.0003077301753567751,0.012095553296553721,0.0017221581040436538,-0.004058098847076208,-0.0211156491284297
2022-03-28,0.00844761693214971,-0.0034982824079710334,0.006493094663055286,-0.0032978284763965607,0.003840830665502439,0.009066144764195498,0.0041104454164989585,0.006010879920722354,0.004014550846285441,-0.03562495226006572
2022-03-29,0.00382616854299595,0.0033447318094243627,-0.0005134512046887033,0.015303808284120493,-0.0005413994568242919,0.001896270201731357,0.009708800724423237,-0.003830112577004802,0.00598026976240216,-0.05968527638801466
2022-03-30,0.013491272531405238,0.008726111531624677,0.012014457470232977,-0.0018752617517122472,0.0061008985868710045,-0.021984132421908796,0.015146052997618053,-0.001304445096100161,0.009932969892759297,-0.03293061237991711
2022-03-31,0.0010810720674924797,-0.004021716175222505,0.000943311043318881,-0.011818782095736365,0.011906552657924032,-0.0008169521666631015,0.0025920344944752424,-0.0013235454895660693,-0.001916312115762529,-0.0024290099053089972
2022-04-01,0.02108004024108571,0.0007211396748850269,0.011752954393343713,-0.00030917528960760045,0.011627501629078678,0.008294042287520868,0.023452733133923313,0.02419943440606059,0.01170914487476482,-0.10936762637102473
2022-04-04,0.039240409022768846,0.0027340328125372475,0.011824706309960346,0.015298515990916632,0.012979242109191422,0.019705131019293613,0.003365956968464335,0.014504293074981247,0.0214403456403388,-0.028620580687457434
2022-04-05,-0.014792359567440634,0.0006488142437822155,0.012203303001322191,0.0014493543852778664,0.012426607084058882,0.005186282298543853,-0.0026286751187187965,0.011470432315249666,-0.005331746328175393,0.03187082546743424
2022-04-06,-0.011495365231375872,-0.01645231512486395,-0.0027193889092761788,-0.0036854624671026244,-0.001804817096176804,0.013395381967773401,-0.0025300070036176608,0.011768151077583723,-0.008374145812508964,0.02826104816438356
2022-04-07,-0.0020069149947807424,-0.012574724129420227,-0.007925445638340762,0.004101763368161967,-0.0007238590453278606,-0.016729034731959302,0.0003165930976491772,-0.017141549605200933,-0.009484577848941177,-0.0010521020182940976
2022-04-08,0.0051707199546353055,-0.0008133781005474242,0.006778714363886198,0.001706802400953687,0.020056170995308906,0.020518251431051585,0.0013707892530873673,0.01862008483196883,0.008175250776633796,-0.07143944080494385
2022-04-11,-0.003668817038860222,-0.014185707093648947,-0.0011204971360950706,-5.419770392184583e-05,-0.0022570459069107267,0.0028602317390828366,0.01121194973328652,0.02592350949132988,-0.006170496392137639,0.03226085708390129
2022-04-12,0.003545573817275385,-0.014908842511380135,-0.008610660717716082,-0.006757877164282414,-0.008004794596562803,-0.027785058858322696,-0.028001195115108783,-0.006259951423054976,-0.008217481851263662,-0.006039030674667616
2022-04-13,-0.007552126680072597,-0.0007186868719803648,-0.008423708810660138,0.002042316406578876,0.006831094539952342,0.005712679869600848,-0.00537231326973602,0.004787275098764383,-0.0031223510971550208,-0.020584811629955645
2022-04-18,-0.019797799623324955,-0.0469216471698859,0.004425495481251516,-0.004034206624575473,0.006022537080751914,0.0033067637330831557,-0.012794262737756506,0.008107164586699123,-0.017432250630348714,0.08353894477412993
2022-04-19,-0.010603516236041185,-0.030221790495664896,-0.012228064764535258,-0.014306514031085599,-0.028637392127106802,-0.01072822907230759,-0.02497095437871468,0.0006207926292830312,-0.012598203971631295,0.021990162422080402
2022-04-20,-0.0007350598034777446,0.0115417043649567,0.021763012342132303,0.010168184133819093,0.010269243479633585,-0.0033348189029592927,0.005467265405417354,0.008746522974566318,0.010435603778864927,-0.05724769869690801
2022-04-21,0.013707155543572914,0.013528004986350407,0.022048101607739828,0.011691400561594614,0.007476662822525126,0.002148374296612197,0.01117574628753863,0.01161897883741331,0.014831150992767859,-0.04491443204357629
2022-04-22,-0.021173994526368915,-0.005685907906628326,-0.00564224652005547,-0.01836047515015678,-0.006081969673103141,-0.019914851622980012,-0.013961418561933251,-0.005124026998599331,-0.012767612798961313,0.027626065692619203
2022-04-25,0.001042659441208551,-0.02127840231448252,-0.01017572410975432,-0.02033074673984187,-0.01622740910747685,-0.028960610448311008,-0.03832846706740618,-0.025339456456334033,-0.012776394201003337,0.1471977883905255
2022-04-26,0.008896781426584958,0.0030212247609531476,0.027578453290730377,0.011020674577658082,0.018640086329074677,0.012712973876303687,0.035087308137181354,0.026203046361208765,0.014455140840464372,-0.10243804583004155
2022-04-27,-0.01038061827010345,-0.007746661088837714,-0.005620989369094928,-0.006413604333344496,-0.00615089437593111,-0.002417414608148511,-0.0030270915681448016,-0.013059516937236205,-0.00948629657994312,0.07138708666710403
2022-04-28,0.010858425660384568,0.010077444887471003,0.002970817336296986,0.009080390775384861,0.02170405750678874,0.006441248954441812,0.008497408769635268,0.018012183528871715,0.012055547873445796,-0.06153486135818561
2022-04-29,-0.009213943063895672,-0.00918999708001551,-0.010233536169645377,-0.0012730942116408247,-0.006681132842992375,-0.005532075302504941,-0.011984252894615875,-0.015682044436084064,-0.008297570200330234,0.002061903633284065
2022-05-02,0.002092638787834918,-0.015411087474892733,-0.012699777199091015,-0.0001931136771616966,0.002121923350953889,0.005642121322418629,0.0021385841770613753,-0.0007171869688371103,-0.0019578324241160947,0.043331745789435355
2022-05-04,-0.025178968843346708,-0.011115317858957885,-0.025678151041892305,-0.02645715208928777,-0.01748234052338284,-0.03267436681922209,-0.03326595408860254,-0.013113342188050903,-0.023203310190181764,0.0759377266163499
2022-05-05,-0.0008993122779307223,0.02050143667061183,0.004184105183931474,-0.007680755554953596,-0.0056977475983000835,0.006159441782207803,-0.016289061489403386,0.0029564712033174037,0.00030280236440618743,-0.07544474023777238
2022-05-06,-0.01837962861109129,-0.02294479487719916,-0.017645451532553664,-0.014526307646753124,-0.0034477090120565517,-0.021301361028334166,-0.036210170445415406,0.0019108406684455906,-0.016402205362178027,0.046228696410606625
2022-05-09,-0.009171434963001835,0.00045080367386587895,-0.0033282840165594686,-0.0028040735612139597,-0.014789924022463699,-0.020519039350729296,-0.012822223878587074,-0.02750165500293162,-0.0066885009232451696,0.03604829661248218
2022-05-10,0.006028360155575292,-0.01000986317562665,-0.0010545745345432068,-0.014869504208750571,0.004885640199852214,-0.0533873075502246,-0.02984921769718717,-0.03652746545434776,-0.003798172823006312,0.01218145227063302
2022-05-11,0.006086033206013531,-0.012465939125670313,-0.009117615760324235,-0.0030730318043847922,-0.0068913954142194155,5.3213469572407894e-05,0.007260731310450368,-0.0043980873687797534,-0.004502112641840228,0.022173858244596823
2022-05-12,-0.034037634638871425,-0.009811635952861221,-0.020743940612432437,-0.010663751600622258,-0.011982787401216166,-0.03766250954879335,-0.021682835674557498,-0.028575874198909043,-0.022462147872579268,0.062480536101668746
2022-05-13,-0.012326523322621099,-0.004445821495686129,0.024106102415488502,0.016369026167502052,0.018203442420378014,-0.02101774474361505,-0.002727419773260293,-0.014549826818750985,-0.0016365617019766783,-0.03266624967278413
2022-05-16,0.014276594862845033,-0.00749980808753861,0.02248278074941003,-0.001683985697753735,-0.003466513902111507,0.008788661577631222,0.02580536705580501,0.012146005277776652,0.003803986233609079,0.04332209733544632
2022-05-17,0.020746029282794207,0.027348877775489583,0.02430989311241395,0.010862227809452707,0.020444112364057302,0.06631575647599514,0.019330367403271792,0.030645246847970525,0.025981475212963467,-0.07577140800524321
2022-05-18,-0.004037093656067744,-0.004678585235705807,-0.00015583396151213057,0.01058245047986039,0.012457172853305377,-0.003235286542067803,-0.0176840834842892,-0.0053419575781311,-0.0011692453072036017,-0.019538834003684707
2022-05-19,-0.0251363894711668,-0.05908112859951811,-0.027078729850177174,-0.022031798888799328,-0.0065655380142111645,-0.041614592908186906,-0.02641176036511886,-0.018221329583771935,-0.026891070897403772,0.09653243728038349
2022-05-20,0.028429798939993343,0.015304398587292621,0.02755063256338998,0.03621092742816037,0.021129010974327747,0.04115904681925646,0.04123241353546122,0.022718141178056598,0.02848156086057151,-0.061286447492335736
2022-05-23,-0.0008405000169867097,0.010019330309325473,0.01821225180326815,-0.013585401864760016,-0.0009227121088962529,-0.08495279309766907,-0.010653732728224294,-0.014537604438899636,-0.0031680351601504043,0.0129033720199418
2022-05-24,0.0012415749030434367,-0.019017867636093547,9.892354325135078e-05,-0.015449440032511554,-0.01306705532856452,-0.011763881918196847,-0.01217050485656709,-0.008782534145657704,-0.005538061057189644,0.09141760218627543
2022-05-25,0.0014382164318134708,-0.034421997326427034,-0.00947230083458056,-0.011709852042909443,-0.0021043054658342088,-0.019699319053778773,-0.029250144337311434,-0.0017905915559095942,-0.006180277818558741,-0.014140011807539312
2022-05-26,0.021759508299158934,0.013205960684009208,0.007748172557542447,0.0010876221544289207,-0.0021575579725867924,0.02632753576951701,0.01382567401167989,-0.0006810752824144561,0.008967062770830264,-0.10676803280938985
2022-05-27,0.014663358414524857,0.025067489378960438,0.015478156797457425,0.008914966768697012,0.01034284900093373,-0.0006234264678599502,0.004781313208843765,-0.009697304907291074,0.011210771015034579,-0.0561233153013709
2022-05-30,0.005981156460629871,0.03807988365191407,0.019432452921838702,9.472321924822611e-05,0.009568957807978154,0.010032933157822293,0.03980562092846401,0.015914258992549175,0.018716945110386057,-0.07239049802019332
2022-05-31,-0.009522723369526295,-0.002498640443386706,0.00825026074543609,-0.005277844925351728,0.0026654349307302866,0.01296639723472772,0.019870654824026435,-0.010860776171476705,-0.004623104079880039,0.024717027510252447
2022-06-01,0.003752142659968513,-0.014194408497986333,-0.0020388791122586828,-0.012831452874286864,-0.0072302497144547066,0.0007404684253973442,-0.011236087924562984,-0.007227399303156196,-0.003733367056413342,0.017905188721155405
2022-06-02,-0.00020081370746604136,0.018006313013337334,-0.006211381633177597,0.0045381238367678215,0.0016313142772810263,0.011337589711270996,0.009047577837534578,0.01992093799749442,0.006349802260260305,-0.025748358848932524
2022-06-03,-0.009553011005114655,0.003732248208508835,-0.018377098145991755,-0.0065451749143104546,-0.0058199683374495405,-0.012819075261874409,-0.00966186619458879,-0.003326840179734934,-0.0026315095876877827,-0.016873857382475366
2022-06-06,0.0009959261712769339,-0.002812960142777074,0.001859617124890415,-0.0005154333382070657,-0.0009266274626879271,0.01116883614054621,-0.008268094434544454,-0.0020130740998241417,-0.0008897910968418909,0.01095089186712561
2022-06-07,-0.008938075341094838,-0.015822188989731343,0.0052105912119041215,-0.010752551919707488,-0.015539082665258388,-0.00891003698544756,-0.016870128303485034,0.010457981550596969,-0.009288955076891798,0.011321781590722394
2022-06-08,-0.001425525271252663,0.004095323275240286,0.0017718019927192431,0.0031019023799950694,-0.010533692320241761,0.0013752575978694026,0.01872713905069773,-0.004825464556543497,-0.003667678332650513,-0.029304314219511986
2022-06-09,0.003978277971944475,0.009771555301717498,0.003236652118354661,0.011951592995710419,0.004988212364696065,-0.013174924709387258,0.0025940050585381877,0.011918460436658044,0.007422115570615706,-0.03591975541163724
2022-06-10,-0.0172969098967647,-0.021987828948029822,-0.002213626757320184,-0.0037532699515108675,-0.0003192018957162418,-0.014936119791169997,-0.012038558262779235,-0.018397224426693105,-0.01690986774485526,0.022728279069828702
2022-06-13,-0.03175849883600244,-0.042079653791815594,-0.020244764831711556,-0.018476014239954104,-0.009411227976726924,-0.03921113528289441,-0.03197026257930056,-0.019211973224207382,-0.026733937520215956,0.13321217981221883
2022-06-14,-0.0028328873005188013,0.001387199879567248,-0.005523188729462754,0.0021835329391139925,-0.0021316437879724563,0.0036532795778491576,0.008088877311691053,-0.0055332707289389585,-0.0026852114114221596,-0.021690929365953886
2022-06-15,0.000829665839268037,-0.005053301249873618,0.00919732783765343,0.0035008101619336887,-0.004557772841283549,-0.007199599405782148,-0.006157007335604101,-0.012014969256967758,-0.0025425739848417965,0.011807595616929923
2022-06-16,-0.021891221328089332,-0.024605920263000205,-0.022574296572804135,-0.016006525460726607,-0.005711224644116946,-0.05380744857041602,-0.028450290611967216,-0.020590814185523512,-0.021354848179315097,0.03198856546147385
2022-06-17,0.0038540559649365667,-0.01499965977944463,-0.011538782642932892,-0.0220112435536379,-0.009785198068288932,0.0007516910429381954,-0.00013243744016902794,-0.008855243584094803,-0.004377862497838008,-0.004821425416059129
2022-06-20,-0.001780608476689671,0.008706046920289411,-0.0070603096304222585,0.003716431890940752,0.01779758762609558,-0.03978772800365603,-0.018439843579583934,-0.018967692133266455,0.0036973698916184226,-0.015497338310533872
2022-06-21,0.015391190574653671,0.030834853946120223,0.020204194674820364,0.020918377723727805,0.010830795523523234,0.03891957820451689,0.035895484788428335,0.027246208865868933,0.018629721921802747,-0.05834032943370562
2022-06-22,-0.010492671133527403,-0.011654943195128574,-0.008492135644652746,-0.013254523429715174,-0.009543535134731216,-0.049947959612742246,-0.022100331473410218,-0.02342461668669469,-0.01452423294963793,0.007540085326414853
2022-06-23,0.00878142565204619,0.019432790924585257,0.042999452721158966,0.01563635581820709,0.009510038449225157,0.0071557648288981665,0.01649005138431537,-0.00419083839196101,0.009257464658604653,-0.019915314075358376
2022-06-24,0.01475260369986105,-0.008959733984832787,0.019505690832358508,0.004213043069141668,0.012313875496185825,0.016141430518309484,0.002743892234839601,0.013780283568932353,0.009124715461734611,-0.015930819005031308
2022-06-27,0.005450860473194788,0.02024696661390934,0.008835716961574558,0.0035368481245103963,0.008548784020242615,0.015049503561697396,0.008574790075262158,0.008986884996794602,0.008423413606869335,0.022137621934621026
2022-06-28,-0.00500489058758452,0.0057391855890234385,0.012458385898874172,-0.0005729228725837638,0.0018328724021307277,0.016514237119711332,0.006704527649270206,0.009844826118343178,0.0011457767431705531,0.020726155191441862
2022-06-29,-0.011135614452400978,-0.013027729394854269,0.0015158688511644816,-0.0002947419214394539,-0.012780050416966518,0.0024001322048760047,0.002182161403853216,0.020008561264471803,-0.003229179201912245,0.020761938461447846
2022-06-30,0.004654178124814586,-0.010601446801285006,-0.012682899828554518,-0.004234717132170286,-0.0006317150713830471,-0.02007225231555192,-0.011996337130376152,0.005425192573138741,-0.0011937935294284723,-0.002743461540416739
2022-07-01,0.0034150961112778015,0.007902379702423171,0.0009225438052361991,0.008316980098337617,0.027788021537399666,0.007609008867684591,0.015707819417690342,-0.040046926339084465,-0.0017886549985601772,-0.02738626249290344
2022-07-04,0.011898418832196967,-0.006205003142101982,-0.0016963381007361594,-0.003488709764609135,0.026244554007129887,-0.009961041596011792,0.003061258020843591,-0.0018526735198526785,0.005274254882250374,-0.013264083200780315
2022-07-05,-0.0036897138969066833,-0.007034199502846379,-0.003624370942702284,0.001271866387708646,-0.0016375068561418336,0.0029633366968092323,-0.0019121683137312856,0.006243428455581709,-0.0015483695040555473,-0.008620666262815612
2022-07-06,0.014921100566017356,0.011218566254502313,0.02562638247559638,0.007930087197966585,0.026099631118489012,0.000332253495094034,0.022458662414635577,-0.006201897972931515,0.01125461822453212,-0.025330162859612575
2022-07-07,0.01721621733287406,0.006716635119631037,0.013454652998212111,0.004736885081092904,-0.000772244696343747,0.03721710419575724,0.025863510589919373,0.0012430878407197507,0.00890968266712923,-0.05423166427705237
2022-07-08,0.005817715166939843,0.001911581570577708,0.0008663831802218773,0.004810962879562117,0.005305422346198679,-0.008847080418962738,-0.0006080875833470577,0.009843898981598768,0.005421325887187373,-0.04255967488727559
2022-07-11,0.009791257572805514,-0.03127116881286455,0.010493583430470316,0.009226740996270397,0.0028766822592890414,0.019467388848421724,0.01461287492143909,0.02666044899707085,-0.00028360614005298526,-0.0016316989708589486
2022-07-12,-0.009557846065759627,-0.011637741774343345,-0.011917323861596505,-0.00913034015569653,-0.01147671073381398,-0.012304926448324786,0.0009587164642354327,0.003710259443725863,-0.009772571447684876,0.009750803012601377
2022-07-13,-0.008703561068916338,-0.0042211731983238,-0.0006609740732484028,0.013692213672983561,0.009312010982695578,0.007932788710116401,0.0027510187107726517,-0.014902239393406997,-0.0057236413300785416,-0.0016184939893379214
2022-07-14,-0.005083553068554277,-0.015950399453412995,0.0013174006649125357,0.007789095744002539,-0.0013951491797094902,-0.00045155078891803235,-0.0022720780047153603,0.009985502087945934,-0.0017551946856914542,-0.009766778787024767
2022-07-15,0.0009071928639007382,-0.0014545257740465724,0.020129869333603872,0.0008643382457725262,0.01460046467928848,-0.008174398015171993,0.0056109646894473945,-0.0004345070972605266,0.006912014580365188,-0.041185551429747065
2022-07-18,0.019304934286410207,0.03115788413556697,0.0037988853736762905,-0.0014580058777648602,-0.0009281682669854701,0.024588091676642183,0.012069738445165207,0.012525145035359219,0.014186202470718856,-0.025317838550774182
2022-07-19,0.010176155929447754,0.0008487856369939219,0.010437987973104036,-0.0024610526048507004,0.00047144310830487976,0.008056773679587344,0.025203136152233636,0.0036938013206922467,0.003804517906147779,0.0023283430086034184
2022-07-20,0.007023055823103728,0.028841904358998322,-0.0022036228765624673,0.002307644609842355,0.011274166522471306,0.011098312552754388,-0.001721862283835732,0.009238820119808267,0.010973459265845803,-0.022340791775174985
2022-07-21,0.006343026898242392,0.006958901894969688,0.005583307326798159,-0.004711550020679839,0.007903142673771476,0.008562892880166524,0.006413186785468989,0.004340749772503153,0.005095714512164849,0.002375352373692803
2022-07-22,0.014750800463942008,-0.006184650775308935,0.004191910447181694,-0.0027068590312476393,0.005183665700045169,0.0007855305530083241,0.003418806748785461,-0.0038156195101003727,0.006853755230166662,-0.0125337952595111
2022-07-25,-0.00034168290914534933,0.0016972720358586037,-0.016801483646248346,-0.01025645947383859,-0.0027282663066395926,0.014509120704212633,-0.004561011327562562,-0.010231081496204905,-0.005304241963650273,0.06002388095521288
2022-07-26,-0.00869353003122671,-0.028658474115325395,-0.011919088655696625,-0.01183221791946367,-0.013966882722418196,-0.002935475109385327,-0.010108043484463829,-0.0034561655343459423,-0.008887333683346772,0.02733781213640519
2022-07-27,0.01025391971184712,0.0166358525637798,0.004052349901229608,0.02299180387815232,0.005659918612617278,0.007780034654073323,0.010679308852755975,0.00020971598628854424,0.00953655956008488,-0.0022039081299802367
2022-07-28,0.016030070789221997,0.027742292709646257,0.0046418918107645896,0.0025069760835144273,0.00558306232704219,0.01688705768421763,0.020463068708065052,0.01089436335955262,0.017145896529526243,-0.0637665586135033
2022-07-29,0.003025195221778934,0.01692497462079264,0.01279759411580504,0.00911265510355644,0.0050909129804432105,0.03783913540649376,0.009245455807279594,0.017949450280161813,0.013415561413115864,-0.027415364139482326
2022-08-01,0.010924012687932463,0.002319567609909409,0.03219893023452903,-0.0007595070351878257,0.0009257650881352715,0.016694262882703332,0.0037626907561807946,0.027597729998900915,0.010539792401854702,0.05524322022006033
2022-08-02,0.0031820556797225474,-0.00670792392311366,0.005389333558405894,0.0010608407966273047,0.006369765546059507,-0.0026387081624977106,-0.017044904271246504,0.010860051217908936,0.0003112792114048116,0.057761801409079896
2022-08-03,-0.0009143249633357339,0.013425529869699053,-0.008036877545067682,-0.007729112650666066,-0.004082097846375437,-0.0018531377986017359,-0.00766977338198783,0.0005084048676038516,0.002458783072766921,-0.004326665514883318
2022-08-04,-0.006170687977511788,0.01236340415374818,0.002033613877809994,0.023407047287799868,0.004823671242110597,0.012028640187360377,-0.011501620489940363,-0.009228378029578174,-0.00035377417814128954,0.042966006415504285
2022-08-05,0.004361983226407309,0.006380935740591139,-0.010978775326413304,-0.0032867436176937785,0.002347181341246705,-0.0043686878870655334,0.0030876715748911925,-0.014471588179990677,0.0008913297215996853,-0.017810850597589745
2022-08-08,0.008319506407548223,-0.00019524325964472133,0.009606722870219969,3.8639876357305226e-05,0.001108180670269971,0.012811052793521847,0.0015972900304889051,0.011673276868847528,0.007307599012140524,0.019885488724115722
2022-08-10,0.00131861626082225,-0.008934330154232208,0.001831574012072839,0.0008072469956609794,-0.0036573059828758493,0.016031722978931708,-0.00870172272768691,-0.002401023367519804,0.0005505095416120064,0.014914183365222348
2022-08-11,0.015343483609946444,0.01777139168362363,-0.002172010015206033,0.0048912282075467715,-0.008044619093222885,-0.00013022585301709498,0.012797263817492294,-0.00011251441602826562,0.007060942140366637,-0.06484482130962685
2022-08-12,0.004169580499475686,-0.01157036009739373,1.5490617125709746e-05,-0.011608371590900224,-0.0004991821821944236,0.016293445415823112,0.006450553964819819,0.018660743811216653,0.0022145679837284517,-0.0417074612684056
2022-08-16,0.00504194043467504,0.0007726281128729467,0.02493084851346537,0.005415162978439632,0.011866036237101314,0.0068017997539846775,0.019548234877913913,0.01092348565630123,0.007155855032733008,0.003967117303083351
2022-08-17,0.0056429516417755045,0.011564832101317032,-0.004216423804393584,0.003504052989646817,0.007229859169807955,0.00497621295189052,0.0007740501324243625,0.005336678027994402,0.006653737907021656,0.0
2022-08-18,0.004915400654953456,-0.00789707424192093,-0.004736714257512313,-0.0033571322288221497,0.005678689565991277,0.009134572315010588,0.015356230040107409,0.0007802593241158539,0.0006824370229270742,-0.018841546090975058
2022-08-19,-0.017044698489410655,0.0005727822569386365,-0.014222779993574027,-0.010553516249084233,-0.013345054838810643,-0.015834519086125137,-0.019676396730605058,-0.005907581327346293,-0.011090751389954998,0.052761984079346964
2022-08-22,-0.017810161911749174,-0.01872521212189921,-0.01955434258785425,-0.016677440737538535,-0.0012745964957797111,-0.030223094464241283,-0.02540887180642811,-0.008538987561355366,-0.015192148554208883,0.04018756498869469
2022-08-23,0.010387705792519158,-0.017833455502499505,0.017954154001393607,0.007542023691349156,0.0010952100043749942,0.014107910678011057,0.003977503910186464,0.009419594834963014,0.004950408657946044,0.0005249840757567118
2022-08-24,0.008769505668552526,-0.003389968648860166,-0.0009598160744336283,-0.0031230685272299443,0.0014440937200350522,0.007031396635253727,0.017984074422899503,0.0025157245972473705,0.001560393032835227,-0.033087273283019775
2022-08-25,-0.002250337237880557,-0.00874220898747953,-0.0027489354779700204,-0.004021838227819994,-0.0039531434829875875,-0.005150367533908738,0.014597198192134767,-0.001692181049024116,-0.004697196795508722,0.06001797757354917
2022-08-26,0.000934047853905864,0.002895250079826667,0.003971788005318406,-0.0010169189027628802,-0.001427623520780349,0.01753473081958644,-0.0037395824138904805,0.007594232939897888,0.002078094793881999,-0.07147791166847335
2022-08-29,-0.01839074063501427,-0.03593221510558497,-0.0033119602552422146,-0.002762074416630648,0.0038493335271113653,-0.015442147203836002,-0.013646395505196527,-0.006049035144898302,-0.014109055185943692,0.08417165935902639
2022-08-30,0.03238925913614837,0.0259951209714521,0.02535780893026805,0.012172816207188838,0.020454854611336917,0.020831886211320816,0.03425896253861559,0.019656817751313435,0.025457455427431688,-0.05816794884503506
2022-09-01,-0.005974264600430726,-0.019949202679800944,0.003685376667309416,-0.011435786403798389,-0.007416489270521885,-0.009421437688586602,0.010736628516588529,-0.019353803594350523,-0.012265712506503565,0.060687534140488573
2022-09-02,0.003042379577068134,-0.0036335810264582235,-0.003435676896740412,-0.003898438058976945,0.003882328044550734,0.001487254456006329,-0.001817126440637143,-0.007535856843285705,-0.00019106884593758132,-0.016235851393591808
2022-09-05,0.009712718908143736,0.0032671819948774956,0.0019231093045681813,0.004738372327116415,0.002042973194873165,0.01651618222755285,0.008840647385081078,0.0062979942595206735,0.00717802628935595,0.005610859551345133
2022-09-06,-0.0035044121142811737,-0.003375312310598129,-0.0015714929643676776,0.0025791443220492963,-0.005200304439451153,0.013103464796839749,0.0035990558274884713,0.012768800779002087,-0.000577619915734608,-0.007146502521729263
2022-09-07,-0.005323412866927494,0.0032244484992142402,-0.011609355664290466,0.007772525851382882,0.0019749141570611396,0.0002802230677662289,0.0008449385562858585,-0.005995928941710825,-0.0017686636555011566,-0.007714083690597112
2022-09-08,0.01890596081322748,0.009654172118036292,0.006005955172674339,-0.0005002400517926816,0.003924427370127254,-0.009091030873870223,-0.0028545900756676798,0.002334992977249582,0.009843902383512463,-0.056278191226475704
2022-09-09,0.0051287754135227875,0.021879782304390707,0.005172300693388222,-5.1253730913425255e-05,0.0011697689908072458,0.0022929368200065247,-0.00466946032670361,-0.0032680645505379167,0.0019420477956010656,-0.03275342309169344
2022-09-12,0.0039091123473311016,0.014074959799581985,0.002757247151240532,0.002042957229129799,0.001917793990354007,0.00919372763823002,0.021780031445843017,0.00911769247511884,0.005759080279283832,0.012338979972559852
2022-09-13,0.007344705482157109,-0.0004927069645760951,0.0006071422024534166,0.002384022859812318,0.00747846281501196,0.012737208423899096,-0.0017709387819779352,0.0036110718894982823,0.007426556664034913,-0.026547801558048013
2022-09-14,0.012939141738034865,-0.034208479919359755,-0.003163919971027444,-0.00498663242012529,-0.0015582740229728618,0.015690750523955403,-0.006905212277869798,-0.0033194728229388893,-0.003675845320864187,0.045322518746968236
2022-09-15,-0.004749811179088504,-0.014436848008834267,0.0070277535809073945,-0.01296397372211697,-0.0031974654399304324,0.0012140538917251248,-0.009175840642486397,0.007744981140332097,-0.0070427023794097186,0.00599940183824323
2022-09-16,-0.010548134094414916,-0.037766623043856,-0.027489396655346266,-0.013834539041017117,-0.01946437157012055,-0.020361061901136675,-0.03789924622355768,-0.01586050020095975,-0.019575203370476822,0.07488450807756558
2022-09-19,0.003124227797655723,0.0038754817169122688,0.009186151651537364,0.0018408798305392694,0.010662371123961538,-0.004498761185064402,-0.009509178995495159,-0.0051360274463185624,0.005200144374609497,0.006036277812446065
2022-09-20,0.013691764475000152,0.007818961872922806,0.01648789312172836,0.03034436937131236,0.00743072989798429,0.015508970286877274,0.01576229804082703,0.0049754893397112735,0.010948654031257964,-0.058870962062905575
2022-09-21,-0.006407401492636264,-0.006585130901051874,-0.0051216349348947076,-0.013990801723335226,0.011729118108066424,-0.02108906706485277,-0.012988678835839228,-0.015054491489380262,-0.005510158516157929,0.027801460019303486
2022-09-22,-0.01400042811729088,-0.0022600883054196756,0.007331186456037278,0.0031207189194536436,0.012956129204606955,0.004048655574638988,-0.002773619204987939,-0.0031815362650868635,-0.005010107310831895,-0.026738171331590798
2022-09-23,-0.02705066537478093,-0.007130738645739746,-0.01720704597203169,-0.0001743785561537769,-0.005021426819852233,-0.012104253414833828,-0.029997711565205608,-0.026926554743449408,-0.01730454089090743,0.08988541050874511
2022-09-26,-0.023797677930456014,0.005673510840634959,-0.0388676541852889,-0.010775005021198089,-0.02066136917937952,-0.04220659235160985,-0.04340113283017535,-0.031272505396427945,-0.018114401349380974,0.061224355201630276
2022-09-27,-0.0066800979351983175,0.009693495771327689,-0.005138478175278533,0.009771350205022475,0.0063694448986265605,-0.008620984847779579,-0.0027537267663168686,-7.391733915550452e-05,-0.0005231876910193474,-0.014726437399198723
2022-09-28,-0.015746617696308026,0.002348729958099318,0.0006023664510931511,0.00848905948943823,-0.005749436563401286,-0.019566474220167118,-0.006736433111001422,-0.015739054835103142,-0.008787677246935572,0.02427417953187424
2022-09-29,-0.0029732531882483352,-0.009226817291069826,-0.003195567375450818,0.013205930279813748,0.008867756909766966,0.005025098951616023,0.0037346897593003255,-0.008375131309634735,-0.0024052250050792126,-0.03687058888815541
2022-09-30,0.02580643529320738,0.006026003485747575,0.016030267879013786,0.0075524486480339865,0.0011130551164297588,0.021421598747201894,0.01952910916598508,0.020173763403981592,0.016292312526781774,-0.06447592385275307
2022-10-03,-0.015713535263736502,-0.009385643578887675,-0.020545385260688345,0.011272255096319397,-0.02112769762966007,-0.030674415798773648,-0.012459372092681576,-0.015311361258767284,-0.012183178897324074,0.067756995558751
2022-10-04,0.028013430638574355,0.02832221608241873,0.019856133415480624,0.008689965152738245,0.018453346122029764,0.030865030642254442,0.022433054064953155,0.02062725670493654,0.022655095268550494,-0.0879903427886996
2022-10-06,0.004408540975688077,0.015581563193053155,0.007379788739149433,-0.003440404656596198,-0.004296056242898146,0.03200791576298913,0.020569234460608075,0.005722827180721245,0.0033231164632058175,-0.012856952825399462
2022-10-07,-0.002671446832271723,-0.007011963799018711,-0.0017692924878537047,-0.00404972720399924,-0.006458828568508961,-0.0042731091853097656,0.0031974308975711856,0.0007246482150173956,-0.0009900230150986376,-0.02675219806780316
2022-10-10,-0.002170565555351996,0.010545064613911418,-0.005370204197193265,-0.008125977979239644,-0.011110687496428157,-0.002557389417640564,-0.009853397441194182,-0.010189286712360274,-0.004262718329192525,0.042160881990878446
2022-10-11,-0.009784800321141573,-0.020113426759475767,-0.016301720217298997,-0.015594903167390308,-0.017802694716968166,-0.022295540584672407,-0.031225143845795732,-0.016204906031724035,-0.015044993668578569,0.04338745416879252
2022-10-12,0.010435586074231949,0.008162969582717443,0.008765690269758795,0.0009779266445616491,0.014743552221314873,0.0021062855877755915,0.01602678249855051,0.009697092130474183,0.008212331644389038,-0.015244921032244023
2022-10-13,-0.012723001277778413,-0.006827862445457908,-0.0028257825980254727,0.0021629387188746357,-0.003715570150961352,0.0010515235243860055,-0.009986571578799156,-0.005337253332722205,-0.0064005234917517235,0.00543616891167153
2022-10-14,0.01749320012360347,0.016150713257315544,-0.0067489573688420046,0.0064529694357924805,0.0027010748517707316,-0.006403679862222349,-0.008061749445214657,-0.010040448999930646,0.010020514532698735,-0.10541531125839465
2022-10-17,0.01552164562429645,0.002326100253876788,0.0067330216137218455,0.002464072460718944,0.000691430573456651,-0.009722567569619832,-0.0042943828830219076,0.015132144718039411,0.007310797834822186,0.008724147267644165
2022-10-18,0.009927935090980215,0.010510516428167294,0.013449440898267882,0.001989147444159559,0.012263901697357518,0.011082720154281868,0.01706812112067927,0.012899213305149681,0.010066448739082915,-0.05409734259917496
2022-10-19,0.0013495735362455095,-0.009041201396398519,-0.0009115049404740602,0.0010372647875841975,0.003990603681815345,-0.006758644000671408,0.003987764321086918,-0.0022563285042882268,0.0014457922593648584,0.00228958357417683
2022-10-20,-0.006801029185933356,0.013164744290227343,0.0006718732296396226,0.005166441270062224,0.00885999056043593,0.011362775160617235,-0.0012884049640991529,0.013856898468391199,0.0029478254394111857,-0.014977251972060429
2022-10-21,0.016925963973544327,-0.0033556990725969326,-0.0026705136764548156,-0.008423962278784008,-0.0002698853056775581,-0.009238137622736974,0.0004686704817058926,-0.006647680063307146,0.0007029866326317706,0.0028977791403284464
2022-10-24,0.012689963404576737,0.006940320624897971,0.00776769945797174,0.006274801698331297,-0.0013358528947790247,0.007055294295419262,0.00280770475549049,0.005723200474228512,0.008748972260095097,0.00806917269169357
2022-10-25,-0.0044195593592475,0.006586059850419767,0.012284820578994651,0.0039047923836950816,-0.010396515858864154,0.0040340339367682925,-0.006210821810507524,-0.010148694703236469,-0.004204950452158822,-0.03148953635384071
2022-10-27,0.004284028201509764,-0.005258769854926995,0.0020515494302054352,0.008796450784426665,0.004600529342625437,0.026786600246257265,0.029192402710924496,0.012982735698644787,0.0045545202832827395,-0.016726721107590145
2022-10-28,-0.007496652649825813,-0.008924199162960385,0.016163712183050908,-0.013681718092873132,-0.00023891137585978792,-0.014662458407512447,-0.004118569597060962,0.013798279922786087,0.0028066628790527496,-0.041826533134031146
2022-10-31,0.007704812625632214,0.01434832890890361,0.014357167148862919,0.01248658742606275,0.007982762537410724,0.0022071877997070838,0.005715607774921853,0.0067487269174533685,0.012592609626880552,-0.007566233103822386
2022-11-01,-0.00044427207339156974,0.018727001309262917,0.002630740790244678,0.020956179074744372,0.006045348850354407,0.023565417906604505,0.00919055265206881,0.008474579409677965,0.007367843877008389,0.02067088800301946
2022-11-02,-0.0034669293578777093,-0.004519835812188659,-0.007379860364411615,0.004795063004390821,-0.0007081368336255224,0.006398291199083407,-0.008051340847492846,0.0006782174377920533,-0.0034531529072475455,0.03232978747199246
2022-11-03,0.0036800570299636917,-0.011837678220221194,-0.004183431685590974,0.00022493797284412742,0.002881322860394564,-0.0011445880150193328,0.0057899197743054775,-0.005530224579900506,-0.001668738878993079,-0.04417898054245246
2022-11-04,-0.0009666753298806282,-0.003572846418871417,0.0006821199568526254,-0.010214253135117991,-0.0034159141908736675,0.04122296973171931,0.0030516567020895317,0.004718181973853089,0.0035638102334325083,-0.017721966218449
2022-11-07,0.010326218923140264,0.0016801795454526333,0.012891537257868018,-0.014419378331464509,0.00448108075629667,0.01564201884703276,0.010440789571970125,0.007640960856213326,0.0047164462855731094,-0.0044799879616239414
2022-11-09,0.0023122386582799916,-0.003991770650257869,-0.0076534888424328006,-0.011440859128149475,0.002615744041917018,-0.009352705187640194,-0.01383215624406881,-0.005948879620786677,-0.0025193100341803654,0.02094649235133588
2022-11-10,-0.004304068735919315,-0.0042375479734467585,-0.019730327951518346,-0.007397637357416936,-0.005360556375410627,-0.007143532661965615,-0.0014731577483655695,-0.008549284272361608,-0.007119006002546902,-0.02223021896290633
2022-11-11,0.012737166934584697,0.037396517171223186,-0.003051081359159091,0.002504027944282233,-0.0014903016125155616,0.020124554535678206,0.01653303396466099,0.00907067568169352,0.01767602773148285,-0.07742356682326107
2022-11-14,-0.0014321047207582315,0.008659076668406132,0.0023360648397770653,0.0003225763888854157,-0.013599349184238696,0.017115959950740636,0.011203018532305998,-0.0033201951809550658,-0.0011204729970374992,0.034109719120314415
2022-11-15,0.007008925760447875,0.0005358823458329397,0.006417040654535417,0.0013087421634488386,-0.00018439343972743354,0.004723112989345125,-0.0011036310875667751,0.0047770403452419685,0.00404274135870096,-0.01827458655854442
2022-11-16,0.0038300218491151544,0.0028821092834245814,-0.0037773675038371905,-0.0029498619490792065,-1.7080128845075945e-05,-0.019608051003135847,-0.010322515745969733,-0.008737824956555111,0.000339553496785159,0.030937237099601094
2022-11-17,-0.0018177189581954534,-0.009058806621138565,-0.01371722043860901,-0.0038733223099986823,-0.001485930871610874,-0.0009134885185306581,0.0004462068273280304,-0.006594932617995186,-0.0035778894143715548,-0.014676731987906396
2022-11-18,-0.000485344966108513,-0.0004094442340488867,-0.011866781179438115,-0.00673003592607269,-0.0022399646033891803,-0.0017519702597081964,0.0010031359978789013,-0.0035761175967275864,-0.001978088841936149,-0.03348449233816521
2022-11-21,-0.002144261363153479,-0.015615418580205188,-0.006187509925719292,-0.005207431571944919,-0.0031136269116265928,-0.008125202392654138,-0.01278183502919668,-0.013201501325307518,-0.008100449774708418,0.028093648899857687
2022-11-22,0.0026060531196623296,0.008092917320164449,0.003883439207268518,0.003257783125283071,0.005559907419247319,0.00881551639249471,-0.012261719894136248,-0.003515864701197637,0.004628601630860599,-0.06706423244290002
2022-11-23,0.006387210798324663,-0.001401808628762479,0.0022922982970905175,0.0031579470536340403,1.1579570554954416e-06,-0.00403987584651048,0.0025099284960660067,0.0011528344497261213,0.0012626606067816233,0.01434743466598412
2022-11-24,0.008071811363974089,0.0259478876368432,0.005530743417432909,0.0008694082897627894,0.008798435905148361,0.0027753005518591505,0.002162683035716022,0.008884807958394763,0.011801042862214367,-0.04070332435521318
2022-11-25,-0.002125284894779547,0.0051542286688081715,0.00871204818367328,0.006211184844380857,-0.0031501403339896515,0.0022409865141194626,0.011643140475480016,0.0052932536396556075,0.0015488019469054911,-0.01118994305829046
2022-11-28,0.0008488037183308766,-0.0008228057946984307,0.00603211669994934,0.0019643798582764157,0.0033603445811632117,-0.011498557678035714,0.0006741227274494401,0.01322656771995068,0.0026972005940332764,0.01784432289063319
2022-11-29,0.0007667919221026045,0.0011870357170263497,-0.0022077987729073197,0.007162205413241594,0.018527423304277434,0.010289519795822483,-0.0033749609238308514,0.002967018385619972,0.0029746977400658824,0.0036778409611756767
2022-11-30,0.004115438945376115,0.001516326848118823,0.017089096585925577,0.004334526581189792,0.010108776401434049,0.017961462925816043,0.014432161098871004,0.017314746970709817,0.007507383568474861,0.013853705487239874
2022-12-01,0.0006855872137623277,0.023697246907282313,-0.00303513834232625,-0.0017932568031439006,-0.0036499315643859264,0.015216790659494944,0.01957826300212873,-0.006265460041706757,0.0028825767148602448,-0.03312785539550098
2022-12-02,-0.0036333612105613347,-0.002200339656100176,-0.011083262979137575,-0.0025717893384934708,-0.004782104291657813,0.004438831351857046,0.009323611207515826,-0.005722065890877567,-0.006206617442539312,0.006713949456128896
2022-12-05,0.005303268489738388,-0.005185361207208068,-0.002978428123463138,-0.002605204175426321,-6.756590457461613e-05,0.018536520536697524,0.006882448310283525,-0.0035730551167314664,0.0002647887259970962,0.020604094572663323
2022-12-06,-0.0044962124081702245,-0.014624982485043974,-0.0025980189244178427,-0.007501561136119588,0.0030231035087201694,-0.007491594430112788,-0.0067745706884498325,0.0033140313832455384,-0.0031223832280691255,0.022327209441163665
2022-12-07,-0.0009242416115459893,-0.008443032321126673,-0.007982368438125519,-0.0066253337976882685,0.00959766136620799,-0.008836625338513366,-0.01193979249342951,-0.011409731635812582,-0.004421663914122268,0.0028449494306480257
2022-12-08,0.01149207312436163,-0.002389663854003612,0.0029093693511619834,-0.011024164570917865,0.000927936499309918,0.007077039191103852,-0.007782966758819339,-0.00267255990169135,0.0026284549446723396,-0.04950066682231697
2022-12-09,0.0008391140276306955,-0.031935767596307736,-0.00300649425675029,0.0036073660122913145,0.008538373291844169,-0.011221666385562795,-0.015079603533153742,-0.010289893815740699,-0.006077211303593385,0.005952393036455796
2022-12-12,0.0017242908055181713,-0.00405192404561738,0.000384498669461531,-0.0013042381243888656,0.0012059411499321675,0.003973223183760471,0.004570076113203461,0.003023494491478031,2.977698935843848e-05,-0.011940429324282914
2022-12-13,0.005425803622837524,0.011161068770277574,0.0043905998165784926,0.0031069446115364998,-0.001508182874261024,0.0020625387902436956,-0.008039360134852284,0.0012109286727460954,0.005974908495510217,-0.033590912639776135
2022-12-14,0.0023308428924146006,0.011418199314690479,0.005637133001329704,0.006685780184290605,-0.004260811631956239,0.01239682150477804,0.01435833475692368,0.006235642287109651,0.002806718551028224,0.000776114024537792
2022-12-15,-0.012585383872838056,-0.02129099072522955,-0.007037820363577769,-0.005252991845639968,-0.008848751932443008,-0.014399747670069091,-0.0131259379834075,-0.0059770276320842315,-0.01323817358829901,0.06313134285357073
2022-12-16,-0.0064278323772524295,-0.013350224552674053,-0.010717136581553736,-0.014136436498116507,-0.004925999955501106,-0.007608694239774828,-0.015231298428788901,-0.0070920913395211204,-0.007954506384605002,0.02446166299699598
2022-12-19,0.0044844810808273875,-0.005090944993271146,0.015807536660735987,0.0008108327571047287,0.01447305228958375,0.012649280426974349,0.007362552576254141,0.010465131821305023,0.008255783729645224,-0.037658288034392945
2022-12-20,-0.0012504000288732775,0.0019608826111326325,-0.007688075960993682,-0.0022165146927639627,-0.006255736961730615,0.0011635300825358357,-0.012148830855159833,0.0015339161794645584,-0.0019099433205291773,0.016831684805431176
2022-12-21,-0.017250336901878997,0.0052896113436226655,-0.014385489130407193,0.023647443731619436,-0.009013090492885761,-0.023479869533449854,-0.016354172981179076,-0.01873980654394875,-0.01017935391694218,0.12148529951038477
2022-12-22,-0.004919566701529435,-1.2154375644933408e-05,-0.011148563920867946,-0.0021423499868919874,-0.004407396457878828,-0.0113477112267289,-0.01426759335330469,-0.009464696311095745,-0.0039502948868902,-0.02406625673475412
2022-12-23,-0.01762125828948308,-0.01848616916695483,-0.025712686729722767,-0.008435533941773236,-0.017240885028430127,-0.04570408467542762,-0.03512075176029066,-0.03937730024362821,-0.01784137526808462,0.061901754667484106
2022-12-26,0.022827033391079436,0.005250496628698533,0.0,-0.008432418518375897,0.0,0.0,0.0,0.0,0.01160206785899442,0.0
2022-12-27,0.005365582453229976,0.008787928057014184,0.023164563826381986,0.001391336756608053,0.005502167115271183,0.06314517903510226,0.03641552635320825,0.03015767521683245,0.006512402811413872,-0.055340026204555255
2022-12-28,-0.0007421702747905213,-0.0018455460954082692,0.006582285500900395,-0.005576845065417279,0.0006674253736535006,-0.00274726318200522,0.004928444964379718,0.003256969846595667,-0.0005406611691443354,0.007168467202747531
2022-12-29,0.00986646512055285,0.003623151346330697,0.002309775713404722,0.0008036450795884482,-0.001821572549997385,0.010727142127967016,0.001403687463603293,0.005359687803060303,0.0037727060871833766,-0.039064828035779126
2022-12-30,-0.0061666529006613275,-0.0022858589261507667,-0.0018140813124784686,-0.0029090335682975654,-0.007590313201484269,0.005413652487613532,0.009423577038298872,0.00024162317126692789,-0.004722210041123311,0.0040430961629271765
2023-01-02,0.005038988160676737,0.00403081361318219,0.004434423700032857,-0.0036740443531533026,0.000484411554876627,0.023990776263981172,0.009909099033797825,0.006209952619836677,0.005076675205536103,-0.012178791154969629
2023-01-03,0.005128781061849046,0.007799053524773256,-0.004192629497618684,0.007172584239552543,-0.004063269068739545,-0.005328817699409315,0.001260356037291951,-0.000987742035985816,0.001927069632871597,-0.020633416863297567
2023-01-04,-0.010799534127373847,-0.009871679704320686,-0.008174599870578721,-0.001504087045612551,-0.006612901164107544,-0.021275628676919393,-0.020709901107722608,-0.015491238069043366,-0.010453517612292944,0.054761870546181965
2023-01-05,-0.008183095594790706,-0.005246033761687489,0.011490635260179006,0.010281494364107501,0.015386376235304353,0.008220123653057087,0.0023353583044924808,0.004376132777075492,-0.0028194100932680756,-0.014579467773133951
2023-01-06,-0.00990363795007708,-0.020229383498636438,-0.00228208232613738,-0.007733777405606748,0.00025562451027575457,-0.00949598704202378,-0.006670216158823686,0.00042762705225673765,-0.0074028372147649955,0.0033322384677447496
2023-01-09,0.009294440200995608,0.027925516671189823,0.012215445903141735,0.0090971650587657,0.008604447797881554,0.014173503749109344,0.006086887686634922,0.016769564010807092,0.01344545509952314,-0.025607876574308346
2023-01-10,-0.013428494585122396,-0.008574638714918594,0.0028200525620860582,-0.00031326849890220927,-0.003815538218114715,-0.007565787077421555,-0.0077320401306178056,-0.002719217573767469,-0.010387266093937284,0.05704468252131
2023-01-11,0.00517403688755483,0.003280281424021211,-0.005165772379735169,-0.006628976912755572,-0.011336598294166491,0.007455371582219859,-0.00047048980521425274,-0.008324191313915702,-0.0010305082936186098,-0.004523474526114376
2023-01-12,-0.0035687474124162337,0.004325143366136639,0.0012812710417073423,-0.0008519312966154323,-0.003556584305496645,-0.0012522284112919143,0.0004704898052142713,-0.006863657948826267,-0.0020976741216788596,-0.010416751156715455
2023-01-13,0.00684402962767234,0.007404516806229129,0.00492153873872746,-0.00020918425308869053,-0.00024453506027754775,0.01261967451665313,0.002935825061918518,0.006320594200612229,0.0054949708747303715,-0.05515854689394508
2023-01-16,-0.0048190797855021264,0.011371582524723301,-0.006536118940707116,-0.0007422094283455237,0.0011629621617932605,-0.013268488933891135,-0.0014081347466573231,0.006334626990310033,-0.0034447734977776498,0.0379964574442086
2023-01-17,0.0015994771047573803,0.0079421480964257,0.005713582180142329,-0.0009009531773465185,0.011957100093912976,0.002099796317748274,0.011674193155589525,0.011620101671643126,0.008815596703469526,-0.029046303819847557
2023-01-18,0.00526488848112625,0.004053093882504853,-0.00033152038506482353,0.00681574587676407,0.00392947213318357,0.01639533725945932,0.00034818547276636494,-0.002226037617815483,0.00618737497867869,-0.01519368086602672
2023-01-19,-0.003046428426166788,0.000491098446889644,-0.0042688360024870494,-0.0027876736469783906,-0.00865704550223738,-0.0055906224987136545,-0.000928669629278784,-0.004178498709854576,-0.0031703874707042848,-0.028946592060238578
2023-01-20,0.00419515792750505,-0.0034718002064223594,-0.005602108106620098,-0.007318568903104007,-0.009667313953176711,-0.009076614321496933,-0.007226081759952033,-0.001068843713802378,-0.004438812272184146,-0.012252411027885024
2023-01-23,0.007370393190682036,0.018665090715349417,0.00826640845732764,0.008845107263873277,0.008218982537224032,-0.004034416195319439,-0.00633659047800008,9.17667033979018e-05,0.005029606393094338,-0.012404396719983116
2023-01-24,-0.0020525070598243584,0.007645378412057484,0.012718584703083576,-0.009845141952768305,0.001409996141542523,-0.008928994501582075,-0.01017516523988177,-0.006725562019674739,-1.379810823647804e-05,0.0029325506532780544
2023-01-25,-0.025737060707118495,-0.009045667319260523,-0.00028545557335590285,-0.012283474081495922,-0.0009074327577764835,-0.0020564617599737912,-0.01848351251192223,-0.01991599843948606,-0.012571672991636754,0.07065084307782701
2023-01-27,-0.031769980432315596,-0.009277764261954523,0.010177886841062725,0.0054473269508368794,0.0045623191044241035,-0.04805761005569197,-0.012678488212001206,-0.051617467733518455,-0.016204838949638832,0.16673919946438562
2023-01-30,0.001044147296588813,0.010972153684395523,-0.0009822148557260561,-0.0019245970057653564,-0.006003983337307073,-0.0027584432055544174,-0.0013504091456411843,-0.030892297119938905,0.002530238851503625,0.02226751458479856
2023-01-31,0.0066040049374642635,-0.011849351300888728,0.018715982900882198,-0.009962146046325062,0.005335019659677386,0.015070320220848393,0.01111730431494416,0.011826709632279293,0.0007477066778470427,-0.04799996064904722
2023-02-01,-0.0035001684753262117,0.009300833545792824,-0.008823839560880174,-0.00036010571234130866,0.011215265497214655,-0.046087988017995955,-0.009398849991121935,-0.013190969396132901,-0.0025992997802722563,-0.005941697490660939
2023-02-02,0.0038506170155740214,0.018107286836171216,0.0004845092066145003,-0.004014262147627943,0.02250483520631534,-0.044499530048677925,0.0037945764848271992,-0.022852642467057222,-0.00033499535771969267,-0.06461805399065863
2023-02-03,0.020212652192550938,0.0010104045182016952,0.012387729796429266,-0.009938483269420607,0.0012095022869576554,-0.0010584116843113495,-0.008219407443385717,-0.010353297644500456,0.013740758205234283,-0.0883415078778705
2023-02-06,-0.0030178427871482417,-0.006115560888153276,-0.0013314189809206678,0.0006973587021642511,0.005554007994814855,-0.02219491621123548,0.005160365596303091,-0.007108284467606595,-0.005022725956678951,0.019938781529998686
2023-02-07,0.0028069756545937956,-0.003306900785465362,-0.010088069917903272,-0.00013936875906825276,-0.011634896970507224,-0.0026106053010446773,0.00878484438448786,-0.004081213641084082,-0.0024290993398515346,-0.03886675682541908
2023-02-08,0.0011248949155502636,0.01517106805215057,0.002363731239436992,0.0135161485833198,0.0002949862096561139,0.03713186940028658,0.00012144012883131549,0.007711497366683125,0.00843982073038998,-0.038230384004330493
2023-02-09,0.0004008172664021137,0.007020159252950759,-0.0052561646015936705,-0.004444472001237531,-0.002194848499824116,-0.01593335010480262,-0.005847242666236614,-0.002665397934982423,0.0012162679944837883,-0.042048267218124935
2023-02-10,0.00012266705258719035,-0.003900695054138482,0.003572677228051149,0.001989484811386278,-0.004018209449432023,-0.01838001596623501,0.013470230675411796,-0.007759015588124318,-0.00206709283308457,-0.022490281968690365
2023-02-13,-0.006692296169184863,-0.018985209067421654,-0.006116126070835102,-0.004789612903404671,0.00044610233001488644,-0.011996658545803542,-0.016896972214967863,-0.0030010426241046267,-0.0048052775756446476,0.07040366289814007
2023-02-14,0.008830394096052312,0.009826211400693213,-0.0036403823587502723,-0.0015744086026690063,0.010243276986463287,0.01013299980686191,-0.018560294947596277,0.0006691872764861198,0.008904589905162998,-0.016955842635757973
2023-02-15,0.0019836852638390827,0.01123491003495676,0.009767871422001473,-0.0009556680769720217,-0.003873560293820649,0.004639662889057606,0.0129049606523199,0.003374979392959988,0.004785004379327248,-0.04485739975429251
2023-02-16,-0.002391948012101028,0.016049933310192534,-0.002204918635462026,0.005013114013960724,-0.000895613100421918,0.012205757907174328,0.013227441882516355,0.0035062835688906466,0.00110951785824931,0.0023301514733850923
2023-02-17,-0.012073197394344896,-0.012162154364935526,-0.005014030076931719,-0.011822971493365947,-0.0030839458973242425,-0.00909292482169203,-0.017923431578715437,0.0018508577037167323,-0.005094522761127012,0.015396747992727684
2023-02-20,-0.010510487932183336,0.005379188723796175,0.002842257612674566,-0.008149706769198987,-0.0025483655971489313,-0.007735126654630119,-0.006960843004819381,-0.009846101581992025,-0.005565979846782634,0.021912471674577754
2023-02-21,-0.0006905696715553978,-0.008850029810519494,-0.002176573597792116,-0.0029823938336344356,0.001114733672062565,-0.0032676016610792644,-0.012046872627049978,0.004034683696419699,-0.0010036299610954843,0.04601031343273351
2023-02-22,-0.016802361957983385,-0.011016220802495721,-0.01215070047528802,-0.0023031110951310177,-0.0030582766844103673,-0.0267913119741713,-0.016804916378102674,-0.019096569119188368,-0.015398310946496917,0.10685831617128544
2023-02-23,0.0001413130997201531,-0.0003201886159745135,-0.0005929567368346256,-0.0019740711672423606,0.0025785409630115223,0.00348087224660971,-0.018006865443650107,-0.005244889734635289,-0.0024554471223785586,-0.0332603353367044
2023-02-24,-0.0023063769233209095,-0.002732631060418264,-0.008753981120056195,0.002336800611330128,-0.0034674853678684737,-0.030430864238857266,-0.005373858558289121,0.0066219550545293035,-0.002598803690668268,-0.06083189591987564
2023-02-27,0.009915824889584705,-0.019714713046463543,-0.015173856311871257,-0.007841487166517851,-0.00733855909061555,-0.024142823952807202,0.02158166878514253,-0.0021005102113307254,-0.004194194796816341,-0.022088498276972932
2023-02-28,-0.0009444676364334722,-0.008567911168326644,0.004447583077498686,-0.01314209372212843,-0.002229372883734652,-0.008438212176665088,0.011381955824916173,-0.010020062396902238,-0.005115779048087727,0.010035950933523375
2023-03-01,0.010599395254098525,0.014517940629708462,0.009186534444217128,0.001488620883487644,0.00271327927753787,0.03882575197039373,0.011505247899536249,0.008832175030477823,0.008456491641293511,-0.07553555679566792
2023-03-02,-0.007605301292503008,-0.012716029058629202,-0.00863688109615376,-0.0002975469501058236,-0.005138259182594656,-0.0007944622239288392,0.02040636216084138,0.0011628270935685149,-0.007419626196212839,-0.002310338544995662
2023-03-03,0.0211065802103458,0.0033460146781008455,0.0037804859156039742,0.001758509033470695,0.012819062340848045,0.03492778327487613,0.014793319970788655,0.016695394773703437,0.015606186138582535,-0.06284373157930762
2023-03-06,0.0023981797593974796,0.012090765924094879,0.009530549673150947,0.002212880737971855,0.0031244150180854023,0.002053308318185953,-0.0052320953584150285,0.019114492636860946,0.006633473404126094,0.007362008693138483
2023-03-08,0.005467515353767443,-0.0037845195430216403,0.008484759143659305,-0.004902792358846091,0.00372282237383429,-5.2788092531735593e-05,-0.0068552559601466195,0.008302989925003708,0.0024221155475668,0.014563311560275093
2023-03-09,-0.0077348367512473344,-0.010814707196854406,-0.0184728770490561,-0.004242977071275426,-0.010146017052890373,0.0006160887362624461,-0.011737949418327892,-0.009023544167468572,-0.009325598438082557,0.02224076901922725
2023-03-10,-0.018872104750247132,-0.0066404949422513414,-0.0031031562382354354,-0.0014069407628505743,0.0016402811307823575,-0.008313872462046437,-0.01036924523887197,0.0006434536647231522,-0.010096462811863625,0.05203930930504814
2023-03-13,-0.023005344180082023,-0.00947084656198076,-0.022669765766283975,-0.007439531820349985,-0.008442965123168516,-0.008992203758681431,-0.020041243978223374,-0.005970162864201161,-0.014962416687813755,0.19024432043908143
2023-03-14,-0.003882211918281571,-0.016616632592275065,-0.00890677609707853,5.178514118726424e-05,-0.005323001323768921,-0.012231504023324298,-0.010173321323180152,-0.007043275256003363,-0.006491706128142258,0.0
2023-03-15,-0.009173787068851075,-0.002372098379007747,-0.005160882527411203,0.003099189322406456,-0.005620100486531565,0.017811003846083515,-0.00857924889171532,-0.00042866989517292446,-0.004183422059139645,0.004920054652610031
2023-03-16,0.002074631286112104,-0.006962703123826234,0.001862812870539595,0.009346801773347702,0.011334487864464619,-0.026110201957429427,0.011035490116331995,0.010114498920975344,0.0007921148752918237,-0.004920054652610078
2023-03-17,0.011825257644343444,0.01175503274974279,-0.004802302747035747,-0.0057260330631909405,-0.002513617396146823,0.023632300996591738,0.029890937592885365,0.0016629906626943398,0.0067155298897271865,-0.09364687881791507
2023-03-20,-0.0059815829784177765,-0.014363900851020645,-0.009373408402854428,-0.0011011902275790935,0.00787712914644877,-0.023796777873704576,-0.010075651988741587,-0.003240195941048097,-0.006550651968001941,0.0806154137687138
2023-03-21,0.013443869617920134,-0.009825566529017457,0.0008445372199302743,-0.002536786484298835,-0.006649622846628416,0.004313576639896986,-0.0007597513049551486,0.009132173035122013,0.006986182644570191,-0.05984418378427299
2023-03-22,0.002612259953760924,0.001871150193779253,0.004880154492333561,0.010342820709405625,0.004356710927688098,-0.00039135918886326095,-0.0010140036713258067,0.001878189322037944,0.002592013577443892,-0.018066700907487236
2023-03-23,-0.009599967906075497,-0.007768158795941574,0.00035650240552559886,0.002222121432437456,0.003495346566280308,0.0010008917692868745,-0.010837105186587004,-0.0006132618053450873,-0.0043822814890137705,-0.02184391607629955
2023-03-24,-0.005607926761122729,-0.0022740591773224377,-0.007590761636204933,-0.0021668757763832086,-0.00459327890421072,-0.022989342663884946,-0.02360673977557837,-0.009171360411737809,-0.007750894050448838,0.050464794703264024
2023-03-27,0.0009121082825016095,0.00046881095702420506,-0.00648496226761043,0.010779345745032858,0.002836629860583998,-9.269653118783892e-06,-0.011617356833403814,-0.004380866620418038,0.002395965721106003,0.013685455758448845
2023-03-28,0.0034582070130840335,-0.008838956563517835,-0.009781664472536852,-0.0008039926943274709,-0.003186224916542118,-0.00795102703815776,-0.012156953856125025,-0.005598751949027412,-0.0020036899079230227,-0.02291422191468162
2023-03-29,0.008612494367662786,0.01107450876290064,0.016918536132761893,0.005819690348031413,0.008343489278527667,0.024077969762685784,0.024299128147714483,-0.000705905184685047,0.0075810476927372725,-0.10242151497908063
2023-03-31,0.017350421265369773,0.024240299395413473,0.010055450964549885,0.006222992157817094,0.010583001916923787,0.006798928997262944,0.016135710414157893,0.01953692845363696,0.016205182818433635,-0.05194999745981423
2023-04-03,0.005020842726372889,-0.0022884286658737866,0.014759278202492572,0.004226735844234015,-0.003632547392411858,-0.00357167785288716,0.008995177447325408,-0.000374781355174357,0.002203867672376198,-0.02742039646885459
2023-04-05,0.004549394320132018,0.011949388095542949,-0.0055036125563131056,0.009393912739249043,0.013524697255929658,0.0033623970107361056,0.00510400487598999,-0.004306392776202115,0.00909744726853034,-0.014400273255068175
2023-04-06,0.0010202703658523248,-0.007365533565106576,0.00899826579354529,0.007564580273917212,-0.005452603024527673,0.005769090644313716,0.02798700280281558,0.004751371148751265,0.002395004471214228,-0.05040303928536612
2023-04-10,-0.005040619606688802,0.009585518065807885,0.011751694307019745,0.001985943900640847,-0.004336077396164175,0.007595742543163169,0.042048978742831235,0.010637447058890437,0.0014138632460749291,0.03905774839478173
2023-04-11,0.012940427094768902,-0.012677453546204125,0.009882236175826621,0.00010163118053353001,0.007812001744039612,0.017440491889236544,-0.0028520808567461284,0.010231431168346643,0.005559286811614234,-0.02391874155372657
2023-04-12,0.004617445414658967,0.010566182774492535,0.009385260068830515,0.022047848826240512,-0.003401036916187864,0.004804705763061275,0.0007138194649243975,-0.002755178949534413,0.005071088231309614,0.02391874155372651
2023-04-13,0.01373179970220625,-0.02224494340661777,0.004379241510280913,-0.007607861870781568,0.0021521403300659727,0.0025426121042871406,0.011234079864549266,-0.0007513321486946392,0.0008753891763391581,-0.02977892547490907
2023-04-17,0.003080749958529263,-0.048232562555715994,0.005981155841862062,-0.006052527770513419,0.010261651247867907,0.004272816830476797,0.009829196053915704,0.006359038853911956,-0.00681870678285114,0.029778925474909103
2023-04-18,6.26643321482048e-05,0.005860637541806933,0.0006883683748576827,0.0162932246707848,-0.003266295777157726,0.0025253638187137262,0.010309995077136468,-0.006522768594194717,-0.0026408372714739102,-0.01560610983942719
2023-04-19,-0.002634454818158824,-0.017807744038076015,-0.00019608113405978573,0.0014227755513084174,-0.0024721411501335954,0.0053171836799006935,0.001612118484507092,-0.002262144803796628,-0.0023470351496987078,0.005777952198926632
2023-04-20,0.0027362066737507567,-0.001886515544833204,0.0022892208821290584,-0.011154774225317876,-0.0035693369609724993,-0.0039352558177476625,-0.00426630935012527,0.0011155381187594247,0.00032342232975522987,-0.017435065569193425
2023-04-21,-0.0035905830310196166,0.006919287369105775,-0.010304290485290222,0.00483401524606494,0.008902831984863429,-0.013826425642131634,-0.02149116135003368,8.592441061116203e-06,-2.260734499433094e-05,-0.026306096449957565
2023-04-24,0.012217900462657947,0.007116148269010399,-0.00041876317056065474,-0.0073120346947473935,0.005840066431523862,0.004463491576853251,0.010569681489687642,0.0009463171026553903,0.006749146939408538,0.0034334764653570454
2023-04-25,0.0010021773285946375,-0.0010314775887467589,0.0008683029448586577,0.00018064345813237633,0.002315036818577761,0.006109365359905452,0.004894558398815903,0.007655652341747523,0.0014557975062981768,-0.012936757831903515
2023-04-26,0.0035411397821429047,0.0029305495676764785,0.005271056387920321,0.00010034337826007231,0.007108262503548929,-0.004374964605415294,0.013509831894200228,-0.0008534142558872534,0.002492753268886545,0.011221452263352166
2023-04-27,0.0039834989455577,0.01066708632214399,0.007606219571481039,0.004924501241811383,-0.0005773560338613321,0.007072494956795515,0.015138855532275583,0.0033262377234697838,0.005678996739265909,-0.019064642761264138
2023-04-28,0.005404954321621839,0.012819903499545583,0.00894488067254503,0.007527943678147527,0.009539482949185893,0.007902630937028927,0.005632548327404139,0.012332139424892006,0.008335179280697748,-0.04290206566246171
2023-05-02,0.0027303074037265326,0.011368598887592854,0.0070942402698079806,-0.0018766991730671371,-0.0013373687193228847,0.014142393045460255,-0.0003370459970081665,0.01307631149724031,0.004564732669242972,0.08319892921740296
2023-05-03,-0.0009093044952446459,-0.010086379358015247,-0.0003426567371899531,-0.0002780304385214054,0.007728127403248917,-0.009866604334529414,0.0028053656187046524,-0.0060815456161582016,-0.003190111363585117,-0.00505472571785329
2023-05-04,0.008569200325486675,0.005013739305368407,0.001050025828905492,0.005376137174001901,-0.0013162445494497002,0.012082746788686437,0.0004480880381620941,0.005892363263911039,0.009131894646700034,-0.009334018703002964
2023-05-05,-0.02372525310222511,-0.005871986520977913,0.003998000755293346,-0.003665505529126638,0.0026764810483180545,-0.015040319568886766,-0.003028789417859996,-0.003986339266714372,-0.010285117822267788,0.04744965424492379
2023-05-08,0.014493227979497045,0.007224932737892661,0.017709319433503023,0.004332959711561705,0.007284648325680503,0.006625115177323588,0.01626962198816449,0.00760877567924696,0.010756068652657526,0.027267137995050192
2023-05-09,-0.0019854176209196744,0.007299363021847742,0.004718592078366906,0.004223884037030397,-0.0034950388751073583,-0.001506493704563228,-0.008547548465804876,-0.0012669117626450612,8.479678637020549e-05,0.003159557196248903
2023-05-10,0.0030718520328054146,-0.001200699217934734,0.007470986493680092,1.574258523313575e-05,0.0056539283719222715,-0.002530246312439779,0.008547548465804787,0.007023244131439441,0.0026872067245805376,0.03105836711961193
2023-05-11,0.0033234925827626636,0.00036480925774396133,0.0038396824028052896,-0.012649602947189269,0.0045462530277312835,-0.0042687799434422665,0.004741683652877808,0.0019574089443230823,-0.0009887229108728535,0.010646514426208722
2023-05-12,0.0072935853999033864,-0.002622452398097255,0.007703656273177204,-0.005618151787623863,0.0017532968252381527,-0.018523867531706366,-0.003526576531884807,-0.011427735665296541,0.0009724068345624825,-0.028387013594802463
2023-05-15,0.00634040053149548,0.00487599235253357,0.006973908220925407,5.607371607039236e-05,0.011290309217723936,0.0019047545618767242,0.04226060998070684,0.0,0.004578622613795238,0.024597680520611512
2023-05-16,-0.0038283834403819313,0.0017949047951660907,-0.00933460950344776,-0.0026381638280729676,-0.0020310698561064634,-0.003214668189032483,-0.0007411065856764431,-0.000515870757050814,-0.0061250587396132535,0.009070348306602373
2023-05-17,-0.0046802456978711085,-0.009724289244236331,0.0008787360693842813,-0.004502488851274744,0.0005645165838533268,-0.00894292897475237,-0.0134345092370323,-0.005284934567213921,-0.005744738948538704,-0.013636598267047328
2023-05-18,0.0012258652093733874,-0.0018052476000764873,-0.008836702238294669,-0.01275998132719331,-0.01107987194988853,-0.0055543683342526564,-0.024008513845415132,-0.008782805144779216,-0.0028531199312594804,-0.02393008576102246
2023-05-19,0.004949701189467548,0.014631129309400531,0.006937796432345074,-0.009611953969286924,-0.00030790169237171244,0.0029234140755857877,0.008648610817127337,0.0013159925869245732,0.004043187469679982,-0.03984590794146141
2023-05-22,-0.0019190115672923713,0.02455676398123661,0.001942073605309024,0.009844792192085103,0.0036353835996895244,0.03144219630587921,0.007060258326400306,0.007343330882774531,0.0060792457091855085,0.02171372043877946
2023-05-23,0.0015789623248502675,-0.004616430254139537,0.006608518309811896,0.005700712461630963,0.00135581295942162,0.02557783289496642,-0.0007579581253486429,0.005435402846535492,0.0018329197446846867,0.0031771244265476417
2023-05-24,-0.006312708266810048,0.0005921132529371987,0.0005004969463704294,0.010200192095998518,0.004802273721587309,-0.015683023870743433,-0.00010836442815692069,0.002361107483323444,-0.003417628155656871,0.03888514883715674
2023-05-25,8.12020479102275e-05,0.0013126779328617142,0.002848087065794287,0.0012090164386294596,0.006095224261873852,0.0029673193457488392,0.011096315123571825,-0.0005627757500207702,0.0019532029433287895,-0.04604786935320963
2023-05-26,0.007676294737785179,0.014657651213158257,0.007169801584606943,0.011657514336883624,0.01461368402823645,0.010645487618511877,0.012456856496986173,0.00692195256630399,0.009679423693686186,-0.050789034173341775
2023-05-29,0.006654587569326416,-0.003949113439781075,0.006289209968167016,0.001795815522805506,0.004720097011916129,0.009357352416882814,0.007694424078203497,0.0009237236826465528,0.005353443226476252,0.03306090982406745
2023-05-30,0.002804634605837507,0.0019628732761579316,-0.0029404070597497485,-0.001545846515800847,0.005923998122713299,-0.009163634893523545,-0.0021021659503830943,-0.0017801522491296034,0.0018907797884415813,-0.023859622735774112
2023-05-31,-0.00695999794844743,0.0007540290178276606,0.0014906795386179954,0.005830013119780262,0.0022663702707554473,-0.007863670227318171,0.007547154452133118,-0.014247412710190544,-0.005351312266430236,-0.003336113271444255
2023-06-01,-0.007687835184272107,0.004305217145581508,0.004076474579603359,0.010544867122794115,-0.0008584879372932967,-0.000993627595180034,0.010801958527866634,-0.0021068814053459713,-0.0025201353688439534,-0.03139841088041298
2023-06-02,0.0033661407464229674,-0.004018748555009692,0.009188185061693074,0.006829135619192041,0.005664420711539649,0.012128288984867933,0.01405368785648267,-0.0016635471480432361,0.002503906967370625,-0.04136095542798335
2023-06-05,0.00372099032800276,-0.0030529346598871156,0.012545579371345799,0.002624368444050457,-0.004499404633045222,0.0033355829259935775,0.0034573589452392283,0.004865026509981561,0.0032186023111129003,0.0008980897483998642
2023-06-06,0.0014252874816249176,-0.018979340215880245,0.010870506962257626,0.0060430430819614165,-0.0003917850680528757,-0.0014149645404247096,0.011807001708670432,-0.001440199436693062,0.00027695595857881204,0.021315173436448235
2023-06-07,0.002504528353107374,0.007799960121861341,0.0060882347808265775,0.0025135716500822407,0.011125536195031623,0.015018710801046853,0.01572639963856602,0.010745527021582553,0.006826497990157328,0.005258510517365191
2023-06-08,-0.006345303578787254,-0.011220037292899335,-0.008637392390526138,-0.010348035572608062,-0.009068389064831825,0.0016412087610250185,-0.01602739577268607,0.003717394841282783,-0.004916887367083021,-0.015859306233342047
2023-06-09,-0.00014207088224336455,-0.008279755807085369,-0.00450236110866142,-0.0039033904251800995,-0.009205643970738718,-0.004683246337731922,0.00040134886578997985,-0.001880768155596122,-0.003825505177262602,-0.012511364507540972
2023-06-12,-0.001018973164275824,0.015003966092398449,0.003266204608664916,-0.0003888463426239913,0.0017291302532321904,0.006099519528187338,0.01404473050183191,0.004110400489147396,0.0020503013499982166,0.011622850119442326
2023-06-13,0.003082167883316617,0.003997723197104247,-0.001060256848189253,0.010653970154202745,0.013698364851284277,0.008415374027825369,0.029626045151828567,0.005348404668172098,0.00614458574708609,-0.012522555901029096
2023-06-14,-0.0020859279334045733,-0.0015323523669293151,0.0016632286731849753,-0.0013053399213169457,0.005912977642479231,0.01411419890446853,0.0027808660700005786,0.009763990158182785,0.002121582036807868,0.004490370531014703
2023-06-15,-0.012453288362431057,-0.0054227690853903485,0.001711395014241992,0.014064355178755516,0.0053663381989906625,-0.0018844238043550354,-0.007593657997743774,-0.00021310299686171617,-0.0036214536561356998,-0.007194268847012137
2023-06-16,0.011319346554957662,-0.0038472188902194293,0.004111823513851162,0.006162347498755152,0.007536883798799899,0.004575999196496857,-0.0021250594958627063,0.004043264854175165,0.007351956368470602,-0.02189866434552886
2023-06-19,-0.0069519941648089716,0.004171246712632312,-0.006231946227140046,0.0017127960855242072,-0.0060508103706882425,-0.004503425383505386,-0.0072784060020941056,-0.007876716997282963,-0.003754557931873424,0.0353457178999064
2023-06-20,0.003037751083869339,0.007720491789834617,0.007395926650395241,-0.0019469722414212254,0.0007833584421846098,0.006931655514790443,0.004858152031896301,0.004874197538429534,0.0032603966930515953,-0.008944552418123733
2023-06-21,0.002115800596355233,0.0032748189525257715,-0.0005378413032743679,0.0006683079776097546,-0.004427510497166061,-0.009473773296588196,-0.0033008790590337866,0.008337312898013208,0.0021314905059401927,0.014273199213086011
2023-06-22,-0.003067859054753736,-0.007419138964237513,-0.0051289867753901534,-0.006121689676740623,-0.007274971869074512,0.0005170486938533733,-0.008006362963998719,-0.010411712841743668,-0.004549778379793411,0.022768078698901156
2023-06-23,-0.0023344200920940887,-0.008954913472599805,-0.010385561504251387,0.001476119498175596,-0.005329585714277382,-0.02514821915820534,-0.006195002758082306,-0.01126700152433762,-0.005649543898520234,-0.027206629379251227
2023-06-26,0.00041603306232032886,0.0012529253107368093,0.011456263658598916,0.015225172398754639,0.006825799259551962,0.007574089859449085,0.003249781630567606,-0.004347260909259337,0.0013758829522746805,0.014134497835800324
2023-06-27,0.010948952922037057,0.007320118633332776,0.0008184517949722991,0.002856617053223735,-0.0007051665050405822,0.007296849473595547,0.012312033614996453,0.0023994000050155772,0.006729211402828641,-0.05592078122810321
2023-06-28,0.004664845364139417,0.0014867201732484939,0.007483817781909237,0.014481002822405978,0.005697013727167297,0.01351863234456372,0.004650767942651782,0.011040385685259776,0.008187463868637099,0.01015242776120307
2023-06-30,0.009420222650310686,0.0246562502301459,0.0204821443136672,0.010569552856587828,0.005790330772479715,-0.0003139586981792233,0.005302494949820584,0.0057684644621160165,0.011370386219451868,-0.008298816680482966
2023-07-03,0.009137440357804626,-0.004685696695765009,-0.0026971727170893036,-0.011212067128739856,0.010420706813411467,0.01062925308318986,0.00747206143931559,0.013049958038163658,0.006933003527425256,0.06627310598351392
2023-07-04,0.003169323194759028,0.010313695716851616,-0.004764128464765584,0.004503593787017415,0.001388847325833744,-3.9838572863114435e-05,-0.0018149924718760737,-0.0032305630857885036,0.0034330468644171055,0.013769567727261917
2023-07-05,-0.003308860080453837,0.003760179193553351,0.016285018100985017,0.007035276663500229,0.01803950632202344,0.0027212444682118667,0.005625246475778143,0.0037859599999017935,0.0004898485434720244,0.01526749806598757
2023-07-06,0.004157241576324144,-0.0012289089219858242,0.011179322392545696,0.007206010922679039,-0.00019621722173824197,0.005238751877246563,0.0222826411291487,0.02135819882007969,0.005080291021865595,-0.003372681224222435
2023-07-07,-0.00919297238740138,-0.00824555591108672,0.0029173329091772724,-0.007423867936721144,-0.015429298579773827,-0.007314837893281426,-0.011878688879217164,-0.009580338623844706,-0.008524585713268293,-0.02653133122186327
2023-07-10,-0.0014289210894276783,-0.012448394221213636,-0.006190509699293154,-0.0012499780292795281,-0.007703985449545034,0.016716619766809077,-0.008504255718096715,0.006512143130220447,0.0012458539412885826,-0.006089596506187349
2023-07-11,-0.00258467004267641,0.004444702449486708,0.013813598628208074,0.01038816779255784,0.01226361655656371,-0.0025089787126249554,-9.499184467407783e-05,0.00871785510989109,0.004304651710725516,-0.04005874309217031
2023-07-12,-0.0023628618302310627,-0.007075317407203054,-0.000163279717685636,0.002967784258550349,0.001786550918966786,-0.0009189345286693803,0.0025591912678033365,-0.0007584479680791521,-0.00283845407345589,-0.006378212885483117
2023-07-13,0.0005733543819480937,0.017368300500070013,-0.006115414375930511,-0.004325311454147152,-0.0046948082498932025,0.0025818518001547875,0.01017142587426758,-0.014353127195430688,0.0015180775225879406,0.0
2023-07-14,0.0034475335650226897,0.04350100862886494,0.0036274658481902904,0.0049673086625478275,0.007959010479371564,0.013970022439199346,0.011552229121992497,-7.501507340056641e-05,0.007735121594226721,-0.024052896531086443
2023-07-17,0.01396845240404614,0.0031006350344469527,-0.0031701125556289405,0.007718060511345495,0.00033485702235996954,0.004795631299550386,-0.00027785145801132767,0.007429174871509011,0.007482946045497489,0.058198183709485596
2023-07-18,-0.000856222371578045,0.010560465416561865,-0.0008376127345256147,-0.0026041124212114863,-0.002452025692038181,-0.00831063081045849,-0.008560648853642359,0.003572943164492171,0.0019158704007220429,0.033872135051221386
2023-07-19,0.005675219151024789,-0.0005611699859242106,-4.1861288879899566e-05,0.005368201420404787,0.003306305351482028,0.00430294908427757,0.0020538405437731735,0.008086191184784382,0.00423928389630214,-0.00943804986962702
2023-07-20,0.011269857428611798,-0.006643327579258926,0.004107390819160887,0.014543278630493059,0.013408117524738349,0.001651290591701273,0.0002796650252724268,0.007035450419452689,0.007334449485705515,0.016246580316103564
2023-07-21,-0.0024213469270947235,-0.04179438555473548,0.0008566407062954713,-0.0017533872846210413,-0.010047598435042548,-0.00664477863063756,-0.00037301793394367534,-0.006168290336888313,-0.011788954585924888,-0.025774639373169306
2023-07-24,-0.003307640660877903,-0.0009244509948409124,0.001743161360473549,0.004058573956695409,-0.017390452436524897,-0.007283183410907682,0.001956765270294867,-0.003612866866665244,-0.0036862180542648424,0.013829075326952489
2023-07-25,-0.0017010451765266657,-0.002761494279442466,0.009435057075951526,0.0035660605962146027,-0.008673766405584586,0.02898688246990094,-0.0040106836676515045,0.012690047684926353,0.00041928243166748923,-0.12900455000790675
2023-07-26,0.0047298059187539645,0.0013179645313699162,-0.0001490450434100435,0.006590068106776276,0.010445902816047774,0.0032301095386826485,0.011799227762419106,0.008210461894747166,0.0049520574860006375,0.021256865024095333
2023-07-27,-0.00835068908033899,-0.0018607787082419711,-0.012206851695569912,0.030044853445697205,-0.006935948706734892,-0.0035491472624995498,0.021020698169610625,-0.007484110452023772,-0.006004368496797154,0.004768744382674104
2023-07-28,-0.004634242804489082,-0.008601350398634494,-0.002192203935277182,0.002851142858377846,0.008802161193198193,0.008962158516647863,0.01810416310514458,0.012792523791266976,-0.0007047080421790248,-0.03583917464509285
2023-07-31,0.004016721827411335,0.014749806674252706,0.010891081555272129,0.0019763573248577177,-0.006196921779548678,0.017524202561167674,0.006727453454457353,0.015762084975999468,0.005469577389253641,0.02627883594776256
2023-08-01,-0.0012845080543512574,0.01196356086242813,-0.0012325869285690436,0.0006100941563386449,-0.002581430127223027,0.0017666175184478012,-0.017891772270690897,-0.002617636392394085,-0.0010256449710540406,-0.012566633917605183
2023-08-02,-0.013176317022579312,-0.00812342085113412,-0.016698320983447906,-0.0038670940660060684,-0.0025259746654543885,-0.020398168536367542,-0.015021524910075646,-0.016226690031268243,-0.010545154493387934,0.09283098834569214
2023-08-03,-0.0107755391414209,-0.0024143815959790896,-0.0031874520636987155,0.010372018292392258,-0.005867000910328549,-0.004722103885504858,-0.01793893754213312,-0.004964422471814218,-0.007448355676119346,-0.008010737572570906
2023-08-04,0.008189747187567145,0.015394125726673131,-0.0033476049873342284,0.009347389683493195,-0.00022481582606000402,0.003130369340390541,0.0009278159458466068,0.0011510932095738298,0.006959118337332752,-0.05700071381431001
2023-08-07,-0.0009362774740161744,0.011211370584655761,0.004069108648192863,0.01551125247174511,0.00041972535692034237,-0.00011324985739742573,0.005825460726690925,0.0005426674648288855,0.004105960861445235,0.0489253716746649
2023-08-08,0.0028273173226376906,0.0014836400022161592,-0.003074717932985941,0.006391341153627764,-0.002848193837400235,-0.011749264513477818,-0.0017533566788505081,-0.003495378397598113,-0.0013506471779916257,0.020508925621185694
2023-08-09,-0.0018643193475417655,0.0037270847807387834,0.009247584263678228,0.007568271866651359,0.005412462341187772,0.020125282703226652,-0.012453601792125958,0.005847323764752076,0.0031477485221408875,-0.016911802988059537
2023-08-10,-0.007579749169349342,-0.002363834363302846,-0.0026769529176681197,-0.0074270490302265485,-0.009189490390332821,0.006782982299236796,-0.0026220155148397625,0.003442802295599046,-0.004566679886024027,0.023071056620136435
2023-08-11,-0.0077236294273555234,-0.0015513893692203889,-0.0043279704827060925,-0.01455926531971204,-0.007313729679625313,-0.005137100769397461,-0.003945844160904033,-0.0019398536208216847,-0.005891456761763215,0.010471373065981672
2023-08-14,-0.0024499339821140898,0.0067827781635085415,-0.0032990427022049035,-0.0032679832179859643,0.004908883144297417,-0.021595407973422746,-0.006611281804032033,0.0002976530497622542,0.0003216439248586792,0.040821954783826074
2023-08-16,-0.003283854295877549,0.005886786774070218,0.006344218509990825,0.006083838794148088,0.004080462331994104,-0.00949352624056245,0.010932137134123976,0.006279639394157949,0.0015655309306883672,0.010775082602494029
2023-08-17,-0.0012533764174591517,-0.004878595933067455,-0.0016707628565160557,-0.00262374773573055,-0.008949410277801603,-0.0005553735127449678,0.0012176731144176675,-0.010407499739837083,-0.005137758290060533,0.009027525994189035
2023-08-18,-0.0009186159258807088,-0.014794853027773306,-0.0004871553472329699,-0.005677477653006654,0.0021591453507422897,0.002034838320432333,-0.007328724756694264,0.001341090975634742,-0.0028493381372506382,-0.008203444473038885
2023-08-21,0.003436405815228699,0.010839881351395098,0.0023264362161089206,0.004041823068177102,0.006473736763325281,0.012959033627838429,0.009853220766217662,0.006070397112190137,0.0043122099570484,-0.014938062199612709
2023-08-22,-0.0001988743717153192,-0.0011383965896300185,0.005191508888099296,-0.0020074462264512145,0.0065931795480298405,0.00847667960561257,0.002145354849240019,0.0022553796900305046,0.00014692476375842436,-0.01771451112186392
2023-08-23,0.010982096306049152,0.0007019391245168557,-0.000632186130195133,-0.001314340154205596,-0.004870677319562654,-0.0013348616195263641,0.004277177749132784,-0.005743777888358721,0.0024485198272942723,-0.001703616949820546
2023-08-24,0.00038546534485323823,0.006062628132446022,-0.0025066591986343863,-0.0058636888294377855,0.0028568534458137166,-0.0034319690180766938,0.002039069315358279,-0.0075711347260782776,-0.0029513155310064644,-0.0025607981387621697
2023-08-25,-0.005967717850931622,-0.00637145855292166,-0.006209701530440954,-0.011115889611545355,-0.010236346777886672,-0.012726696100801963,-0.013141505518528215,-0.007274840213592487,-0.0062556798015631025,0.03196236068935967
2023-08-28,0.005932865249995644,-0.004569805263217088,0.007240923696380422,0.009050289313554094,-0.002254669640096045,0.0021374529228355564,0.009338007691884151,0.001315495642099224,0.0020870149074536447,0.02614525565635826
2023-08-29,1.3519792933261855e-05,0.002999732821816164,0.006675486157414152,-0.002688000198532979,-0.00326954201370685,0.012684640134281605,0.01677454187683464,0.0015689531349246226,0.0018939637920959618,-0.01380452957779526
2023-08-30,-0.005920332793684393,0.007676326117293002,0.006347349509013142,0.0002909676269647738,0.005655253722817096,0.009191776984507596,0.014067482829585946,-0.003752702423136536,0.00024806491573087567,-0.03579236463391733
2023-08-31,-0.00551913202767963,0.0019592482510605845,-0.0005007989024537733,-0.0019588515725367447,-0.008204274359008942,-0.0027666658821194,0.006467928731523932,-0.009136767345991536,-0.004852103039648143,0.021794678457536236
2023-09-01,0.010109260226866475,0.011150511196007592,0.01633337878595268,-0.00558666415097412,0.0028896143162982493,0.028372730164485643,0.009357939635143182,0.0234355636468186,0.009382556025202547,-0.058915928395846244
2023-09-04,0.0031949737563430865,0.0204032506039926,0.0009600812090900054,0.0027141623002118584,-0.0013426130238805146,0.02252213018988382,0.01146599211902296,0.011333832282095953,0.004799298621963187,-0.03672601269684766
2023-09-05,-0.0010358459256198218,0.006240649503322685,-5.3289848829354256e-05,0.010944657735259341,0.007334505001423206,0.004570653160144139,0.010555316912047887,0.004119801770739072,0.002357814188949651,-0.012856039786883263
2023-09-06,-0.0027669265611331073,-0.001638898492916416,-0.0013494855173753102,0.00896531305857216,0.009967960014213413,-0.007908520115647499,-0.009678739053325293,0.0028714069962980974,0.0018450694598145603,-0.013023383106989627
2023-09-07,0.010511092072095685,0.004201595488867615,0.004674594254039329,-0.003205944653381819,-0.004075336103158989,-0.0003652445932849353,0.014699027290604348,0.009017760419937902,0.005897607236551244,0.01763382849841488
2023-09-08,0.006176454289573154,-0.001008239440059892,0.006670115075780755,-0.003639178768967854,-0.0014435932072412259,-0.00046564774883648124,0.02101751662707254,0.013768840395311694,0.004698136818212182,-0.008314149894885341
2023-09-11,0.009132964058589295,0.006982991742396287,0.0167533357574045,0.0038874014122366367,0.008859156795644757,0.017966298752130606,0.008754182458465772,0.010100732916952859,0.008860770587058942,0.05152523682698942
2023-09-12,-0.0013031692663896396,0.010213258105712605,-0.018795461030617303,0.0012206952848345593,-0.003320120552373416,-0.027086437834465186,-0.03297138292404706,-0.025265448240961892,-0.00015756069892455075,0.02951596205154289
2023-09-13,0.008709181480549116,-0.0027692958062192985,-0.004621701570076198,0.0078174006446863,0.0030252335931659027,0.004199699967161626,0.006733492865026964,0.00921730023744902,0.003833986143147051,0.011904931952481665
2023-09-14,0.0019889473346230073,0.004814029308260407,0.010800475082663305,0.002608397841012402,-0.001541662635030802,0.014760231152661485,0.013841600716608721,0.005309411196735041,0.0016478497893743786,-0.04406762572505782
2023-09-15,0.0050014753910877,0.009326882336805004,0.015717264496394618,0.006066407827298938,-0.004768458109086321,-0.001576416480631968,-0.003910883694314142,-0.0030095839038305813,0.004429787863222843,-0.03780829157817041
2023-09-18,-0.0054580929130551405,-0.006785084471886111,0.00837233507150298,-0.005153265779029534,0.005830397783151641,-0.01114806911617829,-0.013809864863773448,0.0072182974179767325,-0.0029286010148227575,-0.005519744150001072
2023-09-20,-0.013030416140942079,-0.005457166404239649,-0.005096379033596991,-0.0027936000815158095,-0.005271734767177396,-0.016483671218801732,-0.01172855582369253,-0.003488710076696579,-0.011585098803333688,0.02640116548178256
2023-09-21,-0.016904370408570107,-0.0008881244897333731,-0.01709331562173184,-0.009978338518338329,-0.0048553720128697575,-0.005486889086459701,-0.012133126276381146,-0.007818341955128608,-0.00802404589005525,-0.028247930356106937
2023-09-22,-0.0002644850561006651,-0.00041468069943474857,0.0020933863308875357,-0.015644390168946528,-0.001242210155858175,-0.006603646133054851,-0.0066563369795813844,-0.004572122995385804,-0.0034553806166447805,-0.014897840789912029
2023-09-25,0.003447172038334627,-0.007862188724259644,-0.0007887506174329757,-0.003436708798617731,0.0006576059635346579,-0.001117161534887578,0.015112280687264695,0.00011436006028805677,1.5287950028248088e-05,0.022264349814237444
2023-09-26,-0.0031748961958367318,-0.005454580518780881,0.003489267821971896,-0.0023834098741500375,0.00522238757985607,0.0031116810205862673,0.0030652036740202323,0.0010656506797333061,-0.0005008515772894238,0.02625773058670008
2023-09-27,-0.0008047849670742244,0.0038007931600585166,0.0003163470282474363,0.011821029672085313,0.007993884442960644,0.0002951463294370544,0.007318402156108261,0.003570216667556323,0.002628162551917123,0.03512218569256332
2023-09-28,-0.00646540641249693,-0.022181881921230058,-0.011811513283951202,-0.009054803909365826,-0.019302392336519817,-0.009681794565613914,-0.009769748794153675,-0.006214283075159626,-0.009831803841213342,0.10086375717072228
2023-09-29,0.006381300096807636,-0.002990678867379065,0.005713144781253306,0.026251321330827058,0.005315124225267029,0.018788389493874097,0.009161967629230872,0.009524844692682352,0.005860311697675281,-0.11301671434567866
2023-10-03,-0.004169313569187289,-0.0021149187538141404,-0.012046814298952322,-0.009213846180657846,-0.0054758646789469494,-0.006056907384854985,0.004592864524728694,-0.01284483994933064,-0.005594042173129665,0.02926199797156134
2023-10-04,-0.009845818138615875,0.0029671627144719575,-0.013092982544615177,-0.01411294264512952,0.002236323187768955,-0.010655242783663551,-0.017443317232528642,-0.008735673157791328,-0.004755597219883326,-0.011087543477837043
2023-10-05,0.005654542748643619,0.009819147027114334,0.008423108366856566,-0.0030410261757037346,-0.0009958971641327898,-0.0025083801137826475,0.002899232277341997,-0.001879181542432047,0.005625729970019748,-0.06373840919826008
2023-10-06,0.0033249082932183165,0.006710388433293244,0.004673049866638875,0.00710121293862092,0.003755697052377264,0.0052476880656048865,0.03032758691780363,0.001624877615141412,0.005497568008546022,-0.060281844884108426
2023-10-09,-0.010744967608450853,-0.0010254698289605202,-0.009917329935546277,-0.001627437642924509,-0.0014560795931214993,-0.01452433975732071,-0.007946424539858795,-0.009724843814548512,-0.007207861089913015,0.10146940818465461
2023-10-10,0.010734752974331987,0.008042783189351399,0.012294006657706961,0.00018871460230863164,0.0058292098210927425,0.02025340474658037,0.03928016328221743,0.010482086019744138,0.0090556762901256,-0.011468953268613847
2023-10-11,0.0035273485795833917,-0.0006572254238951707,0.009135408554613238,0.004616375272730964,0.008658653628068487,0.00426618675583247,0.008377832305037101,0.009323940851698546,0.00615173136873013,-0.025158621080421592
2023-10-12,0.0018470468705989987,-0.01686751202817151,0.007753122702792513,0.0006323913683329881,0.002093322811688255,0.007444152697909806,-0.0018010247781730414,0.006406645152535858,-0.0008761245971014768,-0.03424674255134529
2023-10-13,-0.007003290747943073,-0.0061337370208647025,0.008748982857522998,0.003211547938457126,0.0029890001832891403,-0.006175182491114079,0.004251806218754425,0.0009304905997198312,-0.002172167428733089,0.0
2023-10-16,-0.0014020583910387882,-0.0018108979923360036,0.004514005733674407,-0.004625025852379465,-0.002263573260346067,0.009048779125998276,-0.0034327382886134286,0.0020823289260168275,-0.0009776805295215437,0.041499714114912156
2023-10-17,0.004142855525817454,0.0014005758640595444,0.0002058217048675816,0.003107660344642014,0.005013020023079541,0.0027857071558426766,0.0003274594021325783,0.009209743510934027,0.004033563661320618,-0.03399499551055167
2023-10-18,-0.011796544557655627,-0.005938358001831406,0.0007653417443513159,0.00781516157131754,-0.0042480441645548084,-0.0056082931268190295,-0.004676224268505045,-0.009637245872739168,-0.007112043473065063,0.02492057498669914
2023-10-19,-0.0030624013004157766,-0.0021093622575089187,0.00498288436830773,-0.003783698763183316,0.0014158141130649394,-0.00879517167488635,-0.0035420991064817322,-0.005791800595678921,-0.002361596586600212,-0.0064015443909965315
2023-10-20,-0.0007190237912254774,-0.002244147733791601,-0.007256399534063018,-0.010944611288215656,-0.013283729388389865,-0.013399056784803428,-0.01086930232594849,-0.004934867239642142,-0.004189660467809165,-0.007366509024325447
2023-10-23,-0.013165231862780173,-0.01992914604668294,-0.013424781734932672,-0.013025354707458461,-0.007781590431118354,-0.033130029408648766,-0.025259972266043866,-0.018951808320431873,-0.01344022395196905,0.008283540645372197
2023-10-25,-0.007424722225045077,-0.010358713865327843,-0.0041491559213944,-0.007505470586546394,-0.003990649644866236,0.0014848690631446804,-0.00962874798574321,-0.004590937822409294,-0.008311683270009834,0.036007541370494896
2023-10-26,-0.012967814961403716,-0.010035269376860223,-0.016006086774675132,-0.010296001124985665,-0.005398515950422692,-0.01637031683171938,-0.01208029713298633,-0.010826191451642323,-0.013949914095014037,0.03646229641093082
2023-10-27,0.011799781563020518,0.012299264887822091,0.013455108607147229,0.006121776552986826,0.008870797441849035,0.00856742472299797,0.019310509816390646,0.018173288441574398,0.010025278863763394,-0.07246983778142584
2023-10-30,0.0059926769041118025,0.0013488019581194995,-0.009051843435981184,0.0025140274923632173,-0.00417839887365493,0.0022985908820012226,0.021130256364026496,0.01192775849764349,0.004904693073893485,0.051797286081652336
2023-10-31,-0.004499023693386043,-0.0019192061196711084,-0.00671581572050761,-0.006242488681460929,0.0015989793490762034,-0.0023993076014817297,0.012599754012666574,-0.002082932921356175,-0.003207746304394414,0.029161599600529
2023-11-01,-0.0033899566555351656,-0.0077929720468505985,-0.005073718602091274,0.003507925966184279,-0.0034157354968977153,-0.01444729531261608,0.015386777870652395,-0.003959718907761726,-0.004751896973195711,0.0184260042241801
2023-11-02,0.007378867618745069,0.007809321266175694,0.0071104585166733136,0.006709609283394787,0.0097627350238119,0.013904718541119694,0.02491765036587511,0.010499781864358971,0.007559875254064636,-0.08392300133188062
2023-11-03,0.006974006718013384,0.006427354080997004,0.006048017837793557,0.003223729059650769,0.0060392200210789455,0.004671956704281165,0.02508882701423309,0.004625645989475439,0.005075080802081226,-0.018215422487139386
2023-11-06,0.0069279454279152055,0.0062507391000839446,0.007905498675540542,0.012682688340849877,0.003350722716936128,0.01348303576846175,0.011966944586954006,0.01331647436275595,0.009375812778954773,0.02091932080313683
2023-11-07,0.002712997698476701,0.0002792495739162431,-0.0017947492942852466,0.013146107326183883,0.0010421845747785267,0.001483572539977944,-0.013443781691945739,0.002163472223891391,-0.0002602258142791332,0.007174912075174854
2023-11-08,-0.0018135732944865352,-0.0020808291947901642,0.004761379393012325,0.014657872367361895,0.006218858294420829,0.007490627405325431,0.015054131033922082,0.004153733865749234,0.0018944969651071763,-0.013495447430967466
2023-11-09,0.0005713872880284785,-0.006473627823689579,0.008257634639611313,-0.00034853485565834,-0.009042715020929997,-0.004029947036139813,0.012260730092406458,-0.002938435605716227,-0.0024820150223140987,-0.0054496430029043075
2023-11-10,0.0031198704933572217,-0.0025636455834100952,-0.004203156079162202,0.0015899198846909093,0.0017884231184691734,0.007006061312637568,0.00226808905783875,0.0070984352263737185,0.0015480850435944918,0.011770178358696873
2023-11-13,0.0016223317013714822,-0.00010448558406476953,0.0048143918407756335,-0.0012478126013517625,-0.0009692300086221978,0.010187143404049546,0.0020369463246475653,0.01176447263013026,0.0009365417093074231,0.007174912075174854
2023-11-15,0.007048248621603333,0.025571278204585057,0.01715689462175622,0.0012317005906529858,0.006854751667064942,0.011594518470032726,0.029114534080368928,0.010147422843074884,0.011856190289938534,-0.004478219506518805
2023-11-16,-0.0009087135265565869,0.02649964287307967,0.00839785474447789,0.008653315249714527,-0.001484379164165732,0.0,0.009181043739437426,0.003355646690809009,0.004551150068331243,0.04476388194947035
2023-11-17,-0.013165573290044663,-0.002544029374826,0.006921035748182871,0.00975353251106359,0.008573127432011053,0.001691637122981941,0.0048479334493764644,-0.004762141358857809,-0.0016911889743673853,0.015332524273576596
2023-11-20,2.2943963224710202e-05,0.005941974890319936,-0.007612183952732598,0.00014235438356904857,-0.003912405094011278,-0.004765979704426429,-0.002457198883281796,-0.0008993371454544581,-0.0019175662679732529,0.026690466848768524
2023-11-21,0.0023878624026896504,-0.0017771903562710666,0.004923031767681419,0.010206041175482057,-0.0015978921553675405,0.01213164843155939,0.011224737023669369,0.0024380865362918004,0.004529201141300913,0.006562773879636087
2023-11-22,-0.005498070110800117,0.007357123813890942,0.006626804768884949,0.006298616799399782,0.0042793060060771,-0.009020500685080805,-0.006964631398840986,0.005219781134307388,0.0014370018446946907,-0.029877713289120547
2023-11-23,0.0029392804605423597,-0.005967519009916546,0.0036083091280676755,-0.01582794864122301,0.0024992194159519222,0.005241946561922152,0.010250565997912037,0.003159372456079583,-0.0004972811112830416,-0.04744315316434201
2023-11-24,0.004387162554432283,-0.009794291053605214,0.00039906369023131347,0.00862714777461584,-0.004670833204253844,0.006699469253015013,0.002635287500939029,-0.0012632490139682802,-0.0003687570669664962,0.000883022490070546
2023-11-28,0.002552142661924442,0.0019743190411365126,0.009485216587497396,-0.003402956411498751,-0.0016636804717481285,0.018363274924476827,0.005674176413677614,0.0240170275799627,0.004787784883390938,0.07234121903111772
2023-11-29,0.015501048944210703,0.015137747760091802,0.016128221140963784,0.005631791616678128,0.0044850967668231155,0.0021044304520289586,-0.004963141128714872,0.002011461207507523,0.010348656573869122,0.042593800865464604
2023-11-30,-0.0019023235738802606,-0.0008038328667880939,0.003961859304966489,0.015439866198404598,0.00545402539330574,0.00014967994718513388,0.014325728876955266,-0.0005784050206685519,0.0018171025823992028,-0.0015748395431240592
2023-12-01,0.007446043357425682,0.0005062833053234932,-0.003584319732548103,0.001117026327316103,0.01567704362543679,0.00986218781173011,0.013155812124840424,0.009000185896049175,0.00667064331563437,-0.024731972159108023
2023-12-04,0.035450884792819264,0.0020486433501033874,0.011269025554268439,-0.001763830965422899,0.007146908818601738,0.0161799656785485,0.02012665464494079,0.02574016822325986,0.020457480483773903,0.04809753656219317
2023-12-05,0.01243228520385516,-0.005722672634105723,0.005910475573056882,7.702249337406732e-05,-0.0023406087735734892,0.030195074590494326,-0.004619292868990555,0.031844422567472296,0.008102650447744338,0.035542513988021496
2023-12-06,-0.003787010950670952,0.016593865838452605,-0.0002079351759153979,-0.003710008550295673,0.010143230309214926,0.0002626746795134336,-0.0029320035962055067,0.015381578599134584,0.003952820545223537,0.020588943085455794
2023-12-07,0.00014619881238039066,-0.0018489279096692865,0.004428421658340126,0.007679396447403868,-0.008993476330599935,-0.007502468313319233,0.0035446193703914737,0.012238782169473073,-0.0017471243957791426,-0.08107426978146726
2023-12-08,0.00893919603986232,0.012999960787705489,-0.005514031340999306,-0.008075244249004524,-0.009958330408682985,-0.0009435028529076549,0.005293564331466394,-0.009130142206995389,0.0032600507599202964,-0.01591121924902684
2023-12-11,0.0011049286753463932,0.0036274657761107654,0.0046714234850543995,-0.0076545916492970125,0.00632910932047521,0.010376688093668068,0.008425217360014102,0.003967532373926794,0.001320063516009915,0.022989514748449166
2023-12-12,-0.004590519352373194,-0.0006074354716652686,-0.007071700155758792,-0.004774526133368971,-0.002595185185682326,0.0030733403459177757,-0.017604896124892598,-0.013197623827661868,-0.004328963470418101,-0.003926207651393605
2023-12-13,-0.00011255531303025591,-0.01283811171089677,0.010739539908891422,0.011144508645740346,0.007003144371248608,0.00875210330565406,0.015925521828340946,0.006588351710673323,0.0009537608817135473,-0.05166607837708433
2023-12-14,0.013499889987558984,0.03438303095849925,0.007071217255367386,0.0008235657947649293,0.002691141079339689,0.00609834123695049,0.038058971672294536,0.008255167811602146,0.012175662163725103,0.020500923508998185
2023-12-15,0.00857885516565085,0.0445493226150493,-0.0003769489588414376,0.0014905978777013267,-0.003228999518498363,0.021046407902140667,-0.007144743418942795,0.015616689764186639,0.012849864921501506,0.0636757636960804
2023-12-18,-0.005746249976686683,-0.0027116610755965167,0.0016617510367130236,0.009372043212781744,-0.003126497129896854,0.004282762141944831,-0.009628337799123046,-0.0018248440292056068,-0.0017725827811074615,0.05698911566208804
2023-12-19,6.683237125910439e-05,-0.009588927212317829,-0.0075304359886474905,0.003612074107577051,0.01396244499224124,-0.00670318725740225,-0.005345296252581354,0.0157086473174871,0.001607082806947435,-0.00216058661700774
2023-12-20,-0.00893028652393494,-0.017234932253861152,-0.023080083189115305,-0.01660937836703295,-0.0032668050702478147,-0.03899241545376619,-0.024583489885612275,-0.02714016512841912,-0.014222122733049722,0.04096617528302375
2023-12-21,0.008287727445082323,0.0030178029355945853,0.0008156450545852595,0.007225158547964328,0.003755033520093918,0.013710007513228083,0.00918055315381682,0.017527352011874248,0.004947534816775346,-0.0489285522197448
2023-12-22,-0.007307062155857616,0.022467083919568073,0.01365100268589869,0.00957330340583624,0.005418361042628615,0.016954068882877097,0.025148142346176638,0.002748315090783269,0.004429103580375731,-0.0036403527824092467
2023-12-26,0.004894109067561939,-0.004058743819724313,0.009775527606301463,0.010210378429034826,0.00693308558240837,0.011323841918014228,0.002421594306597755,0.01320410766961534,0.004297627887901326,0.0683605476182677
2023-12-27,0.011610687193216155,0.006950338789863406,0.014998115491650166,0.00562034516241708,0.004781844374609164,0.013851044266252206,0.0067752065969470775,-0.0010126097452512566,0.009903547502138933,0.0582175017429891
2023-12-28,0.0046771406385845435,-0.0013817651012987687,0.010031899531763408,0.012226880277482335,0.013436564624362072,0.009965798073624545,0.009434704980138556,0.01520323528158026,0.0057075621422148105,-0.027363275032061034
2023-12-29,-0.004468994873993824,-0.0049615816432858175,0.011321629461082594,-0.0017243425486523206,0.008506386505616323,0.006495088903662835,0.007241485500475006,-0.00754132858316349,-0.0021741548367498844,-0.043191621259309664
2024-01-01,-0.0012006898670445375,0.005080650029609985,0.0,0.0015998090783836715,0.0,0.0,0.0,0.0,0.0004830551173010514,0.0
2024-01-02,-0.009847418918832469,-0.011631652435619375,-0.015090551724534376,0.024350083225869224,0.003893301007294417,0.005736822315925679,-0.005891756506475216,0.007016324696724429,-0.0035062758581720864,0.005502071921202503
2024-01-03,-0.0011878337933608964,-0.02547987456814158,-0.0011921161908593006,0.006088764167982598,6.643398388173144e-05,-0.018299750626639907,0.012193311040994304,0.0026046966953230297,-0.006875448193459907,-0.03347589690901841
2024-01-04,0.010237800466125754,0.0004054719810092464,0.0005048541147093929,0.0019198371947379068,0.00853833264455028,0.0005900348718021755,0.06545021018916414,0.011698970040114933,0.006543017882762483,-0.0561576959715723
2024-01-05,-0.0007649135191266647,0.012773613697194276,0.004366527079088612,-0.0031404561218571912,-0.0006335525743625298,-0.0014281319328359695,0.0036187716164778885,0.0007864419914445199,0.0024072823978970102,-0.053942183043702234
2024-01-08,-0.0148262429194308,-0.009719524839050066,-0.003087837196503667,-0.009414192771007841,-0.017395894918664834,-0.015981056461701268,0.0013019727594185632,-0.0021517919323601423,-0.009152465005292239,0.06364738162724251
2024-01-09,-0.0043847405357086006,0.0042731196062132755,0.009200041158956836,0.008705426660088047,-0.001761652810446628,0.00788157384061471,0.024881540142193122,0.0024601011770767657,0.001479387172036867,-0.014970325031890802
2024-01-10,0.0024989178309646905,0.0049470678478662185,0.0021197415471397637,0.0032001459039163603,-0.003970041929081154,0.009476883872599498,-0.001096663656387963,0.0030324772460638676,0.003421854015216792,-0.022112983102248778
2024-01-11,0.0016350352051615789,-0.0028489922985371983,0.010505480848085122,-0.0012276082528339628,-0.0021389439879677466,-0.0008249359658317388,-0.00040430393150016656,0.012909104189465946,0.001317434984659037,-0.015540313025290952
2024-01-12,0.005705837654604986,0.05015156161735389,-0.002129708433297073,-0.0019063333635424213,0.004563745032782647,0.0028146958660211223,0.01786474718240003,0.005541499093052109,0.011361703346499745,0.025513553435681867
2024-01-15,0.009356673695781043,0.0184545751721777,0.0026707690032705404,0.009923249026866404,0.0030324604388493456,-0.004345777906197406,0.0025505157716394886,0.013629966797143359,0.009224398809286917,0.051331429712000554
2024-01-16,-0.0006896146014280258,-0.012846213534910165,-0.002804359191770755,-0.011498139361068194,0.0017379078884237455,0.009838146539894031,-0.01678218793793428,-0.0074977670521811975,-0.002952587985615914,-0.01608223768115873
2024-01-17,-0.043762417116141934,0.0063320822258272225,-0.014287088094916611,-0.00963920358985137,-0.00878384656609886,-0.031763967796557685,-0.014261924216758209,-0.009474909008338264,-0.021115770473744744,0.10550790616275604
2024-01-18,-0.007646715930118124,-0.006239554361313854,0.002652700947862988,0.010279847813721469,-0.005452111936831914,-0.008412394399794673,0.007214381128922929,-0.007856450297711108,-0.0050982455047793645,-0.0693245080840533
2024-01-19,-0.00027134244125044915,0.00918031237499276,0.010666682375286349,0.003269082744594578,0.012201473253652803,0.013442943675892138,0.006932436775644896,0.011638056219920848,0.007434254509367264,-0.013595886112795176
2024-01-23,-0.015126531851827359,-0.014890721091710052,-0.018005841269843226,0.007579940113899664,-0.029865778307098467,-0.03226467801171201,-0.06216939416742063,-0.019074414687930395,-0.017900098054810153,0.06755092761322401
2024-01-24,0.001494996126473156,0.01545432971026754,0.012593921709686935,0.013796751978396684,0.015966775070140223,0.029194900934563617,0.0023863571635192268,0.016492882074558717,0.010079006802925212,-0.03216153068566555
2024-01-25,-0.004808313733847838,-0.016143269409716252,0.0011395846332294688,-0.013097807387434579,-0.011606890046479003,0.00142595127177263,0.006639700728973445,0.008809033025245678,-0.004735247364061254,-0.036110134175467
2024-01-29,0.01276094596054244,0.0009776845553798761,0.016640326330319005,0.005179692922992217,-0.001359272036040049,0.015948022761027338,0.012489270963674236,0.05043111192921179,0.01786996821930258,0.12265780830922998
2024-01-30,-0.0016430238045943679,-0.0041130576691227804,-0.0025869404745032737,-0.008745158138046006,-0.01029509093019296,0.0025783465128081276,0.003829988131055378,-0.01705077940668032,-0.009963166019046519,0.02643326129918622
2024-01-31,0.013770345632241544,0.007024077024120809,0.01830762086640872,0.02646389212229714,0.009066475988486655,0.013778005175419468,0.022560499467103742,0.009547973879297152,0.009415559590485083,-0.003110493643333507
2024-02-01,0.004162217244493407,-0.0028384184888132257,0.005267634559645155,-0.00555938543559939,0.002618661590674018,-0.010344206920072976,-0.009446472241257197,0.004415012589823222,-0.00130114950214822,-0.10432258267213351
2024-02-02,-0.004724404819613506,0.02135804726573907,0.0026764083585769836,0.007422294365298584,-0.0017655879997749045,0.023446083816640487,0.009446472241257182,0.031129973423096327,0.007180149098767169,0.01646126144080795
2024-02-05,-0.0031678453773811275,-0.004325728722393439,0.012042507867284643,0.01769516334340899,-0.0076491403824730545,0.003867090533725954,0.0076209540100477475,0.010543640890559196,-0.0037639297855089193,0.06070465627544679
2024-02-06,-0.0029448310619688512,0.028756115856172083,0.014603246938440631,0.010608922670633639,-0.0016393737458624354,0.01574558727448833,0.004048588526000111,0.0062199491144570695,0.007217294659854949,0.010824688766679599
2024-02-07,0.002790957870991246,-0.012591280132596628,-2.4532030663065768e-06,0.004145367152999525,0.0029950412078280607,0.0046504016277846075,0.01818858674559747,0.005770854480906012,5.014190025218764e-05,-0.017891833906159546
2024-02-08,-0.017758818805579425,0.002217728534688558,-0.01285881482715945,-0.0024025168610113247,-0.020779474884287986,-0.006643147290498588,-0.0069389842507858865,0.010443321927563708,-0.009739290405751649,0.020421877127844514
2024-02-09,0.013736001299759727,-0.004033092039586375,-0.00374756655854187,0.005213022253609159,0.004109308392520261,-0.015474480789559323,-0.00011412738133111149,-0.008080029800100594,0.0029678235415700974,-0.02429787807488532
2024-02-12,-0.016622728539881292,0.00789332640547372,-0.00802148092665465,0.002813404042598672,-0.010715893352621181,-0.024249130207665094,-0.03013148703075685,-0.02438832027174524,-0.007670764664605448,0.0387226842662603
2024-02-13,0.013722643832086906,0.005406695410142807,0.0006924198106017306,0.004510458967500265,0.002606730218163435,-0.020947702208070962,0.0005293171498173774,0.007770826660037348,0.005867234081485647,-0.015688997502115148
2024-02-14,0.008880908143721852,-0.011282166418751387,0.014455223818813768,-0.009084547561277063,0.0075882870048439395,0.017543878904520364,0.012387648691076643,0.022131580803538112,0.004442111482625561,-0.023681160343218623
2024-02-15,0.006742825911957405,0.005916282356718469,0.013386326744555001,-0.0008963377399078497,-0.009662211694784888,0.0045358818364410886,0.009708842208467886,0.017391505938533385,0.003231907943473083,-0.013694380569020932
2024-02-16,0.0035841594461462744,0.012487641850921981,0.021866896633288002,0.01619232528135091,0.003692443104692862,0.008289830213928644,0.01518205921918438,-0.006524393082464189,0.005913324803860001,-0.0006567668722220009
2024-02-19,0.0032425311992474314,-0.0029633335605792105,0.0,0.00880538749193628,0.0,0.0,0.0,0.0,0.0036931806134258504,0.0
2024-02-20,0.01193437241933096,-0.008731233543973505,-0.0033939769286497985,-0.002350692480091908,0.006776463643980949,-0.002592276946325166,0.004859576454196525,0.006849810853106818,0.003370967472487328,0.05434379078087829
2024-02-21,-0.0015831883876443534,-0.016539008638987544,-0.005008985166465764,-0.004038617646818192,0.000182817464085678,0.002592276946325146,0.019813680134272323,-0.01696190195822789,-0.006413220819374543,-0.008750017679761267
2024-02-22,-0.002126868360127916,0.019176862576129557,0.01627459923376157,0.002797876611615633,0.009728451077217629,0.011585643161428074,0.005401274537923077,0.007769580302185323,0.007336344949249518,-0.04690872777537216
2024-02-23,-0.0023055380650685965,-0.00221855334963125,0.0017715785604236495,0.004153379856156911,-0.001497821234642603,-0.0026865687167664807,0.009954113545271379,-0.0007100747604136495,-0.000213818777795819,-0.015247199034751744
2024-02-26,-0.005038117699070188,-0.011818609505725665,0.0010203039266275331,-0.004838927254885561,-0.00037640622952008775,-0.009488507156945195,0.0006528215170168837,0.004978536590233546,-0.004089278221713085,0.04122272243954598
2024-02-27,0.00024796515868591565,0.007197739484856212,0.007055160101987304,0.005667987943049568,-0.00019980091897208357,0.003606222804614813,0.010603343951291398,-0.002503160258997318,0.003443060208267885,0.008298749260193292
2024-02-28,-0.01350413275056828,-0.0033989346588040575,-0.020223821804409767,-0.006401434109072285,-0.008906833683351009,-0.018952135676894008,-0.02137521803717801,-0.023250063736519576,-0.011198396451173726,0.03743421434149062
2024-02-29,0.0034262211462736548,-0.0005658880249736854,0.0019640083180152263,0.003194019824225811,0.003536766312981944,0.009072934490310205,0.0011538011774343741,0.00231869667663606,0.0014408171929075416,-0.04765793606469843
2024-03-01,0.024967092850485924,-0.005432158504779798,0.02226353638482218,-0.009562396843152823,0.0038718714861668115,0.03553913903474096,0.007167691808348729,0.02213090357198405,0.0160624736924449,-0.021422431005657026
2024-03-04,0.0035718376004859756,-0.00537881050408093,-0.0015223385666327273,0.007299625478494056,-6.267468318741151e-05,0.013365865671494434,0.011222406890656782,0.018946928758150246,0.0029880715530739466,-0.0212209353508569
2024-03-05,0.002628415794512669,-0.016048061350523394,0.013393462136430436,0.0030701855642631835,-0.010542841013094703,-0.0022143142866367887,0.003121935357229439,0.00442594775179116,-0.0022027147028049303,-0.03686423963791014
2024-03-06,0.008046363185644305,0.007624590843096478,0.0028415154158444116,0.006368196370832878,0.004212678159959647,-0.005181663410584673,-0.01352688121437265,-0.004799203238109376,0.0052531495595052715,-0.0055788096472759625
2024-03-07,-0.0027055555955823565,0.00264765085254615,-0.0025763401397214127,0.002822533767196142,0.009728013730176854,0.013669074990025969,-0.0014718846977135561,-0.003707573282661836,0.0008672911404987264,-0.049454759166361204
2024-03-11,-0.010675379311589062,-0.0030125645332877878,-0.005965196964029122,0.0004141650612244827,-0.005877803661287827,-0.014505060411216977,-0.01091589487331209,-0.011195919216546049,-0.007178885448103384,0.028252538177656043
2024-03-12,-0.000960849981835664,0.006358763074274312,-0.0033053129679782474,-0.01275419698590656,-0.008379788711788485,-0.01740355598536293,-0.03782514269623282,-0.006390054448893359,0.00013650954899359894,-0.02605065202965303
2024-03-13,-0.006388433358332902,-0.007490884761845875,-0.028768554206810834,-0.017183833839649967,0.000522773723989404,-0.05853484130127282,-0.05462111244913587,-0.056086594581299026,-0.015248393356596964,0.056302716348876486
2024-03-14,-0.004081247250199425,0.01964932955353381,0.008616417056030782,0.013929396440332595,0.008935270850086661,0.019751640439932317,0.0060914971752176125,0.019062931727811434,0.006748394232673185,-0.05777010161553265
2024-03-15,-0.0041944623680132565,-0.004759296772756958,-0.01581838430204151,-0.009498823728793404,0.0001781777685025937,0.00034605861091029083,-0.0016849776732833423,-0.015231992989433547,-0.005583024746448362,0.005126316330078177
2024-03-18,-0.00039075078311927785,-0.016526126668235448,0.012515208084697058,0.005110229043287003,-0.004582463939831364,0.02459054730082197,0.00468690120120056,0.0064262704825840036,0.001467800056624233,0.015223204043752858
2024-03-19,-0.004111370225024453,-0.029476468018081285,-0.004534243787463771,-0.021962151861939998,-0.021884920369333732,-0.00920829403942542,-0.005831942681133363,-0.015809458942378004,-0.010860963960358783,0.014994928840067125
2024-03-20,-0.0015945153881094633,-0.001837528221324937,0.002568642457635712,-0.0024070476377447666,0.004778048521613161,-0.007944569051310713,0.006191554048654733,0.010648851466037479,0.0009918508439663014,-0.04641873128661007
2024-03-21,0.008043417636968767,0.0077436718962550465,0.014294788430032105,0.011974981706246716,0.006486349414633771,0.024112556720406946,0.029581550417423743,0.01836968616011104,0.007883528864675105,-0.07393666747150773
2024-03-22,0.0038237170370743288,-0.02354668919084901,0.01658376519199654,0.012460654237090476,0.008166063806198259,0.009645647681138061,0.017417794709497912,0.002168343946427527,0.0038450866714008036,-0.02345436717949609
2024-03-26,-0.005639639283031869,-0.00625157935266722,-0.0003849194243735457,-0.00032693064175822584,-0.0016377672947174785,0.003731945237936451,0.015544662142906394,0.00044115585173501703,-0.004174507484794188,0.04793245209262691
2024-03-27,0.003978111273917317,-0.00644784524605639,0.0051155601132649485,-0.0021847362145052617,-0.0026885543967695427,-0.0007661121227814756,0.008464399583499973,0.006785633482004162,0.005391158338500764,-0.009404449241808246
2024-03-28,0.007212263348418653,0.004416760599331684,0.01282284571895422,0.012061722248430507,0.00754749251708706,0.01246044187138592,0.005455395791662501,0.008504746558834361,0.009145057280234776,0.010184194234965397
2024-04-01,0.00958053321340379,0.004136419411387742,-0.0015815970451599486,0.011085325459667785,-0.0011137186123903239,0.036330013121580705,0.0426567606246999,0.011950106776519908,0.006032745520934439,-0.06023498649007277
2024-04-02,-0.0006896448060667522,-0.007126695207290684,0.01065138734353823,-0.001185110440547965,0.0038486627863969875,0.014855119336515657,0.010004001571389339,0.005153885943050758,-0.00038736104211539534,-0.03624503892341838
2024-04-03,0.0016560060587600706,0.007257887765104519,-0.002728791914085574,-0.0016745499733812146,-0.004265331014861069,4.033884858077793e-05,-0.026145978370119154,0.00027206580519601803,-0.0008309754048160305,-0.02432784957024619
2024-04-04,0.009124806993208444,0.010764364677844541,0.004466855625848029,-0.0014552163390437094,-0.004320890794559093,-0.0007769493731521583,-0.00037848497551629974,-0.004397039543445467,0.0035595696965144527,-0.013280373803371312
2024-04-05,0.008953612532067159,-0.005059842394605143,-0.002355884530570947,0.0018571195016974839,0.005420223760693247,0.0016797092424009905,0.014230338134817085,-0.0019954142672748026,-4.22476898839797e-05,0.010638387861419196
2024-04-08,0.001826395888574812,-0.005226712248651516,0.021391295708980337,0.0030276320934787843,0.0007433649269017729,0.01092982463178954,0.013241718907361458,0.012586604270555211,0.006755296273493474,0.02353045438317479
2024-04-09,0.003059258800255826,0.00043348635976438307,-0.0031134045703835587,-0.001903528346895665,-0.006258637645709864,0.011278282659538126,0.005300306628386864,-0.006473793840583696,-0.0010395619844089984,-0.02176838306757168
2024-04-10,0.005240663714303768,0.006076167047578542,-0.000645646500165115,-0.0034100280264123405,0.01226007466390701,0.011758179364233323,0.0058449561929724255,0.010691327565031139,0.004892486360835239,-0.022252810321531296
2024-04-12,-0.008652966253831182,-0.007823734551318226,-0.0061067911186479355,-0.017325006639112454,-0.010917553796006438,-0.005381337183390838,-0.008885230443757063,-0.009116721452867257,-0.01035502147176367,0.037106738372086945
2024-04-15,-0.01642799754713553,-0.015961375363575492,-0.007856401943175273,-0.009142908420449318,-0.009851636740107353,-0.005781161065225686,-0.01092680148089494,-0.003193291139271787,-0.011024443666037696,0.07837346998415534
2024-04-16,-0.006056183136507173,-0.02612350999439806,0.0010487895133029104,0.004178104675616734,0.0042654738076628495,-0.005379794454599391,-0.004574949804068642,0.0021048128564205714,-0.005610032105390299,0.011957066939206182
2024-04-18,-0.008785522260211872,-0.002275137068200484,-0.008435253674996304,-0.009126524970355166,-0.010858851237303544,-0.003134182424001931,-0.005346176860729464,-0.00893363578198293,-0.006888920065700564,0.03273870552827702
2024-04-19,0.010665359630509439,-0.0038987219509873175,0.004124665820455892,-0.0065610440467474,0.0043435496559710955,0.009558388366341066,-0.006993035490970637,-4.317263272595586e-05,0.006848265696137249,0.0317007734775552
2024-04-22,0.007345656080200329,0.005096629956719273,0.009350081350898288,0.01287012836749087,0.00833378054370143,0.002488784489920965,0.007368173465214156,0.005377052315325703,0.008515605079627573,-0.0581203486046284
2024-04-23,0.0009500103141427059,0.005226517221499023,0.004647094259588822,-0.009661390140651992,0.007557458942714857,-0.003448927026670304,0.025500018711560865,-0.0031246405796353186,0.0014137138340638612,-0.21921427685532346
2024-04-24,0.004545599196794767,-0.00810045344413033,-0.0007943352875289641,0.006609977458392301,0.0005044468475752461,0.02656942438598879,0.008892632759319202,0.002917411420813106,0.001536747364098986,0.007812532460724927
2024-04-25,0.006328873457183694,0.0033404045419853185,0.012577629342540175,0.015585861488997073,0.006637146350598955,0.011087028860328493,-0.0024882335625008058,0.010745358429480595,0.007468967297299811,0.04284327992911421
2024-04-26,-0.0060788314411224925,0.0033263826659741262,-0.002822589703637424,0.006152191813215987,0.00016762798597821756,-0.002095855166341297,0.005899429565961166,-0.0005240085276417303,-0.006685928069119567,0.0184678161288104
2024-04-29,0.025056342377252933,-0.0025831146791206534,-0.0014845242822069768,0.00536865753661019,0.000578065002884966,0.004991443006451705,-0.010060251194289235,0.009556817226459763,0.009917283345523465,0.11319792827530509
2024-04-30,-0.000552531081082572,-0.011334270739884137,0.018005986506137564,-0.006635646926503085,-0.0016863696773897114,-0.010084337973799597,0.014385040135003154,0.00036169160760211806,-0.0017039682453004383,0.050189754331283566
2024-05-02,-0.003360094686002236,7.235506504198498e-05,0.011218013539077734,0.008077188534907095,0.004597572151876242,0.011243470881041951,-0.0006166561461764895,0.01070391182592623,0.0019158763335262374,0.04408007915085026
2024-05-03,-0.006265646258022191,-0.008922924653381339,-0.0084882245212841,0.0004679391094758211,-0.003983886864748695,-0.0003502938535986335,-0.010334406807737045,-0.005654302793745001,-0.0076389620148829334,0.08341135462711903
2024-05-06,-0.0005775982918250629,0.00933836492252826,-0.0006545671938633664,0.003646660560263575,0.007091476535711857,-0.009374006826300175,0.027206624450916043,-0.017127136473631538,-0.0014760226012829026,0.12701227184866512
2024-05-07,-0.012553058939861368,0.007672881939080807,-0.018485923697373986,-0.018765530339111453,0.02002141307705392,-0.024214161230562022,-0.03549938019733187,-0.021462556798633594,-0.0062665796554610105,0.024398701520891367
2024-05-08,-0.005487704189704092,-0.004126794750740501,0.015464965920039118,0.00024133538476742763,0.0043525259707600655,0.014658007742673416,0.006421116179382333,0.015250044670125272,0.0,0.0041067640300726195
2024-05-09,-0.011165621346124508,-0.0038862366880293643,0.007746449618880384,-0.02219571559724519,-0.025015322513587124,-0.029104309659577464,-0.02252367333628041,-0.030148392002249575,-0.015590012996666094,0.06351345210893386
2024-05-10,-0.0014075985634430799,-0.008185683208482711,0.009393150178874687,0.009307204836405293,0.011854350735609306,0.015287630011174202,-0.004373845939950672,0.016285852896618665,0.004439599522660019,0.014726121032389801
2024-05-13,0.006997649553708613,0.004225234377246979,-0.016961510564317703,0.01755381382075083,0.001160745822739114,0.01298690076942595,0.012272752079214582,-0.005677480639471248,0.002212518664983643,0.10914333727859446
2024-05-14,0.002203614404426075,0.0014577602692182033,0.018181954833581315,-0.004134963645801045,-0.00518862412301857,0.027368725643646317,0.008779569554407498,0.015978696915730485,0.005135117275633606,-0.01960845213704491
2024-05-15,-0.003600330070505279,-0.00016464687293051632,-0.005037900543420118,0.0013617454754825124,-0.00909321886252137,0.003177733854940527,0.010155015011976647,0.011463621723384618,-0.0007789037357247285,0.003459340870779077
2024-05-16,0.006054543684896279,0.016502397023599215,0.005564491184298436,0.005786277735038294,0.008051872035699377,0.003034774302182788,0.016189483750675943,0.0031752342021707796,0.00911570311987133,-0.013409709493226347
2024-05-17,0.0028846676903923735,-0.008548787949662674,0.01727481503864846,-0.0007662793062779445,0.00123020501715985,0.01608925540749013,0.01653345626001589,0.0056208399411877465,0.0027746873362616406,-0.01005037438579784
2024-05-21,-0.0014027980671466199,-6.295722246044632e-05,0.0029202630051153758,0.011710966707214675,-0.0017349053336487379,0.04332506392512342,0.007593239268517333,0.01645223703936551,0.002798133238882937,0.0966866565585209
2024-05-22,-0.005556720706948552,0.006966489731598564,-0.0012704267596330488,0.005825229361061003,0.014173397051706057,-0.006200857380850416,0.014034636323240032,0.008760410939500678,0.0030469687473969323,-0.01571197581765081
2024-05-23,0.020438758407350825,0.012704152705280592,0.02226562626673971,-0.00524480554795955,0.0025991558879001004,0.004024372897819445,0.011223462102425572,0.005493970123041889,0.01623413013834582,-0.004200713565364083
2024-05-24,0.004154832161642912,-0.006440568940232329,0.0017678513482624618,-0.005052702178649643,-0.008080134538811264,-0.0031224922754909137,-0.006572404895263622,0.0018125958648308696,-0.00045948127907615604,0.01531707537573377
2024-05-27,0.006313333046136753,0.00504130678642273,-0.0005986706191512558,-0.00039500366857524844,-0.003407988784153802,-0.006264291662442011,0.00846303803327418,-0.00824823554697364,-0.0010743358183047916,0.0659482325776585
2024-05-28,-0.0028377735007864874,-0.0033708048395795173,-0.002637810027877569,0.00541650227619219,0.00020716484384216338,-0.005218182801416112,-0.021887402346566106,-0.012128593933566937,-0.00193357757447097,0.04263149039197252
2024-05-29,-0.013125422060961147,-0.01003077337616725,-0.002366962573102563,0.005480426640974821,-0.005400638651300418,0.0026607726349735816,-0.009000769622134438,-0.0054728025003764535,-0.0080474093408375,-0.0008268068814172943
2024-05-30,0.003724908672137253,-0.0221849438576704,-0.012151561887743113,-0.018299184531889934,-0.012707187732929871,-0.030534026136510507,-0.004907395340818151,-0.0145323946146843,-0.00956116224385675,0.0
2024-05-31,0.006176103989232917,-0.012904980561637459,-0.002192354614393638,-0.009251413850449036,-0.0031876410284796585,0.018512231541534554,0.023172076983031635,0.006695951352942127,0.0018680341105537352,0.017220600637569805
2024-06-03,0.039939725361496925,0.003861502737355057,0.02417632292621675,0.0036032326046530243,0.010045049762560225,0.03287244595241226,0.05779313869666973,0.06553242000039772,0.03202403067452011,-0.16108522749864185
2024-06-04,-0.08280507185362752,-0.006042246370873544,-0.03388610730687432,-0.013932373907870948,0.00944952595606524,-0.11241169659256721,-0.10119764538298061,-0.13313421644609716,-0.06112419596275757,0.2448732423954409
2024-06-05,0.044306664329207206,0.023620581446190947,0.045943924826499935,0.03580217888892002,0.04249176737461184,0.05591716921739494,0.024989931786354398,0.02851386688974514,0.03307130264902321,-0.347901824139427
2024-06-06,0.004825740326486466,0.02789115854065191,0.004640442857337745,-0.0025523834102557414,-0.0033721136694666812,0.01420899884127188,0.045845339849752996,0.016074165469842777,0.008848783029735371,-0.11725380820643895
2024-06-07,0.010319487659455055,0.033130256029965006,0.025235622158970395,0.01782574914383306,0.010054109086498569,0.020662255712353077,0.020546241717279413,0.02370413399687514,0.02033183181806326,0.004750598454041804
2024-06-10,-0.0004478783690898994,-0.01847065443423916,9.796292161989067e-05,0.009996816521811855,0.0006623555180229876,-0.0038462665068209716,0.01314374564142281,0.005613100359460413,-0.0013298220789751808,-0.028848127880388107
2024-06-11,-0.0015107243629730088,0.00015057607822574433,0.00828407108941584,-0.004307686664682,-0.0034356664092177074,-0.0006433164595299494,0.011195300385191164,0.0027301591603965687,0.00024290193115634738,-0.10468318403371425
2024-06-12,0.003802212283286512,0.0004632384316492003,-0.0005233534492312389,0.0025058037750178563,-0.005157525548523431,0.004972504108480184,-0.0004106799116476766,0.00918565547807067,0.002494199810096445,-0.02606458277838664
2024-06-13,-0.0009705529110232862,0.010211870324481877,0.006939242931511906,0.00502307368844073,-0.006605771448454332,0.0001931428728294782,0.022119801751437705,-0.0012789638533527836,0.0032512085635553246,-0.06458489150481615
2024-06-14,0.0031107246803848657,-0.008733792870875987,0.01286913849207488,0.0028766403445595707,0.0019039510366419313,0.007275076402832733,0.008181416175025526,0.0023602393150796794,0.0028464728647632507,-0.05094222556502578
2024-06-18,0.008739318314281258,0.005890334603269015,-0.00026435349037716666,-0.0034741224975737895,-0.0010219681683571273,-0.002211806023170408,0.018601986786239748,0.006490828492477465,0.0039257349959185015,0.011632591228680478
2024-06-19,0.018797926255818602,0.003560946064146018,-0.013057764743677721,-0.00922961108918957,-0.009152679365538104,-0.011890229906119517,-0.028749861644817503,-0.017247833989684228,-0.0017801967265448713,0.05548647744010147
2024-06-20,0.007466488701992967,0.00026759751547841875,-0.00449558994122983,-0.005100885756228375,0.00040766733669388356,0.01802389589468667,0.020018469778419975,0.003762552969328086,0.0021663878659495613,-0.026609082935873166
2024-06-21,-0.0023548976111389904,0.007523953055016235,-0.006971763897281749,-0.0008266788691603917,-0.012063849183943622,0.0039966641770453675,-0.007393770276259235,-0.007299452751335749,-0.0028002164622532473,-0.012815861191948663
2024-06-24,0.0008223255177726104,-0.0016063894738805459,0.008630646078301064,-0.0003713230978720679,0.007164786349885152,-0.006431549952915969,0.003043293712257001,0.00016306272182411145,0.0015625352218749532,0.064633363998413
2024-06-25,0.017296015872525123,0.008023136456982043,-0.0023556467158340213,0.0005710322951443093,-0.0025985257791856196,-0.007015633547360916,-0.01763821704714248,-0.0051771896460365155,0.007763664467508334,0.01762470666444448
2024-06-26,0.005015345682290795,-0.0005730869025392545,-0.009204501805110907,0.0006678410026986892,0.00388332748073828,-0.014628527688207134,-0.014447203877771327,0.013996719237100129,0.006198787876631016,-0.018336213536488673
2024-06-27,-0.0011203296027188692,0.020050850428852122,0.0068711270792447465,-0.0015641944052009898,0.0036310799590043162,0.005451343250834119,-0.0005003969631506138,0.012651548206008268,0.007334080659762657,0.007092187775065228
2024-06-28,-0.008921313426579956,0.0009352579669167941,0.00036510632053464535,0.011045725023411968,0.0015207961432114273,0.004790136022086178,0.005263930979184129,0.010750478143644451,-0.0014108969297394127,-0.0250459911457292
2024-07-01,0.004432082133301923,0.01949209699779086,0.004878835747157482,0.0013522085343565208,0.006985231457512412,0.006955366780999766,-0.0033547507117757643,-0.005263953361071762,0.00545557559691747,0.0021715341755868447
2024-07-02,-0.007764739541481991,0.01159400333178465,-0.007650464449841625,0.0014237271085719419,-0.008530773431233735,-0.004777209113218709,0.008230849004190305,0.00347604665304562,-0.0007499973340487516,-0.013833462574507
2024-07-03,0.017503232617334264,0.00040751674188723493,0.002065093267305661,0.006493467017527517,0.008930513011348598,0.010558398139175905,0.003327297288991905,0.0016754498274790704,0.006719678910168409,-0.03203255616363715
2024-07-04,0.00027213141635999054,0.010968806773806107,0.007266151149849932,0.013827861540007985,-0.0020860751413993477,-0.00033202408978127166,0.0050596964465535604,0.00151136120705684,0.0006441994597673961,-0.02685242930944372
2024-07-05,-0.008383760829631158,-0.00013647889242570236,0.0012548694391172099,0.012854928419284069,0.010713849039738712,0.0033857155752349895,-0.00031266663835068944,0.016029415493993678,0.0008924945580705119,-0.012519713666472412
2024-07-08,-0.004463978659639256,0.0005698156866738142,-0.005440362543332617,-0.006280056240915721,0.016136664882399752,-0.009386515555914335,-0.004343041527901173,0.0028426089137751137,-0.0001356303337513403,0.06846784234519833
2024-07-09,0.002723951256397956,-0.0019520145601158165,0.02204498567116653,0.015620893241393147,0.009702606938478051,0.0004606228809759756,0.011377194079242772,-0.000838668915252843,0.00462112711188291,0.04879011742069126
2024-07-10,-0.0072452947212723,-0.01035103440437432,-0.020371804115969016,0.003874553905348111,0.0028170094705075306,-0.016231217747792688,-0.00035499348206340716,0.0015536210687295369,-0.004460845993233708,0.010449455722540288
2024-07-11,0.0015574901826520202,0.0013898737896415165,-0.0018018492018954154,-0.006012941895179189,0.002811524632679373,4.630198082404927e-05,-0.01497870631517086,0.0019056578750706174,-0.0003495037195243165,-0.030252064319223403
2024-07-12,0.0001578199095780896,0.0442842344585611,-0.0044363086240985375,0.0005314252068282956,0.0035063183756593235,-0.0015490153895358588,-0.01516081276597167,0.0020910440110659895,0.007628403248955412,-0.019474143175778072
2024-07-15,0.003379968716949005,-0.002865193887971524,0.010851494047076913,0.01118757672114871,0.005758938171591386,0.002201835899436133,0.013357223174373737,0.010601419653347214,0.0034447298074261035,0.032954275161173587
2024-07-16,-0.0011272511427603748,0.005897263197830816,0.0024792256694747446,-0.0038020503623297235,0.009517450543904087,-0.0007813866123389284,0.016427176359579517,-0.002281871256769186,0.0010691440871768358,0.0021119815528376344
2024-07-18,0.00426402793328968,0.021956096068607853,0.0036740959333128017,0.00013966411508446866,0.00952170555740852,-0.008786669837147213,-0.0031570749495089473,0.0007484336544733266,0.007603152387120198,0.020188639516680047
2024-07-19,-0.006771122831425262,-0.0021792483413393023,-0.024273016655562182,-0.016650930899435798,-0.002247559980007602,-0.04030030911165746,-0.023886845904104295,-0.027524720874167723,-0.010944347737899481,0.021814068335100762
2024-07-22,0.0002830691771813861,-0.0037681106971605887,0.011447124659657514,0.010526829019265358,-0.003380326768814685,0.010136090914857827,-0.00484654308547982,-0.002792601597489419,-0.0008829659721330775,0.040309366414109725
2024-07-23,-0.009650352285402888,0.006804288437206953,0.002805846518936446,0.005497953407403055,0.02641308233172741,-0.009401746907145627,-0.02313669148004849,-0.005402511198007019,-0.0012329157000276177,-0.19143024581494722
2024-07-24,-0.008949076367078798,0.0017552844304754283,-0.0004996346197962318,0.007351748907138119,-0.005275317997405457,0.00043720741107391867,0.007756369151698318,0.012265262576545533,-0.00268142363114976,-0.08082730967121338
2024-07-25,-0.008380203780163626,-0.001485602671358613,0.01249805517860006,0.009377895166386716,-0.0006893649613232686,-0.012940654932710382,-0.008319382920200447,0.012610046765065618,-0.0003031729363163769,0.07057888611162672
2024-07-26,0.007969908944948765,0.02275352073480687,0.024032500259356843,0.02330313480664449,0.009438827191454006,0.029660722941913874,0.01147940634582714,0.010882739875217168,0.01741480789992859,-0.029756911054112517
2024-07-29,0.002147973938197812,-0.0038448677241490112,0.006676590586717501,0.003320374986012075,-0.0034325275898613107,0.0028504672637208223,0.014189231375115501,0.004624036239640663,5.0331230625744864e-05,0.05556983642624981
2024-07-30,0.0018084701146688046,-0.0010723506357672356,0.0058255482394588935,-0.006208332303740427,-0.011177396608849675,0.001908149970869349,0.004336223138102035,0.010753811733732827,0.0008532792280141148,-0.0054200438556138075
2024-07-31,0.001049902848337241,0.001831492176545642,0.003916213887324091,0.010912425374356004,0.0042485402289409065,0.012077859496338945,-0.003696062922124518,0.004055893049220497,0.0037684255675633532,0.02832182287085936
2024-08-01,0.00020562121810672305,-0.003474801345745054,-0.007439971886473485,0.0006059204293949343,0.0014647253546123096,-0.0010649275930476325,-0.01715194925283941,0.01948930188597136,0.002391816490734086,-0.024447336046316756
2024-08-02,-0.004155927509398077,-0.024344845200088262,-0.02961794609303922,0.0051495541922689765,-0.006908621554157981,-0.027389875500986736,-0.03598361908726299,-0.013892221494899864,-0.011792190883304469,0.1021069238354269
2024-08-05,-0.024804484852365218,-0.03312094120649481,-0.03998669341292319,-0.014708426897605717,-0.003158253567649243,-0.0497487808810973,-0.0442064007132807,-0.038943666098157685,-0.02715175314145156,0.35240613121685177
2024-08-06,-0.006887034348547458,0.004885803577968684,-0.00757518482937856,-0.0009502707483614053,0.0008720619964678196,0.0029800624282886163,0.008329606036240474,-0.0038993779323844373,-0.0026244033870099497,-0.08340300684146226
2024-08-07,0.007423869843349755,0.014665102066140502,0.016885506923682438,0.021762504640578755,0.011595685015466943,0.026586977314759504,0.018172901630749083,0.02155414965070389,0.012630066341245293,-0.1475025862894752
2024-08-08,0.0007519113966770541,-0.019229602838755282,-0.0008123567040362776,0.0035016426100813324,-0.004504445481670464,-0.01759387106640458,-0.012144686760291396,-0.01657072007942419,-0.007456478381555143,0.02624504003534558
2024-08-09,0.006514269364804872,0.01535680464117066,0.01708225451557985,0.004300214621826814,0.00184864580048523,0.007669021478220741,0.015378069719612553,0.012314070533910107,0.010333291215294636,-0.07893891245643188
2024-08-12,0.0018493366449316277,0.0016953959975708687,-0.0026745841137753705,-0.00017792000480343212,-0.007896656128371805,0.0074899089482677655,0.013071399205033576,-0.006966072061653504,-0.0008416385761983504,0.033966721441000255
2024-08-13,-0.014861325931531793,0.00013552756171453364,-0.007827541275150049,-0.0006306704346396856,-0.002804375508930582,-0.016508851319557497,-0.007365064647890641,-0.008087861781988026,-0.00857984886239657,0.018727150980086017
2024-08-14,-0.0021002754085631572,0.015635801472393435,0.0004643870316827147,-0.008094297257405033,-0.0031017547525717245,-0.012678978002789512,-0.004826287171391855,-0.006395793683236871,0.0001967576418212346,-0.046196160887873414
2024-08-16,0.015753809052220322,0.028460105057391157,0.01987996678472779,0.0042521588897419926,0.014697669141503358,0.016795601739884133,0.024617518277022184,0.010903964439007223,0.016325768935141063,-0.06973333732838101
2024-08-19,-0.0029448701837599305,0.00873417520913796,-0.008970713636965071,0.005924091554986353,0.0018155078522398033,0.018490296064802608,0.0014769298021127801,0.013233296262426034,0.0012827353541420893,-0.005571039869659899
2024-08-20,0.008595297131399825,0.008113814085977201,0.005160350559309611,0.006114969564417536,-0.0013719439439878885,0.004649774142538552,0.002045159675977729,0.004496827172433683,0.0051226163083365125,-0.03554034396400166
2024-08-21,-0.0023174542542376366,-4.68879750987651e-05,0.003396187206343064,0.009060824994438605,0.013584823840816279,0.006432463383591051,-0.013200178847828098,0.0014646798319159168,0.0028846181820890576,-0.03609966779019924
2024-08-22,0.005904310401470354,-0.0015564432341733027,-0.0009032035240755279,-0.0014094843770384583,0.006189260566409015,0.00669170783373984,0.0047069273681642045,-0.006220079942832829,0.0016659691560852782,-0.02506777100560377
2024-08-23,-0.0010253226283482178,-0.01008162445398072,0.011166213823208206,-0.000809780430319437,-0.001171879583339763,-0.0038406321129147935,-0.024594362772825586,0.00039234106047706204,0.0004694458708691634,0.04143720394054683
2024-08-26,0.004205513307253468,0.013830709739946923,0.0035043957669748833,0.0012022151837682157,0.0039144568833910515,0.02132526736689687,0.017429022686302576,0.010419038495909442,0.007523018148105455,0.018282044582442408
2024-08-27,0.002551059734062977,0.001131046615957582,-0.0011397077159371702,0.007687122759119703,-0.010688756275802038,-0.006129963444331445,0.0020249518617453865,-0.006146712532527962,0.0002858535502177548,-0.012395351879832347
2024-08-28,-0.002634155224423855,0.016293314439457432,-0.0012550371887052924,0.01137853138562251,-0.004257095528006928,-0.0019047781728367204,-0.0018319674227847606,-0.002889902016115807,0.0013820469762269526,0.023206240489930932
2024-08-29,0.00017397327744088755,0.004641946800510032,0.005433560236431387,-0.0048422038063735025,0.0071395277701946395,-0.004775117539041714,-0.001641910072791293,0.0060418839275571245,0.003967777356455909,-0.011535805555692016
2024-08-30,0.0038681559883432283,0.004594845496240401,0.0058398726395887425,0.014732625174899004,-0.001635193073571403,0.003760263103878944,0.018104833040131454,0.002203124371846486,0.003332202116407902,-0.02943550369561613
2024-09-02,0.0017229366412050055,0.0043795156509273655,-0.0038817903490942444,-0.00996221408319302,0.008194270682332862,-0.010485080059863702,-0.002376088122603372,0.0005837486978208621,0.0016945136137639853,0.04882573088391742
2024-09-03,0.004839610770749729,-0.002896547929901999,-0.0014105849720944315,0.001167414959194917,-0.0014614890468554553,-0.005646030710471513,-0.005247352470504706,-0.006997477331020743,4.550726442364936e-05,-0.01577095501257384
2024-09-04,-0.00560392153107091,-0.009397309953968008,-0.003863869151774041,0.007363859750054799,0.004042309508339819,-0.007510779468048114,0.006483553258339435,-0.0052531757252057614,-0.003215245383183467,0.03827539903657982
2024-09-05,0.0014153486444019108,0.004563098553620693,-0.0038226848698310707,-0.001195533787844678,-0.0006669633102345371,0.002983970431130911,-0.009789253236116569,-0.00785157922512416,-0.0021293438665674616,-0.011892415457714554
2024-09-06,-0.017564392290923443,-0.009797006032045683,-0.011999197113659224,-0.0049047104318382904,-0.008271096285388255,-0.00563836490134271,-0.009498372737702003,-0.016427039345807467,-0.011718747382249265,0.06866442518461405
2024-09-09,0.01063879581679089,-0.00736438759321441,-0.0012504466484304004,-0.0014765662717830966,0.020215929284004994,-0.006807241922089242,-0.0023765755547549465,-0.006791134677477589,0.003384315433638339,-0.06655548006747243
2024-09-10,0.00301787213611479,0.01715085956922944,0.0023975401015822913,0.010696850435365191,0.0018457489506569084,0.006266749408198143,0.00879910480727065,0.007524043552215383,0.0041898603137641086,-0.06378974749997851
2024-09-11,-0.005128968634069694,-0.004015594140914825,-0.01243590669968998,-0.0015684760274088415,0.0028325466426118054,-0.01407823313839815,-0.011716968987833486,-0.014717113715134263,-0.004909997784499106,0.020008111694005112
2024-09-12,0.014835466619373659,0.015855458385830558,0.021137476128564266,0.008968944099222156,0.011437691073654747,0.02867696918432158,0.00877638126796086,0.02072254530226869,0.018703624424743968,-0.033572701875872704
2024-09-13,0.0031945186983693644,0.005598164313326739,0.0015910201314641025,0.0011965207853565302,-0.006898667806709178,0.008552503032496541,0.017182870364377923,-0.006336899246454282,-0.0012769785942554214,-0.0489798714530309
2024-09-16,0.0041328750947581695,-0.0009614886558091993,0.00034078203832176853,-0.0003794957898153686,-0.007184999241475159,0.006069679313009199,0.005725453289316601,0.008016730616917033,0.0010740980826790941,-0.007197164354928016
2024-09-17,0.0006804560096334505,0.0014372078615803112,0.002580905986212563,-0.002780111664646285,0.0013837692846806716,-0.004203887860688971,0.006115076488776806,0.0018658013169828079,0.0013700476615561017,0.010379343755162713
2024-09-18,0.010706317288215363,-0.031011433335449673,-0.003557050590911675,-0.015447842518763952,-0.0011043714845795141,-0.008300152484913495,-0.0023004787046725906,-0.007014224429534698,-0.0016142974615182065,0.060110522378296935
2024-09-19,0.005429799800114159,-0.0034199922842810325,0.003991379567398718,-0.004136578851726754,0.005567537021499338,-0.0063948508765629564,0.004923231137461342,-0.0005621506168231713,0.0015061029073179838,-0.06968760144867922
2024-09-20,0.014145925158782133,0.0061508660944657205,0.01861927207943213,0.0032697952188229756,0.013680295368528933,0.01641371676713375,0.030040014227033566,0.012282864220686675,0.014652566289984728,0.025337831502546468
2024-09-23,0.005794352813654416,-0.005153698486996248,0.01544579528415365,0.005591752668649563,0.0065731723474777405,0.005360785328758033,0.022041111174536155,0.012073841443510168,0.005725960454112572,0.07528007643074347
2024-09-24,-0.002538978508845427,0.006090384289369778,0.00428281748240766,0.0023379670564733827,-0.007699471185621381,0.029240970910965086,-0.003023724458767431,0.007748269098017511,5.20286681844374e-05,-0.02943550369561613
2024-09-25,0.002462230673423336,-0.0067217245263119195,-0.001193099042604821,0.002609949879399126,-0.004187527873075151,0.004279303529308364,0.006569355894247388,0.008131235089158646,0.0024545416621303915,-0.0497615531649064
2024-09-26,0.005046299322874193,0.004753808930024287,0.02235653896814038,8.173740632099284e-05,0.009647796332518768,0.021106018639302074,0.001017068231401126,0.0018218300068718806,0.008115692736807522,-0.05983998239040955
2024-09-27,-0.010000129903335453,0.003591736771604651,0.004155557906319201,0.011468982621317606,-0.004718793062792704,0.007870188683687725,-0.012004945575554309,0.009019093491259927,-0.0014162255444679923,-0.003338898075968429
2024-09-30,-0.016032174897345076,-0.008699452942241639,-0.02136145223274789,-0.01016670601392629,-0.0046443694834432635,0.013201626385085747,-0.016961836114320245,-0.011930824557902068,-0.014160691857076434,0.06709586089615706
2024-10-01,-0.001048151776964424,0.011583300707728823,0.002079073967369526,0.0006591801044866872,-0.0010594864691552026,0.0024093077397455242,-0.001958262290267176,-0.007478457726709784,-0.0005405862138807384,-0.06459066265816048
2024-10-03,-0.02056815774102152,-0.01596755914398854,-0.029274042325423147,-0.005069403814431414,-0.014909502523344106,-0.006669016903653895,-0.04460508371705705,-0.02639902605633706,-0.02142424417261006,0.09386857159817143
2024-10-04,-0.007417682578876221,0.003582872205814216,-0.014390841413406961,-0.0036327905140011696,-0.017547862873121756,-0.004124674469972235,-0.01653243226250296,-0.011103627884524106,-0.009370461848646757,0.07035868324738109
2024-10-07,-0.019289261773879247,0.0066133726565663015,-0.004606327186999482,-0.005074553729670728,-0.0055645055189637044,-0.022691579950152693,-0.011355197912201105,-0.02505657734345901,-0.008787371273170997,0.0650691527249489
2024-10-08,0.010681916444619825,0.004657221026307732,0.016484709639121124,0.014265904157933967,0.004720034867559137,-0.009334021948609704,0.009560510726235916,0.016275436863109016,0.008729434677965052,-0.03303298452744687
2024-10-09,-0.0002744344706917072,0.005533442811480326,0.00812929996345325,0.020210238920247817,-0.015792021549556588,0.0006429946968398873,0.0212304781498528,-0.008062313462410306,-0.0012481693673798233,-0.03274414903286781
2024-10-10,0.010218719212350411,-0.012606457683700785,0.0029540167294314,-0.02033032654161678,-0.004470613170897878,0.003991736238918015,-0.00400026553092602,0.003170546589261834,0.0006602588660852999,-0.0449025385158313
2024-10-11,-0.006983212134293377,0.005848992682944245,-0.003470227886985611,0.011819927452020186,0.0003850348252971349,0.009381714485549435,-0.006942976172077404,0.00015902589614971558,-0.0013689902517646816,-0.020958830821992888
2024-10-14,0.012517935442152819,0.012605742689022967,0.0010189450883532135,0.004136499611435772,0.004694194152507463,-0.0027926839344063164,0.015968308403456623,0.000461126187043685,0.006535939888908111,-0.016781497160854208
2024-10-15,0.0017180696983880427,-0.003304734908987477,-0.008384314338318119,-0.005263013789412018,0.0037669821709332934,-0.01453728080475012,0.020315314840367745,-0.006069858155747925,-0.0028135592532655376,0.0
2024-10-16,-0.0020239560142832065,-0.011784264863167443,-0.012793630955768237,-0.0037577194817503034,-0.0037517636922929994,-0.002086738884504588,0.005452788319941656,0.0005096820783978937,-0.003439985380697183,0.0038387909228639093
2024-10-17,-0.009938014425723158,0.011855656847377079,-0.03606666705153995,-0.00913291649822612,-0.016496502637681876,-0.01430889139402507,-0.03833067729390149,-0.007817700026019123,-0.008907784090014885,0.02572003695891571
2024-10-18,0.015581183202946233,-0.014800959980139854,0.006210912404249629,0.004385279798970168,-0.0050761792769750385,0.015560476011930918,0.0030122897374198136,0.005415628407302053,0.004201335956550517,-0.026486631770190783
2024-10-21,-0.0025274647231901728,-0.012999011432381894,0.0041647608501139645,-0.010047654839921896,-0.012559294588985186,-0.015196084352345731,-0.01408713302615747,-0.005374167715677525,-0.002939498473548445,0.0537442955659263
2024-10-22,-0.013671048466876334,-0.007823531930867928,-0.025045851452525275,-0.012818205621912366,-0.004644138652775195,-0.030437316642785744,-0.034380872446961794,-0.02408559141305228,-0.012547572909439223,0.04546233095194954
2024-10-23,-0.0003541291641944495,0.023564237943065468,-0.007170137249654993,-0.015744307251883114,0.0016103308703602822,-0.002530327091579906,-0.000601509445771509,-0.004934833543312005,-0.0014966842167451323,0.015162266402934815
2024-10-24,0.0056854880315095595,-0.0019499317646018454,-0.005184970693838189,0.004404797764258121,-0.028707933802887643,-0.002348017305867468,-0.011397046035275173,0.0032625376108694334,-0.0014784351216731097,-0.04547825411062007
2024-10-25,-0.014537187430073713,-0.0023996579827607577,-0.02184224419221598,0.00016613006118396356,0.00872261316246373,-0.02450674922128793,-0.011733631494422072,-0.022245992934958336,-0.00899959570008371,0.046162030471062425
2024-10-28,0.009247818775387358,0.003953910016992274,0.006915248305464791,0.012445153510416168,0.005825085743945001,0.025040409775209677,0.013659072338125595,0.001528382482593993,0.006527218917237164,-0.02351423358208983
2024-10-29,0.020494991120592315,-0.004130008917563258,-0.01580792169469367,-0.011256485122041169,-0.0008238784323389027,0.00648325006736574,0.014173916179274451,0.0060217012520365956,0.0052329430871703615,0.015967051650784523
2024-10-30,-0.00985714490288118,-0.008670243945927799,0.00022891450209576908,-0.010069873940215154,0.009164154498199384,0.00039614107468496473,-0.0007988295472934671,-0.0016185007816252928,-0.00516313130612327,0.06595795102242344
2024-10-31,-0.006431843767241447,-0.030731217026636934,-0.003366718142080973,0.015987818516367873,-0.009178538167535782,-0.0016712559905159813,-0.0014995504342562153,0.00014760614909283993,-0.00558232586918934,0.002575658945653899
2024-11-01,0.0038497055520845392,0.0006456524002318919,0.012295106431232576,0.0031442872961865527,0.003880763361808472,0.006779925400174209,0.009508933787359931,0.008454810293111745,0.004081663627652918,0.022258434343228255
2024-11-04,-0.008915448955357298,-0.00029305770852229807,-0.00981039031356648,-0.00743090373123667,-0.011669079711039858,-0.01582148930409521,-0.02977186189198932,-0.026353600485128192,-0.012795285302364113,0.0484906844380233
2024-11-05,0.01918403487432157,6.928647830760563e-05,0.011237606752110219,0.0010132206751522145,-0.003436051578823269,0.028004367776012503,0.0062083306238981525,0.008258782637616419,0.009042055940529129,-0.03474898053229599
2024-11-06,0.002107607725449364,0.03917110330381454,0.012435188377528618,0.011368727831597591,0.0036250167576645453,0.01576600681962253,0.02549409369962727,0.01625647758850739,0.011119815807918394,-0.08071503636413646
2024-11-07,-0.007692323137335696,-0.006852755251594436,-0.013572582637955053,-0.01731280964938004,-0.00982691504417171,-0.02767738612524428,-0.014445359948665526,-0.014571257007843645,-0.011696159889418445,0.004696398841907312
2024-11-08,-0.006867222217467195,0.007106019184903287,-0.0003066414978878763,0.0006789906234445176,0.0030744657464858026,-0.008977746211734364,-0.02942882488283378,-0.015166862639379214,-0.0021159463488489003,-0.03196459252052425
2024-11-11,0.00610127641765172,0.012763629724205007,-0.0031871515457425306,-0.008822308901119492,-0.00887156196147196,-0.010002743425055072,-0.001499612122252707,-0.004075595516255189,-0.00028571169910344984,-0.013918095529864645
2024-11-12,-0.01395572420980314,0.00045187872923564145,-0.019590576471716505,-0.008659306255130571,-0.01640868452867417,-0.015059249593138712,0.0018095809068104528,-0.014266961797794988,-0.010738381367723213,0.022176909425594606
2024-11-13,-0.021126511396689276,-0.00564966112356514,-0.021893263524941,-0.015573190859905824,-0.004486107325872677,-0.02698981873660483,-0.032230390045157785,-0.015798180883332402,-0.013675649189030194,0.05662514442629956
2024-11-14,0.001819111435817084,0.0005038101555273967,0.006536878107690522,-0.0026308128210775048,-0.015390290528886711,-0.0009113614604402018,0.010296250756615943,-0.0018094844884487316,-0.0011191584619590343,-0.04368661996622861
2024-11-18,0.003665089802305888,-0.023493474176755003,0.005629007656669148,-0.009601371218379576,0.00948564349251699,0.018844528709509315,0.005581298986075976,-0.007868140205426293,-0.003358348106569627,0.026044900936551818
2024-11-19,0.005202476064142504,0.008220867239279504,0.013604848010374744,0.010375694806642246,0.0011393659114255225,-0.008517189541069753,0.014646727013794235,-0.00471767172562958,0.002754783503889256,0.0317898824291526
2024-11-21,-0.005021853583054966,0.004885228449815338,-0.009186077729107291,-0.0013215673878894225,-0.012221760288562061,-0.02301406656696345,0.009270771089280752,-0.02196744397681687,-0.007194627306794726,0.020853831712943728
2024-11-22,0.015023685067740456,0.032348540468441316,0.017482210497310222,0.010157535874797877,0.022419906422583392,0.014666937225080392,0.031240725270984846,0.020306901151742957,0.02358904203763299,0.006855783152387118
2024-11-25,0.02074917662672449,0.006579576411408516,0.006868980866228489,0.009742006193955021,0.007028874418645404,0.004151327429467886,0.021870880360238813,0.013124172627871956,0.013075438521712217,-0.050966454819468175
2024-11-26,-0.0003065163483417977,0.010667807551442404,-0.012877443600441579,-0.009755701786989208,0.008334520089211405,0.0037866071012348707,0.0006318124345475013,-0.007698606122504697,-0.0011318641340202825,0.000653396212885655
2024-11-27,0.0021111558615275455,-0.0015265939823402885,0.0044470063492169755,-0.006081285130634047,0.003285697871012524,0.007892044708209903,-0.004138171869120872,0.014431550143056344,0.0033175761911502914,-0.04543201422322769
2024-11-28,-0.007580006091594729,-0.02414141858225739,-0.0164048088647697,-0.004591671525669902,-0.005573985143373236,-0.002506657987368,0.00043892323287271295,-0.007457434397148097,-0.0149725605075969,0.03887888592484207
2024-11-29,0.002861611996177613,0.004122400310567092,0.010057513560459554,0.023272079863866976,0.004109801741886885,0.007683905622771693,-0.005084294669718248,0.013503891638663338,0.009031098528695802,-0.0526437148447386
2024-12-02,0.0010252704157960642,0.009245306976683826,0.009838611482933617,0.009398061015434975,-0.0004608848281193551,0.010964641379655108,0.029982623058861336,0.0029955986499099283,0.005988850983542634,0.018538086875047717
2024-12-03,0.011197128571671565,0.004763916817277179,0.00645384826926623,-0.00020046374709863606,-0.003940983747017548,0.012258185307872715,0.0032292026658459474,0.011100787212778726,0.007432322879372628,-0.022704788682473654
2024-12-04,0.01078028866262057,0.004430827733690358,-0.007115078445536258,-0.0010162487925021633,-0.007286902336795674,-0.0017482235484606301,0.02115716194356046,-0.0073399571054827755,0.0004210081782723239,0.005551709231740405
2024-12-05,0.006300216004784557,0.019315392349272157,0.00643489945056329,0.0018045599786825595,0.005829762770586414,0.005687998734624502,-0.00250982960605443,0.0039314243500717,0.009799651742121284,0.005521057845637851
2024-12-06,-0.0017561035697197733,-0.002018436441632773,0.009392791792086084,-0.0012762394114018405,0.00241182891869558,0.01224865427711362,-0.0005119526856174026,-0.0011065581664595945,-0.0012391968835286232,-0.02720777445575665
2024-12-09,-0.0019033417099216408,0.002589655107793666,-0.007759462910833619,-0.005616446596335674,-0.022481579325778087,0.006163649414133502,0.002789661407332682,-0.004061911509360626,-0.002385583169878571,-0.0021239432158302192
2024-12-10,0.003177055626576128,0.008169385694841788,-0.0003365438132764099,-0.0007914876390623122,0.0012328156723848572,0.0021235055774922813,0.014244750416543179,-0.006330727867992746,-0.00036357470666444975,-0.023665495325332887
2024-12-11,-0.0034841450568980784,0.00332637288673084,0.00356156555766798,0.0005000842556527465,0.004175768448473725,0.000875656076839658,0.0018292409588386148,-0.003817512682580939,0.0012892918089711122,-0.037712363367266986
2024-12-12,-0.003281232693891202,0.007716439355903514,-0.008063194965768758,-0.0032919724367242104,-0.01098376716225232,0.002537951053125351,-0.00412050770768742,-0.007638617189053447,-0.003785351792322941,-0.00604694792426966
2024-12-13,0.006879253769818475,0.006415736865946984,0.00475610181123531,-0.0032420213854043737,0.012789489015554677,-0.0072254513306259475,-0.00441393581032853,0.004560825526717548,0.008905773422254015,-0.010670786531577294
2024-12-16,-4.570923843923035e-05,-0.007467605903140493,0.0007316683995393387,0.004422198552452342,-0.0030325703908140405,-0.009746131543679527,0.030496509080773768,-0.006047414772471619,-0.004047649614185296,0.07169676587280407
2024-12-17,-0.014031009626021638,-0.005267576425325848,-0.015789891015680586,-0.008166054190845715,-0.0040604609095873465,-0.016481231085625422,-0.0009391158459905369,-0.01621272032775378,-0.01356025614827435,0.03297382627953841
2024-12-18,-0.013246286460896239,0.0024873734914936437,-0.007567733200323264,0.010813570458218767,6.225912635789126e-06,-0.013693159768656536,-0.004663641790663791,-0.010879402263291068,-0.005651640286891943,-0.008316048409686872
2024-12-19,-0.01087317665718863,-0.012658119794804011,-0.007356617052396527,0.017033459323538967,-0.005503239989312289,-0.010273230335493629,-0.00825949615735042,-0.009875839588243982,-0.01026582529903898,0.009695390543115634
2024-12-20,-0.01595774929545478,-0.02667151852903166,-0.021507541338222958,-0.008674915711623985,-0.009969734339397872,-0.01843178054070464,-0.039897148900566635,-0.020346884409530405,-0.015322359236337606,0.037867909717682474
2024-12-23,0.010940936818536123,0.001308246127016044,-0.000985871107981329,0.003114939156771493,0.009562804844282817,0.008828290474928124,0.014561932444635486,0.0067700520492090625,0.007010839504245724,-0.10853588791477713
2024-12-24,-0.001649948033531738,-0.0036447614414937147,0.005649504742584446,-0.0005827659579827178,0.005405329661052233,-0.008334881528721716,-0.0008370763173344725,-0.001788363502649468,-0.0010866989549987555,-0.025469552244256448
2024-12-26,-0.0012167683279371618,-0.00010645299265069784,0.00836448800531465,0.0067879856564385,-0.0032174850044935422,-0.0014015453425861883,0.0023234211195564815,0.0021240549949892037,0.0009498673594489271,0.06320984365182346
2024-12-27,0.0027439287039176807,0.0013079595258284867,0.009698844601246894,0.01293950699746182,0.0033051721603088963,-0.009648602178856752,-0.00549198483734231,-0.0034231982791422247,0.002657545248501766,-0.05866786265892993
2024-12-30,-0.007012283353431148,0.005702892895659832,-0.014424503352206741,0.010067254670248903,0.0030805677671199736,-0.012792681009241249,-0.01552095909635527,-0.005930874147929229,-0.007101000468431965,0.05366965916160183
2024-12-31,-0.001818055708094611,-0.014515290486094528,0.002883631643661391,0.0073349584408131,0.003196143105757993,0.0046409540272561315,-0.0023728181766344797,0.010169996166646735,-4.2127301519090045e-06,0.033782208975480364
2025-01-01,0.003932516237647942,0.0008142178721720688,0.0,0.0020267970754592867,0.0,0.0,0.0,0.0,0.004140304217561321,0.0
2025-01-02,0.01061604675545918,0.02231269752951634,0.05047791685364793,0.0039840135671798975,0.015230407270691736,0.00845548833471407,-0.0006653528495219293,0.014883703977448105,0.018599976157659907,-0.050383131222660076
2025-01-03,-0.012023223896118125,-0.01419667985617311,-0.0004664281248796702,-0.012384591613761268,0.002522306583265946,0.0007563711534262036,-0.006247831296139514,0.004975641324611645,-0.007631803596810856,-0.014663005469361466
2025-01-06,-0.021144228724655777,-0.0011830296401045147,-0.02201948791895441,-0.008220305049890199,-0.01925473088840027,-0.03194254762333941,-0.03213458656009788,-0.032934631559910985,-0.016325128725884954,0.14482262794432452
2025-01-07,0.005596035980463355,-0.006869586691738925,-4.241918967651364e-06,0.006716855546335528,9.084306398616044e-05,0.012347300402988903,0.007922673075607716,0.012407226590914098,0.0038817437019732417,-0.06534820656104504
2025-01-08,-0.007339255935095342,0.00593952179128398,-0.004778828414878156,-0.009405467950748836,0.004363750340436974,-0.006721831404062729,-0.0015696810886033543,-0.00020908242111845662,-0.0007996806978147784,-0.013045126952701562
2025-01-09,-0.006675193260835087,-0.011705912571082687,-0.0027831056153966673,-0.006233781997806879,0.00922573771493146,-0.012347841000822271,-0.027674459366253647,-0.020472703198420556,-0.006881216315863482,0.013045126952701621
2025-01-10,-0.015663389834337238,0.03381036096873915,-0.01241082069264269,-0.021537244184774106,-0.006594412875940779,-0.016313054938867335,-0.028046899209126227,-0.02058938637425556,-0.004046174437066828,0.017579913839095587
2025-01-13,-0.014319967454771185,-0.013777626152390098,-0.02799742339868,-0.021566089722058233,-0.012287700928288015,-0.038439952414434625,-0.06685961948314274,-0.033752373974025134,-0.014857097422370331,0.06988612235063119
2025-01-14,0.01421736472810984,-0.02154687317953728,0.019940847956324604,0.013628391390837399,-0.014154060286289369,0.03899042802140645,0.007959374496419267,0.02854517019182456,0.003895278043635164,-0.03368604039373303
2025-01-15,0.00046267102091261024,0.007865901038750256,-0.0052826411633472075,-0.010467228570673061,-0.00139143228185617,0.0016255538271578232,0.0138324979243283,0.007522017087842457,0.0016015971562733668,-0.013667640990927722
2025-01-16,0.010751870547835236,-0.004905846272396073,0.006516896720286506,-0.002868994919349595,-0.005593515398763227,0.016889610038767326,0.006710358347168382,0.013331386904678019,0.004238654922064901,0.013667640990927678
2025-01-17,-0.015091329802434902,-0.02714642363818698,-0.00307324579954811,0.006911294773451967,0.010101801706428902,0.011768544633783245,0.013074196077824262,0.011919886769093302,-0.004669537131428157,0.017937683425593834
2025-01-20,0.016553398967217556,0.003813636263500363,-0.005248195822353279,0.005456161267917688,-0.0011260786428161662,0.010697405504307301,0.006473519014437432,0.00816722567983376,0.006081952909099664,0.04165974339904349
2025-01-21,-0.01592943834498547,-0.011797660698895098,-0.016391765014251134,-0.01359367151359023,-0.0020725872928235214,-0.009477804539052321,-0.042074466819522635,-0.01911316417618606,-0.013806721311582606,0.03823640208817996
2025-01-22,0.003155345269229849,0.021183953050962944,-0.0012943562022226995,0.00692426596389172,-0.00047829469223943725,-0.007275451171791044,-0.04669344203082106,-0.014778523182938349,0.0056604403518015324,-0.017144907627167007
2025-01-23,-0.0027827314027984414,0.01771117026065579,0.010921367571198631,0.013896741078046754,0.003335495695204531,0.005333856822372603,0.009949786657527607,0.001814710407934976,0.0021570002277194853,-0.0041828380239930145
2025-01-24,-0.004562848624140744,0.0039677720681662336,-0.015569723226317425,-0.02130094890105366,0.0051416799687729,-0.009053785729406974,-0.02333297275042131,-0.01796709773500614,-0.00488797436469754,0.0029894931633697697
2025-01-27,-0.006287372038481836,-0.03420104911589527,-0.009089085939421336,-0.026880044194113065,-0.007426408297570358,-0.02995064156582715,-0.010540994931500427,-0.025762259456176377,-0.011456619090824587,0.07916972020592045
2025-01-28,0.016552337280285295,-0.005723595132563707,0.013279445975995131,-0.02355604867750455,-0.0038264236541037133,-0.003957809613568625,0.02143572421352162,-0.014024012870679763,0.005595545512054291,0.003853657525503164
2025-01-29,0.00610201038691614,0.02581956484414968,0.014367945132102936,0.017507425458735234,-0.005043154081842857,0.018365543730190354,0.028672905184870694,0.01987709090668516,0.008926687592645893,0.023888140510763038
2025-01-30,0.0029651344979147315,-0.011433098466028418,-0.004021579105482994,0.01201182477044937,0.00715124590770078,-0.001071793943749764,0.017636340478667967,0.01274362270179746,0.003723148074350194,-0.06941448324491822
2025-01-31,0.0055662908131055185,0.005549508464534863,0.01639689936891988,0.0008842740888750216,0.020187606407197505,0.011970620311107988,0.019231875811890245,0.02598859089568262,0.011074194280356322,-0.06780238449259732
2025-02-01,0.0,0.0,0.0,0.0,0.0,0.0,0.0,0.0,-0.001117246011978889,0.0
2025-02-03,-0.007624672874087702,-0.00820226540919546,0.019890443491150916,-0.003598117975082793,0.01275263971260581,-0.02954639662553639,0.030306198819744133,-0.05202090363493753,-0.005170435671733403,-0.12434293998686048
2025-02-04,0.01906896341398504,0.012819729408532187,0.00887934457503226,0.017280618781643067,-0.0025258744795531715,0.017780604314626088,0.005512837769592137,0.022107970125934122,0.016059657410686868,-0.023265054531681286
2025-02-05,0.003683580696708373,0.0006554415180683753,-0.0007630330429928872,0.006171727081830394,-0.01567798037612049,0.0150224351183849,-0.01865560714323605,0.013548982800280695,-0.0018108456539069108,0.004270431054087673
2025-02-06,0.0007753928844562097,0.003088108507893085,-0.009323813133886909,0.006406522673766944,-0.00965828953991459,-0.007557675596367494,-0.022114056083177926,-0.008604777485062007,-0.003930316218479903,0.007077197314253113
2025-02-07,-0.004440983698253697,-0.0023108639521646377,0.006890692269753875,0.0030825747079554298,-0.013131626364758632,0.026214671659553847,0.000981220481083589,-0.00736069118235905,-0.0018404311807618838,-0.03516693397651784
2025-02-10,-0.003552067368259725,-0.007603041815067515,-0.014914575046632383,-0.018808267533197327,-0.0046676898835345355,-0.026740942895257414,-0.030312082258252368,-0.021791433206245495,-0.0075988318246352615,0.054028792709768805
2025-02-11,-0.011623717100814859,-0.014858692403303944,-0.023585714634871562,-0.019394709397534144,-0.019556806501194055,-0.017583504413412786,-0.031143779785053786,-0.021186815250680373,-0.013338245144624153,0.028651351417173166
2025-02-12,0.0015381999618260963,-0.005622407272135345,-0.007400930967305828,-0.00506938042500025,-0.0010275892314557437,0.00665586144596864,-0.027786937401873227,-0.003806905260233718,-0.001151451956867338,0.002015434573448345
2025-02-13,-0.00242004372095746,-0.010053221415371936,-0.0028221680453986856,0.013392472529353664,-0.007925966553808046,0.008184356649799818,0.00806892402565383,-0.0009743771303110542,-0.0006011552347958088,0.004018787746844347
2025-02-14,-0.005289555153079334,-0.0001065598358832782,-0.01238375203787434,-0.029148299193720546,-0.0033103600989959144,-0.018016822874490607,-0.017525498491667284,-0.023101912538624224,-0.00444513112662715,0.0040027017166678405
2025-02-17,0.003242213034810687,-0.005776579828422865,-0.005336137267120123,0.012626793754566292,-0.0036490293658530196,0.007628865189287221,0.0001202352207551189,0.005390663847930799,0.001318406118349223,0.04555112717469543
2025-02-18,-0.00348966877730114,0.009478237926190316,-0.006074816063519921,-0.005080295155676322,-0.008811966852945581,0.0006542444860577323,0.0006011060620258126,0.0036209214015657794,-0.0006186376571162799,-0.003185742750905992
2025-02-19,0.0097874994463339,-0.013111262709258964,-0.00044696015465837,-0.007140594004540166,-0.002290151598487457,0.012471041466023569,0.016567750136450708,0.011264035699767952,-0.0005405787764224007,-0.01608268815380976
2025-02-20,-0.004763198110848666,-0.0014256180246784143,0.012111609746931078,-0.0016464074190066576,-0.0004421955176151838,0.019405639437421667,0.011108953699141309,0.018141427097248357,-0.0008615791713867465,-0.04917932910799984
2025-02-21,-0.0071881277200750845,-0.007895790033396109,-0.02611389990788483,-0.019436414652363523,-0.004579915413199503,0.010121105772034261,-0.012824488086059597,-0.005607519849527425,-0.005130286241460248,-0.010270584770475905
2025-02-24,-0.0067446610790008864,-0.027453490680832287,0.0021644848459528836,0.0001985919521031836,0.0035954291307168065,-0.02194720595850374,-0.008144354962414564,-0.011178966138763131,-0.010697116011174177,-0.006213354799082897
2025-02-25,-0.0008965149977923783,-0.008025219917228333,0.005097778356536758,-0.00691699641370457,0.003199394312885535,-0.01547622117544192,-0.013218962754350999,-0.007147579764882411,-0.00025714910818764225,-0.05114746264487145
2025-02-27,0.0027826669034080975,-0.0047299574299449355,-0.015224294293531011,-0.0023683529731351296,-0.007620529469877928,0.004973427102282864,-0.02114999231614451,-0.011642966775760686,-0.00011088293493540093,-0.03033897782703671
2025-02-28,-0.008221443538791617,-0.042708876903178324,-0.04000873109174425,-0.01938096013082525,-0.026594778941185178,-0.013960533251057847,-0.014248119302812251,-0.02113219956854474,-0.01882096814125905,0.04409233103225375
2025-03-03,-0.004777135895262998,0.007904420415404078,0.0019275792306219165,0.003340656564442525,0.0019245694734475694,0.01173845686617418,0.012516883614771268,-0.00036983164686885133,-0.0002440302652016664,-0.010842145826645435
2025-03-04,0.0027168783154354987,-0.009013112101155494,-0.013181697355366494,-0.002979836885852088,-0.005180074963213382,0.0037746205781120615,0.0009896552882066255,0.007705075279001398,-0.001658315891150207,0.005074291021060674
2025-03-05,0.005060219086961644,0.021111851906827208,0.02569427055050929,0.015327955886730651,0.014829873183930874,0.03962840865168722,0.022979667820630937,0.028052653651795895,0.01146571185468711,-0.011636483843131899
2025-03-06,0.002836767458683978,0.0019155686042504623,0.007804784600429254,0.01462653588757842,0.01184859765264406,0.023154775797567962,-0.0016931289871319783,0.020067756865310832,0.00924200854408832,0.004379530122499816
2025-03-07,-0.002681061100261846,-0.008552631749733522,0.002382689555557766,-0.0022081874629529415,2.8906718548293722e-05,0.004294007998110511,-0.011933229982803013,0.0018451258009508917,0.00034595413741610534,-0.019118176193243182
2025-03-10,-0.0058047259745134866,-0.004665777672530757,-0.012302983677241294,-0.0059924109302643795,0.0022059612887149783,-0.008617899239198944,-0.020606482063448815,-0.01541463402890737,-0.004096583464717347,0.03787776207076369
2025-03-11,-0.007553876448123271,-0.006510743304934788,-0.003386011527051397,0.0037226621060589445,-0.0010571443158209999,0.005296503291539643,0.03562154998297753,0.005112782788356774,0.0016726478000064651,0.0057020771194753635
2025-03-12,0.004226843028653843,-0.02956237635253057,0.004873784603713878,0.004509781223550864,0.00011165150366888632,-0.00484464330528603,-0.016608776510069815,0.002306437637409409,-0.001218651042867137,-0.027379240787448748
2025-03-13,7.802986304361546e-05,-0.005195103753505519,-0.011110948228392422,-0.0018206139417460288,-0.0015023621688153564,-0.008694432103128494,-0.01845020547140916,-0.0016598604725802035,-0.00326742167482874,-0.030406484708331117
2025-03-17,0.006093497681614749,0.00040684417764482133,0.009061628680395433,0.015434399591519127,-0.002047257972950563,0.007671829203507757,-0.003819129798585683,0.005611087008386627,0.004968206335327962,0.010487013287931838
2025-03-18,0.019666137077787645,0.013254047830794754,0.02352870386206961,0.01616274457341322,0.013465220773833275,0.02105378411576774,0.031125166326594435,0.015835644969773945,0.014359703182661372,-0.0157720158066601
2025-03-19,0.007839121602958908,-0.01086875241214703,0.003973774496589133,0.004947018890370848,-0.0055589849764851665,0.012660999551046716,0.02764543677069101,0.01755194358585472,0.0032048904937790478,0.006789928146706652
2025-03-20,0.007221970221284502,0.012432190708127242,0.01413776460705775,0.009177114334984967,0.012829270514089563,0.011471278917912893,0.010648782877885739,0.008093009640717881,0.012280480863664548,-0.05406720533586815
2025-03-21,0.010544865978513278,0.0007127975239859291,0.0061296700886172934,0.013280345124134134,0.0024215348599118986,-0.00547739638302129,0.009725465197671484,0.014261005750777083,0.0068649342763162065,-0.0015885990252140294
2025-03-24,0.021729393247889268,0.013913942887482484,0.008362583413445493,0.006694028270245232,0.004645122342267401,0.006422476541519001,0.015184063639480798,0.014235709999377975,0.013101970335000056,0.08528757370423333
2025-03-25,-0.0018777912529735028,0.013076049540260912,-0.009208702929329377,-0.010557988650319528,-0.0019075852934957555,-0.014128413395717474,-0.014662597532066276,-0.0134190871482906,0.0004353025297464832,-0.004389141326220709
2025-03-26,-0.007760417401511165,-0.00986632393366052,0.00023924213452872862,-0.008479642833837488,-0.002691314276749813,-0.003861665323642413,-0.013001231858786377,-0.008904565174387145,-0.007710730752587225,-0.012541667339368191
2025-03-27,0.007138272122071959,0.005651388814334162,-0.010451002595624852,-0.004008341973952182,0.0054223308339694555,0.006802667271320716,0.013406589427316398,0.01427928517475678,0.004464845602965276,-0.012700960677562297
2025-03-28,-0.00021330085423934848,-0.017792025546652473,-0.010335918794133047,-0.006493431526782999,0.005861526328364782,-0.007374425184738817,-0.014287207103328727,-0.003311233416732284,-0.003082049047667123,-0.04458847066386844
2025-04-01,-0.014402722419340411,-0.024854848950718066,-0.0028332460774214466,-0.0174499765962551,-0.009148881648236455,-0.008354892065813652,-0.0315630565269803,-0.00844904687051276,-0.015150767296533939,0.08004266730270784
2025-04-02,0.010189429488519527,0.00838184195407748,0.0081418329827234,0.008678321457943599,0.011251562180056136,0.006984671882707819,0.03549053494468095,0.005229774765173186,0.007168090205371445,-0.004363604447034434
2025-04-03,0.004843368677377204,-0.042974909135689944,-0.01150274465301801,0.022216164055241083,0.0019374774113297122,-0.008282998416211324,-0.0009950969418637918,0.0028676994892595066,-0.003531376595912815,-0.008784820969229647
2025-04-04,-0.0018361265513455757,-0.036501035177852956,-0.027343109847963235,-0.04114338012717725,0.00044499789467390233,-0.06784619003850996,-0.03668002268492938,-0.03798619922509178,-0.014978235581472139,0.011696028347801337
2025-04-07,-0.03241310326398503,-0.025466630258802622,-0.03849149276069174,-0.027840192349270893,-0.011012357629839601,-0.06990202128486674,-0.05860670268017334,-0.028071559905905156,-0.032970136904421674,0.5045560342908677
2025-04-08,0.012970019296965426,0.01746576695760183,0.016149023034343384,0.018943751218490283,0.019697266734303862,0.015083814395172356,0.02443492880619579,0.014291960194563795,0.01674631338889978,-0.10882809196635275
2025-04-09,-0.0053766576201205694,-0.022112503832859495,0.00011172199389986514,-0.019904389461011845,0.017606442113095228,-0.01493727261751398,-0.019166717988966454,-0.00970594574160921,-0.006084328049671031,0.0472980322625058
2025-04-11,0.015057264006311015,0.006849740769448516,0.020067496901969517,0.024018029432182668,0.008582511278029798,0.04006577524023191,0.012544386274429957,0.026643743960256754,0.018988950673859396,-0.0635745895908629
2025-04-15,0.026643552675940964,0.016191881695515466,0.03338275471545511,0.021768043936965305,0.002792018606562508,0.03151814694863602,0.054909447070641694,0.02123022693351233,0.02166598602930882,-0.2205363940274426
2025-04-16,0.013995853937483777,0.0006068492231680368,-0.004263882574351415,-0.0018139086973699018,0.007994378781944986,0.002955372404922084,0.007221526220624367,0.010526825026131064,0.004646504460063537,-0.016250312780597444
2025-04-17,0.021832570096618705,0.0023055069194515177,0.01021896720205826,0.012021235381911017,0.005814885177306307,0.0025633244281092335,0.005101129617085041,0.010128838629544196,0.017528943393621495,-0.025527845481121508
2025-04-21,0.01851056209945288,0.022596978889291644,0.020968815984293104,0.010560945335034353,-0.009645088751610707,0.020666234627046136,0.02223353993213327,0.02464389947363351,0.011418063566753105,0.0032268624041060664
2025-04-22,0.006177468411529913,-0.005699519235483941,0.0035536169653506504,0.004066461632043843,0.018771536376078465,0.0018472556196737324,0.023899170414322945,-0.003597564642183498,0.0017269335569158489,-0.018862407399792846
2025-04-23,-0.004992899990833982,0.04250031292562826,0.02349630995019474,0.01393812950485867,0.005302883660070395,0.007790076098855482,0.013189471404462435,0.006891737584210467,0.006668556323176313,0.046818457561462606
2025-04-24,-0.0030505609853250237,-0.0030414111048533607,-0.002540563855334679,0.010781676605725602,-0.01067187221901795,0.0018295547117150122,-0.014150357298373691,-0.0008146243331879862,-0.0033864737270896763,0.01800731436392252
2025-04-25,-0.009782000526163863,0.007200560871140859,-0.01681886064800201,-0.022646209081413765,-0.006263457693780503,-0.02119218915755805,-0.028450498001239447,-0.02242998963343005,-0.008588438645809417,0.05448817639200147
2025-04-28,0.013965203962897124,-0.0022324045834438647,0.016165846347228285,0.019615399578417077,0.001554523639338391,0.013922916027233601,0.014039603847296783,0.017004528966949026,0.011956447831200931,-0.012903364417416468
2025-04-29,-0.0007498513707811542,0.012253058329078028,-0.0024141567534425863,-0.010620751266232333,-0.0025783831089875894,-0.009568178108432525,-0.0025850940721048456,-0.002902438777371633,0.00030614622903455367,0.02506690781778739
2025-04-30,-0.005505190785485016,-0.003498535552163434,0.0004191949670421947,0.0044097108674116545,-0.0005162677375870195,-0.0029496396265521153,0.018916837598434006,-0.005741059109675294,-7.191266338548166e-05,0.04777522557733113
2025-05-02,0.0005118418477934279,0.0027034935780241454,-0.0009821926809468373,-0.006682068149521855,-0.0034269008177479666,-0.007415083312636064,-0.004865900606872172,-0.0030082220319694267,0.0005135484625769229,0.002193033555974538
2025-05-05,-0.0035598133962563474,0.0027655596014079654,0.01834853317508333,0.006833660239001383,0.012085288700782732,0.009551114753322112,0.006557757587587957,0.012946523683318143,0.004689876016656186,0.004371587446844608
2025-05-06,-0.011871120813523034,-0.003396886602776401,0.0016902775176953497,-0.011147648825599762,-0.0009277977804328318,-0.008811835542634445,-0.03643651679330525,-0.02377417301246654,-0.0033394596535795407,0.03535450401817128
2025-05-07,0.00623611202152172,0.0014236502867681319,0.01642287935054588,-0.003344456313219157,-0.005166822318575978,0.009729934417323652,0.011099981848297826,0.008167331754401904,0.001426437150093386,0.0031528910398032697
2025-05-08,-0.004500976055335955,0.002284352954321395,-0.01921727771827176,-0.01631876680774369,-0.010115457540860736,-0.021090787256431324,-0.02498744529861023,-0.015190570552607228,-0.005775526588332327,0.09740665554461282
2025-05-09,-0.014272047112656998,-0.0034041021935477173,-0.0020462529471141394,-0.002052812522118393,-0.0069447009754776455,-0.0009318784155233049,-0.024048399406785922,-0.005897801871978076,-0.011010503428714508,0.029082675414600245
2025-05-12,0.03280956250641026,0.06481133139111317,0.03357594620094075,0.0014676765140451962,0.02605205701659635,0.056975996310513914,0.057610146894265135,0.041043281096038414,0.0374721401846667,-0.16227419573854582
2025-05-13,-0.008012826842756487,-0.024538094065570042,-0.010015576120122409,0.012107352544100223,-0.01352771193156452,-0.008969585866671367,-0.007245977905885127,-0.005341851542084496,-0.013993290077199355,-0.01038536942441193
2025-05-14,-0.0025432498541150574,0.013268682277381013,0.008150642811130414,0.005637236933509186,0.0003114993010560394,0.02431519780455253,0.016826371131082547,0.014125827640694357,0.003596321541244558,-0.054769612030488746
2025-05-15,0.01006392605215792,0.011563236183093748,0.018999038767055786,0.007889948297526903,0.005913976074738849,0.017298526088007707,0.019056775122898845,0.009141702697734384,0.015894449466611917,-0.019930329289161944
2025-05-16,-1.2702047231440082e-05,-0.008429719145091514,0.00621053050469606,-0.0008063595534167486,0.006608533889605402,-0.0008907495821349343,0.01612846404011585,0.008510857234500976,-0.0016891866264205442,-0.020335638958837977
2025-05-19,0.001188001516239402,-0.013109525922607716,0.004143227051543071,0.0049454091342826245,-0.0018611457561650516,0.0009667718309254898,0.022376688128911644,0.0007301673112567079,-0.002976133107706799,0.04778268866669345
2025-05-20,-0.009852432525205082,-0.00519790899012598,-0.021915915612859806,-0.013163208943476987,-0.013245798283564763,-0.005956438532624442,-0.011207040156759374,-0.007190175930718774,-0.010540184450815589,0.001726548877640146
2025-05-21,0.0035970132106267704,0.006858867071501877,0.00715208409615847,0.01239021103888651,0.003674298977607513,0.0056741622471644815,0.01708343927578788,0.005963619698911014,0.0052345883147392296,0.009158613171196437
2025-05-22,-0.0024323799791412474,-0.013137378457899042,-0.010186653767066029,-0.009337495121043699,-0.014554116907488694,-0.0030998837937266216,-0.004591314145108352,-0.008168575936942715,-0.008245170966734258,-0.016662207523433788
2025-05-23,0.008282648022834316,0.009493282444712594,0.002356549559895843,-0.0040739417552736815,0.01612879175614154,0.00759114501723824,0.0026185197827606407,0.007910369440453174,0.009843878373448323,0.001158104196232118
2025-05-26,0.003131472479956106,0.010170335224356356,0.01048693105059939,0.003146578958970489,0.00964586954797361,0.00934585014162206,0.007603008160714269,0.006842907414210707,0.0059373186446142635,0.041932474470942345
2025-05-27,-0.0039522181249083965,-0.007556397750428054,-0.0070207138774013925,0.001076002242019382,-0.008840015080123328,-0.004454852320594987,0.002433464468938587,-4.746493691978442e-05,-0.00702232377173064,0.02844833193562132
2025-05-28,0.0011591467256507572,-0.0009523957629594541,-0.006797227145216054,-0.006134865722598581,-0.015033496092879229,-0.005983491300201591,-0.0014805029881383742,0.00021324794497661596,-0.002975073210803887,-0.028448331935621313
2025-05-29,0.0023260146242464062,0.007668179741405903,0.005051815138424135,0.00912229403625655,-0.0013185937104782486,0.012065068455087924,0.011364941418702442,0.002786653699412299,0.003273116733106363,-0.09298216891259538
2025-05-30,0.0036595946346980666,-0.011519095414601931,-0.009818498890092611,-0.006846135710521211,-0.006265252009437147,-0.017083320973989544,-0.006666554872188277,-0.0030513971170173016,-0.0033438193068198903,-0.020923849664513737
2025-06-02,0.0027531581131464908,-0.006988085806069186,6.22117656046004e-05,-0.0022388189165727375,0.008098923715631116,-0.007062675604647265,0.022806387509042146,0.0015247970082398574,-0.001378673005562118,0.065004826161576
2025-06-03,-0.005442885335163327,-0.0066855687299306275,-0.0025045886375088715,-0.0018667597684984328,-0.004887891896840187,-0.0006848996488476614,0.011923508729532222,-0.010749430096277384,-0.007068758288164619,-0.035590968460491
2025-06-04,0.0013821812894170905,0.0033409688988969032,0.002742431317627763,0.0008191753301203227,0.0012568548485984267,0.006022038816772879,-0.007044823998296915,0.005179243162473811,0.0031609038835467354,-0.05014975143561492
2025-06-05,0.00150756904627013,0.004587630328621596,-0.0011321215000442344,0.01266990369500408,0.0018333162300489575,0.005877566173941377,0.017368752912530157,0.0025336387571998505,0.005294655304090157,-0.04347100775111229
2025-06-06,0.014555221053401587,0.005024077989710389,0.015121449039520833,0.0018556419442667534,0.0030555912537598186,0.018774096091595315,0.04575993995761991,0.002765179081986388,0.010135980900817266,-0.03029513466615115
2025-06-09,0.004606034082723467,0.009987474371975983,0.004884216782713951,0.0065454823217198106,0.003995440161751899,0.007472165542801917,-0.0013956938103676661,0.011864242007372539,0.003997448256890138,0.00409273876662146
2025-06-10,-0.00371027844126405,0.01660713250658324,-0.0007636458298743948,0.005537410851918161,0.0030777367851016215,0.0034445403685785993,-0.011480157244353464,0.004458730160506324,4.18575835460567e-05,-0.046682047363795304
2025-06-11,-0.0029950200528604622,0.012565649522307498,0.0019426053223806465,0.00496081088245471,-0.006752413382647961,-0.001462775838948802,0.0009251795349979247,0.002992873296097439,0.001478750781646587,-0.025281257940223966
2025-06-12,-0.006703268522981033,-0.008388984953530113,-0.016663809254334073,-0.0009525257223071744,-0.012918852968077847,-0.01563367239449574,-0.020456028887677967,-0.01947450437782175,-0.010122141121121413,0.025281257940224015
2025-06-13,-0.009949006077016643,0.00023266010783865013,-0.003611550058498901,-0.0023170611459534156,-0.01052543780102561,-0.009641473090191616,0.0005959529214748325,-0.004962430076573156,-0.006837783295332098,0.07288444326332509
2025-06-16,0.007491529557008836,0.015573770162965897,0.001749611342975552,0.0024667506866695604,0.006328191545637741,0.010683877664248397,0.013071436919784593,0.007523232024577412,0.00917755091754434,-0.016043109499092545
2025-06-17,-0.004133123735948372,0.007218030584333274,-0.00604991877118846,-0.019085644228118256,-0.0030032455818648804,-0.01440611768937222,-0.006489674286691575,-0.0048561776810214586,-0.0037389519699400583,-0.030098067930435856
2025-06-18,0.0020548435522054083,-0.008297421530994097,0.00365490166285401,-0.0015921981782235678,-0.004696763224277593,-0.007197077108772542,-0.004746362817381563,-0.00471164098941351,-0.0016651260767121068,-0.008368241879059607
2025-06-19,-0.004511440283236665,-0.00942011538418535,0.005232466694603671,-0.006811549915630901,-0.0031065834882795683,-0.012946138868588853,-0.016137061601666627,-0.011099393234399305,-0.0007580150449296773,-0.001401507175172368
2025-06-20,0.012079204852049767,0.008408886594057604,0.010387630812856376,0.00795038392616116,0.00638024430901649,0.010798184592348112,0.020834110988139892,0.009209293363111163,0.012790324902965947,-0.0422547747197887
2025-06-23,-0.0034457554223283485,-0.014917750917376925,-0.00925746553668331,0.0006105209808910365,-0.007424355618779091,0.00653868358195745,-0.0009870207344292291,0.0002457549412128985,-0.005610555258512813,0.027418753038209093
2025-06-24,0.007155067906978082,0.00010015758304231061,0.00582667845813937,0.002120194513950005,0.00220034629859196,0.01001106895758863,0.0015787418214850226,0.0033111380061077505,0.0028970292423300638,-0.02961573176958416
2025-06-25,0.002816515997316384,0.016223363529735992,0.009680442292137312,0.006104463877099686,0.007350590776273991,0.004092376547252839,0.005359055254822019,0.0026136460533713298,0.00796997571939643,-0.05113898371803766
2025-06-26,0.010288448010729099,-0.001282653824379884,0.005603690680272878,0.0001558451611619241,0.006763730835575891,0.02282100329128694,-0.010003803436552326,0.009959874348449773,0.011979963629751521,-0.02896483369154326
2025-06-27,0.004137781433808544,-0.004453941173358411,0.001928303243306628,0.005505693054306948,-0.00017782775681567765,0.0035194127788682745,-0.015573038042962626,0.009997098851754047,0.00346967847107354,-0.016013136825308544
2025-06-30,-0.00228568011322425,0.0032672258297005525,-0.0056556969294215475,0.005008260340849921,-0.004093025639936383,-0.004541460285553774,-0.007472919819848127,0.000712527172001211,-0.004720968611190444,0.03177388925747289
2025-07-01,0.0025563559753664987,-0.0030045492565410428,-0.002035820084397723,0.00011573430995521412,-0.006965202252860304,0.0031152918469865326,-0.0023848552071390936,-0.0024243239855133688,0.0009694695897414579,-0.020537865011370178
2025-07-02,-0.008042249090694696,0.0011826483046379617,0.0031786904812441882,0.0031505145309407684,-0.0011611615471773496,0.013979893177066837,-0.014481536858084629,-0.004088696794490248,-0.0034670116851196766,-0.006405140006171666
2025-07-03,-0.0036426423673500863,-0.0006380984581592472,0.004387860113069891,0.004217499726163904,0.001395997981670904,-0.007840579478197652,-0.007138415720483512,0.0008680430624526999,-0.0018915002785163046,-0.0048308842399310764
2025-07-04,0.004216156440587588,0.008004313228435938,-0.0010231802192342916,0.00808949297678193,0.004024698205050469,-0.004483463002215855,0.009095187111133654,0.004028986972022403,0.0021900252291445488,-0.005665790016104111
2025-07-07,-0.0014511043490927048,-0.007678831134113942,-0.0015232358725074723,-0.000873697523797437,0.01661896847392024,-0.0060986808738122435,0.0008227364972210509,0.0006242128019555745,1.181334092876479e-05,0.019293261114412995
2025-07-08,0.0053780650267477295,0.002987811693107312,-0.003807790833920278,-0.008944417897887741,-0.002678227196657974,-0.0004989613623894135,0.009820523614796234,0.0020086110809503965,0.0024007330644550996,-0.02908125834381935
2025-07-09,-0.0007469215938337628,-0.00778738077484483,0.003828672760898711,0.0019200089279728942,0.00793541047597913,-0.01406235118753414,-0.014973846021701617,-0.002416508642076173,-0.0018196736296237606,-0.021541863284527302
2025-07-10,-0.004511732180315613,-0.007895524908443492,-0.0011512772563639093,-0.005947779722690519,-0.005700247825894145,0.0041524625045268925,0.007155954409292338,-0.0019146561155549246,-0.004754933244868607,-0.02287261998460055
2025-07-11,-0.003540581368691832,-0.017968127680195366,-0.017846625307708034,0.0067309743359394575,0.005057473623086704,-0.004328341428680335,-0.012180154266089175,-0.00964359156359249,-0.00813389240519248,0.012771533323279974
2025-07-14,0.00018767334418816906,-0.011193070170036715,0.002474152739333836,0.008264595194560052,0.0020610305228003977,0.002671584086651534,0.013769111552935115,0.0028547954531193483,-0.0026894675348791744,0.013445568317287734
2025-07-15,0.004241768392862728,0.004040320795830607,0.014887357540082575,0.011329845783400115,0.007175353643956662,0.00042508195869337404,0.007856394005352879,0.0029637281224965503,0.004514895720960817,-0.04263220346011021
2025-07-16,0.002843004878456688,0.006290154103478873,0.004420221977790625,-0.003172758441271633,0.004535231280570215,-0.0054600843522702525,0.00496753191943632,0.0011670463346508172,0.0006447408512447503,-0.021127526914143054
2025-07-17,-0.005967651939994163,-0.013962903326126624,-0.0003603304746970084,0.0038189179860765267,0.0027746329801701577,0.006670515359211473,0.012312022959516167,0.002400127115326589,-0.003998199509757984,0.0
2025-07-18,-0.009650717495986233,9.013559523328339e-05,-0.004515978621104383,-0.0038698352643125895,-0.005931247989868746,0.003691500525565531,-0.0011993516398936675,-0.005686043976387423,-0.005712845317742711,0.013256983499170039
2025-07-21,0.01182944096968613,-0.0029700175409632093,0.006700862182879598,-0.002699211876784628,-0.005042150894973647,0.010234794179033216,0.006330530334465498,0.00046639894036111,0.004886187422514114,-0.016822046330411927
2025-07-22,-0.0034605990542028392,-0.004678586030927934,-0.007475403684795969,-0.010020385187469824,-0.0038983660312211393,-0.0023259927862080295,-0.01018838386042056,-0.001381720544125453,-0.0011883501967580668,-0.04100800669747845
2025-07-23,0.00797518270644815,0.0025091752122989594,0.008489247942417998,0.004930177303520123,-0.005256235417603722,0.004787489588432458,-0.026295196479262404,0.002881302157021577,0.006324502693684897,-0.021627503750451887
2025-07-24,-0.0025271777548591017,-0.022322156659496835,0.00032804366932481327,0.0054984874454188796,-0.011273068858591667,0.0003392245428866474,-0.01046482811817871,-0.00703784740230785,-0.006276651657225533,0.01883292972883958
2025-07-25,-0.009457398434007124,-0.014271535056003204,-0.012774660264587514,0.005382240684208983,-0.009226320856374183,-0.01654132437983099,-0.009944081777795238,-0.0223814227089936,-0.009022252428611252,0.05092004184508653
2025-07-28,-0.007885397934535004,-0.007147111322273925,-0.0037304569494365923,0.004334785663598606,0.0027993055183306043,-0.011594626099292814,-0.04156297678475578,-0.006516104946292154,-0.006304795850755804,0.06686300369598076
2025-07-29,0.0024415531461510712,9.04458434042333e-05,0.008211230181016767,0.013584078828128307,0.0028862144720363777,0.009959417055015971,0.015883684013054043,0.011050403684325985,0.005664401180259817,-0.0449419149716396
2025-07-30,-0.0012690055736690352,0.0030611638179988227,-0.005985170407823968,6.289433022388274e-05,0.0023518922852526366,-0.001057999690297849,-0.009597964815950944,0.00032051734818082833,0.001366900490246142,-0.028146070634477133
2025-07-31,-0.0033671522520134748,-0.005087387797945642,-0.003795280506322205,-0.013212098914356993,0.014287562469668441,-0.01223441324652702,-0.005792419286455466,-0.008673435524291331,-0.003494369971240235,0.029013017287313318
2025-08-01,-0.006172255526186973,-0.018643434143061348,-0.010406596874599622,-0.0339159319458846,0.006872718695993653,-0.019916100903437203,-0.017915824702125254,-0.006489500836428003,-0.008229715141942045,0.03741929670232215
2025-08-04,3.1464364152093105e-05,0.01585506626310553,0.01595640436565688,0.006434979921261203,-0.0010219696527534001,0.02447192795642402,0.01758696282787186,0.0009869076914389482,0.006386974825463857,-0.0008350125985927626
2025-08-05,-0.0046693631913759795,-0.004808002637339573,0.003726135244675477,-0.008324342958683683,-0.007257331777290805,0.0008787226782815762,-0.004615659924255535,-0.0002591941648951687,-0.0029651959185494695,-0.021960361010786005
2025-08-06,0.0009189816468880913,-0.017513935501695086,-0.005352276059426603,-0.02052775502679326,-0.009064194055884007,-0.004003247138931398,-0.015205566186240676,-0.006639517046827522,-0.003061596134311999,0.02112457084476525
2025-08-07,0.001983192256028456,0.008692390871020238,0.002491750695929565,0.007454613688895192,0.0012250005516621966,0.0012789656837273434,-0.001286992761759364,-0.002007320712361003,0.0008928622028389917,-0.022834012123410453
2025-08-08,-0.009341757331445696,-0.009498786869662138,-0.014104710358144595,-0.013120187784457771,-0.0072151450614137864,-0.017722101751276375,-0.021334567303924894,-0.006429966397313457,-0.00951200879308063,0.02866976820105726
2025-08-11,0.009154451923238995,0.004239686168375638,0.01055552392369088,0.009417184856863561,0.007421249438682964,0.005201239170633917,0.018418813807968247,0.006330312775388833,0.009060632685991908,0.015670467805554877
2025-08-12,-0.008449294680272734,0.0037461561274282685,0.0055842361686684275,0.006866076749203022,-0.004992549174361013,0.0037884808127834854,-0.007326865692798134,0.003780660658431207,-0.003979850901478695,0.0008179366742740679
2025-08-13,0.0024994309132680853,0.0005376726899008026,0.011090357109654433,0.017173081403060408,-0.00044165333260458864,0.012516548840428082,0.0024294069566995155,-6.038088873616669e-05,0.0053739877432256436,-0.007386098357863181
2025-08-14,0.0029025998180133386,0.00403445878673394,-0.00015959757800223278,0.0009732512823276966,-0.006453183935961064,-0.013974884957987216,-0.007590398225831063,-0.007811252578492219,0.00048532037708285097,0.01795961034097797
2025-08-18,0.007077061859869358,-0.005707667259476499,0.04095924187383132,-0.00048311105403094946,0.011785257780640764,0.018410786768529742,0.02148809954061749,0.0004103836408112807,0.009923616908863717,-0.0016193934100736805
2025-08-19,0.0023342294701038284,0.003509071413433463,0.013028045313505841,-0.0033659350573523165,0.010475745259158174,0.007429060434794027,0.006490080288330912,0.008228118400781274,0.004159900285259885,-0.04559431952880563
2025-08-20,-0.002987506482289818,0.026499623639714445,0.0004929031936230204,-0.004416822872004758,0.013814480272212134,0.004246850924664028,0.010505267237277445,0.0022911425127800115,0.002794273751954044,0.0
2025-08-21,0.0010219328091183762,0.0009479284972983507,-0.003608887473824316,0.009432116463376274,-0.006391263011218193,-0.00043173324287371133,0.003822634726206474,-0.00478215516903445,0.0013244115539841486,-0.0362734136164629
2025-08-22,-0.010929311509256646,-0.007954735105436435,-0.00189523512548831,0.003928694479526601,-0.01009646274711804,-0.012528603669993124,-0.008429115229269915,-0.0050296970902918275,-0.008553963109247331,0.031171325943067017
2025-08-25,-0.00018311316299395229,0.023404270914952875,0.0037023055814335375,0.004382960222255171,-0.0010016377279856783,0.006517049681699561,0.007447586755991591,-0.00038404710483635633,0.003918729092601476,0.002554338292874396
2025-08-26,-0.012571625265719363,-0.00599649148859624,-0.004063548730688496,-0.016811094429251064,0.009034792269349251,-0.01674472755040769,-0.022622902266662817,-0.015731514434110513,-0.010293981565065833,0.035911947136930675
2025-08-28,-0.011639421991661167,-0.016055757402570696,-0.005417458239280451,-0.008294898496723827,-0.010269339658389762,-0.007522776058001644,-0.015125832663651868,-0.008075221237926549,-0.00858114302373062,-0.0008206217329190819
2025-08-29,-0.0030649308484190776,-0.008703905529037988,-0.008880436403367175,-0.00019713788282322572,0.009465477795596571,-0.006065827042524747,-0.013403879561341286,-0.0013131950818768777,-0.003026946376657732,-0.035942046747065505
2025-09-01,0.006442654818862788,0.015775382523402125,0.027624777428432168,-0.00115647074691449,0.0005938129072647075,0.016305798748290187,0.010339685793728851,0.0152421374524772,0.008081328102276956,-0.03993586580742577
2025-09-02,-0.006342920759285817,-7.69461641733387e-05,-0.002929101737955087,-0.0027081403721422263,0.011177179205142895,0.008459257242291985,0.007191669012019846,0.009766129293563693,-0.0018474345185382894,0.009695947155450288
2025-09-03,0.007547724504540846,-0.007384915010167665,0.0074182007691215536,0.010973226682774359,0.0028582135362188277,0.030646605100418764,0.003941890343308493,0.003938294151121876,0.005495586709857895,-0.04210199182881423
2025-09-04,0.0001460739486429952,-0.009398449695909637,0.008475968232908446,-0.002014779883834929,0.0023642988223324737,-0.0062252374785118185,-0.00778611958667197,-0.00992305022181445,0.0007785744550393448,-0.0073462149644101735
2025-09-05,0.0007228313929660533,-0.014539023949086294,0.012453461257264486,0.0004288479759577016,-0.01432082268288517,0.006767647475059838,-0.011679380731913533,0.00038491452246006933,0.0002708106342015157,-0.0064725744348787155
2025-09-08,0.0013360424543469032,-0.009439368210242086,0.032467919187029196,-0.0027221557115603688,-0.0021482691291756636,0.003731978738030081,0.0046310797970773145,-0.00021140555842984234,0.0012986346282709543,0.005550469377784346
2025-09-09,0.0005387881462036393,0.02718433745695618,-0.00024642300609169703,0.008536497659431989,0.005786000189544496,0.0016811174094706076,-0.0029705541249100678,-0.0011963766356339835,0.0038455266535053208,-0.013934324304119868
2025-09-10,0.005883092934565402,0.025977239265555105,-0.012905536145205633,0.003142090195588689,0.006344768541911441,0.0025905885881197413,0.011207599135906247,0.007923443867701536,0.004193282121674665,-0.014131146289795013
2025-09-11,0.0024467907734052447,-0.0049953704939758705,-0.0033409017759836405,0.004597902025564574,0.0018230952439606226,0.0034266925913022006,0.0,0.008784567623317311,0.0012965707489705478,-0.017225335801884345
2025-09-12,0.002552077004466673,0.0029744489909595846,0.004558809067708723,0.005259686526287798,-0.007108224462988375,0.00921401935726015,0.000622105389359006,0.0032566016282673292,0.004329658895022681,-0.023438551141146128
2025-09-15,0.0014321391758581354,-0.00579205175036686,-0.003953215489211668,-0.00639877912672276,-0.00010250113837728042,0.0007484744183618594,0.02380006062241323,0.005386086997448251,-0.001785489719644452,0.02729211691661656
2025-09-16,0.004721214392373159,0.008596101536241121,0.014311915745637775,0.0029620691536340524,-0.0027039082432207782,0.008301329056249628,0.010653534228761988,0.008845207543401604,0.0067543940269436074,-0.012578700954180143
2025-09-17,0.0062490514160239005,0.006468568497626875,0.005446271308877039,-0.00104261114922194,-0.0013777269687865923,-0.005056131234829793,0.004088424675863374,0.003575577226626121,0.003604969810507005,-0.0019493629289475908
2025-09-18,0.0042105233677184615,0.00828180512977668,0.001270475374097779,0.014861137256114959,0.003568695424340121,0.003219593867124801,-0.0007074239180758889,-0.0035473617974134536,0.0036785274558399,-0.03575352523566621
2025-09-19,-0.004831497708986958,-0.004691226888380066,-0.00402570814901819,0.004960135926335618,-0.004420413988792289,0.003484577256095547,0.0054833197563169895,0.008530957807853906,-0.0038048357551339826,0.008056430408226152
2025-09-22,-0.003144230519450467,-0.029916923657759057,-0.0024000518427997534,-0.014243653735297488,-0.004743529623933345,0.003916206488714464,-0.002113777887858321,0.006883326578734978,-0.00493579674708062,0.05749270725756722
2025-09-23,0.004061579037007668,-0.007096836465845495,0.006154937858440815,-0.0029844694733989117,-0.013032986913255091,0.009916685540460596,-0.008937889758981571,-0.00463526002446738,-0.001304284606843299,0.006606885105155575
2025-09-24,-0.007018841311088404,-0.007254827935854882,-0.011572086428501141,-0.005323795223634883,0.0017603112700679945,-0.006830447580615703,-0.025223766517903444,-0.008958058443354181,-0.004483689738311146,-0.010401952296480237
2025-09-25,-0.002639489592227775,-0.012826845844666068,-0.009266113536514532,-0.009194238795560547,-0.0049046473600497225,0.0022291213183745773,-0.016643408432392297,-0.007098403232156907,-0.006649003929024595,0.024414289886869393
2025-09-26,-0.010731958730311242,-0.024801184785939394,-0.010290606276300426,-0.02164054090205927,-0.0047373634890832085,-0.01945900390203599,-0.0100399566911941,-0.012143901455061883,-0.009532730366893805,0.058548963796173
2025-09-29,0.0013164578123839447,-0.00026406778372335714,-0.0018140216943901004,-0.0014842525844721694,0.0017897263327392328,0.0035181495463651865,0.008726130896832433,0.0068426976858135865,-0.0008033674181471517,-0.005263206808982007
2025-09-30,0.0032054401150929768,-0.0011284637828273161,0.003994003952040736,-0.000980712938017093,-0.004287970575902401,0.011527540137308051,-0.00820738043484619,-0.001983765267614678,-0.0009666077692868598,-0.0267395785445564
2025-10-01,0.012949318023724071,0.007403720699398846,0.008489885409274677,0.012932088000774474,0.007187547538758665,0.005444306416449848,0.010947292395637269,0.005149715712376277,0.009108779315782467,-0.07306617301395449
2025-10-03,0.004350229922705428,0.0013131182961431832,-0.0005811013910269365,0.001050802046121237,0.0011833950333822638,0.018080901385055415,-0.001197831403023909,0.005543020658906635,0.0023305289834215856,-0.02260533975577566
2025-10-06,0.009232452165212207,0.02250786408812551,0.0038835724660197953,0.001079561500730422,-0.002049441309928488,-0.008952940776945464,0.006825188781951445,-0.00018232206022084183,0.007340173682814145,0.012839599672374942
2025-10-07,0.0023944282040244797,-0.0003773926332382977,0.0028388380446986664,0.004372969655546621,-0.005350456438602593,-0.0028364384456102585,0.010824366242934553,0.0028388376783595507,0.0012214730903828323,-0.013834152571690756
2025-10-08,-0.003939187107666233,0.014949894674844862,-0.015383076698949739,-0.007707287269544965,-0.005019586571425448,-0.0019810175149955495,-0.018448814184619383,-0.01089220365306499,-0.0024783611817054724,0.025541685245160647
2025-10-09,0.0030977712210964853,0.011184023039991237,0.0024327008310548463,0.010487309716676543,0.003989136611695795,0.02143770872327294,0.0073977459317853276,0.004504448572943277,0.005401403691044332,-0.01860068617791024
2025-10-10,0.007405930136084602,-0.0005460384030599156,0.005034854082851648,0.012775818637852633,0.00472310157957402,-0.009181511614437674,0.016586925044901522,0.004241365800791144,0.004103618794970308,-0.0019781909344353987
2025-10-13,0.00026935194526773895,-0.007844714101253977,-0.0008629393552653579,-0.0005920486016816891,-0.009002186203414706,-0.004306819428763466,0.00016723452366670176,-0.0029979167035612685,-0.0022964532241035664,0.08626850990663638
2025-10-14,-0.002272793311516435,-0.0032872138624528468,-0.0021597688169918746,-0.007497019964849929,-0.004786232381520842,-0.009899672978488415,-0.009467076146751512,-0.0062625061990301475,-0.0032497538671527296,0.01353197175728539
2025-10-15,0.005356747161642234,0.005294775362455758,0.0025529771717965675,0.0008186936138279243,0.009819043544102431,0.009953481892153422,0.029995372890484654,0.007215589546467696,0.007055869574947451,-0.05810764249339216
2025-10-16,0.010902559272173517,0.003644295702178369,0.012653295901747616,0.002078710794823791,0.019985715151240036,0.006754393462726283,0.018829647619870233,0.004157412682737171,0.010283174673804386,0.03177838981795201
2025-10-17,0.005051446051080439,-0.016468509336294557,0.006627083632197507,0.00678817466068313,0.01355934328714375,-0.008586193036657397,0.0010179339372391426,-0.0020631370694760604,0.0048561734175648985,0.06758128576574608
2025-10-20,0.005526704134539504,0.009734879769501756,-0.0015860021666958986,0.008330107987253725,-0.0003400653140347213,-0.000730728365795102,0.0047544224584487975,0.004742140611001917,0.0051714188632333265,-0.02348959329978929
2025-10-21,-0.00044811980629483095,0.0002025272530582188,0.0016319087254816683,0.0033721672322270368,0.0002120023422053045,0.004005018074085437,-0.0008530473724258017,0.002252531813091897,0.000984272270986046,-0.005295640473445273
2025-10-23,0.001220681719646265,0.021825352573593332,-0.00040770964206185694,-0.0015311804946189862,0.0028805537678520832,0.0008888681730271015,0.0019183505380467574,-0.0007016234758104804,0.0008810194252249848,0.03734688104286127
2025-10-24,-0.006537540863546357,-0.002561491027964435,-0.0040513932960856034,-0.005526519875988041,-0.007502609275350187,0.010257902203461955,0.0018084278891863331,0.00021755593104451864,-0.0037243774174138414,-0.012006953123209022
2025-10-27,0.007160632405374563,0.0039589347430951105,0.005699646694184687,-0.0021021536137031493,0.0014337610274362937,0.011501687423541566,0.014507916773026,0.0042881514379078944,0.00660344071508198,0.023028694104485093
2025-10-28,0.0017167197107454987,-0.007465099017204192,-0.004238070786912301,-0.002670480184241385,-0.005667356046451131,0.01225364586819874,-0.010583275117219529,-0.0034113896660694677,-0.0011502994876563522,0.007559897794819771
2025-10-29,0.0029356691631949317,0.0063850537632123075,-0.007373761973470628,0.008048046631088096,0.008965222659862434,0.016965162927958022,0.0062266303123943096,0.01916009633249946,0.004527837947802368,0.0016722794616096527
2025-10-30,-0.0060841887795977856,-0.005103123725855064,-0.0044385735444508415,-0.005924598735961461,-0.00481329410824624,-0.004491612888190222,0.000420768291604191,0.0012277154593709602,-0.006780108726120027,0.008319467947560983
2025-10-31,-0.004399551221245255,-0.005418897979644558,-0.0007345784112958661,-0.0055223387033421145,-0.002398892329593337,-0.01096940682456826,-0.003529237089999418,-0.003210534480065377,-0.006036845980053782,0.006606128564257937
2025-11-03,0.005611057631483192,-0.0016604676638053884,0.0011910603092205364,0.011977337085185183,-0.000975430989712179,0.003823142137792867,0.02202368160708071,0.004653382017668998,0.001602394830084992,0.041907861964797566
2025-11-04,-0.004733934277454623,-0.0106743805314149,-0.008671409704065974,-0.004830626571531048,-0.006039131823755778,-0.01453799178727671,-0.00782493831013927,-0.004585867972541566,-0.006452358545521922,-0.0015798153368500416
2025-11-06,-0.004728691525114667,0.0017858341918221886,0.0006179671309309955,-0.0037635319739512526,-0.001862351989197477,-0.020899652433667277,-0.015201844746201539,-0.012171842654878223,-0.0034418242922323408,-0.019154598096862662
2025-11-07,0.005588645664827148,-0.0062437884918532215,0.005731605239628712,-0.0036357248922635945,-0.004940241748929182,0.013994290076002695,-0.00021125321988232774,-0.0013737083155412541,-0.0006822649376453303,0.01201460752806836
2025-11-10,0.0010490928758338147,0.01611769436204303,0.002994026313670252,0.009429945367043691,-0.001855168374190905,0.005518580125417529,-0.0023802607751139807,0.0036619005683018614,0.0032134043686110675,-0.020917916563753813
2025-11-11,0.003456328194419302,0.011939353618401956,0.01067999555647526,-0.0004581062050238847,0.003402597829896608,0.007090034334517204,-0.0016430890969684798,0.004118550275670854,0.004704563337770722,0.015329027927007893
2025-11-12,0.0023451040817019527,0.02024124895550095,0.012333285451630815,0.009954968729602274,0.00011073053461385707,-0.0015685795698785223,-0.004945332892860742,0.006026929666147281,0.007013755040664786,-0.03089677659762994
2025-11-13,0.0018396012512929484,-0.004784089642530728,-0.003730765443311681,0.004125446472198227,-0.0051583080354357606,0.004358482984849561,0.0042024820527836225,-0.0027608389992063416,0.00012944111834060272,0.004120334775025393
2025-11-14,0.002319969261120841,-0.010365839948961411,-0.005235939798012892,0.005900097888171906,0.005727244273664564,-0.008902781672355944,-0.0007965800379288665,0.002022114103794482,0.0011933141887742222,-0.018257791168996364
2025-11-17,0.007578304743652948,0.0020350263411495245,0.008511810757270963,0.002037654596187638,0.002091870615999192,0.00010477160219037889,0.0044526457576580265,0.004972297950277586,0.003982727442351947,-0.012642361506934964
2025-11-18,-0.0010766702112067637,-0.011057411822892596,-0.0038073961586815534,-0.006754961925580381,-0.005650186687234943,-0.010742615970989381,-0.019278078826393808,-0.006002901310866788,-0.003982727442351953,0.0259537728153753
2025-11-19,0.005364276073094187,0.02929410921858011,0.0024159120587883714,0.0006161795636244381,0.0003133627730919129,4.33550222934434e-05,-0.0035109551207147165,-0.0025277572906736443,0.005488550984983714,-0.010801942251065911
2025-11-20,0.0022207207785368646,-3.637990427210738e-05,0.004348221174117747,-0.0017659117987363273,0.0008284356225892931,0.00018289800290168749,-0.0013536564500610155,0.0027747806789848338,0.005340256999340202,0.01410227203359187
2025-11-21,-0.008120814111297805,-0.004273024167813047,-0.0005863078187486407,-0.004709754445189127,0.0014062747599526435,-0.02372411419757519,-0.018814832581419298,-0.010551537613342595,-0.0047454848460117445,0.11576744019304884
2025-11-24,-0.0005496485749466078,0.0041285459763864,-0.003479461701626001,-0.00392693325980831,-0.00662586204244003,-0.01236589473465163,-0.020752698180347334,-0.011912188727268107,-0.00417664636992243,-0.029030720882979148
2025-11-25,-0.0002558445944972061,-0.005714527607728514,-0.0023166358162377753,0.004369686409853396,-0.0015617877714285539,0.005524793220175258,0.016048630052359927,-0.0021899406187597253,-0.002881677226487561,-0.07853327483703082
2025-11-26,0.01196059645870062,0.014495259964158659,0.011537144666360005,0.011942086627803517,0.007068241548914768,0.02037004502582036,0.01114313900997077,0.017232366580363073,0.012305756174877891,-0.022305716506630793
2025-11-27,0.00350898583647605,0.00218415361048917,-0.0033544304448121045,2.8447704855190108e-05,0.0005039838603624754,-0.0006762716113876183,-0.007212284034977005,-0.005818465446286919,0.0003910657620054032,-0.015151830564309405
2025-11-28,0.0002577360044394682,-0.0010901751157638877,0.0061738954103960275,0.005900450771779325,0.0022554095157026575,0.0018767927471301437,-0.001935787726243208,-0.005829881507043878,-0.0004808059270205712,-0.014523969738594168
2025-12-01,-0.0011947625366541435,0.0038489679664399272,0.007832559002255657,-0.004818501189995676,-0.0017156431664379064,0.005826778306678153,-0.0102947402050335,-0.00025463758982937837,-0.001038560391932615,0.0008602347955716089
2025-12-02,-0.00685220215942046,-0.00022639197870067098,-0.00048237974940468404,0.0007533944048318123,-0.001975820816864034,-0.0036141600070660035,-0.0020717682691896006,-0.0022493835566239403,-0.005499206353098099,-0.03499924838294073
2025-12-03,0.001255234217161773,0.007536540618238805,-0.012070599549308019,0.00012440218859864676,-0.008008878278978572,-0.00492195653714387,-0.007539151659846944,-0.010044765495443192,-0.0017762718275890193,-0.001782487500770143
2025-12-04,-0.0010039163455173728,0.01404489816151807,0.003210694567836295,0.0022281751428933206,0.004724100878771979,0.0006086679253020491,0.005350769059816622,-0.003392686058458753,0.0018358417105443499,-0.035409995273460525
2025-12-05,0.008205586105955181,0.00891210326351799,0.007414933256975953,-0.0005140418587162518,-0.00011682081402152228,0.006685458944766592,0.003420778693240886,-0.0004088396298370191,0.005848298407896911,-0.047312514731429806
2025-12-08,-0.00905177869866883,-0.0029225759080896093,-0.012327275164330583,-0.013444625733000416,-0.01207106573087941,-0.01938820191635889,-0.03590538316800875,-0.015095413199196316,-0.008663963433110109,0.07556044508753673
2025-12-09,-0.0002734947738953433,-0.011994144190368627,-0.007184211525139912,-0.005218804983725579,-0.0003539424305645512,-0.0028783239146006495,0.009471570861910368,0.006335847573963294,-0.004667959097577137,-0.016304736725855626
2025-12-10,-0.004433025191671029,-0.00897532055631274,-0.001497512036233145,0.0017145816864853247,-0.00027881517561441853,0.00457285808012788,-0.0036278446987854786,-0.0009105295752181967,-0.003164890577820058,-0.003659652984879179
2025-12-11,0.00422193395606819,0.008093709066836303,0.01100535015265669,0.009789447119523308,0.0020828921562498328,0.010560208138220575,0.007471728430646221,0.0033637134831026715,0.005441754277616313,-0.0478740163913767
2025-12-12,0.003037067406443612,0.004654870968768553,0.005762246673361662,0.0011076469719859163,-0.0023617850914474116,0.025920472524266543,0.01517287307841749,0.008250366765627187,0.0057136360690816825,-0.028280770393894823
2025-12-15,0.0012090957222487563,0.0029102356110312765,-0.009126432542790696,-0.003922805625757012,0.006905667918698537,0.001583737798646621,-0.00045124768199802484,-0.00033405049691245163,-0.0007546316435640039,0.013752706510767147
2025-12-16,-0.007210363540427461,-0.008471099984690006,-0.0009399474538396795,-0.005645472909116842,-9.020569431876051e-05,-0.008450225731961487,-0.012948132804061797,-0.007418603864395985,-0.006444791966669916,-0.018710499201423373
2025-12-17,-0.0018285920112611383,0.0028740474112099487,-0.0019243263930380215,0.0009136603740222884,-0.00475123338291483,0.0024625540374015246,-0.008437871700275863,-0.0009279741696409841,-0.0016079691231565723,-0.022111479811932455
2025-12-18,-0.00023588738217301678,0.012012340646892685,-0.00610642645517303,-0.0024153690366142946,-0.0010435053303425013,0.0024754490138701973,0.0033951420003402637,-0.007881372958393418,-0.00011620227379163036,-0.013299440339200339
2025-12-19,0.0026503649790089404,0.0015066290677075995,0.012199307045034217,0.00854806826719632,0.004297218155830135,0.0004705195632802541,0.01657927031507101,0.009589859909500894,0.005826355812965194,-0.01976138934416888
2025-12-22,0.0039671326067652534,0.020374265686996726,0.008211796525893484,0.007734437691513811,0.005121763408570295,0.013959612756192225,0.0002824778901906244,0.006561029551712156,0.00790202570190833,0.016667035927216762
2025-12-23,-7.502673777943528e-05,-0.00799124496352572,0.00024203372314619714,-0.0023055609736931455,0.005180640890167128,0.005426230323081845,-0.0016960654886610824,0.00537591242706885,0.00018147242687454733,-0.031482157596251274
2025-12-24,-0.0019572277318867857,-0.005090279838267327,-0.00022949639438781162,-0.005158581263674961,-0.004253009076291827,0.0014625379140846672,0.0016960654886610297,-0.0033892661191774814,-0.0013398810760412456,-0.020463884511204265
2025-12-26,-0.0029146781210101914,-0.010380880946512419,-0.005242240164916557,-0.003201882877305545,0.00033199960975214697,0.005884344204560759,-0.002262060507372553,-0.0010348899569966232,-0.0038248575837020187,-0.0043620531107046445
2025-12-29,-0.0013396223744246343,-0.007536345929222675,-0.005325996771434945,-0.004699198895638271,0.0010949234944929128,-0.0015791236307240578,-0.006760058786113636,-0.005435661540258625,-0.0038550524856079535,0.060431808347698415
2025-12-30,0.004045579646533765,-0.007448718543023702,0.0107116696010194,-0.0016955410753705822,-0.002890451865021937,0.020054192093730824,-0.008471744330396075,-0.0015743251744608563,-0.00012528683662081574,-0.0041237131295381434
