Date,BANK_RS_21d,IT_RS_21d,AUTO_RS_21d,PHARMA_RS_21d,FMCG_RS_21d,METAL_RS_21d,REALTY_RS_21d,ENERGY_RS_21d
2012-02-01,0.0059294936394080075,-0.004677024371262126,0.0027913154528644195,-0.0012525657884413753,-0.003447236086067172,0.006836831026410905,0.007126267769478069,0.0013842112844254465
2012-02-02,0.00381141142733766,-0.005362677281468119,0.0018180479135811436,-0.0028056558569967823,-0.004359276129542828,0.004981470729277601,0.005138974206205154,0.00020414728528254586
2012-02-03,0.003434708461185424,-0.005340779926725292,0.0018150738182926085,-0.002955911498321801,-0.003999118263607868,0.003639745526097328,0.005561188046537264,0.0003759793537264954
2012-02-06,0.0034890592105913153,-0.005247261183453235,0.0014220333960067583,-0.0032156956026275748,-0.0042830327637643365,0.004273328897418187,0.00807985965225581,0.0006888846791224951
2012-02-07,0.003835092041552187,-0.0052832796575134795,0.0013162840280599355,-0.003064318495117028,-0.004214239891286079,0.003935701882393771,0.007569801011379145,0.000807806281719569
2012-02-08,0.0034461012419627684,-0.0049475429269876785,0.0015305775106543114,-0.003976930070920657,-0.004445613142986695,0.004258623970685815,0.00744008799154862,0.0012322967764736344
2012-02-09,0.0035694100740915813,-0.004034230671599675,0.001701274218091001,-0.0038946589584583197,-0.004174125038650507,0.004379232851540452,0.0067071028610352626,0.000781359606297354
2012-02-10,0.0030901736989508953,-0.003087125874037586,0.0018295896669650417,-0.004039302757942267,-0.0036741528236346284,0.0040139101633110165,0.0045173574924725814,0.0004172371916953445
2012-02-13,0.0023779057937007237,-0.000666333114486637,0.0015513584496301283,-0.004299200192235363,-0.004454941337695315,0.0036071315665300186,0.0040864772145611655,0.00045580147785126944
2012-02-14,0.0026291926705097318,-0.0005181265575671425,0.0026307668109313816,-0.004661842731361769,-0.004502439912610728,0.00234628270818243,0.00430082342994518,0.0002924031631763276
2012-02-15,0.003541227635440268,-0.0015929550807613994,0.0029247008508464832,-0.004760323109950516,-0.0056224173551828556,0.002242929901565786,0.005824468913321722,0.00036578235833251236
2012-02-16,0.003876688947182609,-0.0006683020804062623,0.00281360857236924,-0.004170126603780974,-0.004966033905095888,0.0007023674304295928,0.005983309952300865,-0.00047258251894663397
2012-02-17,0.004240353754582521,0.0004650403226750142,0.0026993284415849092,-0.004603877234995255,-0.00515158337162382,0.00118699829855551,0.005654733857250048,-0.001794422686024214
2012-02-21,0.003961794323967611,0.0008551829400043013,0.002579220108010002,-0.005002811659433994,-0.0046580160763282745,0.0005473793342755297,0.006404458824211423,-0.0014359577011589667
2012-02-22,0.001665112631153422,0.0020800227858722743,0.002705574448403477,-0.003994231374368281,-0.0026712155411768657,-0.0003750207810455774,0.0037389172389321445,-0.0013303761720907066
2012-02-23,0.0016667853943677481,0.00204659073312736,0.002243072435082142,-0.003831506942970732,-0.002641172355745546,0.0003161680938062331,0.0023357614495298972,-0.00020738719814125325
2012-02-24,0.00042646089477577217,0.0031487199095103493,0.002577620475280866,-0.002829282854127699,-0.0013700462000237569,0.0012733502544202292,0.0017404867328279462,-8.743630948525706e-05
2012-02-27,5.899314769199386e-05,0.003180069047421856,0.002034789981635476,-0.0014737508653227655,8.012753741076881e-05,-0.0004861249516142981,0.000758037646945402,-0.00018677200024336488
2012-02-28,0.0016088799676823552,0.0017321564347073592,0.0025412748756602323,-0.001624536796374217,0.00021648520098215625,-0.00020909084082188487,0.00437691432044672,-0.0011620405779645515
2012-02-29,0.0014796962738290276,0.0010613438811218037,0.0022273500810985184,-0.0028269964384064735,-0.0010042756563261401,0.0007741131382978683,0.005280377710778472,-0.00012280760080999546
2012-03-01,0.00047160822837285545,0.0014158180355706741,0.00207543013605236,-0.001888161865576735,-0.0004023239943869015,0.0007310196177327151,0.003222999523453362,4.045016187894041e-05
2012-03-02,0.0011559157084378967,0.0014337880060826035,0.0013172449793065744,-0.0012554362616901595,-0.0003970553782951479,-0.00043175851109097973,0.0018322701221715487,-0.0003230233950894546
2012-03-05,0.0007876776509213228,0.0013311378463479698,0.001894563906355107,-5.7393248405411066e-05,0.0007544349764435854,-0.0017144153720950372,0.0005474132783409455,-9.582427028988082e-05
2012-03-06,0.0005779516997859663,0.002206903333614802,0.0023904515096276517,0.00011814907783323086,0.0014265321042727821,-0.002130363489465658,0.00016543410797300196,-0.0006118689449043412
2012-03-07,0.0006341253658860551,0.0026872989700890406,0.0022951184315887947,0.0007029018144505605,0.0018536473060816521,-0.0031170284788254003,-0.000907721640756436,-0.0008535517255333974
2012-03-09,0.0008420886308292847,0.0018642123934346122,0.002647354197740361,-0.00011021490673680016,0.0003649961717571451,-0.0012184567388458566,0.0003925606187873816,-0.001671151800549783
2012-03-12,0.0014657579825869602,0.0006522581795436077,0.002699165167096634,-0.00012065306152279827,0.0004024881956647433,-0.001439806597774439,-0.00040844820803501104,-0.0016273128370457562
2012-03-13,0.0006519428621864237,0.0002452264929671779,0.0016253356792127473,4.597018974353219e-05,0.000585601393848301,-0.0012194189466700187,-0.0004764585285901397,-0.0009040488915955443
2012-03-14,0.0012734223077316372,-0.0004967007034366844,0.0016511109953539862,-5.198130233994799e-06,0.0005656160454227348,-0.002159587279611628,-0.0010609090956835141,-0.0008347539698137098
2012-03-15,0.0006345564108191038,0.0005102335281032918,0.0017007182976734344,0.0005404125771393654,0.0010419339830572236,-0.0024866044306658267,-0.0016772151421323262,-0.0009831348842210218
2012-03-16,0.00011932977796003943,0.0011319721618506858,0.0015672764986231623,0.0009616325188150807,0.0026936608788649726,-0.00284336680449459,-0.0026187095022078928,-0.0016486165534673274
2012-03-19,-0.000919570627797817,0.0011723931434183437,0.0013402459654466175,0.0021793355000672126,0.004706603714435499,-0.002649674284765445,-0.00452639486515832,-0.0008834523432219624
2012-03-20,-0.0006968220481017237,0.0007304034295430644,0.00032273632688576705,0.0025045843205136623,0.004986313825691769,-0.002011590845072907,-0.004955175992095122,-0.00035028593904070336
2012-03-21,-0.0006902894312272425,0.00044732318415190435,0.0007731331724779897,0.002475335360087273,0.0047810123639097386,-0.0015908087847762856,-0.004207549968422946,-0.0007926611493074974
2012-03-22,-0.0011213619979769658,0.001396385505824403,0.0013850332594900622,0.0033652809966040094,0.005373362964469287,-0.002072685662210296,-0.006898604969549974,-0.0015302366828866252
2012-03-23,-4.242236083121633e-05,0.0006655527716042404,0.0010792746162109428,0.0027407026864198925,0.004807457988661827,-0.0014904991952433598,-0.004032180982935897,-0.0019696924889039385
2012-03-26,-0.00040395435266445123,0.0007298429663245537,0.0015637318044608038,0.0030839060657821505,0.0051249212237700365,-0.0013082702166311976,-0.003937461137979819,-0.0026468111697232925
2012-03-27,1.0734251802571506e-05,-6.263367801497455e-05,0.0009375406118057736,0.0026719017725307147,0.00482549370665615,-0.0021656987828339086,-0.002955236970377516,-0.0028413599814797255
2012-03-28,0.00010455367224413499,-0.00036816397726474105,0.0013707749550675732,0.002036386493083384,0.003884021184024685,-0.0010410122951378495,-0.001979260967250954,-0.002740639990690118
2012-03-29,-0.000821803162193853,0.00025753202842426445,0.0011513663091179036,0.0028338049201544033,0.004594483400485227,-0.001551063054945372,-0.0037587370477055954,-0.0022101710297536496
2012-03-30,-0.00013074755319911972,0.00014006497142627738,0.001341270143943109,0.0029746883841941392,0.00455151565480088,-0.0019549228508148352,-0.0038919413396876945,-0.0029881932155564135
2012-04-02,0.00027132126946043263,0.0001574530913756148,0.001345205170670931,0.002137405898349764,0.0041932120714853,-0.002296796267463105,-0.0019589535075281634,-0.003260741219487154
2012-04-03,-2.0599848357461267e-07,0.00014222222538265287,0.0010984667553951266,0.0012516342065464418,0.0042585714513693395,-0.0017758282010311283,-0.0006386295752268686,-0.00261723251794766
2012-04-04,0.00036626892586870885,0.00011921710489127873,0.0007567772232747268,0.0011306913774780459,0.0036894115876467256,-0.0011218529521024175,0.00011323373435217078,-0.002656906984473329
2012-04-09,0.00023717875032467088,-0.00043988391090382347,0.0007315534067349645,0.0018397451024465036,0.003373620892483719,-0.0005401304482585188,0.0005304342719026715,-0.00218560116165056
2012-04-10,8.539044523156767e-05,-0.0014380327353190445,0.0010830952719241812,0.0014694670193434094,0.004080523444277079,-0.00041365053901564613,-4.181729343258716e-05,-0.00162942791269573
2012-04-11,-0.000377204053384414,-9.972550062264203e-05,0.0010000074584046508,0.002534286999260593,0.005387780267449344,-0.0022911748947876615,-0.000689055811164474,-0.0015252370432973271
2012-04-12,-0.0002784393278168856,-0.0003639052985937788,0.0009783528806941758,0.002422625957667725,0.005835968908501697,-0.0018001120491609609,-0.0013193868658271206,-0.0019601327223284157
2012-04-13,0.00026447473148933026,-0.00391977938433985,0.0023886287344165235,0.004027669100901134,0.006771471990402353,-0.0021642096669725656,-0.0017205032282904612,-0.0015603427516554802
2012-04-16,7.64807733375835e-05,-0.003822307235177346,0.0026510849393935726,0.004059669845786204,0.007029064947278747,-0.001890130537663499,-0.0006176809695190425,-0.0018355970645881877
2012-04-17,0.0004701412488581795,-0.004740487713113354,0.0021155457643575707,0.003030499324651317,0.006802577476523773,-0.0016630286565177464,0.0006256489789601403,-0.001839616727796188
2012-04-18,0.0007122993774265137,-0.005151525260663253,0.0020888245579113647,0.0036123922588313477,0.004927622572778999,-0.0008910483125243113,0.00010148564700563208,-0.0005466715552146601
2012-04-19,0.0010617021229468505,-0.004893735678798672,0.0023364712004845197,0.003180793871469378,0.003991950615712355,-0.0010210953369164412,0.00026272324234544956,-0.0009472009892228317
2012-04-20,0.0006590132954915544,-0.00460135974787941,0.0036243194764501627,0.0029759314652987047,0.0041000330747764015,-0.0009312813148383013,-0.0006648744074409114,-0.0013461158847224359
2012-04-23,0.0001914821591948539,-0.005113411788309026,0.0037452667479143205,0.004014861494239696,0.004819418563545167,-0.0016657562241735053,-0.0023067674897503327,-0.00027066898899497853
2012-04-24,0.0002471758922505933,-0.0038676927428915923,0.0031512219634465643,0.0029462734141127798,0.0043541337912992705,-0.0010827993058308482,-0.0015196127326809609,-0.00012976067705663778
2012-04-25,6.528894413471576e-05,-0.0045539417950102015,0.0036815348629179725,0.0033697372879269447,0.004725183704812255,-0.000401452482180415,-0.002233987182213991,-6.72980315425543e-05
2012-04-26,0.0003553519069532396,-0.004417206046415402,0.0031514724843253756,0.0027701870251617532,0.004235523887103575,-0.00014526817896320346,-0.001650190967515707,3.936363077037227e-05
2012-04-27,0.0004789716827778715,-0.0038611140528610976,0.003592627802356557,0.0028936342920448093,0.0035471607209815723,-0.0007037956346912695,-0.002424890712105923,0.0003396490569680929
2012-04-30,0.0010021236787451037,-0.003262645565880002,0.0034199338178752727,0.001949503660521427,0.00262794297261415,-0.0004372787440055605,-0.0015155788670295207,0.0005922826202622035
2012-05-02,0.0012325875718428038,-0.002392386594295977,0.002273684479065664,0.001713270618038715,0.003008762761126883,-0.0008282321685762252,-0.0017773809248880826,2.3946928087740724e-05
2012-05-03,0.0005697708829422466,-0.0016935180555238058,0.0014621300600836029,0.0020512262743256973,0.003763589471022034,-0.0014668802645669814,-0.0024537591244656338,-0.0001771143144788952
2012-05-04,-0.0002676835605555008,-0.0012568487797941417,0.0016424881773143896,0.003572903406234026,0.004359263063215204,-0.0013538649948207603,-0.003337045249750757,0.00021172175709938059
2012-05-07,-0.0003866511693587844,-0.0012577519534691171,0.002436379424460292,0.003710660158633983,0.0039299414074467475,-0.0012978421807476764,-0.0034748843734145876,-0.0005518036367703335
2012-05-08,-0.0006118410462057919,-0.0019111164549220597,0.0024483412468200927,0.004113067275972574,0.0035977809538387355,-0.0008188803799369627,-0.0027973274863550726,-3.2360605746146326e-05
2012-05-09,-0.001122472754681541,-0.0019543905387120995,0.0020300685057826327,0.0032606723873468313,0.004740532622636649,-0.0006873023598402022,-0.004398194551848927,-0.000595917368119659
2012-05-10,-0.001222751455303212,-0.0013334234908738965,0.001308608892332952,0.0032482005097150893,0.0040584810709159225,-0.0006572977168040578,-0.004447606695701408,-0.0002948336669291564
2012-05-11,-0.0011706322431789223,-0.0017430813610666575,0.001939605050047511,0.0020082086122888247,0.0035255260491572765,-0.0003681905318970273,-0.003964058028716291,-6.300725967244448e-05
2012-05-14,-0.0020913905371055834,-0.00035909837839203686,0.0018276356388837788,0.003446891521993286,0.003577865723747889,-0.0011583192597509747,-0.004275294774651352,-0.00038639794355272
2012-05-15,-0.002307696476364939,0.003891009040426125,0.0007211381847507725,0.0022102715836334543,0.001992626111671633,-0.0009400672951722314,-0.004216550948277591,-0.0015632483239087455
2012-05-16,-0.002696614427620624,0.004452964175834002,-0.0001133294173392618,0.0028482437774073883,0.0018943278783692063,-0.0014005851614685622,-0.004059131373403819,-0.0006705812404512973
2012-05-17,-0.002685528479035592,0.0044846110153591,-0.0003640159858018053,0.003056786976408132,0.0026156565494928384,-0.0016753065672295937,-0.00434752978915257,-0.0004961961465585092
2012-05-18,-0.0019631608194896288,0.00423125954342723,-0.002107386316452738,0.0024709387432379874,0.003398671815966335,-0.0020314548436239413,-0.003929524272622258,-0.0006459828098962423
2012-05-21,-0.0014058605299205182,0.003577488687487905,-0.002361687582406127,0.0025922584368866684,0.002552241093053321,-0.0017707868334032872,-0.0023746332105915383,0.00013369876247769797
2012-05-22,-0.0017015373599732148,0.0038195768789649575,-0.0027502416292011153,0.002378825411576194,0.0020511532979018967,-0.0023106771445143264,-0.0022928697395628184,0.0002314231162687222
2012-05-23,-0.001598654238742418,0.004722217161995314,-0.002808144490842022,0.0019623666624323786,0.0018935288349367018,-0.0018402949612212095,-0.001810965415877045,-0.0003560034859545224
2012-05-24,-0.0009408720714381854,0.0024881525848292306,-0.002949826644892744,0.0018971151372749076,0.001292186802199619,-0.002160442738089074,-0.0021799579009736283,-0.00023426300511078524
2012-05-25,-0.0007671026047536876,0.0028868229172932724,-0.003465654609486253,0.0015331539549411732,0.0007148588360156071,-0.0017312068579348468,-0.0013519531519307734,-0.00019835238689079214
2012-05-28,-0.00016075961907150728,0.0022623909434280136,-0.003022250812653059,0.0012810582018602046,0.0001898905828244062,-0.00198642250513803,-0.0011186801848526654,-0.00038192238993909103
2012-05-29,-0.00023770322796418586,0.0022185321423341606,-0.0029859911111400775,0.0010748416425269405,5.514984810697917e-05,-0.0013457703215230344,-0.0002535643473604698,-0.00019611950563964715
2012-05-30,-0.0007944178314998073,0.002202847351418574,-0.004383620286417307,0.0017711801408854286,0.0008911721455697849,-0.0016571937904871908,-0.0017123606901909344,-7.545073994266608e-05
2012-05-31,-0.001225484702583708,0.002040470909215923,-0.004321654027718892,0.0018716687893042816,0.0008622963072420949,-0.001403493191803943,-0.0010425807837260168,0.0005347730940907813
2012-06-01,-0.0009264812228150336,0.0012544321910791132,-0.0036868265254346305,0.0016610923956911592,0.0015810341594094223,-0.000950425933901454,-0.0006771947399406824,0.0002165527411575846
2012-06-04,0.000101455231342537,0.000569155670724531,-0.0035200313816126138,1.4765733020479736e-05,0.0003098799884903754,-0.001076761407198821,0.0003840813434579115,0.0003688587911711953
2012-06-05,0.0003447295931720989,0.0009314173717443533,-0.004154365633372732,0.00044576213167165746,0.00034121226029599615,-0.001851363097121533,-0.00022591094694358795,0.0010358518757216917
2012-06-06,0.0007861031038336488,0.000809834886941211,-0.00381013421295483,-0.0009582724130985993,0.000599991205690472,-0.0020317528784278035,-0.0005550754748600754,0.0002125235254542385
2012-06-07,0.001976625068911469,0.0002715949120768108,-0.003505135254005293,-0.0016192738763626084,-0.0012400845895386365,-0.0011927633957152057,0.001098755802310853,0.0005173369446249397
2012-06-08,0.0019114470125808007,-0.0002880594121071054,-0.0033721249654932697,-0.0015944090908217774,-0.0010947273873448422,-0.0006531461275306075,0.0017947337298471686,0.00033455516110678064
2012-06-11,0.00161470696234367,-0.00010731657122375242,-0.004162633637031938,-0.0014134015655460194,-0.0004922371361859988,-0.00034350130286755435,0.001243448724172117,0.0002237671312270127
2012-06-12,0.0023538670385920527,-0.0006772408344583574,-0.0038758874198797115,-0.0030345063356519396,-0.0010379302403470258,-0.00034586760807798567,0.002263585258793007,0.0004375195491033118
2012-06-13,0.002270595748561138,-0.00101993983084401,-0.004386643098652358,-0.002896463113046827,0.00020939848649238822,-0.0011921943903158067,0.001370161912126859,0.0005865816963215628
2012-06-14,0.0014850273451826222,-0.00033197929579109457,-0.00428222629436762,-0.0029491267700400923,0.0004113448556128552,-0.0006179520523156047,7.124266204651419e-05,0.00034750189588391247
2012-06-15,0.001957056491258276,-0.0004530483655626814,-0.0034814211558979215,-0.0030116482141704136,-0.0006002517947806818,-0.0008106920420085295,-0.00010632911302117928,-0.0001273904674348441
2012-06-18,0.0005439962052129115,7.319627232718661e-05,-0.001971861867538881,-0.002370194022603718,-0.0010232353207109978,-0.000541913695858578,-0.0005985221806848269,5.4637953229537146e-05
2012-06-19,-0.00016633250483897677,0.0001642530421091296,-0.0026714511244690558,-0.002481028092160483,-4.848949782744645e-06,-0.0012652519322265937,-0.0018880885402573506,0.00020468213060361763
2012-06-20,0.0003260749902995945,-0.0006449394104506157,-0.002341540554415443,-0.0020228818317117743,-0.0002166941897370116,-0.00031217065205747796,-0.0017855805506934849,0.0005287456383745656
2012-06-21,0.0009417125356196983,-0.0014436549608394956,-0.002351439081318093,-0.0025316269237769936,-9.61698186858189e-05,-0.00019170915298408978,-0.000437729363904332,-0.0002600594757939212
2012-06-22,0.0008130806442968289,-0.0009868352265876416,-0.0017903705542926189,-0.0018804994534277505,0.00056820768125402,-0.0005775122400430766,0.0003682912633622185,-0.00011030630467385007
2012-06-25,0.0004634353078173286,-0.0009039410719203851,-0.0017066537608481545,-0.0017611881145911615,0.0009864547287581858,-0.0010452144353290949,-5.8895055607790505e-05,6.719563762244522e-05
2012-06-26,4.252543981621152e-05,-0.0006952578308990079,-0.0017568896234693406,-0.0009765132849989245,0.0007037038394280101,-0.001094333907473593,0.00015189774543107343,0.0008574523504659348
2012-06-27,6.83970640669902e-05,-0.0009585382619592474,-0.002373962673606264,-0.0008493915488129064,0.0012929133229013876,-0.0007209947991401661,-0.00018602899470171962,0.0006038228369671661
2012-06-28,0.00041941922564138457,-0.001529359629178696,-0.000971355392683034,-0.001271087848732789,0.0012664870211542988,-0.0006480919837282089,0.0007011251225241472,0.00022973639683012705
2012-06-29,0.0010226230700078349,-0.002247481480111161,-0.000509792952949163,-0.0017494138043570465,0.0009223451427262646,-0.0003726832214671484,-6.4908444440052275e-06,-0.00024866323981337975
2012-07-02,0.0014303860215198099,-0.0023868990569629687,-0.0006972644396268332,-0.0017312402648049213,-0.0010823143114027664,-0.0001872261499064982,0.001029942432275754,0.0001330663390607563
2012-07-03,0.0012413404189101475,-0.002515849031451218,-0.0009669242900699083,-0.001379901581429436,-0.0007614012293644511,0.0005143963721743385,0.001109161454543964,-2.2726881630109018e-05
2012-07-04,0.0009817753515928545,-0.0027672515461999708,-0.0005784993741746931,-0.0014878357573407629,-0.00034459373693405786,0.0016591614971914392,0.002560803837623051,-0.0005952850773450857
2012-07-05,0.0011563702641471888,-0.002431068690230559,-0.0008838590948457678,-0.0007622897175590844,-0.00011133697163657726,0.0011694679559102594,0.0022364224644505068,-0.0005609846948992645
2012-07-06,0.00080085838735256,-0.002413156412673828,-0.0010957901958079776,-0.00020895142550951366,0.00042073892170367555,0.000660298936219795,0.0011946825161054837,-0.0005113589285347868
2012-07-09,0.0008221040811971221,-0.0015652994729396298,-0.0010235697374839838,-9.020518611582533e-05,0.0002650833388293801,0.00029848118689073354,0.000403472069853241,-0.00045604239173684504
2012-07-10,0.0009296359639221785,-0.0019466513332507597,-0.0007297529008075522,0.00034700664708609214,0.00015522076372700977,0.0002995359644178421,0.0008664635709479383,-0.0005596322666220634
2012-07-11,0.0008826366879635254,-0.0014922522372579114,-0.0011765103850059264,0.001243606748147335,7.932678586572927e-05,0.00023516919151766384,0.0003598769636192682,-0.0004734009335717461
2012-07-12,0.0011949972020972035,-0.0034982703721575135,-0.00019069327610901784,0.0016659198169787133,0.00014024020240578834,0.0005517338949213553,0.0022381276619823174,0.0003813017914199206
2012-07-13,0.0019346496663167124,-0.004439567041744219,0.0001391779235175351,0.0013012485433104987,-0.00010574759305321266,1.5687336874037902e-05,0.002446184175024176,8.443754359601405e-05
2012-07-16,0.0017878048589420035,-0.005075034622131849,-0.0003878602117059616,0.002484623716046051,0.000180176598300144,-0.0006341450831954725,0.0018169739544116282,0.0007313025071535869
2012-07-17,0.0025978491863453096,-0.005507085274788848,-0.0013589135906008835,0.0024924295103529296,0.0007772058956306061,-0.0009058970251039009,0.0018685058003477025,0.0002706200704394536
2012-07-18,0.0027967431245925598,-0.005019988101701112,-0.0009000699312054917,0.0018072013678346538,0.00026543452527800484,-7.656662910572988e-06,0.002337319111570517,-0.00044689312887929045
2012-07-19,0.0025588183081656016,-0.004120262714820637,-0.0016594213005910702,0.0011985831677678897,0.0002489619628451257,-0.0002042521848997197,0.002592955970953311,-0.0002807164951581484
2012-07-20,0.001711567825870494,-0.0033696534187521742,-0.0011179992170997724,0.001320655369886424,0.0002155176067644942,0.0002327503012427761,0.0013678298262567237,0.00045360548468388536
2012-07-23,0.001368449511114528,-0.0031725217932200693,-0.0016928902394201704,0.0019402579204037555,0.0004705942326004943,-6.107683402850519e-06,0.0004573239983282514,0.00059298970106876
2012-07-24,0.0016318358374147028,-0.003632622428089216,-0.0018283861030337638,0.001966912363229742,0.0010120115588577601,3.385935571440708e-05,0.00026900549765789396,0.0006291809641422144
2012-07-25,0.0015055519302864396,-0.0031871640035832215,-0.0020294158998251963,0.001877133822695466,0.0018968618100688472,-0.0005861172939714447,0.00027949368082080285,-3.0357756191251253e-05
2012-07-26,0.001237530626164676,-0.003644017050565538,-0.001333428841453996,0.0023946820216890863,0.0017253102253357313,-0.0011912147408670928,-0.0007672770685150113,4.074203612650139e-07
2012-07-27,0.0011044137649879806,-0.0035911172257543436,-0.0014382600235632792,0.0020651817759230824,0.0014476817178607564,-0.000727926919053454,-0.0016660879915766861,0.00011127116492483494
2012-07-30,0.001047059421854801,-0.0033083636188434968,-0.0010943887930658985,0.0021873495711279304,0.0011857553703221548,-0.0011435787527401399,-0.0008221985082810412,0.00019623227988801529
2012-07-31,0.00032087528822927344,-0.0029826552452684135,-0.0009496355021669414,0.00206019281699644,0.002092867605440723,-0.0012272609084554079,-0.001620689384777982,0.0004958377231506231
2012-08-01,0.000149455905094563,-0.0029481484102553556,-0.0011141101145285357,0.002556830873038717,0.002682168743269398,-0.001973824291016674,-0.0021801139940182796,0.00028750913738982307
2012-08-02,-6.050298850465057e-06,-0.0026035412591353677,-0.0013543834368854742,0.0027486196449821427,0.003384175058596802,-0.0027923226034183663,-0.002977844784308334,0.00034598774312516125
2012-08-03,-0.0004747919006242937,-0.002068169887178993,-0.0016919347820552257,0.0032457774122279,0.00295896787182194,-0.0030536769010734172,-0.002810968777663928,0.0009272039727496134
2012-08-06,-0.0005611057566216537,-0.0023567428651235706,-0.0012905716399274777,0.0027174648861481156,0.0018441010582641668,-0.002735360114948043,-0.0022621304277136043,0.0017734071795443072
2012-08-07,-0.0005348624488744514,-0.0023126317985299625,-0.0009706678030444857,0.0021977268865651096,0.0015815401003842814,-0.0026325602947261427,-0.0018726151828155125,0.0013087503620864845
2012-08-08,-0.0009293709219174073,-0.001763369283995392,-0.0005963206176490701,0.0023538997861048674,0.0015546783338910555,-0.0023835230123997802,-0.0030979830345404585,0.0016059462896592506
2012-08-09,-0.0013528196659991633,-0.0019275484002950734,-4.890610021011047e-05,0.0022299295063006055,0.0026986095961607616,-0.0018520213977644218,-0.002984746129081649,0.0015223003662110592
2012-08-10,-0.0019368340409265557,0.0006019648432099115,-0.0006633602373228172,0.0014616518601015403,0.0024570108775938235,-0.0019054864620160154,-0.0043371581609217055,0.0009850437049737136
2012-08-13,-0.0019627695678991184,0.0005391904423525655,-0.0010222530141968176,0.001291392327590439,0.002052779187397818,-0.0016618089256469624,-0.0027230083898341587,0.0010637618425506873
2012-08-14,-0.0018702778931914195,0.001326881284839632,-0.0008455475791332508,-3.127256230832788e-05,0.0017749998482118345,-0.0007580931779416268,-0.002880715312640776,0.0010131896041126129
2012-08-16,-0.0021307361330470823,0.0014595545179163748,0.00031231083740605216,-0.00016929243396653082,0.00042704798461772617,-0.0012149957803859442,-0.00220938122975397,0.0016843121170146496
2012-08-17,-0.00220706558716746,0.0019327142717847409,0.0004979273832401393,0.0005167620470439692,0.001191096273015875,-0.002502437684937019,-0.0033858329092511345,0.0015468740125172947
2012-08-21,-0.0022814022998759154,0.0016707182577838185,0.0010774507873387647,0.00024794090905634397,0.0011497898798949044,-0.0027790519905321054,-0.003169698047151974,0.0011252747110201125
2012-08-22,-0.0019063813344429648,0.0015749892936605693,0.0007903497545933052,0.0006631491526418395,0.0009579128040912595,-0.0031881401241655224,-0.003479114110087352,0.0009362517710051765
2012-08-23,-0.0018485587288771571,0.0021372712665621175,0.0007165855272364607,0.0003436438659270287,0.0010466225963442623,-0.002148043248669508,-0.0030397508694585086,0.0001550692659312452
2012-08-24,-0.0021855663090346467,0.0025240809626038475,0.0010979990627244035,0.0004995762487974673,0.0005992015555879209,-0.0020788896926618432,-0.0037388912090540556,-3.9618025991151884e-05
2012-08-27,-0.002739364226964414,0.0020785533057145816,0.0013537147188792827,0.000531298770371634,0.000620502681179851,-0.001571052573450992,-0.004774663621483136,0.000569795748893182
2012-08-28,-0.0029316557459436025,0.0026696652947137025,0.0006964824942002719,0.00015282055027976936,0.0010913522901014037,-0.0029043595164558937,-0.003847296158458891,0.0006839323784443266
2012-08-29,-0.0023313735678992626,0.0026666927929154616,0.0006641734437833238,0.0011682692712158313,0.001788815798573985,-0.003648465944809002,-0.003982742639827622,0.0007919190989938692
2012-08-30,-0.0025631740614257136,0.00298299013799354,0.0003449218657782529,0.0012961325118971425,0.0023137374748413994,-0.004075506486584096,-0.004260795224794522,0.0006867125217438342
2012-08-31,-0.002107944833194736,0.0027851162992419396,0.0004662404905939359,0.001756797562539541,0.0024185894158143782,-0.0043445306013204545,-0.00467577202776236,6.131741674335166e-05
2012-09-03,-0.002255451540220029,0.003223481445606102,0.0008877709626886718,0.0013194349078282015,0.002475181944576867,-0.004048216716635229,-0.005121794842285009,2.806118066509263e-05
2012-09-04,-0.002095349728464972,0.0029334668107409245,0.001143155979366528,0.0010940968398994483,0.0019555826261709597,-0.00393450329687554,-0.004460339431605339,0.0007046029935365962
2012-09-05,-0.0023974947350794964,0.0030352284306228495,0.0013290621826443304,0.0005274323147493332,0.0027809959597483603,-0.004055927580612267,-0.004386801817492921,0.00038211509467335535
2012-09-06,-0.002264402306259041,0.0046665928111045436,0.00118128503172437,0.0010302467361788857,0.0025452824779733053,-0.003867912476930476,-0.004718260388370882,-0.0004111601212478859
2012-09-07,-0.002209253149150939,0.004212849724401646,0.0009674611006605808,0.0012372929845919454,0.0021795214943231838,-0.0033234858763650254,-0.00445305822094791,-0.00011187926246998778
2012-09-10,-0.0023508466966346607,0.003945015248553361,0.000787634049035702,0.002030893260198455,0.001969321374084278,-0.0030667760062008395,-0.0037671538583687408,-0.00027938259575301013
2012-09-11,-0.002030653877442899,0.004048532550125004,0.000127215652471933,0.001733457904038541,0.0010587895074579798,-0.004383802910145656,-0.003541598300747091,-0.0002286723395244942
2012-09-12,-0.0017934211170545268,0.003487556435979436,0.000913432284844165,0.0014412111845881132,0.0006600015489010985,-0.0038543529566533495,-0.0030984963616790583,-0.0005597696127653317
2012-09-13,-0.0016665995289251439,0.0038449551965809045,0.0010621760672715353,0.0008564813666228297,0.0011191508693128497,-0.0037439130049553913,-0.004431215915879328,-0.0005467184651221697
2012-09-14,-0.0011580251746163097,0.003327150519805055,0.0010478624709589041,-0.0005467361170957165,-0.0001391760018547121,-0.0031110982883950436,-0.00275918050754078,-0.0007838225176579136
2012-09-17,0.00032450439696766076,0.001587458102376831,0.0010393884396865355,-0.001888178603889283,-0.0014486137037258242,-0.0023243991689543605,-5.598393196708587e-05,-0.0006502618121136847
2012-09-18,0.0007466510127375017,0.0009775028969609125,0.0008805897191198758,-0.002011371829226414,-0.0018729459628849037,-0.001502568774591128,0.0011102942392284178,-0.0007137806865646185
2012-09-20,0.0008533274331086996,0.00141182643406508,0.0009150897587126968,-0.0012731961892072992,-0.0010941388533997872,-0.00209457880914259,0.00121083747145217,-0.0008996878403946295
2012-09-21,0.0014812248276408085,-0.00024667852847107393,0.0003397251960047046,-0.002778051190730278,-0.0016190380299004282,-0.001344369147116421,0.0015528542529665143,-0.0006253489719801079
2012-09-24,0.0020215699209014506,-0.0009999193876266358,0.0013338300500123834,-0.003009889284758142,-0.0025251287551678165,-0.0012340340085776197,0.0025460221121283563,-0.0006335126079723889
2012-09-25,0.0022933363500635914,-0.000975161613531243,0.0006942456091809275,-0.0031128366125667355,-0.002018586451713361,-0.0019912206300342103,0.004427753018632245,-0.000780668799184688
2012-09-26,0.002933225138066139,-0.0009063670773385107,0.0004721688133581172,-0.0032103559366559622,-0.0020418661311656914,-0.002194193040581035,0.005458500538597578,-0.001076254842652802
2012-09-27,0.003446988655686735,-0.001632694774481283,0.0010105313969287159,-0.003227426062619482,-0.0015184534192234954,-0.0010473097567055547,0.006163657978511074,-0.0016414466324767283
2012-09-28,0.0028174445909801794,-0.0019549711981275792,0.0014805055203327899,-0.0035596703045201327,-0.0021054884930389443,-0.0006300322734178031,0.006474002287542596,-0.0015410136820149588
2012-10-01,0.0024342865147722274,-0.0012841938551441906,0.0018777111699540697,-0.0036122414594239303,-0.0022127209695432318,-0.00016510473653929235,0.005966137899289552,-0.001636559852536909
2012-10-03,0.0022476871695930947,-0.001429444452432536,0.001674908506494717,-0.003893761701103402,-0.0021969178824406774,4.731632396413974e-05,0.0061709859457786224,-0.0011696936305613161
2012-10-04,0.002783536423208991,-0.002194602405813811,0.0008889938550833325,-0.004836262231416507,-0.0023197686585135708,-0.0002010737652432858,0.008187306264393856,-0.0010619143474980327
2012-10-05,0.002514744253486912,-0.002485726324833088,0.00135280060655816,-0.005051567381692462,-0.001664940292573594,6.096117129835918e-07,0.008155274178204844,-0.0009694691105603839
2012-10-08,0.0029718483543384926,-0.0029737373205768946,0.0014127372990535153,-0.0037877866840835585,-0.0018308414793175233,0.0008158899449386874,0.007044741914000213,-0.0016479748719013245
2012-10-09,0.0028833161267563957,-0.0037442446793470143,0.0009218566180493621,-0.003443787874272331,-0.000610882907697387,0.0006387758469964706,0.007399181611000321,-0.0019777437990848384
2012-10-10,0.0025200862713167416,-0.0035723711149028073,0.0009778596325679327,-0.0030555243624782197,0.0003909264203745986,0.0003135933785207343,0.004992409372950304,-0.0018346091093885222
2012-10-11,0.0030733082496685214,-0.0036679997896539177,0.00046632615448238997,-0.004641998988367608,0.00039341142216648556,1.0189385140130583e-05,0.007180641551015732,-0.0018661527540204657
2012-10-12,0.003085996779568393,-0.004883611634245579,0.0007876029193411181,-0.003960595291034031,0.0007921282524025329,0.001177799101695006,0.006727162315540722,-0.0014644478084667929
2012-10-15,0.003352660673179005,-0.0054265614425702945,0.00022840724288918394,-0.003412438638643797,0.0010650750689335168,0.0004932592506665251,0.0066981761310767945,-0.0011860988983941345
2012-10-16,0.0032148473408288017,-0.005342202045113649,0.00022387516485050164,-0.0026844224560064064,0.0010732978404138802,0.00012821094526110108,0.005752766582973893,-0.0013751560734616543
2012-10-17,0.002397658130034736,-0.004877284625617048,0.00028054341717482904,-0.0007516212345886782,0.002577971784360702,-0.0009430040473639242,0.004385276153098213,-0.001511846822469342
2012-10-18,0.0016386243013685018,-0.0032737289053230904,-0.00013630304890261465,-0.00020746382985594868,0.004535584690407405,-0.0012288551713721257,0.002548711518788465,-0.0023970972622700034
2012-10-19,0.0011817029948975166,-0.0030358630486904004,-0.0003770597452266917,-0.00017179993153549516,0.0050383715722266435,-0.0015949845044701159,0.002196832814040981,-0.0021139346035541073
2012-10-22,0.0015269834400597603,-0.0037299790724049093,-0.0008542882993180744,-0.00028687895281474547,0.004126637567619723,-0.0011214232204894846,0.0017553365406184586,-0.0016742328944250237
2012-10-23,0.0009099720411565788,-0.0024243813010747543,-0.0006080502680746194,0.0010694016195025731,0.004401354988009449,-0.0020242564208549315,0.0017696612846406696,-0.0018196660943057264
2012-10-25,0.0004907026666852661,-0.0026949905383290575,-0.0010226666411860376,0.0005308513052494849,0.004899638056171607,-0.0027540734227882325,1.8164106694297478e-05,-0.0014107058427608806
2012-10-29,0.0002835409020671773,-0.0025076423735663996,0.00013748141700910052,0.0004426216543419749,0.0034202180573217234,-0.0018832342369574445,-0.0015641233326726524,-0.001058286977653426
2012-10-30,-0.00038940256266247614,-0.0016146716985761603,0.00012133600717137736,0.0007652817595826862,0.003349851556298398,-0.0015040672182091161,-0.0022384258902684866,-0.0010927634196473178
2012-10-31,-0.0003805468724811555,-0.0012673317871839279,0.0006029009938659563,0.0013427401648695497,0.0022032986569417625,-0.0009563334334632039,-0.0023115475675225977,-0.000831466490423924
2012-11-01,-0.00010399529752799926,-0.0011371315755898557,0.0011178506195032665,0.001247491750558979,0.0014167407218381996,-0.000879162238946755,-0.000969187316906319,-0.0012330097564699758
2012-11-02,0.0003425119124153594,-0.001880044119432049,0.0011269661686017013,0.0010252265278854766,0.0012879059729827634,-0.001040543509015065,-0.0011088106076208083,-0.0011171379118522695
2012-11-05,0.00047575228686572813,-0.001884559444426147,0.0010126316069753536,0.000917712391752695,0.0017842493039500295,-0.00157043127957945,-0.0013432126512175854,-0.0015457148186233645
2012-11-06,0.000124232199596159,-0.0014522173969555414,0.0011895602154129972,0.0020333601210090193,0.0016527228831204528,-0.0013778753236906244,-0.002382970493164785,-0.001493928377841945
2012-11-07,0.0005243967594749679,-0.000869372353541271,0.0006527663956233178,0.0021841222796543857,0.0009809604325361424,-0.0018570951625517702,-0.0018673621282201075,-0.002472470267844598
2012-11-08,0.0005183700433468001,-0.0008692221086484608,0.0011847287637472754,0.0009107163979468903,0.0006635402333502152,-0.001718678636435594,0.00045366506043835594,-0.002004866362950249
2012-11-09,0.0002759919280926446,-0.001110439264104625,0.001743225766202108,0.0007562305593301414,0.0007030293242939108,-0.001880141691339268,0.0001345413914621498,-0.0017621133566610477
2012-11-12,0.0009521476635268808,-0.0009363600672313624,0.0016436807500680034,0.0006875172008194804,0.0005969366803333276,-0.0022057210863255013,0.0025371421620882,-0.0018952264260294113
2012-11-15,0.0010210192547393825,-0.0014350404747437697,0.0017667768353659865,0.0013667919997687895,0.0007111211419711831,-0.0026420584228070802,0.0021921009391027094,-0.0013919252145063702
2012-11-16,0.0006415902108933033,0.0002698643663506063,0.0015151566735788612,0.0011729189127341075,0.0002111574348933491,-0.0026726050682822694,0.001140002896406039,-0.0014851046670776565
2012-11-19,0.0004154629946001619,0.0006124546501460925,0.0021879319140957233,0.0008177451391072115,0.00045358198048960617,-0.0028868307037505222,0.0009895298873378066,-0.0017240236646533407
2012-11-20,0.0005241696984683529,0.0001744186137806426,0.002635987889984835,0.0008587239970725997,8.944641381928155e-05,-0.0027589619871154006,0.0006784391324956206,-0.0018989419833716455
2012-11-21,0.0008308194068179853,0.0003717010714375821,0.002122046333578288,0.0009128849042418178,0.00030991384152968723,-0.0024796239749587563,0.0018917382518013584,-0.0020496175212863913
2012-11-22,0.0004417622395607322,0.000756381782397473,0.0017904585836616416,0.001449031668996775,0.0006370812489899472,-0.0023065596676475853,0.0009931862355845441,-0.002056366812560873
2012-11-23,0.0004215580254915708,0.000736705204547631,0.002077429104431379,0.0012526910865154279,1.556234509081031e-05,-0.0019950859656852234,0.0009195954088409316,-0.0017686864564820334
2012-11-26,-4.1593675712232295e-05,0.0011594532798118807,0.002199228040172574,0.0011506161471596288,0.0009523034562461741,-0.0015183204917661197,0.0010853167631830083,-0.0020291221637301353
2012-11-27,2.4155821811156007e-05,0.0011621771772922186,0.002065484415157458,0.0006752117700805744,0.0013564506330878481,-0.001424723464547118,0.0020776924251511113,-0.002292190610585097
2012-11-29,0.0005375537371496415,0.00036798715413947783,0.002028012466588635,0.0009266586312844389,0.0011131223566096218,-0.0014949743253600788,0.0038523217494018523,-0.0023661064918062457
2012-11-30,0.0010009818423333842,2.0357567608247874e-05,0.0007195728816348943,0.0007280761725200883,0.0011972747216677923,-0.001152389359646459,0.003958550763408333,-0.0025842687678162553
2012-12-03,0.0014152923297023256,-0.0006946879989929002,0.0010196030477685265,0.00013751749678208745,0.0007876591968032673,-0.0006290596256372874,0.0052417197153877115,-0.002506479837997976
2012-12-04,0.001538770797363353,-0.0011024381513298578,0.00014241800371148083,-0.0005554462139103829,0.0009614606411155369,-0.00115970289141809,0.005026670781644749,-0.0015556506498598023
2012-12-05,0.0017957364014002286,-0.0017374959014668722,-0.0007634877486171108,-0.0008125691062380288,0.0015045418415368448,-0.0008299032569595759,0.005622967285881646,-0.001214644331045709
2012-12-06,0.001947637815012225,-0.0026871355776217328,-0.0008256690842534324,-0.0007725573103937646,0.0016722478465329117,-0.0006773131234963465,0.006455965498840318,-0.0008338715857814541
2012-12-07,0.001884664576582634,-0.002748142446172965,-4.8594252750816915e-05,-0.000598126859347128,0.0012910995563251266,-0.0002510325018487338,0.006002870711332382,-0.0007795143115785397
2012-12-10,0.001845557254810365,-0.0028481155239785637,0.00016613281523671889,-0.00024321417520399634,0.0015997923034248552,5.1967293510036356e-05,0.005702891828863012,-0.0011482950326743998
2012-12-11,0.0015613749345562266,-0.003297253802442254,0.00019867127946339457,0.0002278969522163069,0.0021187562364280038,-5.062154430230726e-05,0.0036684735516939377,-0.0010919180232496842
2012-12-12,0.0015185726789140803,-0.003010457261012828,0.00015370241476442606,0.0005467498486400372,0.0018821021683947576,-0.00045648547245925224,0.0027289573930098536,-0.0007985713936556997
2012-12-13,0.0018199040171558898,-0.0029564897833394433,0.0006102343142999865,0.0002527836566513942,0.0005677884638351572,-0.00045126238577263423,0.002288075179315269,-0.0003323783933945599
2012-12-14,0.0017232526393403187,-0.003118005767196335,0.0006986714570456037,-0.00024247754857432144,5.7187097683777076e-05,0.0005400528011019353,0.0020134094126392564,-0.0003204162193790397
2012-12-17,0.0017236861605424401,-0.0028698296419702855,0.0012672497234111405,0.0002599823598871886,-7.237232255141788e-05,0.0015496413698682088,0.0010229740336198361,-0.0006678662238003166
2012-12-18,0.0018891258800794526,-0.003704412559877455,0.0014396071471063196,-1.2014437089319027e-05,-5.022428837380983e-05,0.0020225926934813493,0.0031296678828401443,-0.0011513194603910257
2012-12-19,0.0018485865001244845,-0.00326582380873668,0.0014951429594051843,0.0007770408491413498,-0.0009925253609109367,0.0028749647717537033,0.0031125341173924266,-0.0008084737788204279
2012-12-20,0.0018177288234678345,-0.0028271773070491922,0.0009955121672041503,0.0007334821130013883,-0.0007492659110857306,0.003942614392044177,0.004632060627207949,-0.0005695061746928852
2012-12-21,0.0014690510591963356,-0.0024287854811599176,0.0013348802535309051,0.00037510837050790157,-0.0007541638039885883,0.003773394700286622,0.0026093140105737677,-0.00040955457669570846
2012-12-24,0.0013452403515322492,-0.002289390307360146,0.0016808166024427492,0.0006837984844148895,-0.0008907992360919124,0.0032769060017980665,0.0028587999278974078,-0.0003693559515703909
2012-12-26,0.0016879596200735148,-0.0028977062983122697,0.0012969060690974535,0.0007807014701208433,-0.0010766893058777407,0.0031574582985390708,0.003442691859313824,-0.0004496032944350549
2012-12-27,0.0021585141042302462,-0.003561023584940616,0.0016691993037892254,0.000870157045956873,-0.0016672751627778858,0.002930995566848801,0.0034578025990410193,-0.00044004393770734535
2012-12-28,0.0016827483317376937,-0.0030922923560324847,0.0018125754357124092,0.0008429469870643459,-0.002039990447624062,0.002861187671303639,0.0022083398609604623,0.0005683225805177407
2012-12-31,0.0012239391788669912,-0.002218030548061581,0.002021774389913639,0.0009638703166379456,-0.0019228907355721809,0.0035165612070966034,0.0018519160555069793,0.0009093739766407375
2013-01-01,0.001697079587244494,-0.001985250486669864,0.002964813522824435,0.001288163157075296,-0.0011086713192834333,0.003964586052147236,0.0037207467795701736,0.0009636386539100283
2013-01-02,0.0016320090019196077,-0.002831283527820731,0.002464155670315756,0.0007386692404169955,-0.0018781020837303145,0.003121025086535864,0.0021695677469020305,0.0005851336190409325
2013-01-03,0.0012534028217914032,-0.0020148458709807835,0.002611595827441811,0.0006783860234905314,-0.002073992056655075,0.003332665786508114,0.00240776216511921,0.0003084059169437437
2013-01-04,0.0009973231081536517,-0.0008952755131504919,0.002489569858857,0.000746151390911096,-0.002214632528395656,0.0022851261830762817,0.001310255951219792,0.0005600083035349824
2013-01-07,0.0006058467252981386,0.0004101564927990297,0.0027590357516805216,0.0013608852389107046,-0.002540072461477615,0.0029787574871883906,0.0005309373378163003,0.0005261128033804551
2013-01-08,0.0006193377410876346,0.00035585434610023404,0.0022153128374034045,0.001376548656374306,-0.0021838027059614073,0.002415244154200624,0.0017091741487793451,0.0004849116031865829
2013-01-09,0.0007744887215070142,0.0005365498645103743,0.002962474411332798,0.0011809156458544479,-0.0028691035258210274,0.0019848936137369638,0.0009439085026667554,0.0012108845933625225
2013-01-10,0.0011728778405803875,0.0006745892313306153,0.0030803034926851548,0.0005722281253154692,-0.003188518347320789,0.0020494795467788773,0.002008200871737545,0.0016693203032605544
2013-01-11,0.0006991275727687399,0.004827095389734576,0.0020922230989813963,5.3559925760006855e-05,-0.004260801111493885,0.0016172764233743594,0.0009988964269333522,0.0009361646760796222
2013-01-14,0.0004794078275153202,0.005366464334075087,0.0005728805986042022,-0.0007388429682682854,-0.003338762967609638,0.001958674372054446,0.003491389286510123,0.0006533888651484372
2013-01-15,0.0002103666965377986,0.004904713326044937,0.0004589521726680605,-0.0005094589972260482,-0.003040213634375728,0.0009302596885572454,0.003584856764354068,0.0007332411421078053
2013-01-16,-0.0003541243470572907,0.005634172548725587,-0.0007617301403258197,-0.0005752832406002017,-0.0026379297872003746,-0.0006191573316232422,0.0028017677896812997,0.0013047540967794384
2013-01-17,-0.00048262963690511127,0.006090337617538043,-0.0007662992370571194,-0.0010020027108245035,-0.002805936566138937,-0.0014540492908183974,0.0026629816962845778,0.0025819373784975643
2013-01-18,-0.0004286274833668006,0.005069492650512372,-0.0017536313081520792,-0.0020500808430985347,-0.0024826156052010434,-0.0023837422872837145,0.003040188506171395,0.0035822935300463066
2013-01-21,-0.0006923289405691081,0.004609063561963368,-0.0018050534913842862,-0.0023594295181547753,-0.002231392608146459,-0.0033470255205039776,0.002185073919871747,0.003933281408379515
2013-01-22,-0.0006154727216848685,0.004076582135230051,-0.001744161225286239,-0.0019751046411866755,-0.0028490195844348603,-0.0033004953829382545,0.0026284450014034625,0.004125266932132547
2013-01-23,-0.00037596517384650406,0.0035551234091829136,-0.0023353010723816594,-0.002387127589161945,-0.0029755256428518504,-0.0032809331291170363,0.0010027084034203149,0.004151304427096201
2013-01-24,-0.0005968040167870633,0.004459647630374589,-0.0030701983805790827,-0.002534336273369911,-0.002153277986348694,-0.003714425893060775,-0.001525368060575839,0.003921900541968552
2013-01-25,-0.0007467516752946627,0.004591763299857487,-0.002682882092176828,-0.0023870203915061458,-0.002013489327158084,-0.0035446188585125044,0.00020467600208281026,0.003678457846846647
2013-01-28,-0.00010335418063802076,0.004445976004792646,-0.002105412414201174,-0.002111344863979027,-0.001809527209799805,-0.0032784832133025636,0.0013141952156665697,0.0025140969965663437
2013-01-29,-0.00021410501825345086,0.004555002375779506,-0.002653172600620499,-0.0021103858673464015,-0.0011823090034111614,-0.0035302776614768517,-0.00019832296834739057,0.002003827857007379
2013-01-30,-0.000774961049486062,0.004411825632204782,-0.0033085188804777236,-0.002211157450309426,-0.001458549931525235,-0.004417108688011906,-0.0009944093431509446,0.002273346518353231
2013-01-31,-0.0006209027144308618,0.00523184028503866,-0.0029330253580285978,-0.001399582521013694,-0.00020397365549384953,-0.0036549935705055964,0.0006340923729378636,0.0023245783472368668
2013-02-01,-0.0005608830835913353,0.004943104115259411,-0.0030691573808251486,-0.0005959630786964497,0.0004914318697406413,-0.003725425500444441,-0.00013607015533216696,0.0023482557955611092
2013-02-04,-0.0006691386177265282,0.004639168247507618,-0.002419650488678836,-0.0011444019878506418,0.0006158396634804429,-0.0035391844512936955,-0.00035859817803512946,0.0015322042232861692
2013-02-05,-0.0006603542576293429,0.0043368693456653385,-0.0027619354225860496,-0.0008592625911287696,0.0005772549590379727,-0.004313594211126548,-0.00021671868005734612,0.001227272766254618
2013-02-06,-0.0008275474990258416,0.004905916517443553,-0.0027616661845929168,-0.0012710036142983125,0.0002901302579007532,-0.0036438452975846563,-0.0003922112320555592,0.001290026049469985
2013-02-07,-0.001139423093416097,0.005419322823499634,-0.003091257135831884,-0.0017856948038870878,0.0008965610691852768,-0.0036167260303114498,-0.0007583811152429662,0.0006980761870808627
2013-02-08,-0.0014600677928531106,0.006273758284079462,-0.0035227178741977128,-0.0017064686218086354,0.0006560910654475724,-0.0038131754769842627,-0.0011799943499880817,0.0003686489962367584
2013-02-11,-0.0006577202453069122,0.0017884340373865181,-0.0029590621491841457,-0.0009225825880876948,0.001614466286459876,-0.0032497616609373143,2.1499121912918852e-05,0.0010230885048777957
2013-02-12,-0.0005284026737401604,0.000686338876890209,-0.0019031895014177047,0.0002249100797298661,0.0016431412604051285,-0.00363381073711767,-0.004460885535691745,0.0013346803383646037
2013-02-13,-0.000792516170814274,0.0016274682490699443,-0.0017688776809803833,0.0003148690258992018,0.0011860350315760825,-0.0038962085750987507,-0.005807483538740069,0.00121215209990279
2013-02-14,-0.0004094184198193435,0.0016918997158228812,-0.0013697905039131736,-0.00015499313628223872,0.0013567175773164747,-0.00292345491749095,-0.005630125167245009,0.0001437463989779076
2013-02-15,1.8950964133472494e-05,0.0011754883495499044,-0.0010317336239374212,0.00011634434450016364,0.0017647847010580904,-0.0028904404867745315,-0.006177499440224747,-0.0010003004216205891
2013-02-18,5.6748896902631286e-05,0.0015747381087029175,-0.0006301996776542458,0.0005496853099435696,0.002015984449319231,-0.0024378338367231486,-0.005685747391611107,-0.0022540546427946206
2013-02-19,0.00022652580048793298,0.0021487117378088624,-0.00026148292727958336,0.0011084799256073042,0.001631306045326222,-0.0024400557661419546,-0.0041419719101243434,-0.002502342100654027
2013-02-20,3.303291471252307e-05,0.002451864834876849,-0.000380124289666291,0.0008226492869575254,0.0017493971730380546,-0.0026015066608130557,-0.0031122643952951616,-0.0018741889591865199
2013-02-21,-0.0006201457083868109,0.003108183546924698,8.419560556387532e-05,0.0015885109654753102,0.001930101547024221,-0.003059977326101909,-0.0022532695348493497,-0.0016009982819868416
2013-02-22,-0.0005479142172768177,0.003093269999495066,0.0008011661979940251,0.002054544347741787,0.000567853432709252,-0.0026848496758046254,0.0006790657961305549,-0.0011854994481096464
2013-02-25,-0.0007709111141514214,0.00377412795819494,0.0005666059593895216,0.0017965642854408036,0.0004028713048951601,-0.003523332455159335,-0.0026342122789472272,-0.0012298901644433166
2013-02-26,-0.001100796257758465,0.004798945060512571,-0.0004645537920603773,0.0016925180247219123,0.0007959049695069453,-0.004149224295738208,-0.003637474294520707,-0.00125382754193031
2013-02-27,-0.0010275751896685345,0.003959185099131429,-0.00016489777471915754,0.0012128448892505862,0.00045000686224352503,-0.003977916168536029,-0.001808465690476829,-0.00073970871911385
2013-02-28,-0.002090208023477272,0.005126610644991939,0.0004896653397420572,0.001711821695880066,0.0010783263785644078,-0.004610959198685223,-0.0028985793095522346,-0.0011573101872717085
2013-03-01,-0.0020398701982590564,0.004881934849738081,0.0007977377325659978,0.0015129987750402201,0.0005336116353254938,-0.004753654283277977,-0.005909560783391832,-0.0011328331630672925
2013-03-04,-0.0016152487488132888,0.004845964389833254,0.0010058620731980598,0.0010609291523300782,0.00014486898218589363,-0.005720640789102418,-0.006647660092066002,-0.0014449753121366093
2013-03-05,-0.001317623306213368,0.004715370995741902,0.0006328552429555974,0.0014636666810109184,-0.00012059407213097276,-0.004984626598811532,-0.0056979600319089965,-0.0010481170460538195
2013-03-06,-0.0011961144246669085,0.005037653991311462,0.00043901972976512834,0.0005341323841917497,-0.0006635070125250197,-0.00445349795532521,-0.0038225596187052534,-0.0009136122967585969
2013-03-07,-0.0009749859823483683,0.005098077577327861,0.0004873669063452321,0.0005106171829423912,-0.0007886350239822092,-0.0053626268242024325,-0.003683469783291732,-0.001109628568216242
2013-03-08,-0.0006452417126981261,0.003700736010301334,-0.00019841875385581665,0.0004564374573530616,-0.0007785537206867012,-0.004617148235268867,-0.0034756599282116034,-0.0006985525100446685
2013-03-11,-0.0007594099409329175,0.0027286779646245774,-0.000179040888357387,0.0010094367898564138,-0.0005478551806969834,-0.00447197854945955,-0.0024815289251032746,-0.00047414756206888065
2013-03-12,-0.001218664752350751,0.0027174561333810666,8.363544177441608e-06,0.0005779763028882095,-3.2224627821793815e-05,-0.004492743177108161,-0.003322087366134048,-0.0005090111098740648
2013-03-13,-0.0018960448052687344,0.0031591700657631686,-0.00037121373326723286,0.0008012214079361889,0.0007490099375143318,-0.004386283608291927,-0.00037628230947874073,-0.00073458138894587
2013-03-14,-0.0012288761828283695,0.0024111194669076768,-0.0007762592889067757,0.000523300655106261,0.0008305778695409884,-0.003910214765132562,0.0011638674331753136,-0.0005548484837961677
2013-03-15,-0.0017561249035968176,0.002382045124867583,-0.0005231085225229188,0.0010779927261961517,0.0006723737048668795,-0.004277977913925564,0.0001334185604953493,-0.0003097143997252229
2013-03-18,-0.001954791176189939,0.002689459131420422,-0.0011257814139700047,0.0017384534965727346,0.0012650254853799176,-0.004897366959736298,-0.0005016969639637988,-0.00025285769315658676
2013-03-19,-0.0021062189665493275,0.003409917287866264,-0.0009947838492148251,0.002491875400929382,0.0017639452389886818,-0.005447636991119508,-0.002404187408181708,-0.0001266396691878731
2013-03-20,-0.00265819693478627,0.0035085569685640748,-0.0006872708497207957,0.002713196270071905,0.002341441871959022,-0.0054068818342340366,-0.005139467995103894,-0.0004326776509589016
2013-03-21,-0.0022101614308512275,0.0036544652219869817,-0.0012677351071870937,0.0027814627932575037,0.002511284616549232,-0.005287091416978893,-0.006719463122177612,-0.001510845193290299
2013-03-22,-0.001824474412009413,0.0028824363770338073,-0.0012029685276899287,0.002003979893530603,0.0024414011984029396,-0.004419939015541016,-0.006892643670568939,-0.0015922966684325883
2013-03-25,-0.0020801359482449126,0.0025592439308006094,-0.0012328894547868417,0.0017599697607973306,0.003041563009221962,-0.004599622279379523,-0.007030419995163393,-0.0013879770426986386
2013-03-26,-0.0018228355159872456,0.002046025656855487,-0.0015278556079935074,0.0017595828471685308,0.003696029019437304,-0.0042877773533826925,-0.006698282466027298,-0.0018577447289801867
2013-03-28,-0.0013266716082906112,0.0010685318501250773,-0.0016698997146482536,0.0016189779288710655,0.003131737399600958,-0.003006679497056148,-0.006176242714525314,-0.0015696980866201048
2013-04-01,-0.0012933620651682473,0.0020404903574704498,-0.002252803023790118,0.0023250705198646386,0.0028426217714616776,-0.0035797251923670105,-0.004697944726721792,-0.0016538317977141523
2013-04-02,-0.000309040906905609,0.0009844308701199584,-0.002818274708817982,0.0024011858955492677,0.0018586811147137043,-0.0024260362950572533,-0.004153441800729704,-0.0011126357140588605
2013-04-03,-0.000424280830688438,0.0014118515238439988,-0.0037131554710046586,0.0031158684715578786,0.0024869186362441935,-0.002930973848182937,-0.0027283582558581864,-0.0010506108520466914
2013-04-04,-0.0008398406659002244,0.0008509857767523007,-0.002983306960227596,0.0034529954661249654,0.0025584767162572537,-0.0018515196866564672,-0.0025596028268771065,-0.0008337689403796525
2013-04-05,-0.0009437946509077977,0.0009189622668357854,-0.002628909717696534,0.0038957188993189833,0.002339041610815982,-0.0019963307692365804,-0.003345577435223264,-0.00012228013703604245
2013-04-08,-0.0012837606781762093,0.00011828374481978729,-0.002217963505301422,0.004632888596548896,0.003699259519228899,-0.0026699214759327815,-0.005217380789071492,0.0002218887686994582
2013-04-09,-0.0012445295725567618,-0.0002695830108483451,-0.001698784674803249,0.004885797149598045,0.0033230362142394718,-0.00166450705800676,-0.005923525621826271,0.00024170379124580565
2013-04-10,-0.0011885186522052338,0.0011275667727161584,-0.0014299721954397493,0.00473035905801405,0.002375946602075823,-0.0024814765955266885,-0.005482382863624235,-0.00032310166832390155
2013-04-11,-0.0006099061070483432,0.0021921642449406467,-0.0011577040633543863,0.004664411393492477,0.0021747456955338064,-0.0029865263570003696,-0.005319886173765892,-0.0008443785259384293
2013-04-12,0.0005940291255426442,-0.0030858484315686315,-0.001183157378007727,0.005293879894288088,0.0031992132841510345,-0.002313472168890183,-0.004291599532779628,1.0664577436143245e-05
2013-04-15,0.0013321510576371686,-0.0034817995975715975,-0.0017960317900631516,0.003957516479580247,0.002705418008433283,-0.0029568713012098767,-0.004833290836628146,0.0003875164561587081
2013-04-16,0.0012122432462528115,-0.004625479238533048,-0.0013368547841255414,0.00411473427563317,0.002861609759464932,-0.003206079848133262,-0.005159020818381487,0.00029149820929989215
2013-04-17,0.002173373243605051,-0.005491746104460307,-0.0006549612346318048,0.004139623132795566,0.0031314278202074384,-0.002726753573864034,-0.003678285312794072,-0.0004416101159321847
2013-04-18,0.0026191597252923997,-0.006434413154683368,-1.2258775386153685e-05,0.00293379537665053,0.001856804058592671,-0.002726292292899464,-0.0030054863821735722,-0.00048449996616207726
2013-04-22,0.0034992016995439076,-0.0081651868760764,-0.00020627015004020426,0.0019167714587162996,0.0010798577745085255,-0.0015885674114211172,-0.0006794458712894296,-0.0006913599359087929
2013-04-23,0.003984713227321991,-0.008352797526787163,-0.0006237914362097492,0.001706374969886303,0.00039432883993293657,-0.0014544322066207512,0.0011246664063647124,-0.00024992162872249405
2013-04-25,0.003803512342025764,-0.010117383836333985,0.0006763910319568006,0.0022634008384702564,8.107341201494438e-05,-0.0014288983924199365,0.0015542857596271358,0.00029953428613072606
2013-04-26,0.003518793416374814,-0.010185127234590073,0.001296949527848238,0.002433665438349426,0.00010249392112527908,-0.0019171537744150301,0.0014950218427718855,-6.328978573077516e-05
2013-04-29,0.003729308263657558,-0.010164536937487513,0.0016141200989570888,0.0020093323348052694,0.0010124482634098447,-0.0023898860374584156,0.0014742061241110422,-0.0004586145432812895
2013-04-30,0.003243105272436582,-0.010262460630138968,0.0016306428855998281,0.0021703057356597956,0.0023095650622626455,-0.0019756515430193393,0.0017883125944574145,0.0001024837016498038
2013-05-02,0.0027558497732727964,-0.009784476502279203,0.001961752651830922,0.002145700273987598,0.0023331653890728524,-0.0032645179771562966,0.0015874701185467914,0.0003116983510920166
2013-05-03,0.0019135030950444653,-0.009314194012375793,0.0023190745499683386,0.002425722566471595,0.0027133889508696245,-0.001712122891832657,-0.0008920425807415571,0.00014697879593696247
2013-05-06,0.0016653776066265474,-0.008666162134668094,0.0029957724948272042,0.0017332083423543183,0.002515445256096676,-0.0015583346094957741,-0.0010674598035694594,-2.8887323510019564e-05
2013-05-07,0.0021049926998605,-0.00929893457651853,0.003414073059203808,0.000921112747394114,0.002369056770741954,-0.0017660630642049899,-0.00011667676005965759,-0.0003164752948391367
2013-05-08,0.002038318488639144,-0.008954595662100683,0.0024078362887981443,0.00010077942844501434,0.002685582904914617,-0.002265448314518022,0.0006238640946225433,-0.0008086239584563061
2013-05-09,0.0019453740845415367,-0.00847281256550347,0.00198463208129006,-0.0008659221043288996,0.0033956437859851427,-0.0030058454434485258,0.00025663813320396175,-0.001604256166788596
2013-05-10,0.002465052456578011,-0.008334712771077174,0.0023614221468483765,-0.0014548958583536589,0.0033356560336239233,-0.003216150672022293,-2.922409615887904e-06,-0.0022868670479725783
2013-05-13,0.0026261356678941557,-0.008280958772828396,0.0017551486886211668,-0.00025642976813727413,0.0032082807543275735,-0.003455928991824968,0.00026378797380838693,-0.0017810667896816282
2013-05-14,0.0022770714882191265,-0.0086982491611894,0.0017999455676861215,0.000362861673248067,0.003881777414223756,-0.003205819896066736,-0.00012909136766354025,-0.0013462524176357485
2013-05-15,0.0024436738162378928,-0.010398919259409832,0.0016771665860633679,-0.00013698070335611563,0.003497207378048861,-0.0027465578311819156,-0.00015055325574324287,-0.0010471328063305072
2013-05-16,0.0018545257392450385,-0.005699067578473139,0.001005652323961697,-0.000369717798875532,0.0014528137651448753,-0.0033735200406780773,2.251596994505556e-05,-0.0015180671038767654
2013-05-17,0.0018586115177362536,-0.005106168492657272,0.001601065531436698,4.763809858503946e-05,0.001088849728585673,-0.002791745926596522,0.0011552384612271782,-0.0019918291113644442
2013-05-20,0.001219889586614418,-0.003330479845856716,0.002114681081463513,-0.0003159833609150133,0.0011970847962216474,-0.002132639341489248,0.0009078190770725665,-0.0021519828309822554
2013-05-21,0.0006956986259635816,-0.00204080255806332,0.0011224138725238774,-0.0006487032168531735,0.0006687382605210898,-0.0024635163568932244,-0.00018997482096147662,-0.001440134890337375
2013-05-22,0.00021397046336064972,-0.0010852920825165607,0.0007876547293967145,0.0005737333013057983,0.0018726313436251544,-0.0018301669591100087,-0.0019536967934602944,-0.0014713583643546665
2013-05-23,-0.0008427555437449122,0.000912753551825777,0.0011791393601119772,0.0015610869352485233,0.0026456559786173697,-0.0023465785065986643,-0.005238358344867659,-0.001852352564247422
2013-05-24,-0.0003314826639603161,0.0001447144739802589,0.0011364359591862587,0.0007219800481762118,0.002659494226994666,-0.0017284328768605189,-0.004796703108237745,-0.0020503102131739026
2013-05-27,-0.00045419382923348557,0.0013580626172582874,-8.619163745958057e-06,2.3552040456936447e-05,0.0027905030403572737,-0.0014910022162320353,-0.0038505740332732304,-0.0016517354503078749
2013-05-28,-0.0003481457092391711,0.0016187884442218012,-0.0002551039637253348,-0.0005157998592110868,0.0029012366493580597,-0.0010196817646662636,-0.003181984106641564,-0.0007728693849133952
2013-05-29,-0.0006750630455800151,0.0013349676932947353,-9.063803191886608e-05,0.0010032416749065536,0.002466338523968949,-0.0005238395169229971,-0.00496800878033069,-0.0007096292122880709
2013-05-30,-0.0006142895750192158,0.0010930068529142222,0.0007066619654474032,0.00035478549746052615,0.0014020867969906784,-0.0012962762531225488,-0.005545178919436665,-0.0007939108350798803
2013-05-31,-0.0007795388955743264,0.0021061188341484852,0.0013338392470585026,0.0012139832520271377,0.0015439624113025852,-0.0008840899537822744,-0.006284171981924453,-0.0009298051399906898
2013-06-03,7.031760831359464e-05,0.002475366219396447,0.0014419029420545174,0.000957717283735392,0.0014506741639370142,-0.0013481821329238218,-0.005566112654945189,-0.0014089248606616567
2013-06-04,-5.49581223303966e-05,0.0016975407754684937,0.0009070326537051733,0.002035436008679859,0.0023750440590853228,-0.0020513700507929695,-0.00570670568873994,-0.0014980126445328515
2013-06-05,-0.00035503494403032294,0.001703239590980705,0.0010294590621295976,0.0022169528117626978,0.0017117379783735073,-0.0013181655567788358,-0.005194641001973599,-0.00045632419805682206
2013-06-06,0.00024429070795591577,0.0017047210977586115,0.001438701546523132,0.0018697109147205384,0.001286572692754639,-0.0010487176922941825,-0.004849254174194289,-0.0007224054359412859
2013-06-07,-4.915748112887673e-05,0.0021846998902683725,0.0010483925194805465,0.002937867201097342,0.001262099955919365,-0.0008380933964276943,-0.0048215295935161405,-0.0007857041877913479
2013-06-10,-0.000826944486585521,0.002927974293447066,0.00013137715852087504,0.002508321088354958,0.001037239284421503,-0.0007809472160366596,-0.005323007362119029,-0.0002704458905954045
2013-06-11,-0.0013721578835337576,0.0032902322317095245,0.00041245684202410285,0.0017808770744725067,0.0018783713745401502,-0.002138623142264291,-0.006514098027967265,-0.0004822931843412393
2013-06-12,-0.0010960436940678658,0.002730442923109736,0.00045347501122235427,0.0021049246493661535,0.0017452863525819636,-0.002570001637680509,-0.005895451429476034,-0.00015628788116760868
2013-06-13,-0.0017548978638782685,0.0034124119456186474,-0.00021750242646921547,0.0020410008997069212,0.0021878584277564917,-0.0022809950451552295,-0.007334167231288883,0.0003193006904618958
2013-06-14,-0.0021127057216762464,0.00346366300402235,0.0006043140225447693,0.00108198575113132,0.002332239315944188,-0.0018982710694331827,-0.007814102823292687,5.395161622767566e-05
2013-06-17,-0.0024051940700913097,0.003357095033923997,0.0012986983347499411,0.0011889774591655085,0.0023534140513025215,-0.0020445862060875257,-0.008976458507292766,-7.107933789355855e-06
2013-06-18,-0.0024555990320727864,0.0034249521407859083,0.0008620902023436657,0.002108032507301556,0.002482670541637416,-0.0016690347258770362,-0.00870560816268437,0.0001463854330940582
2013-06-19,-0.002313778410756824,0.002433539883163885,0.0009112688933987185,0.0017686322431451403,0.0023387141955065493,-0.001223953288942376,-0.00746094110021627,0.0004913500522289371
2013-06-20,-0.0028306222479461815,0.002582052203564902,0.0015001213626979538,0.002406888105683776,0.00222984411609682,-0.0019848739652615277,-0.00709637856165963,0.000529115431660124
2013-06-21,-0.0027029448675197237,0.0024767128668466004,0.0010768196992505608,0.0015381324050723058,0.0013969926164301124,-0.0028271052842049264,-0.005805356530549763,0.0011545561449422476
2013-06-24,-0.003099207383673262,0.00307675983966473,0.0010855567651803025,0.002435238392117385,0.001095255045068401,-0.0032235127827859415,-0.007604639385678033,0.001223372021616733
2013-06-25,-0.003173075038991533,0.0027960850274511874,0.0016475958750148748,0.0022161111753070365,0.0014112321237135343,-0.003637715812691303,-0.0076464702089993715,0.0009128666571289637
2013-06-26,-0.0032278189469470663,0.0038605095447105157,0.0005326628573455406,0.0024022738167469126,0.0018541689012841066,-0.004252125057786032,-0.007628111629253807,0.0007513251897067279
2013-06-27,-0.002993508266612107,0.004811304652011287,-0.0002072202280658953,0.0015818190246245506,0.000665652473423818,-0.004635468862127722,-0.006324123538155186,0.0010630873737168265
2013-06-28,-0.002395182884657339,0.004026182199523535,-0.0009604488740239262,0.00183273542218384,-0.0010532990709855162,-0.003254262103268055,-0.00455418447610398,0.0018847944553757549
2013-07-01,-0.0022980739372631554,0.001096569596221902,-0.0007095325146814342,0.0014673125224585872,-0.0008047150377213369,-0.0026626580688996417,-0.0017944110518508618,0.0024933659005471546
2013-07-02,-0.0024653849765115055,9.408160424523413e-05,-0.0007442404024868198,0.0018207403415145505,-0.0006542355003210423,-0.003460540950507065,-0.0030296772357645226,0.0027588888560241415
2013-07-03,-0.0024882154216462156,0.000730321281652795,-0.0003320217603478741,0.0017623318183948135,-0.00013288549363076182,-0.0041383076460461046,-0.004432069416894715,0.002070567353528902
2013-07-04,-0.0029519970032427546,0.0018605416446327468,-0.0005767339145544519,0.0014600480123052781,0.0009637631720662773,-0.004925835564955623,-0.005094224895232894,0.001196490760019554
2013-07-05,-0.0034225590276917173,0.0015493930312761046,-0.0007953987197559824,0.001880395740988383,0.0011349115010994338,-0.004792965495520667,-0.005424148681542797,0.0019746818103539023
2013-07-08,-0.003276726705985962,0.0010575357483646273,-0.0006961642666208927,0.0019266692403444728,0.0017423991656213699,-0.004750760270750423,-0.005593004828128266,0.0016833014739324273
2013-07-09,-0.00245556284124732,0.0005075816813517461,-0.0007249218757240303,0.0028560951631868047,0.0012626216490974917,-0.0046112945913375026,-0.004371973568462073,0.0014924677782429943
2013-07-10,-0.0021025393684116706,0.0007779832097423998,-0.0012187734246537913,0.0027447340260259782,0.0009010839379314797,-0.003300734519855789,-0.003536996104665383,0.0009606511892779608
2013-07-11,-0.002071801983247887,0.0011726798276981189,-0.0019060904495624038,0.001609309710034522,0.0009877893774348034,-0.0024794809025301566,-0.003463265619725325,0.0005460523694089481
2013-07-12,-0.002374770609284876,0.0039019974692148717,-0.0017349125739872498,0.001908397446672241,0.00022722814892327334,-0.003061989962122466,-0.0037137934259925827,0.0001811619296416627
2013-07-15,-0.0023218214926532294,0.0042078964269250865,-0.0020857607798803915,0.0024198435645310904,0.001004782819779922,-0.0035699013081446664,-0.0030620355273986008,-2.6227682399135224e-05
2013-07-16,-0.003908018427911652,0.004645857139262296,-0.0023163681276728012,0.002997375827438541,0.0024781034838548986,-0.0033767044697718728,-0.00518350107772547,0.0009199627121732625
2013-07-17,-0.004841086547696193,0.004407115581677497,-0.0030567432866730956,0.00256794472132715,0.0038320479759651714,-0.005092362187591811,-0.005661108938272776,0.001293474287084914
2013-07-18,-0.004482419677329173,0.004313435975457336,-0.003087558283514819,0.0027361131733700146,0.003725821470088343,-0.005703164639469111,-0.005220855994880786,0.001236502271587109
2013-07-19,-0.00475469539209813,0.005356962974266442,-0.0027930967226656948,0.0012489697875687697,0.003218411868771502,-0.004913651752519615,-0.004835060422620253,0.0017252700340573846
2013-07-22,-0.004040556741820179,0.005080275378060851,-0.0021381023651644683,0.0014301480562008539,0.003452109364035392,-0.00435545223632753,-0.004444995756748235,0.0009299892198295964
2013-07-23,-0.0037209991016740646,0.004905101751369569,-0.0022923215383269238,0.0007710920283524863,0.0042063154938367635,-0.004623464960866613,-0.002515341166014356,0.0007146539734594892
2013-07-24,-0.0051371337056758,0.006468633422520383,-0.0022928051309039745,0.0019980767884916033,0.004656582036674446,-0.004491105607357326,-0.002499479000988728,0.0008820215649728751
2013-07-25,-0.004629956225269002,0.006190150872741634,-0.0008530133560764725,0.0021858981839049103,0.0030890070627539045,-0.004147044658571748,-0.002018552671127917,0.0005048972125795779
2013-07-26,-0.005061247455528831,0.005525572413738868,-0.0003646995439325145,0.0022053630228384418,0.0042064024714375545,-0.00479074254257937,-0.0025849332183476336,0.00014052916968833253
2013-07-29,-0.005501642656794461,0.007015415142473599,4.3565136484009316e-05,0.0026680471195205005,0.00436931170421086,-0.00589544210930079,-0.0035812166130404456,-0.00029558488391840255
2013-07-30,-0.0053742084302570055,0.009165807529061602,-0.0008066612810277984,0.0026644113606678612,0.00372416422493984,-0.006628325981999132,-0.006722144952885642,-0.001915091146633044
2013-07-31,-0.006102386925821222,0.009742460783614921,-0.00026341655568312065,0.002493661000918387,0.0024491232198122236,-0.00548798169463247,-0.0071470065505134465,-0.0010565616643225123
2013-08-01,-0.005030384960212001,0.009256651020334622,-0.001185515302076856,0.0016037147098275028,0.0015630736103845627,-0.005717247854488208,-0.0074507334595942335,-0.0014488899550181818
2013-08-02,-0.004855755926269761,0.009386490766928398,-0.0007839385815006017,0.0017776812252904206,0.00037575895296192,-0.006445787793734563,-0.00905254841830027,-0.001182484673425244
2013-08-05,-0.0044281841897980114,0.010131570302096068,-0.0008735461864947671,0.0015862897435263115,0.00048413427929355616,-0.00537938072895286,-0.00894786867542582,-0.0013577598919083383
2013-08-06,-0.004925314582647337,0.010625684731415997,0.00016320638975592756,0.0019073765100339518,6.897153827971521e-05,-0.0053731271665066315,-0.009475104026013568,-0.0009356632039204441
2013-08-07,-0.004740734576715563,0.010216263440624228,-3.628532792345103e-05,0.0013471896524342992,-0.00018165551656658006,-0.0034653965492996595,-0.007205459913963773,0.0006299124735771404
2013-08-08,-0.004872202824143651,0.009413005002574755,0.000740656761198559,0.000322136062773367,-0.000300597214989963,-0.0024637407055248268,-0.00626223030439669,0.0007034408217338236
2013-08-12,-0.0060264307132100094,0.009451437453215729,0.001530417433531459,0.0013956406254099064,0.0006170279592395702,-0.0010299792951530347,-0.006646421153549208,2.476771383591288e-05
2013-08-13,-0.005117690528901186,0.007069747723330539,0.002388688670992341,0.0015270890844713949,0.0010331733912941803,-0.001246308420668499,-0.004190424206608654,-0.00015824579297647008
2013-08-14,-0.005382448258413569,0.006921724126519789,0.003454265217083755,0.0010940836024474518,0.00041519625779048454,-0.00015747711503253606,-0.004055370011795849,0.0006621171054476439
2013-08-16,-0.004478207994273517,0.007314615595356277,0.004005297553380104,0.001872919588268483,-0.0008428933166288728,-0.000661590743410038,-0.0028900798213892247,-0.00039839775713144043
2013-08-19,-0.003996665890894266,0.007971096249963571,0.0037979038669621436,0.0015727923389693465,-0.002587760127413884,0.002024331488333841,-0.0016892667909601472,-0.00045064843386569044
2013-08-20,-0.003911440183852335,0.007764075127649279,0.0032545866310772775,0.0011735109113826378,-0.0022190641152979975,0.0038958624421202093,-0.001176813091034925,-0.0003172529086194961
2013-08-21,-0.001948285477350013,0.006685491724493349,0.0025609987391745468,0.0009522470410392855,-0.002903805062199661,0.003411564645846606,-0.001331464409677764,-0.0014662117341342953
2013-08-22,-0.0033343385288050467,0.006566814220791299,0.0019400848645835704,0.0013632812780342844,-0.003100654973449523,0.006102573054047771,-0.0022125058639289007,-0.00022703919497244103
2013-08-23,-0.003155642450004388,0.006779594930764757,0.002399722848202622,0.0013794743162323085,-0.0036703260096266864,0.006243770612582199,-0.004038455846924156,-4.838162873716488e-05
2013-08-26,-0.002120221428606269,0.006035677071571174,0.002359133045663597,0.0010728634552114665,-0.004144477105330816,0.006771656497311492,-0.003444510014762624,-0.0005040912024295591
2013-08-27,-0.0032645805512333008,0.007091424652467792,0.0019946062548826977,0.0019550625643020413,-0.0028105519622952527,0.006912951947324437,-0.004286900630483782,-0.0002474449005090921
2013-08-28,-0.003334725883036832,0.00821199426215057,0.0021090803896191223,0.002172617281786529,-0.003296063929916844,0.00907287095904841,-0.004374548008851919,-0.0004199146399309463
2013-08-29,-0.003493076515619227,0.007015104583796615,0.0015618672783719,0.0016505501516683933,-0.002530397295069217,0.009661566707939119,-0.004647132925967931,-0.00012894896977815387
2013-08-30,-0.0033417639763000054,0.006330429355065364,0.0013649687328494424,0.0018907275960926206,-0.0020997235831142222,0.00837720895933916,-0.004215291965934772,0.0007448940900881831
2013-09-02,-0.002746604313632504,0.005201739511412437,0.0003244235940078116,0.001200950093278992,-0.00019867633244295886,0.008188563011623568,-0.0021712568046334726,0.0005055674348774387
2013-09-03,-0.004177913079814982,0.006191025395392404,0.0020109528986393625,0.0017513534994020542,-0.0006197271428985424,0.009581679997403659,-0.000719039965858286,0.001429891287995616
2013-09-04,-0.0038625434724447595,0.005447109443819243,0.002060544503622539,0.0020363362984024756,-0.0009580060530321945,0.011227831498620939,-0.0002677978782178025,0.001340949415337378
2013-09-05,-0.0012059987057291537,0.0024759103957995424,0.001575580636438391,0.0009678470645385521,-0.001064611017458761,0.009520833433353333,0.0011963157089693618,0.0007639506277237155
2013-09-06,7.862424914145574e-05,0.000836052219473865,-5.181636390841891e-05,2.117915263492626e-05,-0.001942624543184078,0.009075261075886151,0.0014448317309368505,0.000977920226450753
2013-09-10,-0.0010934295963798213,0.0006371055577708206,0.001410414767641316,-0.0010182064757499375,-0.0006795726086212665,0.0069983354325632435,-0.0018345840803685013,-0.0014633284366636458
2013-09-11,-0.0002756740419944336,0.00048416932026851744,0.0009203064094806456,-0.00011468157748128214,-0.0012689181595329693,0.00746064159915057,-0.0012026766716327583,-0.0013745073589641265
2013-09-12,0.00016344324534691345,0.0005545702549102595,0.00059268842420458,-4.561576722387638e-05,-0.0011375018171397887,0.005016522576009872,-0.00041199357144011835,-0.0006436482982084826
2013-09-13,-0.00032765465679510217,-8.933739198408179e-05,0.0006427297657121927,-1.6229177430980048e-05,-0.0012997732025081207,0.006111541060217093,-0.0006976370812241179,-6.318388903193712e-05
2013-09-16,0.0007893316645410157,-0.00044356325430187617,-0.0001871309180314835,-0.0006612362334088237,-0.0007293113395796197,0.004705198021664785,-0.002735109971870023,-0.0008528187807037601
2013-09-17,0.0011311968382919815,-0.0005987065355520672,-0.000797850346726298,-0.0019520979810477082,-0.000600874587910792,0.0057243731916360365,-0.0018341978441471043,-0.0011186678431751498
2013-09-18,0.002259833229116154,-0.0018976262336104924,-0.0004306450689179008,-0.0015212346916779716,-6.6316708584758e-05,0.0037192113837614506,-0.0021615918935526334,-0.0011919884395092013
2013-09-19,0.003137622783483867,-0.0031272700806525,7.844447816754158e-05,-0.0021451486580620787,-0.0004666559268094719,0.0019705416780692363,-0.0025613950776429647,-0.0017572128668795935
2013-09-20,0.0008211354923543853,-0.002716480848651754,-1.2935892467419788e-06,-0.0006895903050139198,0.0006067296016023021,0.002657908468428806,-0.004438146197376147,-0.0004681202550748378
2013-09-23,0.0005532543083483828,-0.0015364942849093871,0.0005242313717309143,-0.0005602776995434059,0.0011540501813369986,0.0012020550866868622,-0.004451370845152605,-0.001022682074012214
2013-09-24,-0.00010431326738203055,-0.0018912528500730648,0.0007996429464674206,-0.00013905025686388904,0.0013096719917853076,0.0006277223063191808,-0.003054843950393334,-0.001031808751633946
2013-09-25,0.0001326661359357423,-0.0019851806327236847,0.0009603857301890319,0.00014389184779863267,0.0009211477444803157,0.0009933317966181396,-0.003683846710582677,-0.0012530449079408076
2013-09-26,0.0010965631013858937,-0.004001935646092737,0.000450085956924552,-0.00022047978146636383,0.0007922208337314369,0.0011663427453518314,-0.0036779677129804987,-0.0019543360247469897
2013-09-27,0.0011201628714070325,-0.004750667587382313,0.0005909763325477463,-0.0003892781080877365,0.0014620610157485203,4.318497838553398e-05,-0.0033462313275539075,-0.001456919873830743
2013-09-30,0.0008800495004552427,-0.0032478301720663956,0.0007458187895941996,0.0006430518325781431,0.0016747655751072408,-0.0005601547983358256,-0.0028206965916579394,-0.001663036114727229
2013-10-01,0.00158882653026131,-0.0037640567413411126,0.0013973028939694722,5.6187964717990466e-05,0.0012749880085824936,0.0005307668948142737,-0.0012134718187328817,-0.0021819360444452146
2013-10-03,0.0023508322413610767,-0.003188792132439517,0.0020840287628206477,-0.00022256337978668632,-0.0010286804816856863,0.0005197854889074181,-0.002235909475096585,-0.002451599486606451
2013-10-04,0.0029627171570839727,-0.004261940774044722,0.0013998454882301068,-0.0008020894192133166,-0.000474914814136875,0.00033867094313267277,-0.000898749772395846,-0.0023741794911492113
2013-10-07,0.002385579239265327,-0.0038022075289072983,0.0011776683159335413,-0.0005395889961954353,0.0003268835161962984,0.0005116459449884857,3.477279188257012e-05,-0.0025193501366059376
2013-10-08,-0.0005679203314477828,-0.0014479270834531661,0.0017882730118100733,0.0007683623544887815,0.0005151261385410249,0.000630464176877153,-0.001042989605326705,-0.0021081992813334854
2013-10-09,-0.0009126194271338007,-0.0006906263107957621,0.0022703374171854523,0.0012374967142344518,0.0005380628325509554,0.001054107742871551,0.001263767101015488,-0.0022568359049684626
2013-10-10,-0.0005242042390609305,8.63768646575014e-05,0.002034621924913279,0.0024475690385851873,-0.0003005184077613497,0.0016192498105153448,0.0019039890852420316,-0.0014688410335501273
2013-10-11,-0.0003036048556525532,0.001293460002439754,0.0023707703967136198,0.0009468334133380326,-0.000644618621141448,-0.0010063765219719286,0.0013480959797629343,-0.001726547082717913
2013-10-14,0.00023180187529402456,0.0022667763674874605,0.0026906937823240494,7.129612519361523e-05,-0.0019434655538334556,-0.0007360381282187755,0.0003586437245766804,-0.0017538806054102644
2013-10-15,-0.0009354986631864837,0.0033219841840229853,0.0022413788023249804,2.5552279833942993e-05,-0.0012483497146331892,-0.0005123377282415166,-0.0015390896450751795,-0.0019330238947779185
2013-10-17,-0.0017916104307059819,0.0027795669328252205,0.0017099082139361114,0.001215054990628064,-0.0007223958613310511,0.0003314475411561376,-0.0007069099245069335,-0.0011444021757510588
2013-10-18,-0.0005754429160348693,0.0014507862949014517,0.0009945965461411743,0.0007822510243633216,-0.0010995146223237203,0.0004535689061956143,-2.5762629338741197e-07,-0.0008717788472230111
2013-10-21,-0.0008364404458516758,0.001492805177941447,0.0015287003816106298,0.0006993834511036588,-0.002161747479723633,0.001603127478964557,0.0007450864125152301,-0.0008481610384406134
2013-10-22,-0.0021474387505225957,0.003557889353619617,0.001744918243733453,0.0018978552911919316,-0.00204978244519288,0.0017039582634551164,-0.0005543772020405438,-0.00042397523097155703
2013-10-23,-0.00044287672659732466,0.002615316425412623,0.0014747895333584754,0.0007671104827379662,-0.002111000916684692,0.001557825504862106,0.0018871217530644767,-0.0011459246383621316
2013-10-24,0.0009468701532665308,0.0005439498291634121,0.0015247525177345513,0.0001408815482108151,-0.002219308821634979,0.0002904320617987781,0.00263337183016942,-0.0013879997388640901
2013-10-25,0.0012604204841514671,0.0016127387644705466,0.0006206039162349702,-0.000257589439573939,-0.0024841322867172498,0.0003760071373698831,0.0017905753179639793,-0.0013558242732892465
2013-10-28,0.0013514715783255135,0.0015365408683067994,0.0007741379143118329,-0.0011744648310215967,-0.0030518892949741817,-0.0007149900798026651,0.0009539481553144183,-0.0007198885954174566
2013-10-29,0.002442297852063828,0.0010623884979765914,0.0010507997500796484,-0.0017339658743037727,-0.003936887492575667,-0.0007491488175412875,0.0017057626533206272,-0.0006448289276033631
2013-10-30,0.002786339430065559,0.0004478056644956988,0.0006172807662357524,-0.0017651381074338594,-0.00411796820621422,-0.0006198627936862666,0.0018571955076292345,-0.0011881859166493957
2013-10-31,0.00393425145241828,-0.0006304982083624173,0.00020012832847736244,-0.0036006819501604934,-0.0045205708214696395,0.0002730473681840538,0.0021905658355119246,-0.0008977171843424668
2013-11-01,0.0035879033707770826,-0.000689182751406506,0.000647613829389008,-0.0033864593348377986,-0.004920470205918981,0.0012318661234236566,0.0024453521277011626,-0.0005676239294099216
2013-11-05,0.0029107619302032135,-0.0006648096726894768,0.0011294495138532519,-0.0030356201581733296,-0.004049367885733124,0.0011389553177345566,0.003294189490687509,-0.0002069219300314673
2013-11-06,0.0024397089552687097,0.00029942500547981655,0.0006843902023437247,-0.0023907475482094617,-0.0041379678679934456,0.00047433507201644076,0.00188178105797111,-0.00017294453091480557
2013-11-07,0.0021721748802666007,0.0004931513729272787,0.0004350487617412091,-0.002663253283611108,-0.00414195095965441,0.0005740492278943493,0.0009544219634852564,-0.00036931491064657847
2013-11-08,0.0018164283011397329,0.0011829511277883307,0.0006773126257201636,-0.0021457885550702094,-0.00431190755957156,0.0016233970458098444,0.001621358166958033,-0.00043583088573009984
2013-11-11,0.00135015534553347,0.0016029237010333412,0.0010235492634269381,-0.0017582469024989746,-0.003949315413866172,0.0017993157982776156,-0.0009024701632587798,-0.0006302273089732343
2013-11-12,0.0013649956463733827,0.0017117085537737085,-3.220301290891087e-06,-0.001275053459170921,-0.0030272537466868965,0.0012558986803172401,-0.0011722175628678657,-0.0006317541109862703
2013-11-13,0.0003950511589908035,0.0007809583907377001,0.00016149060886928553,6.547831191328177e-05,-0.0023077854987221223,0.002844416728715417,-0.0023088805974700783,-7.539601463617284e-05
2013-11-14,0.0010898177583726241,-0.0006188308491270676,0.0010148223133559981,-0.0005136579953608395,-0.002240425529013838,0.003458252385973487,-0.0014289037944976318,-0.0001945583948844905
2013-11-18,0.0025569314940957345,-0.0015222893001171924,0.0005897185651195872,-0.0012241806259569235,-0.0021130614717495603,0.0023337688874085875,-0.0006086164358212689,-0.00020784904134987423
2013-11-19,0.0025440392200012903,-0.0001222309953325543,0.0008653010009609158,-0.001540220186987697,-0.0032712340920000105,0.001969275313375562,0.00018989564073179839,-0.001067610276996623
2013-11-20,0.001488926185675971,0.0006289880007119519,0.0013267246057441645,-0.0009530514054972253,-0.0029469765339588394,0.0021905734075039407,0.0003360970638465286,-0.0008375318566358693
2013-11-21,0.0012055036379841923,0.0011324434975042116,0.0016933339561134206,-0.0006326938411537965,-0.0020817944329540577,0.0016142848877113754,-0.0011756927954604682,-0.0009458803944581715
2013-11-22,0.0010350587075105358,0.0009211779237944519,0.0013540641480781876,-0.000643878622245372,-0.0022254387494252143,0.0013911765833640405,-0.0012253480287016906,-0.0006797092470098667
2013-11-25,0.0013672237873702598,0.00024068126640464907,0.0015651485447318334,-0.0010788649171556473,-0.0024830445076764736,0.0009121780235672035,-0.0005366336071173001,-0.0006543241838005277
2013-11-26,0.0008501934002907002,0.0012386464191520832,0.001803856446557809,-0.000917360211417615,-0.0027237510034077914,0.0011099685907143347,-0.00011936045350497836,-0.0005475177537434247
2013-11-27,0.000697534052414266,8.635117368096883e-05,0.002665721992175475,-0.0007855350363891594,-0.002055980348959108,0.0017859078887845473,0.0006011912856441833,-0.0007242930698552667
2013-11-28,0.0006589290626099672,-0.00011707100833307474,0.0022996338944147564,-0.0007684116474196346,-0.0013355186567168926,0.002412632755283347,0.0016942619450423344,-0.0009468631103816899
2013-11-29,-2.878103756730828e-05,0.0003368839421344271,0.0015268708364910785,-0.0006588733167090359,-0.0006533336865165206,0.0024407656074539185,0.0013941249508173338,-0.0006778778058450247
2013-12-02,0.00040646435613544073,0.00036002195269721536,0.0016699050923344853,-0.0003948710164658981,-0.0012692382906527623,0.0029168157886140978,0.0014275820894078745,-0.0009137040617965917
2013-12-03,-0.00035810772807507785,0.000821903959386896,0.0018658395417715163,0.0006274368438117222,-0.0012745242504633015,0.0027027435182905963,0.0021587871134023536,-0.0010418185584882985
2013-12-04,-0.000855543814357202,0.0015323259993677688,0.0011276543612596826,0.0007258848903679076,-0.0009611997729343511,0.0026376515700786557,-0.00010982823949585996,-0.0004824848488609967
2013-12-05,0.0007751850938295551,0.0006909399558232408,7.23388241550454e-05,-0.00035441603258110847,-0.001530582566066741,0.0018508796326887397,-0.0008116121688203984,-0.0009486390511084788
2013-12-06,0.0014283962830440007,-0.0004238265563449064,0.00017358691788737748,-0.0010548441725220304,-0.0016065168198448369,0.0023174128903810476,-0.00020565894525109878,-0.0007843333015597257
2013-12-09,0.0028266127576884593,-0.0017648029468237414,0.00032413738903147886,-0.0019619198769471238,-0.0022886451684041597,0.00130898822117662,0.0014194086809774004,-0.00038448497797303896
2013-12-10,0.0024287129909111435,-0.0009960034144476564,0.0004418363518975362,-0.002009889882451434,-0.0017828309012032826,0.0013310466334404683,-1.363527965238709e-05,-0.0008425516995003325
2013-12-11,0.0025754918469177938,-0.0014157478191068348,0.00016906011873462712,-0.002607632351804206,-0.0011499883727222916,0.0012921722776675995,0.0008675695892312121,-0.000697577096917376
2013-12-12,0.0028125304369828966,-0.0014328317967606534,-4.34706052046931e-05,-0.0030136926002060772,-0.0017389749828523734,0.0015503743275986088,0.0012990708362715824,-0.0005312609640723772
2013-12-13,0.0022711560885033608,-0.0008744475184954958,2.5993357984265475e-05,-0.0029576089403810174,-0.001172278648432358,0.0014902764489246995,0.0012675651662618654,-0.00046219986167398883
2013-12-16,0.0016434939840469008,0.0005469476045379695,-0.0010194602338957316,-0.0017210528125159107,-0.0010411522924815308,0.0015123125816425343,0.0006625501309096881,-0.0007792268119801985
2013-12-17,0.0006686092453614359,0.0011279025722167903,-0.00046740725789334864,-9.316488867506471e-05,-0.0008797706312605868,0.002259521123947611,0.0002609178344536669,-0.0010700883594744004
2013-12-18,0.0006125303787163936,0.0007537301236178277,-0.0003012112178544865,2.2314790489007778e-05,-0.0009596753735769024,0.001970440347695971,0.0006532878059654345,-0.0005643455976685223
2013-12-19,0.00018045319631724118,0.0018206410119311184,-2.3719080572543166e-06,0.0009119645132504733,-0.0009261699945796581,0.001774577907258755,0.00026046425061661504,-0.0008635424348165811
2013-12-20,0.00039924622883002504,0.0016283472106661508,-0.0004190893366787644,0.00018047134812094892,-0.0014459037541606139,0.0010356117439212966,0.000950580960281164,-0.0001734938681991166
2013-12-23,0.0007864569792603027,0.0009037270822373072,0.00015418115993783617,-4.775984320321697e-06,-0.0011054565612919683,0.00179188665641413,0.002791994110727577,-0.00041209124785340345
2013-12-24,-0.0001264837664387722,0.0020084203788493914,0.00024059871339999908,0.0007551702065839391,-0.0010398161801011081,0.0019272077612849851,0.0026811789980689177,-0.00015736837339160948
2013-12-26,0.0003385172316767691,0.0018224456999986823,-0.0006926011541777198,0.00040817392957448267,-0.000993067288315454,0.002073627091755707,0.002506987137585152,-9.242814576528686e-05
2013-12-27,0.00041102523596439925,0.0025941989165178367,-0.001474268640317206,0.0006774451194066283,-0.0012890750124097117,0.0018907127425526623,0.0027098066138293857,-0.00042842653037917047
2013-12-30,0.00047333033083025956,0.0023904981630997603,-0.0015064108996217713,0.0007248577737797948,-0.000815724780222326,0.002153487478928138,0.0018008445815891165,-0.0003476176167340741
2013-12-31,1.3139058674942628e-06,0.002645938526693422,-0.0009593907320647509,0.0008235203983320393,-0.0009198085086765251,0.0017955843874302867,0.0017715701452000376,3.834666216864964e-06
2014-01-01,-0.00022988705268046163,0.002511372304264155,-0.000819612647510636,0.00038196969942798874,-0.0005519402405744592,0.0016870982242893954,0.002979363994268046,0.0002514774700820027
2014-01-02,-0.0002674595873004949,0.003022684845691519,-0.00045289482417011173,0.0007793477255364712,-0.0006217975423878158,0.001292498506508503,0.0015536093696231386,-0.00010373025093717311
2014-01-03,-0.00028026777906717227,0.0037059813505803773,-0.000707092948342649,0.0010115521036238864,-2.983923789004559e-05,0.0003540113432112517,0.003113907190461004,-0.0008458737637065108
2014-01-06,-0.002203329335103759,0.004538851561476725,5.7887453536146095e-06,0.0026164848813502563,0.0013733604799707425,0.0006960608315946918,0.002834447026907051,-0.0008332730191413002
2014-01-07,-0.0021124303362134887,0.004357146959971638,0.0001690597922746924,0.0029494113679541098,0.0015943765815609437,-7.435860227265163e-05,0.002245664099970987,-0.0015649648154380347
2014-01-08,-0.0027343256071813353,0.004825224183814356,0.0005388461642809451,0.0040833210463401505,0.002196282321103388,0.00050195120524266,0.001332175744211424,-0.0015405081093555011
2014-01-09,-0.002392891390005098,0.003964361707578933,9.59439152376537e-05,0.00409378307539414,0.0013136081310247587,0.0005130865157207168,0.0005118556128205701,-0.0005602378457400738
2014-01-10,-0.003088891283052202,0.004863402687401035,-0.00012599593056972745,0.0041203012263239585,0.0014374181075154193,-7.239717796626616e-05,-0.00017217508513670638,-0.00041630771164192083
2014-01-13,-0.0028529246818565545,0.0052167614397208625,8.690335955484569e-07,0.0029303017373891573,0.000509800799622651,-0.0007537964904393027,-0.0008844801286824076,-0.0003698134846064639
2014-01-14,-0.0023477992126046646,0.0046631225054181704,-0.000528757309264163,0.0032568922621956393,0.0003437443221348339,-0.0015211302046430277,-0.0009517228179648889,-0.00023373229032055666
2014-01-15,-0.002316783872759775,0.0034815604261925273,-0.00045077192498400506,0.0023365575085854645,0.00039075045315742915,-0.0017261814158705036,-0.0009794397083273743,-0.00019232900129114968
2014-01-16,-0.0018708251053432966,0.00361931155214029,-0.0008265751995217999,0.0009612657700130273,-0.0004387488795067288,-0.0009969676384721927,-0.0005616943770909466,1.7096369097626676e-05
2014-01-17,-0.0022496299658147146,0.0032434398737778863,-0.0006232352986853028,0.0015165042898314725,0.0003651991106463462,-0.0005953730070818231,-0.0023586746626979914,3.193631671569722e-05
2014-01-20,-0.0013932247570658262,0.002986626732638137,-0.0008381952958580869,0.0002799106772574207,0.0003770091162018938,-0.0012989624796700705,-0.0023943344074315335,-0.0004126592840906189
2014-01-21,-0.0008115877817284815,0.0026550854892525033,-0.0005851364737081083,0.0004787345843547066,0.0006515235119177142,-0.0005000855771418568,-0.002702285719671162,-0.0016087279235731213
2014-01-22,-0.0011325104902781989,0.003143543062473774,-0.0006116747080083626,0.0011285988909473968,0.00032755697378982645,-0.0009033313470446274,-0.0040358852055551505,-0.0014781500747254716
2014-01-23,-0.0011397786557939774,0.002815693367094458,-0.001265536787234413,0.0011328995949316288,0.0002642741650198472,-0.0008327264722760435,-0.00433117673234178,-0.0017744713081572867
2014-01-24,-0.0016253151861964493,0.002936418757489694,-0.001213713567951696,0.0013936034780816112,0.00018481507579299825,-0.0012310784282303935,-0.005041452094330725,-0.0011694241090760016
2014-01-27,-0.0026205696308143887,0.003116032574207346,-0.001506947988926562,0.001866817690118467,0.0009414313474163591,-0.0021193556736917476,-0.007670279290844325,-0.0008599254471832736
2014-01-28,-0.0025168571089665115,0.002930993286169891,-0.0012228229312059792,0.0015444754531683089,0.0009266618230796818,-0.0016494518908146101,-0.006346200544575372,-0.0009937940431307083
2014-01-29,-0.002728959286620594,0.00326732634508679,-0.0011274139017440575,0.0019127158064700359,0.0010740469893172893,-0.0020437759799565216,-0.006637867191724599,-0.0012882519570049657
2014-01-30,-0.003683283403362339,0.003820668079137974,-0.0007344664111933522,0.0018724061538347733,0.0009635584649578815,-0.0030844102400847916,-0.008797064191455133,-0.0012100077789811497
2014-01-31,-0.0031877161494600413,0.0033666480924184616,-0.0012432963089634257,0.0014914057687805953,0.0014201048762231268,-0.0024773053559802266,-0.007222364994757438,-0.0008043335313708089
2014-02-03,-0.0032021009722956193,0.0022144456917241504,-0.001029909468870623,0.0024025776053404556,0.0014662786658573826,-0.002733029166731531,-0.00808443363908078,-3.1859054378479334e-05
2014-02-04,-0.0023599924693458825,0.0013446160238846825,-0.0010114014914310424,0.0017341537350876186,0.001582627166965683,-0.003275919274470658,-0.007538579350466115,0.00013845586675167477
2014-02-05,-0.002513744534647403,0.002061839239919372,-0.0006556077631001149,0.0012589121820832472,0.0007466818281591755,-0.0019687367879374132,-0.006278070494480079,0.0005158878411242046
2014-02-06,-0.002724515474257776,0.0018935308335773604,-0.0006727656063429113,0.0006701010733241658,0.0013290569089252715,-0.0017712003927114186,-0.00685458988990508,0.0003410376484377325
2014-02-07,-0.002354614724639869,0.001178167859215433,-0.0003548038614574633,0.0008801832794121437,0.0011231863337995533,-0.001292333017060993,-0.00542939266586994,-0.00017827539458955047
2014-02-10,-0.0017610336151463743,0.0001169628512972345,0.00045381505594503093,0.001233398728701787,0.0005187417239350208,-0.0008043709386750245,-0.0039324192018900285,3.126079643360198e-05
2014-02-11,-0.001855412797827395,-6.383371172864446e-05,0.0012139254495036912,0.0020292123670696497,0.0010953106953884408,9.444092453257278e-05,-0.003985119404002809,-0.0005857954321006542
2014-02-12,-0.0014644874262095364,-2.0485937481125056e-05,0.001124557698904199,0.0011786422805404372,0.00042747088467604574,-0.0001695413233131996,-0.0039027006508827876,-0.00044257666481603954
2014-02-13,-0.0019642018636961793,0.0008135610766134129,0.0018480135418496683,0.0015464930715088016,0.0007481999917793314,-0.0003988628966827166,-0.0029803685906806317,-0.0001860387902824583
2014-02-14,-0.0018932738426131264,0.0007859544586185923,0.002070053440032391,0.001525563018473312,0.0010417851552938283,-0.0013164714062680483,-0.003584761144367296,7.984371420410993e-05
2014-02-17,-0.0009727178059310395,0.0015691456738665655,0.002000436843749635,0.0013898368725477736,0.0006427618440426278,-0.0017514654546990382,-0.0033293750784571608,-0.0003826915314237406
2014-02-18,-0.0005528730943760872,7.573367821376805e-05,0.001680609541657268,0.0012622564797276266,-0.00039078737306563467,-0.0016081746593718913,-0.0035555131243148567,-0.00030503717959646723
2014-02-19,-0.0012270524875549137,0.0009346884466354115,0.0011100517708647198,0.0019334236638393492,-0.0004364009064037773,-0.002511406721798527,-0.003726795613306512,-0.00014281278168296703
2014-02-20,-0.0015342650389692349,0.0012274362568395908,0.0014347696064411298,0.001933901509942636,-0.0002074030527793526,-0.0028718643407954635,-0.0034978823392471836,-0.0002329355269051459
2014-02-21,-0.0013740412225189311,0.0015184760488472107,0.001717446991454423,0.0013398903779673458,-0.00012794002495882233,-0.002648022213228605,-0.003912221550364682,-7.018739788269336e-05
2014-02-24,-0.000697165169920655,0.0008878968204644965,0.0019411300434454288,0.0017771903110230262,-0.00011134203864903499,-0.0030017521084191373,-0.0032338881018742164,-0.0010304685545486616
2014-02-25,7.176949126609731e-05,0.000566854563145553,0.002702952798651324,0.0010699428262157668,-0.0008880822464818216,-0.003106107087566245,-0.0005879630300622993,-0.001167009544867368
2014-02-26,0.00013224113632978932,0.0008580299205212845,0.0026686636242692833,0.0016695550840996735,-0.0009572954916110463,-0.005141992432999105,-0.0017704604322859464,-0.0014458089153764533
2014-02-28,0.0002648546913100319,0.0008760448002239879,0.0029466165774027497,0.002134135907852359,-0.001370925634841737,-0.004376207917172855,-0.0017723224537336945,-0.0018327695765157745
2014-03-03,0.0011392344454212151,0.0004218301135807943,0.002358000473803008,0.0015042713828208227,-0.0009356235217724295,-0.003116413159766595,-0.00045800083300308683,-0.0012863132693544214
2014-03-04,0.0015087751462937022,-0.0004728506568706938,0.002300930857630463,0.0006910542484560762,-0.0012970464980738526,-0.002685539157978083,-0.0013415965596633777,-0.0014364402185657284
2014-03-05,0.0019555305783795396,-0.00040811454908198236,0.002285950766127733,-0.000855833897409344,-0.0015966633055476886,-0.0018049943209724874,-0.00023626377784740976,-0.0019001249079137095
2014-03-06,0.0017520042575389881,8.67607194522408e-06,0.001869685602325498,-0.0012095782568833288,-0.0024159703483853994,-0.0010095378534244123,0.0008677354552765479,-0.0015632239457185205
2014-03-07,0.0033029658840826965,-0.002208285199914905,0.0007636034308470888,-0.002874032108307388,-0.0023915492330221872,-0.0018193309682130732,0.0018956866034270745,-0.0008549320721578648
2014-03-10,0.004345323355483639,-0.003242264929494096,0.0006111488227224233,-0.003723901633218941,-0.0032640401982622852,-0.0027032660162708763,0.004017553827345317,-0.0004277283947361557
2014-03-11,0.004216088870567047,-0.0025185327362074266,0.00041672540704898193,-0.00453431553013391,-0.0027770601560004413,-0.005132207677391204,0.0050519516327595364,-0.00032501841233324117
2014-03-12,0.004256810150060119,-0.0022508175898867475,-0.00021347777138897277,-0.0043968724940124295,-0.0021961410828902376,-0.005066961797070652,0.004336097816103534,-0.0009346657406467235
2014-03-13,0.004819364988371506,-0.004495669781157631,-0.00020359961080177683,-0.004520817806501424,-0.0017373875018461878,-0.005262930032647517,0.0031697121826407292,0.000240362623197027
2014-03-14,0.004090175262911849,-0.004673858210163046,0.00021153577371040662,-0.0038547656209985373,-0.0010761477152331006,-0.00432205269294756,0.003971698312738097,-6.289739966275788e-06
2014-03-18,0.004569071598922654,-0.0057062950632474395,-0.0005676312670305269,-0.0037103354616832536,-0.00038028107392487284,-0.003854513397309299,0.002654930970086014,0.0005335172827709784
2014-03-19,0.004850844506339559,-0.007095373902081013,-0.0005718526109264248,-0.0031015525505144414,0.00017733642290468626,-0.002945651220002291,0.002768805367494621,-5.329327375431549e-05
2014-03-20,0.003914838889598503,-0.006056897639976911,-0.0010198334325974973,-0.0030153015833990966,0.0003416924559688345,-0.002863996720767348,0.00235694208028934,8.809354473409163e-05
2014-03-21,0.0036203525990540497,-0.00530685912050801,-0.00041241999131069436,-0.0028264636230970583,0.0013458478483610497,-0.0019233027605263775,0.0035197843000331474,-0.00011773264824534299
2014-03-24,0.004234614217958038,-0.00650320725865938,-0.0002399704536950771,-0.0038249007500539417,0.0011529402201414158,-0.0015186157588431884,0.0030998734542061613,0.0006336245786671994
2014-03-25,0.004693721406393363,-0.007061974247478033,-0.00038068303166372995,-0.004421312412831661,0.0014263506580732238,-0.0013274655739775737,0.0033116927381204096,8.62159591291092e-06
2014-03-26,0.004795889443444692,-0.007661601351690082,0.00021505328736123657,-0.005015230809785018,0.000874864281355229,-0.00012706157617918502,0.0037624786895069143,0.0004965682090974123
2014-03-27,0.004491355924637291,-0.007587503204721468,0.00011783914072529666,-0.006125656596608072,0.0008463177293903464,0.00020538776092499057,0.00427903412260619,0.0012368343969051056
2014-03-28,0.004849064281495194,-0.00801531574200914,-0.0002874562703553724,-0.005914719569876565,0.00044135974581004924,0.0015313838428353114,0.004574713891590556,0.0017689210178320736
2014-03-31,0.004756202913866827,-0.00783895659540629,3.5252670886673845e-05,-0.006183510385039533,-0.00010743982639964574,0.004313030232620023,0.006338692578673118,0.0018727794168273723
2014-04-01,0.0041976788345573016,-0.007586202377600482,-0.0003339671621879134,-0.006932025005744148,0.0001706438935684335,0.004174631619235331,0.006063865453635723,0.0027731266594790437
2014-04-02,0.004530756132290948,-0.007429656414847998,0.00010695517549828793,-0.00607017040967649,-0.001194392480389449,0.0033440412300005068,0.006594767345364632,0.0027274312686124363
2014-04-03,0.0034353467839841113,-0.006712678704146806,0.0004306456741124164,-0.00464229101611586,-0.0006883777327305321,0.002664585215315369,0.006644645820278737,0.0023491496385404658
2014-04-04,0.003182961967458439,-0.006791836554289632,0.000513769852802931,-0.004007752206112384,-0.0005286688875040533,0.0029897875879358444,0.0075803972891873555,0.0025906752338489057
2014-04-07,0.002784228526321943,-0.006410914035193658,0.0007722571597346458,-0.0034617627685517,-0.00010793836735301099,0.002623085948412397,0.005305502186569586,0.0020650744202849475
2014-04-09,0.0021141136235593464,-0.005762024604709936,0.0013781526972197397,-0.0011413971620151914,0.0001362233787203539,0.0031077778246966737,0.00397127793579612,0.001291617864566225
2014-04-10,0.0013475433152182607,-0.005013941096688393,0.0014866519864738155,-0.0010843685922346522,0.00019863821300083735,0.0038081382388901307,0.0035268579748695215,0.0014180942619195448
2014-04-11,0.0011564208943678513,-0.004466310298002022,0.001201110001607097,-0.00020253241305841804,0.00013322239210949928,0.005234915462155287,0.0024531074488467162,0.001032981295124293
2014-04-15,0.0005976418023738248,-0.0034523457313131215,0.0013135368259887112,-0.0008608196722983926,-3.947869311419659e-05,0.004328345136018659,0.0013266453216843584,0.001465649732199154
2014-04-16,0.00030803319225858566,-0.002281363506001653,0.001002915795175797,-0.00017434142882645433,0.00038388475492790613,0.004914269530681257,0.0014167346068644224,0.0007450033657904977
2014-04-17,0.0008313396716763972,-0.002220435319428665,0.0010140619072858434,-0.0009159724560377492,0.0002316189343464373,0.004879329352729302,0.001534635884687885,0.0007367102768740127
2014-04-21,0.0010555050874845257,-0.0023239272744381982,0.0015510868210058177,-0.0012504361272686186,-0.001000343039434236,0.0054669415798672795,0.0015031732074022768,0.00012018480389050469
2014-04-22,0.0009495955299934221,-0.0014589678115385337,0.001433931608282822,-0.0012703863346851057,-0.0016613663162903297,0.004247153095439694,0.001723167833299424,0.0008726302643332694
2014-04-23,0.0016308974325583581,-0.0027698253412695023,0.001475623866379179,-0.00163246437372134,-0.0018363162392498994,0.004490792812152309,0.00182625640882997,0.00038775329303287554
2014-04-25,0.0014952189034202622,-0.0025665545783635107,0.0013928864386415474,-0.0008567870423902835,-0.0026358434321205044,0.0040169320903106105,0.0015181167119044368,0.000661548148791373
2014-04-28,0.001248000778780407,-0.0017991196647410895,0.0011388974326361281,0.0007266598244549654,-0.0022611041331132213,0.004124382601840931,0.0023697606243981415,0.00016299745235013154
2014-04-29,0.0008313562372978039,-0.0011499072727021943,0.0007568224205358482,0.0009989973520831829,-0.0026365331993316544,0.0030260205356328843,0.0017356177245913369,0.0007870692911057743
2014-04-30,0.000586432091082827,-0.00065433056852081,0.000737876692075137,0.0021748278874048873,-0.002047434993281714,0.0014543125929925528,-0.000680396239018225,0.0004393732323054153
2014-05-02,0.0005083729906395537,0.00014753893907849548,0.0006873110085361292,0.0032605960447395464,-0.0020782633803626627,0.0010554965675259843,-0.0008274542020996515,6.100047228845527e-05
2014-05-05,0.00044339380798988446,-0.00029121256340210145,0.000990182240519689,0.0026810408873923046,-0.0014949901321873154,0.0013100257368864282,-0.001484585922433016,0.0003382425592697399
2014-05-06,0.000751078807879092,-0.0006885251818864775,0.0005213613551730443,0.0026913806965057742,-0.0010773502711158129,-0.00039340841082089226,-0.0029467736845278578,0.0006446147329085523
2014-05-07,0.0017926027413915633,-0.002067494412352587,0.0006938007807885495,0.0029640777518792003,-0.000730323336322263,-0.0003747930972935989,-0.0025964613830068714,0.0005843606886860146
2014-05-08,0.0018494950246905006,-0.0020085102146444726,0.0006327275293126495,0.002385887821958699,-0.0002324486037908549,0.00014728219823438333,-0.003902705219155665,7.290670400767775e-05
2014-05-09,0.003438107305954223,-0.0030377339969962225,0.0002804206114005918,0.00015234290127194702,-0.0015475456856119487,4.240674873402415e-05,-0.0030522878131393994,0.0005520166386600855
2014-05-12,0.0032656123544665947,-0.0035446816923275686,0.0007088187708656824,-0.0016528379222058253,-0.0014757678075407793,-0.0005476806759647239,-0.005397797135089991,0.001024275537680963
2014-05-13,0.003076685830731464,-0.0029041889067149365,0.00026232527367394537,-0.0025827010773965134,-0.0017129603407219055,-0.0009189369510502314,-0.003874969779990066,0.0017529906602247436
2014-05-14,0.00231698522904623,-0.0017691089808012834,9.810561116481908e-05,-0.0032981702943582335,-0.0008969623844119299,0.0002492514739154297,-0.0022495171927900803,0.001547313110457224
2014-05-15,0.0022764828464426875,-0.0015397822957936044,-0.0003817874068933443,-0.0026034786445550363,-0.0005555772399373628,-0.0003052449180306167,-0.0035947960283629586,0.0016039358265165023
2014-05-16,0.004026408088681668,-0.003944946467953914,-9.24550126285362e-05,-0.00452139476274016,-0.002052538492262386,0.00033205312498832884,-0.0014505007358837658,0.0026309694784487645
2014-05-19,0.005467540091116588,-0.007894444506630075,-0.00022969598321682374,-0.0066547918485785045,-0.004749576484734891,0.003981696283023216,0.0024122022942487183,0.004636117450099944
2014-05-20,0.004693802511569958,-0.00616875579690573,-0.00029704430363416577,-0.006337318998800112,-0.0052620062441451985,0.004395543117259968,0.006063423823486381,0.003322782829249688
2014-05-21,0.004232873644684247,-0.005486072699761533,-3.4232285828965456e-05,-0.006151162158615885,-0.004832503929528863,0.004608053813755833,0.006712164954325084,0.003342986067324876
2014-05-22,0.00404158737233523,-0.005191030956687831,-0.0005096350343091922,-0.005885185912337682,-0.004079927177535159,0.004532803793058514,0.009415451412456689,0.004150601950068748
2014-05-23,0.00405244988986634,-0.0054733860021768665,-0.00010701535477161727,-0.006500241157603542,-0.004619434908017813,0.005296833343344882,0.00992061464087798,0.004477552660398448
2014-05-26,0.003446888716592225,-0.00457386451295241,0.0005141353806406681,-0.006731641591189052,-0.004603553203980673,0.005286099260259742,0.008169278043281509,0.004065585337889816
2014-05-27,0.0033371622939290723,-0.004514257333656098,2.824058443777911e-05,-0.006921924470758704,-0.003803747362779804,0.005263038458272101,0.007201849675331125,0.003996270711085591
2014-05-28,0.0032198941156809813,-0.003967626306211848,-0.00021934545068112883,-0.00785242043456669,-0.003889389113338403,0.004665825705571681,0.007278111615127841,0.0035698945902099648
2014-05-29,0.0036849644507260227,-0.005252873748536921,0.0005869480872397318,-0.007356084393912325,-0.003379355985855351,0.005870517027014738,0.007354677378954139,0.0034239012469587707
2014-05-30,0.0030342924684888927,-0.0049990446748307115,0.00038318423457787444,-0.005982472197691369,-0.0029556100331070627,0.006522328041863605,0.010842431963048436,0.0035500857455315884
2014-06-02,0.0037728397269750505,-0.006284084100035118,0.00028158992604159026,-0.007800226521506618,-0.004118565132038092,0.007275923022699531,0.01063739106107988,0.003943037532875158
2014-06-03,0.0032255155914679484,-0.006131910170903054,0.00014589241926352137,-0.007877498517540662,-0.004938927608767775,0.008580581800938618,0.01210991373327601,0.003852897926813175
2014-06-04,0.0033477889815425,-0.00630491358441138,0.0005871984243579643,-0.007881870456342628,-0.005077783078123263,0.009338101378843649,0.01297252232070004,0.003238025036432653
2014-06-05,0.0023837045495245226,-0.005342834164662011,0.00042567770699270414,-0.008635169222155074,-0.005129792972079698,0.010512604742159138,0.013080110358205544,0.003342977075328429
2014-06-06,0.002187295257779347,-0.006282414016701893,0.00024253139134814469,-0.008457784938783729,-0.004728765540128197,0.009552104012310767,0.015184656866746095,0.004678988198218267
2014-06-09,0.0006823594240765261,-0.005389713335250538,0.0008720873155995254,-0.007058295559296177,-0.004220515733963162,0.009798726115707777,0.016653772179079526,0.004028377367024086
2014-06-10,0.0001647159652190663,-0.0036411355972929185,0.0006309074465464474,-0.004795722557938031,-0.004323326908221646,0.00946664377627222,0.015829459263557284,0.0032241885767025445
2014-06-11,0.0007849120783156981,-0.0029872321425812834,0.000960280918293639,-0.00315249140526115,-0.004372204859533367,0.008637549553948482,0.013233145439330156,0.001726850342091993
2014-06-12,0.0005457963558593037,-0.0029960920776116087,0.0012138207060306528,-0.002494558330444152,-0.004735892514447991,0.007103443670659952,0.011216923163101312,0.001898908575223263
2014-06-13,0.00010420699773126211,-0.00204001701667361,0.0013026017353978151,-0.001700840181155275,-0.004431782916192294,0.00661946493686925,0.0099387966593345,0.0010448157421724404
2014-06-16,-0.0015724952670575494,0.0002507965440157393,0.0009801386254686966,-0.0001737686306445851,-0.002619028792726794,0.006043986938679327,0.00824290864828563,0.0003766673511442233
2014-06-17,-0.0018841849445963784,0.0025690783863253626,0.0009745970759140101,0.0015038091674824511,-0.001088744394967158,0.0035077328343734236,0.00534587802867236,-0.0011930459316458154
2014-06-18,-0.0014723846965969166,0.0015113491317641677,0.0009728968472139526,0.0014356298829045098,-0.0012316866576465978,0.0026708560941183664,0.0026335875567776476,-1.9618853539243516e-05
2014-06-19,-0.001487232325281144,0.0019584274851372047,0.0006049777948894499,0.0021352460413940305,-0.0013125953944680049,0.0021315194918600203,0.00127048932827372,-0.0011781337291093346
2014-06-20,-0.0016974019315887168,0.0024277446964860237,0.00047908353548363177,0.002006743244011904,-0.0015175276378349195,0.0012510167862302486,-0.0003343532805696421,-0.001871693116533415
2014-06-23,-0.0014651993973108313,0.00231808981864978,0.0007794610065622344,0.00281860887375151,-0.0025748407207498566,0.0014741173266918407,-0.0006041220939462858,-0.001970587856023968
2014-06-24,-0.0009925651865288663,0.001196347359326956,0.00021144896065817772,0.002345904921772104,-0.00258961360591573,0.0015557156555552085,0.0028936952837156794,-0.0008233445069546723
2014-06-25,-0.0011242384721253786,0.0008698742981687925,0.0009567407456793091,0.0023807732691335185,-0.002845635865588288,0.0012370989920138652,0.0037394777281689676,-0.0003516967046579044
2014-06-26,-0.001439560216246209,0.0006810743713531401,0.0019983441385793546,0.0030377043280242592,-0.002417874626371418,0.0019160868779916076,0.0024766714675883133,-0.001089093722951305
2014-06-27,-0.0018849298306927572,0.0027731119672755274,0.0009582374054463386,0.0035092866547289723,-0.002724138519734569,0.000964530518411927,0.002713151444358267,-0.0010531661550904725
2014-06-30,-0.001025777133908623,0.0023070891597658408,0.00037551935074028615,0.0023787967768921924,-0.0035218209215165473,0.0007028797779021958,0.0015358586959125001,-0.0009882399531958878
2014-07-01,-0.0016226661193753276,0.0024358080189373727,0.0019429011529703065,0.0034878601537292643,-0.0022547109168375035,0.001470348687786434,0.0021131904630886395,-0.0017213198168703312
2014-07-02,-0.0012245488083987934,0.0022712851512214473,0.0021932190687327206,0.004384686089368302,-0.0016249195315436167,-8.742912137223472e-05,0.0005780837215843525,-0.0022162491120830225
2014-07-03,-0.0016035346837111103,0.002963466603658452,0.002138992004277724,0.005021983702540255,-0.00138018893796635,-0.0010648145474797138,-0.0007378807037962554,-0.0023493210908859447
2014-07-04,-0.0008897603933312245,0.002724918505865612,0.001965394727375197,0.005456117335547055,-0.0016108076468253777,-0.002948048827026901,-0.0002820530080820446,-0.002268686139590183
2014-07-07,-0.0018034275257472463,0.004643424656304554,0.002000362777771613,0.005713866482540783,-0.0016319162632662748,-0.002243235526658771,-0.0022060448624759855,-0.0038038283171903022
2014-07-08,-0.0015802353068377019,0.00521306536559329,0.0015821223358221633,0.006507666864608654,-0.00031396925300606243,-0.003628834247378883,-0.007139278496883622,-0.004220772222335248
2014-07-09,-0.0011121678815404774,0.003775239624357189,0.0005588749961123364,0.0055309601946999425,0.00021447287463084654,-0.003196707960135701,-0.006186251919478917,-0.0033873292839456505
2014-07-10,-0.0016082422543209165,0.002249459073957182,0.00029447524229814486,0.0050266103590196065,0.0007072001054446135,-0.0016223146958161284,-0.0019666617457430656,-0.0024087763372618604
2014-07-11,-0.002041823552667916,0.003586737738176028,0.00024373308761432377,0.005825341153336605,0.0015898631359113986,-0.0027729675646926692,-0.0038796426856754804,-0.0028567494283418984
2014-07-14,-0.0014276339458398238,0.002295454986480274,0.0008660220095780079,0.005018558585617518,0.0009689082461557512,-0.0014694694970239282,-0.002074801873332818,-0.002446613132177237
2014-07-15,-0.00039592398360667344,0.001056269618206596,0.0015653706798472564,0.004039886719036106,0.00012351757443083763,-0.0012519593695570763,-0.0022547841645595324,-0.0023764466906815687
2014-07-16,-0.00028936257054425,0.000971805830509087,0.002032573945677713,0.004292076378840514,0.0004838095371742266,-0.0008938131135623918,-0.0006642789632500867,-0.002997590138091305
2014-07-17,-0.000363439523303385,0.0009540773458405423,0.001850518631422542,0.0038646888155972714,0.0004816198030601575,0.00010576681263399685,-0.0004499576352451372,-0.0028442205271149656
2014-07-18,0.000235059130637933,0.00043083504016164394,0.001516578124951218,0.003222579737241154,-4.024786346220157e-05,-3.902593673512321e-05,-0.0008376864354507975,-0.0023051512564484207
2014-07-21,0.00013444980518063573,-5.227309515533308e-05,0.0016055007136980173,0.00336872674106003,0.00022931460185533336,-0.00010294536231585365,-0.0019385716114103755,-0.0021539607810237876
2014-07-22,-0.0006172806899193846,0.000899174798353139,0.0008475122440486538,0.0029854372598283937,0.001868240420673202,-0.0008103619924131413,-0.0025007835050436743,-0.0025398480746420195
2014-07-23,-0.0008601234010095116,0.0021932385440667354,0.0007816769356473526,0.0035297836656471675,0.0018069659129054544,-0.0011926427572792168,-0.003504477508910163,-0.0030568106936766544
2014-07-24,-0.0006987596874953115,0.00225586564179663,3.791537931881737e-05,0.0029337618041111674,0.0019704195585917494,-0.0007340856863353345,-0.003960784535861188,-0.003245871634944988
2014-07-25,-0.0009987922207130451,0.001784437748018509,-0.0008211718895894324,0.003835548909727091,0.002241813124173684,-0.0015028741247888494,-0.00434523396115854,-0.0025951271082892374
2014-07-28,-0.0008045269618869626,0.0011594137216999966,-0.00039965524804054194,0.003077476288383921,0.0025583621052206445,-0.001143132911490157,-0.005716276972190977,-0.0028520533823672865
2014-07-30,-0.0004601855686335003,0.0009951043824105747,0.00015273876421229645,0.0031724132210683787,0.0026806138492374014,-0.0012632420560922347,-0.005471080411871293,-0.0030874101206708367
2014-07-31,-0.0007044491955746403,0.0018403787294112195,-0.0010994325330293026,0.003982963341080021,0.0028351157897581695,-0.0017137107677841182,-0.0053334149871173495,-0.002524864999557919
2014-08-01,-0.0003662964567341235,0.0024204324997884096,-0.0009679853885597005,0.003555124254269371,0.0029810717634593856,-0.002323961572031756,-0.0046060315567299625,-0.002965274694372457
2014-08-04,-0.0004567723631424275,0.002733388551972305,-0.0012452206123911903,0.002376732626989494,0.0028356079630509267,-0.0017758323063363326,-0.0040031590984599815,-0.002300367811714132
2014-08-05,-0.000780609948459569,0.0026403361352952876,-0.0005102513784324183,0.0022585259643454394,0.0026187591337023274,-0.0008402252629708837,-0.003455518784536798,-0.0030252728908394836
2014-08-06,-0.0004163602110748407,0.0023651196144690596,-0.0004904317284941471,0.0020101173927745547,0.002454941589751708,-0.001117756431714946,-0.0032540976598601622,-0.002467112065434157
2014-08-07,-0.00019627400246911454,0.0013495534930806979,-0.00028852266979756966,0.0015187122755665834,0.0016821162021132619,-3.222392290407752e-05,-0.0006649218039371716,-0.0013869943312839954
2014-08-08,-0.00042689586406078435,0.0020579662809923948,0.000564343066402877,0.002310005129146079,0.0016002286507782897,-0.0011092701117949289,-0.001676877740884709,-0.0020587320495813787
2014-08-11,-0.000284246426878396,0.0023062503984902193,0.0016705591470126983,0.0017651083454721071,0.0009418133912108783,-0.0016678029649064951,-0.0038944839382548642,-0.0027445695805306904
2014-08-12,0.00029033994639810997,0.0004841537468841131,0.001746756046945528,0.0005238995803711307,-0.0005950939890640716,-0.0007016653900087984,-0.001864969944154002,-0.00199539144007507
2014-08-13,-0.00042483798062792886,0.0014089315617922763,0.0012610467131304007,0.001125268354857841,0.0005581664454021988,-0.0017342073166167638,-0.004492985972123756,-0.0021721354343823287
2014-08-14,-0.0010198786632358856,0.0015624082827435401,0.0009454853995942605,0.0020656598110810193,0.0008902622599624209,-0.0014393779622465,-0.00441093699312239,-0.0018701191132709655
2014-08-18,-0.000994813527187903,0.0013360776958473164,0.001103648460090603,0.0025035383731729357,0.000564561921490695,-0.0016923672990122552,-0.005686444452180275,-0.0013309412054667831
2014-08-19,-0.000785166942833853,0.000998279299613228,0.002276131628628132,0.0025294026655125063,0.00038465553703110147,-0.0026898496099102263,-0.004703184239166122,-0.0012051221623092024
2014-08-20,-0.0010108219474222403,0.0008210933631775672,0.002234876949443788,0.00420055658563101,0.00040367666538691847,-0.0023528626735289755,-0.0037337961152500852,-0.0009371660583452769
2014-08-21,-0.0004178013394584742,0.0009886779845566037,0.0025683127151617576,0.0043351851386090705,3.812689695325525e-05,-0.0028363852386031566,-0.004322017940320104,-0.0010682596681935034
2014-08-22,0.0003114558218993846,0.0012261171547337723,0.002789534040993245,0.004348428120362523,-0.00027095926613875327,-0.0027933089369808336,-0.004475063756207964,-0.0014809361492166043
2014-08-25,-4.03323407831335e-05,0.0008704881626523327,0.0030059388843788914,0.004741653484443379,0.0003795175451935443,-0.004690742290260433,-0.005298920293329014,-0.0015578620781929303
2014-08-26,-0.00017446663200102098,0.0007754675351072374,0.003224205459025565,0.00555309625133134,0.0008167355715597502,-0.004894115738481381,-0.0054315562865044084,-0.0016521084479927403
2014-08-27,0.0003314892506178606,0.0009438550340626834,0.003814815581374015,0.003748258368140517,0.00025056610457795656,-0.004281076864372039,-0.005184329745835584,-0.0011076936254541471
2014-08-28,0.0003782082508103301,9.204943915732235e-05,0.0038207567268098105,0.003092049121798362,9.621270994467773e-06,-0.004382621611224628,-0.005256337191553398,-0.0007102074091370978
2014-09-01,0.00027364177782192496,0.00013370604410344543,0.003953852572709814,0.0023002739910417567,-0.0006892803629335857,-0.003326297280295972,-0.004440064166741617,-0.0002099580843477047
2014-09-02,0.0004378833504848391,-0.00018104286560184472,0.003593311553538968,0.0024943407817617884,-0.0008733311336611754,-0.0044143373198675655,-0.004861075723535069,-0.0003642957722442674
2014-09-03,-0.000108025385222363,0.0007232588240589908,0.0034102243871421342,0.0025325303820202018,-0.0015746444324880296,-0.0038680106346078887,-0.004300503523561521,-9.880369227759696e-05
2014-09-04,-7.92208646372282e-05,0.0001472644518239587,0.0034384970650094587,0.003468536199598322,-0.0014196351375450292,-0.0048461536492561165,-0.006104286738129518,-0.00022117499706037326
2014-09-05,5.195673675467954e-05,0.0006303528776998831,0.002650327070081828,0.0036282001815967717,-0.0012500551475754396,-0.004680787710017873,-0.00643484515364515,0.00011316370315057195
2014-09-08,0.000639796615823974,-1.1410768982967907e-05,0.0023743615339606736,0.003575661858844853,-0.0009989496340670218,-0.0041133492132808605,-0.006562584736783155,-0.00012828209436037841
2014-09-09,0.0005425020807256981,0.0001977312558773905,0.00260880648473369,0.003711960671779364,-0.00048505875443620406,-0.00407372844005329,-0.00678442266390617,-0.00040645501548397045
2014-09-10,0.0010754375779725854,-0.0003999223333546521,0.003014740192092073,0.0033772761522795386,-0.0014262218096445887,-0.00263780886573051,-0.004595398451911325,-0.0003070024082997484
2014-09-11,0.001378233984516686,-0.0001843629178875073,0.0025355198112765333,0.0029642151649034595,-0.0006989544519076917,-0.002883095020563911,-0.0048806571329169934,0.0001285096025197205
2014-09-12,0.0013671191441854318,0.00023758324276584517,0.002642035448362526,0.00315851873818908,0.00012063810563037007,-0.0028970479319555304,-0.005109450282374094,-0.0004010545149189615
2014-09-15,0.00202758700994153,-9.545911004876523e-05,0.0028963406052582453,0.003503461813403881,-0.0007314582133907922,-0.0026765853984327265,-0.0019301455699302001,-0.0004094370359094435
2014-09-16,0.00146802360236677,0.0006811404296061866,0.0026784133965968796,0.0034205656079975087,0.00012108525262389874,-0.0037588126312283667,-0.003722853635551094,-0.0014498956683734986
2014-09-17,0.0006061050217715166,0.0019397379340731873,0.0025905686182061726,0.003119463691518373,0.0007590063596856655,-0.004019107657030352,-0.003847470504474957,-0.0019759375719927887
2014-09-18,0.0006084699205957495,0.0017768822987658244,0.0020509289451840834,0.00305615991344714,0.00034309696973094613,-0.004371642745938999,-0.0029985467805693725,-0.002085367957805174
2014-09-19,0.0005531912788516436,0.0021700493366287156,0.0018046733492187307,0.00168399516127583,0.0003722943687962583,-0.004489611058909713,-0.0037740486831731434,-0.0022706870049422167
2014-09-22,7.601316652969237e-05,0.0019317773127826294,0.0019982720461873904,0.0010540143208828143,0.0011499329707053676,-0.004505550406587987,-0.003215204556305413,-0.0020783033510439327
2014-09-23,-0.00037254910874543357,0.0017746303191963002,0.0018776694374597427,0.0008378732425210267,0.0021969545625183523,-0.004894320254627101,-0.004564702885556885,-0.0022308727204079053
2014-09-24,-0.0003591217478430738,0.0013031613745650421,0.001563968168664656,0.0011414571639431928,0.0025773087530495675,-0.002844595345457378,-0.004331393274370054,-0.0017642519468904169
2014-09-25,-0.0010438877033413175,0.00220147423859927,0.0016293339773554877,0.0012008700168709165,0.0023221371574210707,-0.0042148494201067754,-0.005479810581890423,-0.002124417765184373
2014-09-26,-0.0005320636720783122,0.001519490549556321,0.001445808313105753,0.0016400895969789408,0.0015423359685814507,-0.0030550828887225216,-0.003830364515578873,-0.0019374387690013542
2014-09-29,-0.0008414483388699681,0.002773427773778947,0.0013212792605011721,0.0028510167092216407,0.0009276652041177352,-0.002946879131524655,-0.002751602073050693,-0.002081707356637749
2014-09-30,-0.0015075209324622594,0.002960428643185732,0.0010423494298954518,0.0037774926044582494,0.0020897124428490427,-0.004420882620165753,-0.004835905672675028,-0.002296800539500102
2014-10-01,-0.0016498380885902743,0.0041242584200864435,0.0014099565983743542,0.0030292083143095595,0.0016218615485827708,-0.003810991966206122,-0.005221595937487496,-0.0028867706936284575
2014-10-07,-0.00126663077536228,0.0033621857357299125,0.0014268039176611547,0.002620731193228211,0.002477292106784831,-0.0049091732049436195,-0.005968647911685615,-0.002275998344246758
2014-10-08,-0.0005799101025150682,0.0018724007599584744,0.0016017846377816764,0.0006865147987821107,0.0024487702436150477,-0.0036294063910805724,-0.003364885176464623,-0.0014828768227689376
2014-10-09,2.5159770774933104e-05,0.0009203097759552806,0.0016679643392411144,0.0004761835444454418,0.0018805958994425427,-0.0037575009272905074,-0.0034262590716184825,-0.0017551768809313567
2014-10-10,-0.0004001886891711328,0.002473024502918176,0.0010574771064613812,0.0011562919390181738,0.0011636940221780045,-0.005236792296665886,-0.0032135689888823015,-0.0014738385489031617
2014-10-13,0.00016196911670021425,0.0031493674086808254,0.0005086495210765642,0.00013559649602601495,0.00011261727372317322,-0.004860280492488582,-0.00391313386738579,-0.0015547588012972343
2014-10-14,0.00017859063206611468,0.0031159261873809855,0.0001984846707326776,0.0001027183878760825,0.0004556980554452259,-0.005029503807665379,-0.00897160660775834,-0.0013192959795497257
2014-10-16,4.235166904707939e-05,0.0029289122567346406,-0.000483608425086649,0.0011498165247645332,0.0010612616269706989,-0.005338050291577757,-0.008321037507884925,-0.00155791662695122
2014-10-17,0.0009937267193195587,0.0010219929763714665,-0.0007431532158865576,0.0011431882685548793,0.0008056455070704948,-0.005301454648660126,-0.007953401742722561,-0.0010581552078227493
2014-10-20,0.001116918422906156,0.00011028825511399129,-0.0005969508957425505,0.00044553901756033123,0.00015883226160969964,-0.004784996976306219,-0.008493483564382917,-0.000780050359067034
2014-10-21,0.0017520840808724826,-0.0004967853731839114,-0.00036783719822418753,-0.0001320095620309255,-0.0005898033310303971,-0.0036960818364110445,-0.006293450271019524,-0.00041637142216838577
2014-10-22,0.0016666035097862267,-0.0011021263269061156,0.00041740823859879705,0.0003777710001285552,-0.0009018172083247944,-0.0037163074574406247,-0.00637193496431209,-0.0005926357066400638
2014-10-27,0.0018914522951494293,-0.0007638941804142626,-0.00034430926008112005,0.0007199274185132808,-0.0007466678800252326,-0.0034854637340282937,-0.009614745693983642,-0.0007920380066165029
2014-10-28,0.0020476499583649073,-0.001558362862792323,3.992712765781231e-05,0.0009523325608940193,-0.0007796261827916679,-0.0035791496070759314,-0.009284436347058079,-0.0004963856855069565
2014-10-29,0.0016026924290237978,-0.0007973144567966759,3.5853488520669905e-05,0.0010805173274989418,-0.0013902162521358694,-0.0019220116585258764,-0.0077438131635246986,-0.0005207275298247634
2014-10-30,0.0016076961679616086,-0.0007355829129664399,-7.814179904742197e-05,0.0009362817686692086,-0.002169748935054712,-0.0017412989520814702,-0.004850808269200771,7.457779691271696e-05
2014-10-31,0.0019262114985290017,-0.0007321147024594761,-9.961613992521623e-05,0.0004105292217952668,-0.003778201374992859,-0.0015405860141264004,-0.004339332662254471,2.8889498475336787e-05
2014-11-03,0.002975264173788184,-0.0016842012710381448,-0.0006033880639728048,-0.00020213082528121014,-0.0040349481377323915,-0.00040856885396990976,-0.0014476373142942756,0.000613664775221282
2014-11-05,0.0028908494970544107,-0.0008820059791420389,-0.0006807253985179522,0.00014311389286667236,-0.0030524466079348512,-0.0029030509586524937,-0.00240970240252991,-0.0001752576465135166
2014-11-07,0.0032322747348424116,-0.0015855027035240065,-0.0009374506873173912,0.00029779056494270376,-0.0026676043992713344,-0.0030993301929894677,-0.0010680730808327007,-0.00023285728165047806
2014-11-10,0.0032440809003520667,-0.001512607297214237,-0.0009847546261499882,9.352166573597595e-06,-0.001650722260170585,-0.0026712409607948843,5.3407183990255864e-05,-0.0008892623460472217
2014-11-11,0.0036110621739643143,-0.00276716949557105,-0.0007908033990452104,0.00010246836728719207,-0.0017429211472819435,-0.0026278133968570825,0.0006509361157968274,-0.0002093210943406045
2014-11-12,0.0038926294849818237,-0.003145778034497729,-0.00041355064460712066,9.217577612230564e-05,-0.001695884528812366,-0.0024518553217175477,0.000413596435492318,-0.0011997779431181948
2014-11-13,0.0031032886449388485,-0.0009364960835819181,-0.0007812683327032108,0.0020643669806126963,-0.001751171441225963,-0.0032386648940904927,-0.0006674783944126384,-0.002427406731451068
2014-11-14,0.0027508456099169776,-0.00036973150319203783,-0.0005812084020552113,0.0013521576891383016,-0.0012685753576163637,-0.0025563023239583652,-0.00042805569856289383,-0.002178285238031641
2014-11-17,0.0029633985183026915,-0.0021045619282040575,0.0006122033609380767,0.00045940886191978393,-0.0006797748365316137,-0.0015691146575022208,-0.0007094202247882315,-0.0021718843026426377
2014-11-18,0.002620904674021388,-0.002848989394692056,0.0010874014869117102,0.0009693022891750619,-0.00020827607577503975,-0.001620172930993017,0.00012927521574340002,-0.0020360780659989595
2014-11-19,0.002205594679854251,-0.00231491710585575,0.001041599227996651,0.0009631249212291911,-1.493270925443952e-05,-0.0025446280628843767,0.004256646185442565,-0.0025006249867999372
2014-11-20,0.0021875108989240005,-0.0017620651414963673,0.0010107513987480813,0.0011583116629672215,-0.000855434884645811,-0.002453973276688678,0.0029121007413684613,-0.0022255820783526085
2014-11-21,0.001877293426841447,-0.0004614345373173518,0.0007519105471468796,0.00042058907680864264,-0.0009484298198979804,-0.0026336507016717957,0.0022997999738500812,-0.002419093743550199
2014-11-24,0.001929692314016867,0.0010405775968691917,0.00016987126600697582,-0.00011513918259514148,-0.0007374440260064768,-0.002293571035091831,0.0030474371953304103,-0.0032427852648962687
2014-11-25,0.0013400150128555681,0.0015417614623831656,6.924527164671717e-05,0.000861753967467814,-0.0016713945872713543,-0.003160125750390578,0.0007620742876085725,-0.0025796697498535214
2014-11-26,0.0014643470176860548,0.0014659335610163909,-0.000775959356931321,0.00032008917730711036,-0.0007367763605421102,-0.0026615753965637578,0.0026323949633540356,-0.0024036907960451716
2014-11-27,0.0011360093746320653,0.0020976400301909344,-0.0003402020410747126,0.00012405643653785707,-0.00039894469042252865,-0.002759643503877901,0.0042306628786107974,-0.002213418229120588
2014-11-28,0.001787677028595318,0.0016736250878152752,5.899407372778401e-05,-0.0007021631064581062,-0.0006251103256562931,-0.0028881768199894853,0.004557561008534137,-0.0024180008658137176
2014-12-01,0.0024642293828396446,0.0017854626168270805,-7.681474360851344e-05,-4.788084271328558e-05,-0.00020581745540888255,-0.004762063204597355,0.0033395912105586836,-0.0036568043651943366
2014-12-02,0.002818580303195496,0.0008297034906823465,-5.590224398162574e-06,0.000818028422049017,0.0003667323768351623,-0.0037774926581411817,0.0024915561160598412,-0.004016790524569735
2014-12-03,0.003057355615656898,0.0007038470985028776,0.0007510693526234192,0.0007120227744189269,0.0009711298122696277,-0.0038268831321202645,0.0031875566792408045,-0.003793919301512463
2014-12-04,0.0030200202589531506,0.00024781239113578937,0.0010028631223991853,0.0004981807514516457,0.002356227159404328,-0.003981356693579813,0.001424117536701187,-0.004030079342022638
2014-12-05,0.0025756464636798064,-0.0007318098253129024,0.0011547456879440695,-0.000593374513303459,0.0028168594381550805,-0.00231427132656414,0.002342877389604166,-0.0035823247378290847
2014-12-08,0.0025152309614369433,-0.0018349333840022328,0.0013334873476779979,-0.001327963901803036,0.0037694688421809333,-0.0018983647500062477,0.000638596867074503,-0.0033379695382708932
2014-12-09,0.002775466545518584,-0.0013785113473332078,0.0014412867222695954,-0.0011750197611955348,0.0024831396200735434,-0.0025653205235378505,0.0006651271078816236,-0.0031981993762928373
2014-12-10,0.0028903110524790233,-0.0013454165882519308,0.0012863201280418398,-0.0011173022404543532,0.0028668959615110574,-0.0026563824367355857,0.00030485610086731477,-0.00327844563067023
2014-12-11,0.0026810146937122177,-0.001333032896992804,0.0007084291435370712,-0.00020740942196313423,0.0027236356474827973,-0.0019589465297586484,-0.0001868860677759342,-0.003467729000195232
2014-12-12,0.0030241999694604086,-0.0018166679168031823,0.0009588471982910885,-7.058960893081671e-05,0.0029514973057612314,-0.002165744452301311,-0.0007548258013347724,-0.0037490324136563134
2014-12-15,0.003085261978739486,-0.002629799588103606,0.0008366604575747473,0.0005589269127727597,0.0026697874776494403,-0.0033071407660536906,-0.0023974476001693296,-0.003990570962371911
2014-12-16,0.0026072034276899553,-0.0009374273123142485,0.0004138724547954342,0.00034989547036762877,0.002204843395589654,-0.004073389197228395,-0.003204325357581405,-0.004303479064926025
2014-12-17,0.0027298796469255437,-0.000486759431329488,-0.0004000793272920795,-6.358994390446172e-05,0.0018134785568595562,-0.003816165653985251,-0.003532388426144806,-0.003958795635421111
2014-12-18,0.003249251855912653,-0.000987625853077819,1.7757387796208963e-06,-0.00046148235666682285,0.0014670723847783123,-0.0028268119720278873,-0.002899876014002189,-0.0035228151808519926
2014-12-19,0.003210928748503453,-0.001077039646747627,5.5274576510903374e-05,-0.001091863001537695,0.0005013325533718988,-0.001842862578156038,-0.0026413490242166507,-0.0029972335299655794
2014-12-22,0.002657740129422701,-0.0007802846255830521,0.00034295747705737035,-0.0007028953968690586,0.0007690392727897622,-0.001429756084812155,-0.0022122686103851056,-0.0028745552658720245
2014-12-23,0.002323060907641387,-0.0014828629445397818,0.0007246624357894049,0.0001961434910783071,0.0015259429451949245,-0.002473915027156798,-0.002903712395681557,-0.0022430296387635487
2014-12-24,0.0029522159289787743,-0.001960883430704058,0.0009757300589046401,-0.00040762675499834197,0.002585083075941989,-0.0019084894506961234,-0.0005787694176905517,-0.002861319058229247
2014-12-26,0.0030863216620651054,-0.0014939158638428982,0.0008193565185818271,-0.00024073543542542982,0.0015619849931225208,-0.002192011060366046,-0.0020047495049283276,-0.002782021476576431
2014-12-29,0.002728571568045848,-0.0018867773417606591,0.0010930954949408785,-0.0003118747530557076,0.0016335549804177023,-0.0012698729658571631,-0.0019223758707118158,-0.002708116453174329
2014-12-30,0.0022679720391975697,-0.0011699029595545448,0.0005782005798781577,0.0002467839215093395,0.001985541629170166,-0.0014402205768164885,-0.00201061688863308,-0.002786747532786453
2014-12-31,0.002085531322647476,-0.0015953275385553732,-9.733374337243979e-06,0.00024236569850250283,0.0013319287417435266,-0.00038693135848984336,-0.0016946821262221355,-0.0014547072269551465
2015-01-01,0.0018681604379150417,-0.0010983822716993078,0.0004481793736167191,-0.0003506879216208375,0.0007969903796347051,-0.0005671193718619944,-0.0019132202364955568,-0.0014212532787198865
2015-01-02,0.0018404237154137268,-0.0009909502281425634,-0.0004889965196822863,-0.0007766004919332207,0.0004154237082597244,-0.000799528544513227,-0.0025721659662259594,-0.0022646456538281253
2015-01-05,0.0016365391749724718,-0.0010262155984538447,0.0003768863021865256,-0.0006200854421836296,-0.0008105214441125584,-0.0007944730370335316,-0.0023672302981344612,-0.001838102590118863
2015-01-06,0.0015139883855368678,-9.162313663301034e-05,0.0004378486666322249,0.00012580951367102558,-0.0008057120056459838,-0.0011325303852518544,-0.0033652219209226184,-0.0022342291783298733
2015-01-07,0.0014033819638629378,0.000812968624837789,0.0008203136240843235,-0.00029059758466669274,-0.001610452808143011,-0.0015847511018559136,-0.0029218983731117737,-0.001698361106754363
2015-01-08,0.0016671838389916804,9.061211150002927e-05,0.0008680764372050072,-0.0009040361111072395,-0.0015449211502427808,-0.0008107225381426113,-0.0021407826281978127,-0.0019328308942737574
2015-01-09,0.0008546664623206445,0.0016255127183958835,0.00044949253290720546,-0.0003702788365500435,-0.0015470975423218867,-0.0011517728451200407,-0.0033245772053330917,-0.0016923980215569838
2015-01-12,0.0008281312123262065,0.0021841929784445478,0.0003444259910229073,-0.0008379181826662282,-0.0014796325420903958,-0.002246553885769752,-0.0028434511676720315,-0.0016032317091432475
2015-01-13,0.0006146014918265385,0.0019987537540178306,0.00021934381961574728,-0.0011724043823165004,-0.0014873198824178712,-0.0018977802911557494,-0.0026564091273083017,-0.0012581419411208995
2015-01-14,0.0002608171981354603,0.003446558559699374,0.0006182396033680974,-0.001270532276433606,-0.001278406629238119,-0.0033249165234006087,-0.002024066968112814,-0.0012593242591859284
2015-01-15,0.0011585893998621957,0.0008330981114208608,0.0004243890597776848,-0.0017889176462367784,-0.001188037893801084,-0.00289245146452108,0.0016357614801402226,-0.001302978759232601
2015-01-16,0.0007000513713492714,0.000595504674906763,0.0009210717412167528,-0.00046768881872463796,-0.00042188438349181814,-0.0034256637365666343,0.002171565951893167,-0.0015324596475512855
2015-01-19,0.0004941239938347818,0.0005273867526217608,0.0008150356924631688,0.0001451640375201859,-0.0009647669249742809,-0.003686819430020913,0.0016737281659068163,-0.0013978808462421525
2015-01-20,0.0005605897879010272,-0.00048760019963700043,0.0006862464386659861,-0.0002301004310165354,-1.909414487547825e-05,-0.0035174322030815256,0.002155929105491082,-0.0020850287410035095
2015-01-21,0.00044030374315674444,0.0002663561775613872,0.0004882717000983918,-0.00013731438163540072,-0.0013070364180242863,-0.004085611092398407,0.0018009531063121953,-0.0022788572879849905
2015-01-22,0.000483763620516373,0.00037414409093906127,0.00047928450220462984,9.206560398497803e-05,-0.0019129741747196637,-0.003378236809552187,0.001950186569810817,-0.002858118477659621
2015-01-23,8.869606776130967e-05,0.0002925291275243853,0.0007287068931103066,3.668822786554761e-05,-0.0021813652719959286,-0.0036644537702571977,0.0012609618430968147,-0.0027048106518221624
2015-01-27,0.0009165590367081122,-0.001200383069949339,0.0009851990495193252,-0.0003449627344351107,-0.001551255632469441,-0.004541769216810426,0.0010583194048452748,-0.003051029965728094
2015-01-28,0.0010870593882852404,-0.0007786698013383928,0.00024194084835604986,-0.0005151279193513283,-0.0015293916382027122,-0.006035071253014518,0.0017755012551645194,-0.0026413362150507344
2015-01-29,0.0006756788609894506,-0.0011039758759232386,0.00020371914184156084,-0.00016505149124307686,-0.0010446735025597372,-0.0058211448818179835,0.002709890019863443,-0.0018212718432809544
2015-01-30,-0.00019933120830178952,-0.0004174695295681417,0.0006633347510087385,0.00019631547704821502,-0.0005348425444785033,-0.005653225838388525,0.004377324983697845,-0.0014157868659386897
2015-02-02,-0.00011905588032192502,0.00012490707747872401,0.0007504863776502334,0.0001050061470586729,-0.0010481704976145376,-0.006379308399143399,0.004711965145671888,-0.0014765360678091323
2015-02-03,-0.001199752154976088,0.0004104194421271222,0.0010498135044547585,0.00038675695726395325,9.914639440212602e-05,-0.005528417603244819,0.0044446328506535255,-2.291741494473993e-05
2015-02-04,-0.00153265012701489,0.0009131583287122986,-2.398922578373229e-05,0.0010562301561887234,-5.731424105646812e-05,-0.004269886779469526,0.005036329619309006,0.00022227104951916352
2015-02-05,-0.001727884821509732,0.0016619096514257424,-0.0004958722477395737,0.0004962464832545354,-0.0004439102872901388,-0.004889235237978461,0.0040634067194119505,5.2391527942539234e-05
2015-02-06,-0.0019379426593026305,0.00238323539410415,-0.0018030784541269076,-5.7232156329629306e-05,0.00017098924481133773,-0.004332680420656686,0.00406022105794519,-0.0009422697305867633
2015-02-09,-0.0024216766507125257,0.0033861070151972724,-0.0022447687191110813,0.0007283867710473808,7.650455214243098e-05,-0.004838811771395448,0.002901914923976817,-0.00022747900156630703
2015-02-10,-0.0012951068903705675,0.0014972134193437705,-0.0013677312137072766,-9.276305903170188e-05,0.00021435337625105941,-0.003863619211589436,0.003777307941467683,-0.0010120069870445377
2015-02-11,-0.0013446757565979892,0.0010919546919195577,-0.001121851143859754,5.8822067590837265e-05,-3.596279263607294e-05,-0.0023691581397895043,0.0039035038694267914,-0.0002808777109674107
2015-02-12,-0.0012471594170472442,0.0011609023297063452,-0.0008809033070040781,0.00028194395294844476,-0.0008933872318473892,-0.0026212090801556584,0.004847242725159404,0.00016604854622071777
2015-02-13,-0.001023115015703051,0.00042162484548804655,-0.0011081761250088988,0.0008735747789425045,-0.00031625977307583484,-0.001092741298417856,0.004127141867830642,-0.00018572702154741544
2015-02-16,-0.0018483137206381241,0.0014885571518704385,-0.0007619616715518955,0.0013988567580642478,0.001024092708720081,-0.00037301298282359815,0.002103359342780807,-0.0003736001564693765
2015-02-18,-0.0017655502445127703,0.0018703751738126924,-0.0005257132637740587,0.000722600596945834,0.0007591499917683883,-0.0011654828390880178,0.001460159166614072,-0.0007582749157271577
2015-02-19,-0.0024187635978559744,0.0023467009414052864,-0.0009231285751695011,0.00012940390762078272,0.0009306483984349901,0.0004592971387303044,0.0017585126247576927,-0.0009236813353769515
2015-02-20,-0.002450445097396629,0.0026933940326837893,-0.00013548688823223178,0.0011349931930188482,0.0015826753093075062,-8.524862023282388e-06,0.0027089426735856853,-0.0012608566696033154
2015-02-23,-0.0024240214264635014,0.0026694488037132184,-7.555813482805441e-06,0.0011885164442836992,0.0026113361274863627,0.0005361484073665534,0.0026667809553521087,-0.001321059913019905
2015-02-24,-0.0025419789670889457,0.002787205705058548,-0.00035135535097966,0.000630556988467779,0.0034630480995977977,-0.00022480833865764902,0.002722919888998281,-0.0012413047134535778
2015-02-25,-0.002919308092056747,0.00327695904546826,-0.000712131898511392,0.00017367626829314372,0.00380325306746737,-0.0004802265534821204,0.002552497644557401,-0.001187358416270217
2015-02-26,-0.003691566869329247,0.004244746242331783,-0.0012372080969285848,0.0005189065633418163,0.0036280461787247314,0.00021926216777330568,0.0030244807788357385,-0.00020102542546718716
2015-02-27,-0.003038939824393646,0.003288388756080967,-0.0006984526976852694,0.0002793053923863159,0.0026641398254739824,0.0014875069249659135,0.0036225036012991554,-0.0006673484465638218
2015-03-02,-0.0012463460861118418,0.0032430548260454937,-0.0007132175492486146,0.0010661763694204344,-0.001486881490228054,0.0010753434175711425,0.0014253936666584412,-0.001343310864076991
2015-03-03,-0.0007211419468306443,0.002979184874121355,-0.001495506577010391,0.0008847159322559683,-0.0021505843127784044,0.0003603378346072163,-0.0013857740797415313,-0.0013170743231800553
2015-03-04,-0.0012083157966146468,0.002364136161319772,-0.0017367024448573074,0.0021072884857442154,-0.00089487606777478,-0.00033276155428095793,-0.0014494581797369899,-0.0014366287373596004
2015-03-05,-8.683550764136173e-05,0.0017383826845370624,-0.0014800927181587912,0.0034145853672765906,-0.0010816458790392145,-0.0018712027341878704,-0.001117478052500588,-0.0025497065973580204
2015-03-09,-0.0002507717981906782,0.001709802908607923,-0.0006440543956927106,0.003941997124850186,-0.00043800565603624333,-0.003238468531579671,-0.002217607652962178,-0.0028791200780984077
2015-03-10,4.337295550158594e-06,0.0009280077660851423,3.4811036348305756e-05,0.0043772527417442015,-0.0007314410166567709,-0.0018740920140758747,-0.0017214991594602617,-0.0024408315504621907
2015-03-11,0.00043436446805452175,0.00011308328804485266,0.0012502385887246887,0.004555944438735456,-0.0013629286489252263,-0.0025550255187803245,-0.0013669659401564303,-0.0023008418384909673
2015-03-12,0.0004979903851639114,-0.0007012491109085928,0.0017218040989706075,0.004095999103111894,-0.001119212773318876,-0.0017198721813206112,-0.0005730315842617402,-0.0022860223462626045
2015-03-13,-0.0003855259032216849,0.00012616998590188078,0.0011311852224689795,0.004371417155117183,-0.0013509486770593951,-0.002150845568319758,4.791941047534902e-07,-0.0016922383262537298
2015-03-16,-0.00029252409075771174,0.0006465838545382185,0.000984763496210383,0.00431581763722858,-0.0018946242262109251,-0.0032957174565751007,0.0007233161000323818,-0.0020253337131102057
2015-03-17,-0.00023963399945063716,-2.128671717251283e-05,0.0007708648358823553,0.00432008755193497,-0.001212288091069431,-0.002961543735069235,0.0002678750667396762,-0.002005807146986245
2015-03-18,0.00010117049445326797,-7.576240529543117e-05,0.0005954547549609755,0.004313435744785197,-0.0017069383992758093,-0.002579156135496654,0.0014953412345009446,-0.0013042945746211169
2015-03-19,4.452377191682677e-06,0.0001384398677460205,0.000556821365326145,0.00531240662150464,-0.002589753686900299,-0.002261776082773418,0.00046306910845030894,-0.0009991073935883736
2015-03-20,-0.0001057311204077007,0.0006026869806994724,-9.464129336511813e-07,0.005073968507970299,-0.0033322869143490776,-0.0017037184509705648,-0.0005171074486965634,-0.000876167145091114
2015-03-23,9.324147534519548e-06,5.1666101163268426e-05,0.00038723474636657724,0.005355705693190485,-0.0026371216490122303,-0.0030243763758558383,-0.0006972010401834043,-0.0008738524718726645
2015-03-24,-0.0002965825670266356,8.491852229310743e-05,-0.0005684759988430388,0.005881577770111543,-0.0034000254507847256,-0.003294945980744292,-0.0016013925852516268,1.4252876861497012e-05
2015-03-25,-0.0003086518582791132,5.8987580173445455e-05,-0.00035149507072670515,0.0061978070182224405,-0.003194291741851899,-0.0037359586143462117,-0.0011405069688680677,-7.669985434206037e-05
2015-03-26,-0.0003911883455625627,-0.0002467299579485757,0.00016124696990954448,0.006304653187418569,-0.0034400989439929202,-0.003173632159855405,-0.0010863525807760029,0.0007734480466136348
2015-03-27,0.0005885846480505965,-0.00020332571048413363,0.0004551119608479453,0.006539232589801738,-0.0039808905261708855,-0.002817561639927481,-0.0015675425564484866,0.00035784978641035256
2015-03-30,0.000607118605019763,-0.0003248747113529975,0.000695635206094909,0.006167358479853877,-0.003913951562426993,-0.0028874961892185916,-0.0020826945333589195,-0.0007806097982005576
2015-03-31,-0.00027465361993082795,0.00011832192764748162,0.0007427574612757929,0.006982781282945789,-0.0030214608922088434,-0.003507957217942023,-0.0032589975004582022,-0.00029031793412297234
2015-04-01,-0.0014176700873572167,-0.0007418532811489915,0.0008837034054358711,0.006224207127405023,0.000836021609187607,-0.002846400005791311,-0.0019831744664629515,-0.0002182369222186553
2015-04-06,-0.001534821366495045,-0.0015884483707805754,0.0015617010446982845,0.00783932841971946,0.0016910417073028139,-0.002951181226468839,0.001662221307163764,-0.0008912540814518994
2015-04-07,-0.0015149166912373957,-0.0014355285899320916,0.0015113694116214306,0.00672186732510403,0.0014315693493152086,-0.0010593168264870071,0.0006009735245014295,-0.00029424380966353047
2015-04-08,-0.002118704763267981,-0.0005222560009869939,0.0012757223916063506,0.005521784280505192,0.0013595634808248177,0.0003596632869215322,0.0009399805296812346,0.00024620278228702644
2015-04-09,-0.0007926152081873709,-0.0006678113979068849,0.000539197780839745,0.0030402173177198075,0.00042925648534510193,0.0009334056717774261,0.0005787419692371525,0.0006384247001228253
2015-04-10,-0.0010097705398059292,-0.0007971625388190921,0.00029023374184000494,0.002813723735300547,0.0006295938025187621,0.0006996895595151574,0.0015942430462274392,0.0011457240046416613
2015-04-13,-0.001346617654686069,-0.0007996887473335566,-0.00042284302578775415,0.003656373086980567,0.0008006465188323243,0.0011928304497942736,0.0010226185645200452,0.0015815246304501174
2015-04-15,-0.0013842530996065422,-0.001356455552365727,-0.0012351999892425982,0.002664321597218961,0.00048098607066726775,0.0005432955005440724,0.0001441025891934298,0.001302904178357129
2015-04-16,-0.0006868556388650358,-0.0013128113072283093,-0.0006266702992682646,0.002495709673178792,0.0010634788363544211,0.001113345450397119,-0.0006725220174913274,0.00231360198701069
2015-04-17,-0.0011097445844340224,-0.0022725598617703634,-0.0006207646743628878,0.001386960864407195,0.0020704393696990356,0.002814060555371665,-0.0012649588924523272,0.0031091467149520218
2015-04-20,-0.0008965698732355133,-0.0017399747193634811,-0.0007367274404194235,0.0016650135301828507,0.0014062377438628195,0.002740989398938628,-0.0015047491476890395,0.0025728218010490607
2015-04-21,-0.0009432320124132959,-0.0011485755955665006,-0.0008740248026561563,1.2825251785178373e-05,0.0013884986185266133,0.002872686857742643,-0.0015284171273707446,0.0022057671116601156
2015-04-22,-0.00031466916009754704,-0.0019956107467494918,-0.0013174484147057803,-0.0002469541998419407,0.0013948474290139813,0.0025359665734676073,-0.001333446534944019,0.0017685574577484603
2015-04-23,3.640605140909465e-05,-0.002679999975606232,-0.0010544517990990526,-0.0002896940234697183,0.002204710375895152,0.003499597712269796,-2.428036623343562e-05,0.001763389914841288
2015-04-24,0.0002198066026391388,-0.0031465593606819523,-0.001074676437354728,-0.00019583675241006114,0.0028114889290623314,0.002993765224708329,-0.0014414287031995444,0.002375220206468969
2015-04-27,0.0003832930137314546,-0.0025594554461716252,-0.0002071489665750922,-0.0017663931744161907,0.0025761494926796595,0.003605908515158098,-0.0028204171816708767,0.0018658817762829188
2015-04-28,0.0012224209352571442,-0.0034128859014504096,0.00025560338309991645,-0.002187970644021267,0.001616802612273519,0.003570276351723561,-0.002495994633027966,0.0017409221652742413
2015-04-29,0.0018296137148588513,-0.002758251929347707,-2.2536970290934922e-05,-0.0018548160683912374,0.0006818785828582159,0.0037143841334267126,-0.002075909115349349,0.001201199890018153
2015-04-30,0.001689467747422335,-0.0030919945936615754,-0.0004923805581881509,-0.001129538617711044,0.0009209614681406485,0.0031441988632331694,-0.0006449725299794538,0.00216809991962449
2015-05-04,0.00126813635899933,-0.002812535842960287,-0.00046843253179958686,-0.0005005538341846875,0.0009803715817092626,0.0031732804071914165,-0.0003994348026414037,0.003384687616625028
2015-05-05,0.0016289079352692446,-0.002798939090998998,-0.0007139524149123623,-0.0007687783158825833,0.0011425906157517328,0.004563321460725468,0.0002087109046654314,0.0031868808414455287
2015-05-06,0.0006533771504998597,-0.0014250608296228992,-0.0007275823655464942,-0.0013649551618737008,0.0012215478679259615,0.00444233322387779,-0.0006834859704631748,0.003498782790218404
2015-05-07,0.00018152671315609234,-3.6863844841202465e-05,-0.0011426748790560417,-0.0037497605647484294,0.0009054101083308995,0.004993011758807851,-0.0042871398157359065,0.0031269586434902567
2015-05-08,0.0008833228016286788,-0.0007119669954659745,-0.0006872156781835281,-0.0035164346965930885,0.0005605487447818882,0.003510268901671468,-0.0023383404205412368,0.0024266349648094125
2015-05-11,0.0016113967582259653,-0.001426221575605741,-9.31227085738018e-05,-0.003343738020348173,-0.0008039827995104938,0.0035470766299000537,-0.0029133798621589512,0.0017338032381469031
2015-05-12,0.00041614819323352844,-0.0010581030422930002,0.0004966461905264257,-0.001114468183897304,0.00011390977722449671,0.0028510471077990997,-0.0027300812973732836,0.0011442266078241898
2015-05-13,0.0012351007090144603,-0.0015156081965528685,0.0004859512528930269,-0.001552491074295846,-0.00019011675550648088,0.0020008868101928324,-0.004015520768576449,0.0008323606014383781
2015-05-14,0.0016461712931322167,-0.0016403930035345901,0.0015765549800025173,-0.002044010436260875,-0.0003090995799338754,0.0027053073305140013,-0.0032017338350346695,0.0006489358385765747
2015-05-15,0.0018094957725317549,-0.0008287108286781563,0.0023978706288319655,-0.0012006877303458053,-0.00018198722935874748,0.0023257450333670103,-0.003423615048570348,0.00038505732946324256
2015-05-18,0.0013070700427120034,-0.0013250388799070198,0.0014913056702103526,-0.0009659392372302917,-0.00042379036009541037,0.0013151048610307316,-0.003543567612936996,-0.0005459961608216108
2015-05-19,0.0014392092117809614,-0.0004219336503036176,0.0011989224462523559,0.00019439796107572228,-0.0010533357386423785,0.0005188279471717127,-0.0034271973627671513,-0.0010961531190462567
2015-05-20,0.0012893873725863159,0.00017938494333386847,0.0006265287546626751,-0.000676149199522568,-0.0008700359115234494,-7.07757714577712e-05,-0.003404785277259233,-0.0006749693090481165
2015-05-21,0.0008144088314863632,2.168830245123177e-06,0.0012524105030986216,0.0007929654010326414,-0.0010879014322871298,-0.0007668174353601235,-0.0031168849603750034,-0.0008566042223638563
2015-05-22,0.00032739179511805756,0.0008046797616830431,0.0015372954293616128,0.0008160374551075321,-0.0010326237001918451,-0.00113025698522361,-0.0031535215272397196,-0.0003186643157221282
2015-05-25,0.0003656993433423172,0.0008684012320128189,0.002066719892695742,0.0014000080417224273,-0.0016343276816493807,-0.002317239006693155,-0.002712944501446377,0.00020861353312314794
2015-05-26,0.0006631521794359553,0.0016904706349129379,0.0019918171282010226,0.0011470873181185105,-0.002379405213929338,-0.0018259285452174334,-0.0014305132559117586,-0.000726591843948252
2015-05-27,0.0013281993080682165,0.0004477445377777181,0.0007561084051742376,0.0016374010361866799,-0.0017604736756539033,-0.002198279280664621,0.0003234619345737714,-0.00015910975255840464
2015-05-28,0.00033516074448724354,0.0014925484026113642,0.0001729550964499894,0.0010914672493422789,-0.0006612091619231104,-0.0018315764732947444,-6.0799679490452645e-05,8.349107467862612e-05
2015-05-29,-3.052206769614779e-05,0.0009119853617329723,0.00035518487201367886,0.0007111046311484622,-0.00020545107564953486,-0.0023045928236227614,-0.001606239455824977,-5.367253300251349e-05
2015-06-01,-0.0007252517232797689,0.0007742745084603408,0.0003879450041346052,-0.0013572222822759265,0.0006490256447071871,-0.0018341171608415,-0.0017355604156812574,2.0365350595383724e-05
2015-06-02,-0.0008191935229280497,0.0012100344830374519,0.0005195059883304222,-0.0011438706174725787,6.303152551320648e-05,-0.0016787760840706284,-0.002915560523694174,4.89150637823446e-05
2015-06-03,-0.0008762991398068355,0.001904388282319338,0.0003158526265365682,-0.0014481982250329818,-0.0009289239957325211,-0.0029523651690215747,-0.005902887615561488,-0.00034909702843519325
2015-06-04,-0.00041293550460167974,0.0016818700592500303,4.089802830940513e-05,-0.0018251282058172505,-0.001239070219421504,-0.003359725514045012,-0.004738403192277229,-6.86991897784448e-05
2015-06-05,0.0001319375560629022,0.0003578040642694262,0.00029013752333179103,-0.0009747331155479863,-0.0010310736533375717,-0.0023967226787453486,-0.004548887526105131,0.0007032295161471889
2015-06-08,-0.00011969077872505914,0.0011471935698968271,-0.0002705132516525947,-0.0012248639451139837,-0.0010268766918676972,-0.0022855911743811437,-0.005660229859445241,0.0008056496256067834
2015-06-09,-0.00012994471458607575,0.0009947408982888145,-0.0009914142253335727,-0.0020055662457142747,-0.00024257270858610183,-0.002337871061837497,-0.005991186689954004,0.001075862753656231
2015-06-10,0.00022649695497409795,0.0012125829443689095,-0.0009937815249377623,-0.0030902623773010392,-0.0014274921064149637,-0.0022875942990278203,-0.005651588086311479,0.0015190437756041652
2015-06-11,-0.0005458576318597922,0.0018288450356876433,-0.0013560587637147813,-0.002265965493001147,-0.0008533300707008603,-0.0013860082940640168,-0.004894773112975476,0.0014092432461988054
2015-06-12,-0.00016578218078789893,0.0012277403144976909,-0.001954877107408209,-0.0022626014107401254,-0.0010429142363312333,-0.002671093665168673,-0.005666486865807833,0.0015436132273624146
2015-06-15,-0.0004821841814432351,0.0011200292898198496,-0.0016766835923001126,-0.0019308093999743183,-0.001144242639263327,-0.002411514033336928,-0.0050221606493239465,0.001937138745692773
2015-06-16,-0.0002764644629723711,0.0012116270565094276,-0.001013375176881267,-0.002133201413513914,-0.0013532620704050703,-0.0021366306329408933,-0.004552329936021065,0.0017810347654381403
2015-06-17,-0.0005228045575947022,0.0006189700051093579,-0.0005270153754992199,-0.0016578429941915976,-0.0007829961566355546,-0.0022406056770561964,-0.004794275015415885,0.0020476608994616
2015-06-18,-0.0007297706731089475,-6.26284043522005e-05,0.00014042002362905101,-0.001312660115289547,-0.0009484039636932309,-0.0022040480695565256,-0.004967412113285701,0.0029805754003128593
2015-06-19,-0.0005330787773976805,-0.0004403487777082944,-0.0002584890196131427,-0.001790290720029132,-0.000631669146216558,-0.002105552579035966,-0.006203117300771203,0.003459709693610152
2015-06-22,0.000343719787898048,-0.0006284250801317774,-0.0004151806865218009,-0.002544198597086,-0.0006299670243726209,-0.0018544984044368048,-0.004098134301279089,0.002655393293923467
2015-06-23,0.00010825426731323184,-0.001234634258453163,-0.0009582346020823416,-0.002811352297077286,-0.0001362049364681493,-0.0009407274669019022,-0.0043748092926500625,0.0022861128648257872
2015-06-24,-2.8525877678616093e-05,-0.0010700144560986634,-0.0013710707544265833,-0.0023006609854440163,0.00026497161640858284,-0.0017561821395273552,-0.004750671996086497,0.00244601980474164
2015-06-25,-0.00047903555294617723,-0.0010235503561380713,-0.00021288657918809838,-0.0022990467648451142,-0.00044549647981420137,-0.0019491253140015497,-0.004937403015153081,0.0022179056069853566
2015-06-26,-0.0005551156107379261,-0.0007227692895781857,3.017258423202026e-05,-0.0013114944720735036,-0.0007414599678725565,-0.002170432744327987,-0.004494306446369426,0.0022910752375536725
2015-06-29,-0.0005818768634267162,-0.001196194626496935,-0.0005405537350156918,-0.0016263815833651345,-0.00018517816715601606,-0.002160515047315532,-0.004203081263691394,0.002669517967289193
2015-06-30,-0.0004600871420921228,-0.0016933370256825427,-0.0003430687640046768,0.0008493196140905233,-0.0001762891963057119,-0.001579941987901345,-0.00523645501320944,0.0020075481128394345
2015-07-01,0.00033828741310128955,-0.0018030141426983004,-0.00034416773911590437,0.00016045925298750026,-0.0003154552001322936,-0.0015518457740696955,-0.004474496445807768,0.001159079867589702
2015-07-02,0.0004874602767806302,-0.0025140561039167127,0.00014005784579434024,-5.192329590620205e-07,0.0006727268496313046,-0.0018562917522911373,-0.0021308954224461525,0.001409339399157165
2015-07-03,0.0006100855199021081,-0.002792436876965087,4.940802263425116e-05,0.00048720481826064954,0.0008187430092290609,-0.0021555719842163714,-0.0030957040769349345,0.0007534454350467796
2015-07-06,0.0010090979316765233,-0.002679788970949901,0.0001081576128252851,0.0006144027765182052,0.00035195185537207057,-0.0035978949782847543,-0.002150378218579313,0.00044024953388782304
2015-07-07,0.0009068707399236607,-0.0030884438498738798,0.00010279401779033758,0.0008979897213362733,0.00045375327176947443,-0.0031428340314224247,-0.0015017294068522156,0.00021725277825241024
2015-07-08,0.0005984621740977541,-0.0025008318736307786,-2.344212061526716e-05,0.0020712295894523883,0.0009148138046866359,-0.004733033005209329,-0.0009601508624371862,0.0005275429920226925
2015-07-09,0.0009264463309433615,-0.0036368447429034377,-0.0003398952031084878,0.0024977529356498837,0.0013012588502424687,-0.004415022880018079,-0.0006531179064780321,-8.844808387799773e-05
2015-07-10,0.001437988197493979,-0.00416067604790539,-0.00038764881326851805,0.0026074847398363534,0.0003010335680439075,-0.0044813791109221505,-0.0010295048907387066,0.00011177708193440454
2015-07-13,0.0008223241745349752,-0.002980332715903681,-3.7605501859863145e-05,0.0026716833669121953,0.00038331024234480046,-0.004005200037680329,-0.0009948558777495146,-0.00028883164004879416
2015-07-14,0.0009281456500697103,-0.0027614834162456837,-0.0007380174503067488,0.0027065710988047617,0.00049461117670049,-0.0031653503015224792,-0.0011099788299721196,-0.0004466630476931961
2015-07-15,0.0004360576151432108,-0.0026065268040959223,-0.0009355627328121142,0.0028857661891852422,0.00041147246612445237,-0.00337525778973177,-0.0011068065034883277,-0.0005441707796829732
2015-07-16,0.0011607202964858216,-0.0027414482091556495,-0.0013762748354300654,0.002376918763036265,-7.44891232832604e-05,-0.003787425578050097,-0.001558062079409119,-0.0007589043072960024
2015-07-17,0.001051302832814037,-0.0022421445884606202,-0.0012450161540262079,0.0025024482167754734,0.0007063422886074075,-0.003436415627558121,-0.0011974656556633016,-0.0016194609673724596
2015-07-20,0.000830340044897032,-0.002043854656000815,-0.001171953278804653,0.003068226740784314,0.0006446533762908425,-0.0035639694924479775,-0.0014218459295203317,-0.0017105599568651762
2015-07-21,4.6370320587857915e-06,-6.391845435770992e-05,-0.0007700778297528005,0.0004887948319317009,0.00017638283933507116,-0.0035351842322781054,-0.003915058843677091,-0.0014952731175199227
2015-07-22,0.00013254566821500847,-0.00015644427382483167,-0.0006627908231585199,0.0004228553219448594,-4.733598725884512e-05,-0.0042723392065439295,-0.003966964467726104,-0.0007726863371593281
2015-07-23,-8.747627177902633e-06,-0.00043452614359744835,0.00014659770859415757,-0.0001962159390210686,-0.0002661483270173313,-0.0036751645760342,-0.00317564890889908,-0.0004191367173590233
2015-07-24,-0.0003287824486501626,0.0003703910113182252,-0.0002657917600092491,0.0001644584406153358,0.000598167839275965,-0.0038662801704360044,-0.0036158048133280458,-0.000782232862955878
2015-07-27,-0.0002981449677000878,0.00011392002469326437,-0.0006903765939479049,7.505897789042352e-05,0.0012034337723050286,-0.003744811968570364,-0.004448855564481964,-0.0007696866124469094
2015-07-28,1.9914093628348644e-06,0.000626196058597957,-0.00048278234298146095,-0.0001433026194969931,0.0008433334610943753,-0.0034583442388858954,-0.005031096371745043,-0.0006305979253485556
2015-07-29,3.374769619772922e-05,0.0017963841080577989,-0.00011883496306561975,-0.0009201065420947551,-0.00046395067504101053,-0.004152086540675184,-0.0045613622266367105,-0.0012512515904074383
2015-07-30,-0.00018686353251440557,0.0009386477231342666,-0.0003596715691650937,-0.0005438944384713409,0.0012313730676621639,-0.004557635536000864,-0.0028656113093181077,-0.0011946813608969208
2015-07-31,-0.00012507056667807552,0.0012078732180520265,-0.00040271803505585605,0.00012528365875183413,0.0013096282300441072,-0.004179050092333537,-0.002045644009914962,-0.0019695734899156454
2015-08-03,0.00014292892983720909,0.0007998989812401796,0.00032155441027110294,0.00011783609381768909,0.001398805682262911,-0.003783744023745193,-0.0015220891434949441,-0.001786170810843536
2015-08-04,0.00040086994481183076,0.000896293156399376,0.0010560569206455412,-0.00036176397260817236,0.0012869245506053422,-0.0018465901074795623,-0.0017608070034372135,-0.0021491230239739077
2015-08-05,9.604996567999968e-06,0.0016654895431637469,0.0013705948943725922,-6.909661652824311e-06,0.0013644668646940162,-0.002286417633632543,-0.0012920028922592146,-0.0018613826866112815
2015-08-06,0.00017082033942295602,0.001234902347070351,0.0015744025657986008,-0.00010206505498332099,0.0005226444768466367,-0.0015408414307513804,-0.0009279661989721661,-0.00250882131571013
2015-08-07,-0.0003508676198095866,0.0019334603922992295,0.0017670063522972521,-0.0004115531607425824,0.0006918107076844713,-0.0019477847011509421,-0.0009383919304842154,-0.001541474770107179
2015-08-10,-0.0005377479592057624,0.002372349894483597,0.001938927924998994,-0.0005475136089518254,0.0011803498917887776,-0.0024873783353968333,0.00013097067226095556,-0.0020695606953755343
2015-08-11,-0.0007176157157150623,0.0029729384550791754,0.0013778842297367197,-0.00024412462990667112,0.001221443624897523,-0.003486120354631542,8.9843435163195e-05,-0.0019176579321751033
2015-08-12,-0.0012695956076670374,0.004574059804302064,0.0011712535188464033,0.0005377988733470299,0.0009348168494226069,-0.005321186353236901,-0.0017513735106306832,-0.002320707309357849
2015-08-13,-0.0007024477650742145,0.004270478038562005,0.0011644614877299292,0.0009526177739771907,0.000994173855924499,-0.006390718494040937,-0.0023048619898448936,-0.00237370059223379
2015-08-14,-0.0006194486180155604,0.00401067851372425,0.0016552807136618252,0.0007772612945622973,0.00026305325599054437,-0.006340753257338759,0.0011121481893812829,-0.0024064863714335603
2015-08-17,5.3963704155118516e-05,0.0037378088579611388,0.001527671419392951,0.0005592453256711777,0.0001457842913689674,-0.005343155910199178,0.0008180552000116597,-0.002860957614562271
2015-08-18,0.00012949407487524074,0.004393767248308122,0.0017985453842171845,5.176915397217378e-05,0.00023235477758584613,-0.005871661747477954,0.0016329271249238943,-0.003154139647046048
2015-08-19,0.00014060187331341075,0.0025575228615032065,0.0016521923522809833,0.004215563495793682,0.0006218402956066155,-0.006586502464628921,0.0017679988109900752,-0.002754495818488185
2015-08-20,-0.0003636373236989329,0.0028368938894733835,0.001542548512303553,0.005465333638049026,0.0022279746890324498,-0.006869992931627566,0.0006045745910772589,-0.003980606259967996
2015-08-21,-0.00044942673855881713,0.003546770618329618,0.0005135951811686772,0.006056838798729639,0.002638062469442773,-0.006900857744415609,-0.0005182295999371692,-0.004219984018667594
2015-08-24,-0.0007468918775276612,0.0041207593935049655,6.0139569454375e-05,0.0057938305519800015,0.002822460823488183,-0.007230980079649041,-0.0028573047788570975,-0.005254764131820061
2015-08-25,7.193545720814414e-05,0.0028770953755778922,0.000555268377752864,0.005562417184063032,0.0021455106063516397,-0.00581749654015578,0.00022514899734767157,-0.0047367357969382035
2015-08-26,-0.0004751521876343199,0.0031268600800529265,0.000993116021804612,0.00596052531900629,0.0021074501791891074,-0.005009121048846543,0.0018674643110361893,-0.004312044155930048
2015-08-27,-0.00048645172004901796,0.002179171584438042,5.534044920258666e-05,0.0063683083790763,0.0027757646124424943,-0.0045515447625199094,0.0024575816962579657,-0.003564629469313091
2015-08-28,-0.0008477008380854399,0.0032378463093634727,0.0003212168800161572,0.005739986421599849,0.0015693610631953197,-0.0042776381859084,0.00025961014561771056,-0.00329510282194224
2015-08-31,-0.0009640804656129627,0.003289118450201412,-0.00020301956714115698,0.006446331738091435,0.001363832703004277,-0.0038750623837957737,-0.0010453511996424201,-0.002975765495500398
2015-09-01,-0.0019968614958924286,0.004461244799138267,-0.0006178351709268419,0.006774271060061612,0.0015456388651168946,-0.00391135105551847,-0.0015406234465404137,-0.002565425812893086
2015-09-02,-0.0026719015374945844,0.005479073553529893,-0.001518211801797422,0.006504575567428063,0.002205675431644068,-0.005618992584507914,-0.0007671585149379729,-0.0022443903291186453
2015-09-03,-0.00204755531250046,0.004555732711416545,-0.0017644453171659236,0.005249914780312632,0.0015183519762863038,-0.004814799724449642,-0.00037788200084987265,-0.0022825708595722687
2015-09-04,-0.002394351734283681,0.004640722178431566,-0.001739550297880108,0.004815337858143413,0.0025022029180670263,-0.004460850727566096,-0.0013365133412278803,-0.0018927540257904843
2015-09-07,-0.0025958374298951786,0.004790242417510111,-0.001906475294901698,0.004413561877839916,0.00229252990064211,-0.004712265299060365,-0.0017863553196833517,-0.0022068392090810116
2015-09-08,-0.0019129606570255841,0.004160575843065447,-0.0018319369003467756,0.0037437780679711475,0.0010714549537539204,-0.0040993342634919145,-0.0016120435308632237,-0.001700697232700112
2015-09-09,-0.001602378138197196,0.0029215712619622743,-0.0008976641822273832,0.0027128423293421525,0.0005334938011525049,-0.0018435187040471688,-0.0009430103246031627,-0.0015085823676317983
2015-09-10,-0.0007059947105363348,0.0008319716560611975,0.00020558565004937706,0.0015800515508665916,0.0008555094735427124,-0.0005818630722088216,0.0010526616920859908,-0.001138203491376786
2015-09-11,-0.0009379425180529857,0.0012098860355167344,-7.109014689919008e-05,0.0011865709395588201,0.0012810140521215272,5.773062160060018e-05,0.0022175102058457296,-0.0011497141954232674
2015-09-14,-0.001089094160654387,0.001622706701614021,-0.0005739132382447673,0.0013711941869829518,0.0017286963089672112,0.0010590414030327067,-0.0002799956033340094,-0.0009669144826627476
2015-09-15,-0.0017957383799003497,0.0019045152398637045,-0.001153890945335123,0.0015124480141046584,0.0022657952974275706,-0.0005951302290976438,0.00028324081751738986,-0.00019310347991557172
2015-09-16,-0.0015393439787322227,0.0010877911576003545,-0.0016968010825486796,0.0019778312683509693,0.0019781508833744167,-4.971056079610108e-05,-0.00014425067502698468,-0.00020335115190922657
2015-09-18,-0.00044678271830131356,0.0008921366225556476,-0.001991392271297901,0.0008327868603430345,0.000986509017675797,0.0005623076339141189,0.001044826240467152,0.00018106557144806617
2015-09-21,0.00033712945335818197,0.0012558561726910564,-0.001789745686034759,-0.0004521683252205512,-0.0007592510127209249,0.0009640884140763592,0.002555160778344847,0.00037076677819064215
2015-09-22,9.943244346719048e-05,0.001574137554779839,-0.0010935016751952402,-5.752111156818963e-05,-0.0007567503127932072,-9.768391385537971e-05,0.003212934680514278,9.752240882034786e-05
2015-09-23,0.0010151283039879788,0.0007578980861404941,-0.0006425651720282388,6.878708813643433e-05,-0.0014031872206326289,0.0003119123379507388,0.00609161365427203,0.001293495481036288
2015-09-24,8.457855034994058e-05,0.002431037812835214,-0.0011385633778246728,0.00027486414304125255,-0.0008556683354014733,-0.001868768435461078,0.0034433602830215002,0.0002469961748870144
2015-09-28,0.0004878375231393599,0.0022706511600614214,-0.0018578402944933773,0.0008035178076216773,-0.0006714038122274294,-0.003336527022612027,0.0040079123663566175,-4.2317375005228335e-05
2015-09-29,0.000821574101927839,0.0025496768459238963,-0.0012198530191620154,-0.00045868164123044706,-0.0008639257100322502,-0.005065560391628163,0.003666057219671781,-0.0003303428403234061
2015-09-30,0.00032878750039207715,0.002106577929504345,-0.0012746305146496848,0.00023572579040168323,-0.0001988344785819673,-0.0041321777476745584,0.004625961447085558,-0.0002220747883752408
2015-10-01,0.00013215279315797584,0.0011856717135512306,-0.0011960816036552554,-0.00013943934995001,-0.00014664719034546,-0.004867300679484427,0.004301064902671033,0.00014101293007302628
2015-10-05,0.0011888786199740812,0.0001356453326034194,-0.0011134208216000364,-0.0014800817307500905,-0.001083957222536733,-0.0038601937691958637,0.004258553800252611,-5.7213901256996736e-05
2015-10-06,0.0011902716845954672,-0.0014604221396529386,-0.0007285321300981738,-0.0010286407645992539,-0.0007169453617266793,-0.0030220532169184886,0.0037041589886632432,0.0003726298178965922
2015-10-07,0.0008492662770006412,-0.0020665904179243758,-0.00014814499310944213,-0.00023393276321873285,-0.00017138734919047174,-0.002133792918463632,0.003159973373966226,0.001136655915007674
2015-10-08,0.0009519409288576406,-0.0018059658644802472,-3.606218185749511e-05,-0.0003036561573461962,-0.0010087750319823499,-0.001570368934351508,0.0037319311283165674,0.000660465066403413
2015-10-09,0.0013236539878512619,-0.0018022188637831249,-0.000213110762181991,5.770497580432146e-05,-0.001034589713614538,-0.00030010289245329357,0.0037742582636741745,0.0001678280012611024
2015-10-12,0.000719804069960217,-0.0017447523615678909,0.00014271911931166854,0.00018891655179158282,9.26807031864027e-05,0.000555869596626693,0.0031816814827120097,0.0005976296049645807
2015-10-13,0.0007032050227708919,-0.0017965371479377928,-0.0002914851254768407,0.0009549121721477078,0.0006991130803502145,-0.0005446503598188917,0.003284775322165745,0.0003086489180169742
2015-10-14,0.0007222022129908428,-0.0020587637541832713,-0.0011087462867176321,0.0012462558164710175,0.0005762665830394242,-0.000124777818001739,0.0035676413955076248,0.0006953593523276714
2015-10-15,0.000654169998817216,-0.002720362394608632,-0.00033396206881992777,0.0007599634100861909,0.00019504471080633145,0.0007740941160238337,0.0031559440098454486,0.0008853444271539339
2015-10-16,0.0005749868908909383,-0.0029238264337630346,5.2679717074670396e-05,0.0004623427453240357,7.437708347465257e-05,-0.0004953069468110229,0.001704653336610548,0.0008476975137502716
2015-10-19,0.00043404292879847253,-0.003070031278616769,0.00021406005653267944,0.000802110423726507,-0.0004119592778508651,-0.00022271252900653727,0.002730213240210528,0.001285263936796603
2015-10-20,0.00023255761747297682,-0.002453802953745265,0.0006285996629416682,0.0004945302365355246,-0.00020005261071915194,-0.000949894015533152,0.003092310158329332,0.0013529309890469893
2015-10-21,-0.0007656242938691018,-0.0023099019759584426,0.0010313330440761702,2.74091140350615e-05,0.0008827786340733902,-5.87586968538059e-05,0.001761719653774677,0.0009166674826807857
2015-10-23,-0.0008133556257004326,-0.002567425472181138,0.0003853751751766326,0.00016231866525656712,0.0016324697063673033,-0.00030790821059284933,0.0011300889475833347,0.0012413366451702844
2015-10-26,-0.0005157412767886858,-0.00318709600649633,0.00046335656893221715,-0.0005552505083570853,0.0012440080541275462,0.0008479147749455118,0.0011606263784160078,0.001354744313718132
2015-10-27,-0.0007956121219935878,-0.0027443232320506572,0.0010874708811166476,-0.000488870539369278,0.0014773137643476768,0.0008821013755980337,0.0011831803965738998,0.0012311599507914706
2015-10-28,-0.0013112873885856176,-0.0030519879210685738,0.0011028237609174481,-0.0006143174580283625,0.0014673355216411024,0.002246948909859159,0.0007815158988006502,0.0019813888955597415
2015-10-29,-0.0015818519518705815,-0.0030851576097420314,0.0018009069141876203,-0.0011282041524511301,0.0010093939842791382,0.003168770878543464,-8.451146380245847e-05,0.0017308058254815965
2015-10-30,-0.0011305004523251977,-0.002870016878360542,0.0013536274135409155,0.0003985648074049143,0.00021792417483860495,0.004274517581579465,-0.001115176200176622,0.002449402667558221
2015-11-02,-0.0002640015870616422,-0.0025692969543027987,0.0014208231806850623,-0.00019934578403903755,4.753756748356931e-06,0.0024607694846595363,-0.0010337634376916508,0.002486304008878437
2015-11-03,-0.00016856852639474264,-0.0016646788838803478,0.0015808270215128984,-0.0009668695361636759,-0.00013176342108946475,0.002602253518969225,-0.0003163877503323004,0.0028431674555544715
2015-11-04,-0.0007702388792179306,-0.0013556068344792694,0.0025057704128165466,-0.0003560682276052749,0.0007705058790529525,0.002271580505604635,0.00025156931426934816,0.002574003887303182
2015-11-05,-0.0005124427628890873,-0.0007758472433034003,0.0026219373702827497,-0.0011976084407781936,0.00013747123818034037,0.0012952196487281155,-0.0007692656401014858,0.002258254607933179
2015-11-06,-0.0001382274074326602,0.0005033003833699563,0.001789640548773097,-0.0028055982581992323,0.00019607028592294332,-0.0004955717015041391,-0.0016913000131561706,0.0020690251111779236
2015-11-09,-3.073609121934128e-05,0.00020851672374233078,0.002585328795493264,-0.0033571475724919093,0.0013720594032260532,-0.0007026586314433033,-0.002340258314291014,0.002744756449531034
2015-11-10,0.00033643709840862216,-3.180234948406543e-05,0.003629304325320943,-0.003934004041610265,0.0017097014552780636,-0.0017366798819204144,-0.0024864851972271665,0.0021181723029936638
2015-11-13,0.0004892641588903142,7.057370664495521e-05,0.0029622999035210937,-0.003383161354575199,0.001211071045346285,-0.0021605479317225113,-0.0017570208367632088,0.002071783659465638
2015-11-16,0.0009286349994808963,-0.0002509121362792232,0.002599429992745759,-0.0034503850218932618,0.0010229849697968277,-0.0017719259055109088,-0.002607393917042601,0.0019566716964343643
2015-11-17,0.0005087828212173952,0.0002209519966815299,0.0030295661871450395,-0.0035770231581921707,0.0019062246919030836,-0.0016561595205372664,-0.002960054181269412,0.0014873224162571265
2015-11-18,0.0002671036512324346,0.0005255782789111252,0.0026083213120482464,-0.002877942231393018,0.002549167599384801,-0.0022140225625811756,-0.0031069348255372328,0.0017490209769699284
2015-11-19,5.246952535029438e-05,0.0010440861001508378,0.0025055164563935624,-0.0035168508101600334,0.0028237596950988963,-0.001801885166269584,-0.0027285822851950193,0.0018575408139501772
2015-11-20,0.0002899791715912309,0.0011480772055101108,0.0030102412855204353,-0.004097123869427791,0.002067732026500046,-0.0011963701633633489,-0.003974441461812877,0.0015267518308487477
2015-11-23,0.00033624113365402506,0.0007210473069619802,0.003181245109742674,-0.0037418222011803125,0.0015508462909925515,-0.0009670162671930153,-0.0033205193252832327,0.0018559238848433344
2015-11-24,0.0005065396682538974,0.0004164087533622667,0.0027618665894351656,-0.0034727945479209104,0.0016702490502443939,-0.0015510314341262606,-0.001997215236852482,0.0023783794651554614
2015-11-26,-2.1087106769176762e-05,0.00027765951133101917,0.0036592822963432796,-0.004131931606912442,0.0013889434627471374,-0.0010953563115404592,-0.0009314489133784476,0.002688106927488658
2015-11-27,0.0006663557933920714,-3.4297789712834596e-05,0.0030758673182828627,-0.004542705583180026,0.000986343537259969,-0.0009571569102941838,-0.0009529249513968035,0.0023206223834451975
2015-11-30,0.0007374734677753055,0.0001755660848080172,0.00294445091673507,-0.004924035247882868,0.0004387214145563185,-0.000795564449751759,-0.0005397371754672705,0.0022751279610302034
2015-12-01,0.0013470765527225264,-0.0003321530407707242,0.0024968979848960116,-0.004655932930547791,0.000570936814221882,0.0001411833462475775,-0.0001653986251335599,0.002314543166098622
2015-12-02,0.0010883979463802774,-0.0006014924880636359,0.002335167032024949,-0.0040413560857939,0.0011246862688409774,0.0005296212976474813,-0.00010387069945020093,0.002624580345407141
2015-12-03,0.0005302595899789027,-0.0005036036020570347,0.0026128684804681062,-0.004891659475203449,0.0017429689092892187,0.000501753125505234,0.0008390747009283391,0.002246009608743254
2015-12-04,0.0003844856168418835,-0.000824386983804243,0.0024547742800019937,-0.003732346308377415,0.001318375995695321,0.0018554192116779214,0.00014689557636855528,0.00172296433494204
2015-12-07,0.0007251482790869906,-0.0008330970813526736,0.0024691968402135015,-0.0031852035270941844,0.00013767516131227395,0.0018432196005773475,0.0006363053691869471,0.0010961283055097458
2015-12-08,0.0008727456515646198,-0.00036034159495292473,0.0019011402607638005,-0.0030556456597611308,0.0002405362008036096,0.0005341752412974094,-0.0010053167697020083,0.0009452389141988739
2015-12-09,0.0011522014727251412,3.339833615332178e-05,0.0013589666885758384,-0.002907079281664002,0.00024174802407362825,-4.995282693357047e-05,-0.0002242862849215735,0.0005598347903685696
2015-12-10,0.0005926264809788528,-0.00016616527560919607,0.0013017750859805545,-0.00181613743252325,0.00015371335454816793,0.0008058295845952116,6.483460708533073e-05,0.0009319923459007672
2015-12-11,-1.705312006350509e-05,0.0003040618680271079,8.72693908547102e-05,-0.0005983867013243777,-0.00020064069026496907,0.0012061492339138391,-5.8975056609763925e-05,0.0008544198257570276
2015-12-14,-0.0005703395121910023,0.0003339018951891633,-0.0009016090977250666,0.0002855370935406007,-0.00041129620879458515,0.002456644483848742,7.797034872287806e-05,0.0014909079325511592
2015-12-15,-0.0011486397610852824,0.00018790388608858782,-0.00018412138586912976,2.5775763724033792e-05,0.0004865170306671209,0.0012583067482545996,-0.0005897195702771558,0.001385815855596872
2015-12-16,-0.001367124300460857,0.0009477127849647742,-0.0005673510880971998,4.1789695290200607e-05,-0.00012794791862556808,0.000817382763324587,-8.983414118488882e-05,0.0019340814387385085
2015-12-17,-0.0011627513217926286,0.0009834703854384127,-0.00063998690529467,-0.00016008061302261065,-0.001286945588368204,0.001464770095664176,0.0001583609804641989,0.0023914487257001393
2015-12-18,-0.0008062625737173265,0.001054266515575407,-0.0007815932311787515,-0.0004052843895406015,-0.0016021042816121787,0.001751352269246117,0.0008767405054255933,0.0021595732164261974
2015-12-21,-0.0006428641483597241,0.0008713450457959423,-0.0007610061180105627,-0.0004333188284336263,-0.0011355199936750931,0.0021470395995499374,0.0016333536060501616,0.001873498457207113
2015-12-22,-0.00043432236273343276,0.0003286071242971485,-0.0009601443168861456,6.30087005771257e-05,-0.0008589247454472389,0.0019359408429818342,0.0020432839588830623,0.001581841074159961
2015-12-23,-0.0005999457970514065,0.00021651305425011063,-0.0017420060022142483,0.000257912755840565,-0.0005358926541318627,0.0032140651483879043,0.0016660670135660923,0.0016692074446352661
2015-12-24,-0.000679304098950677,0.0003674306097144755,-0.0013139278082282698,0.0004630141304952811,-0.00047739921169527686,0.0035592840679508713,0.0009062881308126043,0.0012400936644646101
2015-12-28,-0.00040981979607870135,0.0007276448904536379,-0.001484130635820399,0.0015930493711164056,-0.000784121548885919,0.002470329854383618,9.863153380126438e-05,0.0010372762703170987
2015-12-29,-0.0009693511749883477,0.000638158754160613,-0.0009139382975582793,0.0019188708151845573,-0.000816741678349972,0.002111954342802756,-0.000364620811960391,0.001681558307961676
2015-12-30,-0.001186508808209108,-0.0001425261833883649,-0.0011417621391484607,0.0022400473230204158,-0.00026108892615029554,0.002431330401305453,-0.0008071157868095027,0.001794589948419476
2015-12-31,-0.0012707243243890365,-0.0001342344095151906,-0.0008869953059491074,0.0014848036531958082,-0.0008083443173287976,0.0009976295773940719,-0.000306105217038791,0.0017207668953694584
2016-01-01,-0.0005883014713236265,1.7745327730805846e-05,-0.0005910639282306809,0.0009406690479452817,-0.0012106032235083487,0.0005425214293166398,0.00037261851903261183,0.0013885127671470728
2016-01-04,-0.0010005075826862396,0.00021639978896818135,-0.0006654559051675933,0.0010410547230463945,-0.00016639785998811315,0.0011167330629628868,-0.00018791113549294946,0.0015257290103521481
2016-01-05,-0.0010273468135600053,0.00010500996249327609,-0.0006939476261239675,0.0003759558378366443,-0.00011269201436326299,0.002227396006727658,0.0009144973311704719,0.0021659807698635796
2016-01-06,-0.0013163379453316796,0.00023421203155992747,-0.000999718888291834,-0.00021099513185639162,0.0005268219885633253,0.0017112375423558414,0.0002459932885418601,0.0032624086431308477
2016-01-07,-0.001275284379818057,0.00031474939168341955,-0.0020686483411433043,0.00017664827708602075,0.00020074988572084114,0.0016381373872853525,0.0005011899586149603,0.003517845757749998
2016-01-08,-0.001434525916020693,0.00032831912894773724,-0.0018798487458153604,0.0005470613476751948,-0.00014910650862491468,0.0026401967852341494,0.0015839092565274834,0.0043418358369859585
2016-01-11,-0.001276080147084878,-0.00026202710890848376,-0.0012588570228565792,0.00046401817107568255,2.5731278989191858e-05,0.0023025539830339283,0.001566681375113727,0.00422872670248216
2016-01-12,-0.0011736799867686333,-0.00047153001616577624,-0.000720248988372376,0.0004552072213706537,-6.238377380841605e-05,0.0013357302079736648,0.0019775791047882407,0.0041487093394043835
2016-01-13,-0.0008665243650762488,-0.0005793050125037788,-0.0004698773693982755,-0.00014688889260793632,-0.00014278867555023373,-0.0002084150129634813,0.0015101874012984366,0.00474994240866118
2016-01-14,-0.0013219315797598882,0.0006894862159979406,-0.0013770635384271366,0.00025543722654157203,-0.0001920642535962107,-0.0004141268237743336,0.0008063499583827162,0.004259831155699183
2016-01-15,-0.0021532033260972306,0.0013184732451088934,-0.0010413679396598144,0.0003915584594671533,0.0002605632416655208,-0.0012467624812932347,-0.0009973568634303442,0.004192946153660407
2016-01-18,-0.0020713124858375686,0.001847410773285174,-0.001296048481003927,0.00027764532357666934,0.0008093427477769183,-0.0021897686020661096,-0.0022954387095748263,0.0027069992143685666
2016-01-19,-0.0019128809598110597,0.0013612639289237675,-0.0013289341018550178,0.00022346810657305019,0.00015550593181439388,-0.002337866784537308,-0.0025680616984306245,0.002841621423185277
2016-01-20,-0.002369080833247262,0.001951794469805702,-0.0013117301446059337,0.001527061991879987,-6.809248306250976e-05,-0.003325983352120882,-0.0035319458792072564,0.0023548854130048943
2016-01-21,-0.0017108227518390301,0.002526430081739457,-0.001993705552175664,0.0001719505976108455,-0.0003438528758573688,-0.0033193609467474993,-0.003350449192778413,0.0015973532090883267
2016-01-22,-0.0013124547200091146,0.0019529988484646504,-0.0006873569085905367,4.661579966854044e-06,-0.0007665139828674449,-0.0027392175227543033,-0.003533683112083638,0.0015337251530689177
2016-01-25,-0.001032811689457036,0.001961874950049238,-0.0013141550822469415,0.00034538722430303703,-0.0010292513615633042,-0.0024913119033437583,-0.0032018543695991344,0.0013677235116953468
2016-01-27,-0.001211596924176959,0.0019860017044598605,-0.0014464981173746305,0.0003299274538884488,-0.0008344676281563969,-0.0015294367309395267,-0.00268331300742237,0.0013890864335643315
2016-01-28,-0.0016110894338026423,0.0020562409464757406,-0.001785094275658931,0.0007678531204211776,0.00030627982439774366,-0.0015998074407326097,-0.002339247867786206,0.00207795514278746
2016-01-29,-0.0020495588258908283,0.002554963008060328,-0.0017697539135697994,0.0011216525347461734,-0.00022429997535625525,-0.002317558971624808,-0.00267020416428721,0.002047634375059976
2016-02-01,-0.002354860663886253,0.0027909956263024254,-0.0017253138091839018,0.0015120494689914808,0.00020479384232482316,-0.002054367157384557,-0.003077205464228843,0.001765942906997951
2016-02-02,-0.0028186771285078262,0.0033216172912630174,-0.0021407989219693465,0.0007808362737823358,0.0006394065355902435,-0.0038583415688065526,-0.004329435610637763,0.000998343838989428
2016-02-03,-0.0026534788384145625,0.003100001518364354,-0.0022213660630277954,0.0010913518495829586,0.0005593121685845011,-0.004803990821133484,-0.0051657434785603445,0.00040229519491603296
2016-02-04,-0.0026909913985437932,0.0033156702852003487,-0.002204319979420748,0.0002047911590713162,0.0005172002802989865,-0.005327484560770547,-0.006520347788085681,-0.000432588500416779
2016-02-05,-0.0022582280134477127,0.0024718499293094743,-0.0016745887623652188,0.0014879732463419647,0.001030374575677819,-0.003525643325006062,-0.006217751152353213,-0.0018720021545744995
2016-02-08,-0.001991213394800604,0.0017551931524628361,-0.0007456221678374584,0.0013486529103694518,0.0009623731747335359,-0.0020411172301849304,-0.004123090846862423,-0.0017924522133445176
2016-02-09,-0.001956100585913793,0.0002833686290618371,-0.0009028828048589898,0.002228967437663685,0.0010642024132088794,-0.0023733322905052645,-0.005388448912219896,-0.0016614755098640314
2016-02-10,-0.0022025048797283606,0.001250518158789138,-0.001255067871762262,0.002461423142825797,0.0008996921132113718,-0.0022290420674436727,-0.0069485940111758595,-0.0018141963884556493
2016-02-11,-0.0019538470294677853,0.0013570352557876557,-0.0015018227452426474,0.002486964241018166,0.0006887272821565556,-0.0025215653960259372,-0.007797110420601399,-0.0022495450657215098
2016-02-12,-0.00226304573042929,0.0014899673291431468,-0.0008117298051347989,0.002787866598870284,0.001067718944735643,-0.0026447641798608085,-0.007866012933039384,-0.0033631543692227315
2016-02-15,-0.0012702304416783365,0.0002637682612667341,0.0005682968398329248,0.0016725051235293538,9.281927967301788e-05,0.00123889814843795,-0.005396587300221726,-0.0027398290321581226
2016-02-16,-0.0008113143401427903,-2.0412610655285053e-06,0.0006589908694081253,0.0011739699273869634,7.352958825016962e-05,0.002170259103182332,-0.004668920267419399,-0.002910010371603452
2016-02-17,-0.0013477229147561248,-0.0005370939481090704,0.0008840167060060371,0.0018209982839170924,-0.0002055407342735577,0.00220280350096245,-0.0034761424720410276,-0.0013224639515624647
2016-02-18,-0.001545690587527903,0.0004379263933656319,0.000609177678873691,0.0022006304174409007,0.0004153915939584564,0.002409545792733444,-0.0042297709364465495,-0.0020199165318044885
2016-02-19,-0.0012771773638587875,2.434635704191856e-05,0.0009027402486785115,0.0015278214684045581,0.00017649521455073176,0.003205992498787517,-0.003477860750610224,-0.0016211501173992154
2016-02-22,-0.0020370984648633143,-0.0006643382948135177,0.0016055982033056503,0.0028803001370186366,0.0007620067651192351,0.0035562250832283163,-0.003935061642800111,-0.0008254974424099457
2016-02-23,-0.0027599111814826183,0.0002646143370456987,0.000820749477743301,0.0029401735871033563,0.001467809918367168,0.002712756190165885,-0.0043303092682229595,-0.0010316930357831045
2016-02-24,-0.0029888065919261167,0.00028122838841214155,0.0012907221124295125,0.002286278106699996,0.0015337500946789654,0.0016315270805871474,-0.004043740126713418,-0.0002500131529643403
2016-02-25,-0.0033997873753132814,0.00030819783730044563,0.0010396204814848557,0.002362956122137062,0.001816420097550366,0.0019796731093243147,-0.005126669223387453,-0.0005760862553996142
2016-02-26,-0.002593286027181557,0.00020915770498567765,0.000693059376101598,0.0014378051396746732,0.0010847881715402566,0.0022793239264385545,-0.004554553431633839,-0.0013537346050553115
2016-02-29,-0.0013228804937362626,-0.0004671155636516845,0.00045140045078922953,0.0013312841910530114,0.0017386775387550082,0.003057886261937188,-0.004043073146501562,-0.0012437776080526518
2016-03-01,-0.0007386332744508633,-0.000749235240694182,0.0010441965048896185,0.000296807470779195,0.002233592939285963,0.0025652018198945446,-0.0034949214386656062,-0.0016387908224385662
2016-03-02,0.0006342058085509932,-0.0009272350506430132,0.0003317731077021552,-6.0891025764323275e-05,0.000720831707346824,0.004316716779037646,-0.001460714993818932,-0.0010864409632143667
2016-03-03,0.0003602566766841564,-0.0010194882147129812,0.0007821185484277204,-7.014979582526705e-05,-0.0007205568801255567,0.006543581191915272,-0.0007304740548048174,-0.000903984868886478
2016-03-04,0.0009616958083875907,-0.0015193526367865526,0.0008425313030428683,0.0008281661551433722,-0.0008437216475713989,0.0062989843062267025,0.00014542827949488044,-0.0005519592452370559
2016-03-08,-2.4692390697241276e-05,-0.0013237275403405633,0.0006596199543457711,-0.0003123272031767279,-0.0005948475541154405,0.00621261840156078,0.0005704124758463924,0.0007287122983764609
2016-03-09,-0.00019339237406386476,-0.0012513639525481223,0.0007574286992315049,-0.0005014216069560842,-0.0007643128388329685,0.005242771755509863,0.00027153542433295543,0.0007144647365698568
2016-03-10,-0.00024256759321689765,-0.00026621372379070354,0.0012848007642928274,-0.0009396326096445917,-0.0010637162994590764,0.006208971511358999,0.00033792134535108923,-0.0004056642279727751
2016-03-11,-4.913726477675205e-05,-0.0008607702452670502,0.0014210953206631406,-0.0004881059015968991,-0.0004997965207199665,0.005488645715961722,0.0011587938197874278,-0.0009518716549900745
2016-03-14,0.00037027304800684195,-0.0012006707451420943,0.0016665177302520998,-0.0011074313054552773,-0.00039203878494372714,0.0055101723595014345,0.0022255967934772173,-0.0005247126952374554
2016-03-15,0.0012444080494667929,-0.001327628071811957,0.0009387275181540265,-0.002124839205771974,-0.0011097610452605578,0.006955820602097458,0.003593453170885477,0.00083318371153708
2016-03-16,0.001057298966327266,-0.0007977067928983588,-0.0004075938914445364,-0.0013797933136278392,-0.00010073692666129428,0.0030169284144804997,0.0012015088853396588,0.00013215681374805378
2016-03-17,0.0010737388785629475,-0.000784602164476907,-0.0003936369166760677,-0.001787161138351476,0.0003145807665545291,0.0030631296331075763,0.0015088189374169855,0.0002927271970148515
2016-03-18,0.0017029982574558156,-0.0003207480764566527,-0.00039393338509543206,-0.0034504094569259187,-5.3248218851826516e-05,0.0036020036920926886,0.001846678055893424,-0.0003623553341064278
2016-03-21,0.0018567349672289246,-0.001139385867292291,-0.0001887348766921918,-0.003849445829557127,6.000014165981251e-05,0.0032098487519270406,0.0025520705345377184,-5.314027220128855e-05
2016-03-22,0.0017930696769180381,-0.0013209559189360238,-8.760110095460977e-05,-0.003742252817434282,-0.0006363213748165394,0.003638823512897417,0.003917635255063367,0.00035387948225690984
2016-03-23,0.001661120190752503,-0.0008683711898688599,0.0001711071465106866,-0.004286081475852892,-0.0006518616176249292,0.0044573521529142675,0.003898022056668909,-0.00043702416261272694
2016-03-28,0.0018684397258032382,-0.0007890366606028536,1.4136260643809583e-05,-0.00494141141593333,-0.00041459212251833584,0.002411011588960817,0.0027762864977490705,6.042455650413867e-05
2016-03-29,0.0022902865946074864,-0.0009159313037653003,0.00057557465488761,-0.005802226109745497,-0.0005256728326034632,0.003119341166263512,0.0026133567831962455,-0.0002391733345965966
2016-03-30,0.003337823705068241,-0.0012118981506365149,0.0007190222188459428,-0.006107090720045553,-0.0009306089734257778,0.0035314559468510977,0.004279501335370983,-0.00017727526135659626
2016-03-31,0.002919536574066849,-0.0008712881360954218,0.0011952907162937638,-0.00532628775490304,-0.0009255100430782485,0.0030543810846776097,0.004239440137133742,-0.00037181121939676
2016-04-01,0.0023516165991913,-0.0006411376108552934,0.0012059906129292747,-0.005739296672423819,-0.0005783055133991716,0.002509905091526688,0.005470532492470654,-0.0006432466837988033
2016-04-04,0.00212632983509445,-0.0001662731676065625,0.0010614308248432227,-0.004765143586516448,-0.0020186915113886484,0.002803385856902968,0.00415932974647986,-0.00018256201304930365
2016-04-05,0.00037333345040309633,0.00013234464098499659,0.001294996703846443,-0.003217147620676223,-0.0005726039558854904,0.0024524233083973676,0.0020357609391033742,0.000499169281571087
2016-04-06,0.00054361737592778,-0.0001490263550725275,0.0012115202566038738,-0.003412639206894659,0.00022419173544183134,0.002111797649639955,0.0027009141320279793,0.0008681241750121104
2016-04-07,0.0002038476954544392,0.0001379513844222966,0.001112295845663091,-0.0027273156016751933,0.00020391337684776806,0.0014336718329624816,0.0025519137470089823,0.0013148322446513987
2016-04-08,0.0008654989598454459,0.00019425095719314596,0.0009451612269722471,-0.0027957042379834333,0.0001428679556324236,0.0004260574603305891,0.00266457668967412,0.0008376931188020789
2016-04-11,0.0007777374764635527,0.0006926133383053241,0.0009642856758447597,-0.003300649530663227,0.00011143292977066233,0.001365911057591593,0.0022449086445157198,0.0006003758022498697
2016-04-12,0.0007487659021737567,0.0006588225410252681,0.0011843798184327404,-0.003449095695933539,-6.526030547961224e-05,-4.7571182522615886e-05,0.002238864079114256,0.0012191590349154974
2016-04-13,0.0012542091431394409,0.00010708334861258282,0.0018843543094751555,-0.004062437144802879,-0.0004399465073538517,0.000652766628122645,0.0025372849703662235,0.001112938936423735
2016-04-18,0.0005402530066541383,0.0007802732127477007,0.0012726770817799563,-0.003976590008569146,-0.0005967170526448343,0.0012370926363432554,0.004660809301652287,0.0007086793595730361
2016-04-20,0.0002625875232612467,0.0007021779618511768,0.0009275237471659272,-0.0030588282969882838,-0.00012858323032726576,0.002499409979120363,0.0039982797334576796,-0.00032110154154679944
2016-04-21,0.0009343623522345933,-0.00018092941207913322,0.001309975248275105,-0.0028111056405747373,-0.0007799836038102405,0.0032513174121605202,0.003707227492018359,0.00012997757225689842
2016-04-22,0.0013425048293506203,-0.0007597416327832411,0.0019927546104449635,-0.002139379832805545,-0.0013457751056839304,0.0032519185692831136,0.0042111924126625195,3.444968704796256e-05
2016-04-25,0.0014720283749956702,-0.0008845797133835867,0.0017436998771225296,-0.001146993694782564,-0.001155703826024472,0.002301100880910078,0.003902668957431157,-0.00014596739405926275
2016-04-26,0.001543545556312004,-0.0006295292149435775,0.0018694092870059716,-0.0013177482721612658,-0.0016615837173409615,0.0031703301921636347,0.003748552549180716,-0.00041763123364423364
2016-04-27,0.0011123196199632189,-0.0005725479852063413,0.001480166827975889,-0.0013835382720917143,-0.0003321960302936405,0.0024863146825067945,0.0022722820591888774,-0.0004713836525446478
2016-04-28,0.0016223631885810275,-0.0005505412442244214,0.0011091870800427873,-0.0008805422975199605,-0.000708136423236554,0.0011920611433195645,0.003933150706361965,-0.0002219539738804151
2016-04-29,0.0020543496895461828,-0.0013281541733013416,0.000983779476982995,-1.9358164249478954e-05,-0.0007775912531456936,0.0032628661369365325,0.0060792776470020155,-0.0007684319468816661
2016-05-02,0.0013013307552404796,-0.0012788826948922714,0.0007244739100054469,0.001342653898770819,-0.0004320919844747898,0.0036848479229730424,0.005768761090979109,-0.000745346472961587
2016-05-03,0.0006707693346523721,-0.0014847119121847376,0.0009706018752770559,0.0009548163952256873,-0.0005895158834251166,0.0026853363456395903,0.005177977529017557,-0.0007414595527119074
2016-05-04,0.0005859766862673058,-0.0013471179183579007,0.00019462920290778566,0.0010248204128468033,-0.00094549236381115,0.0014579917213933201,0.004009125527443168,-0.0004747221621651126
2016-05-05,0.0001729365980801845,-0.0010870159633029229,0.00047349152647175436,0.001172825341066539,-0.001407562832516337,0.001497702414050387,0.0026276738652532537,-0.00047443558862501184
2016-05-06,0.0004665829842517434,-0.00198532710786993,0.0005774308992492604,0.0007738334147885039,-0.0007350118395775276,0.0014818787586440832,0.0034154441926363445,-0.0002543272351918081
2016-05-09,0.0012974810710771386,-0.002830856663332712,0.0009270177338463847,-0.00029575979764026074,-0.0013349128000235118,0.0011912942436307704,0.0039664761029061,-0.0010426636385138268
2016-05-10,0.0016934890291502736,-0.00249542357431164,0.00017366022783102896,-0.00012807925761381062,-0.001248114750182083,-0.000754230855793663,0.003498469372628003,-0.0016801237888145633
2016-05-11,0.0017405779473938254,-0.0024847725665488023,0.00025471402890089867,-0.001002974479181853,-0.0010360549383943724,-0.0006555228663450755,0.0029411182013239835,-0.002229248467104677
2016-05-12,0.001847506739666732,-0.0020416842936641947,0.00032258303054671315,-0.0010496783751523502,-0.0014059089440578028,-0.000697433191857522,0.0027608022869601992,-0.00224327268180506
2016-05-13,0.001747955499273527,-0.001994649480252377,0.00010715723775106003,-0.00031192328993865346,-0.0008426825275293112,-0.0014703231739049095,0.002058914888298376,-0.0019059807343677882
2016-05-16,0.001575315770192075,-0.0018502657313638534,-0.00044002207637963567,-0.0006184015389719519,-3.7125295602818313e-05,-0.0006088990368599869,0.002626634394523491,-0.002497831322692711
2016-05-17,0.0011519315997022815,-0.0012046294127779592,-0.001126742205395083,-0.0001340826078322832,-0.00044450535748950755,-0.0010394452683373573,0.0028917966310569527,-0.0024167881911844966
2016-05-18,0.0017320878457204648,-0.0017320727797395614,-0.0011185548971015713,7.232294585282742e-05,-0.0004180681202488823,-0.0006605992768452352,0.0022701200571424293,-0.0020192364247918868
2016-05-19,0.0014205905221235946,-0.0011300084072446573,-0.0005736164858085308,0.0007059473024115594,-0.0007174788628365592,-0.0028096967557445997,0.0025519471925769858,-0.0016077104085531453
2016-05-20,0.0005395251513954529,-0.00037068674200255365,-0.0004038508288176444,-7.610940966509068e-05,0.00011067579141744608,-0.0028586100215622708,0.002935691636957993,-0.0019101727481560652
2016-05-23,0.00017422373678240726,-0.0005340427958329009,-0.001147995531565128,-0.0003802190385224994,0.0017445860730276636,-0.002891248671710151,0.0026240169954603564,-0.0021200377917255228
2016-05-24,1.0109970403086995e-05,-0.0010248331017837504,-0.0009261480127597792,-0.0007958424080751994,0.00186374559433838,-0.0026553902903389054,0.002420600176638452,-0.0016726304104967436
2016-05-25,0.00015195296035705645,-0.0006831541124066177,-0.001234230862613787,-0.0014940599855568356,0.0019270291529452533,-0.0036246394066088102,0.001936466988186976,-0.0015019589711264378
2016-05-26,0.0008205945288240781,-0.0010167122339689132,-0.0014797597344869558,-0.0022023284646815466,0.001274648229944982,-0.003810927650413622,0.0023617231275629156,-0.002385115931383627
2016-05-27,0.0003706839393029448,-0.001280701361253184,-0.001406617142688867,-0.0017248807627692666,0.0010698762714409632,-0.0033425158442291674,0.0009805558204433013,-0.0015974881186773234
2016-05-30,6.0870924564103424e-05,-0.00048241277712128333,-0.0007728998512841906,-0.0024546091637684415,0.0005590812073851792,-0.002840263786147611,-0.00012292792610056917,-0.0016917627252041997
2016-05-31,0.0008926671278033224,-0.0009364676652191494,0.0002451207654116999,-0.0032956171099109664,-0.00023597078897397259,-0.0028918878592581547,0.00038207786886639917,-0.0023734916896045203
2016-06-01,0.00032593145624013444,-0.00017117750764512017,-0.00029586187025525774,-0.0034122475236900394,0.0007344677929564344,-0.0032304998499650653,0.0001383732131777231,-0.00246383897387049
2016-06-02,0.0005767472807387411,-0.0008989431796729811,0.00048712953009432455,-0.00427246873251112,0.0007817803837553514,-0.0009781037524130417,0.0009057858221914721,-0.002524103626132307
2016-06-03,0.0010301534301350853,-0.0008250142449780177,0.0005752428610903111,-0.0047349417044585725,0.0005149942766253714,-0.0009948970546716056,8.43073278080377e-05,-0.0019986369224740444
2016-06-06,0.0010611434785313084,-0.0006205541551773954,0.00038810341196024705,-0.0047291986540217434,0.0004251584854562075,-0.000815164164972289,0.0004888747498426136,-0.002241151181965245
2016-06-07,0.0011077059527996483,-0.0005708443160538223,0.00032445358222329404,-0.004292941246421107,0.001035845412558913,6.713661058675886e-05,0.0008984262620109059,-0.002339012360438758
2016-06-08,0.0009163463323443579,-0.0006997938055089028,0.0011188438960751832,-0.004655308430313209,0.0009518228982035846,0.0008653402070377806,0.0008634639072792874,-0.0017701060206989933
2016-06-09,0.0010115961682604698,-0.0008003613007506588,0.0012171472376887585,-0.004376185427149235,0.0004944107643948402,0.0017389282758797408,0.001623161499048315,-0.0006459178567452669
2016-06-10,0.0008822545242844933,-0.0009665901110337781,0.0009577790259394851,-0.004235878118925012,0.0006524673788854563,0.0019045321540742417,0.0010162440185307294,-0.0006593711478901717
2016-06-13,0.000666430816953193,-0.0010791907241119545,0.0007249819523894464,-0.003733560182592099,0.0005499776570510664,0.002200207692877134,0.0012492862701456945,-0.0004998923724541581
2016-06-14,0.0011083521051081702,-0.0011301215765150184,0.0008598825892620553,-0.0033165440261145617,0.00025427573541542733,0.0024442165000457833,0.0014577240800711427,-0.0003140898603061187
2016-06-15,0.0013044565130139755,-0.0012018240683098454,0.0006320112880180428,-0.003862606122869379,0.0004479476940814598,0.0024444951466920965,0.0009198406848743362,-7.61001331014686e-05
2016-06-16,0.0009998123907032491,-0.0010808611702942913,0.0010474770512928866,-0.0038107069244110578,0.0004995615480159444,0.00268968946386635,-0.0002521198921306778,-8.024448796105127e-05
2016-06-17,0.0008349660402196856,-0.001474781658958512,0.0009294251987354198,-0.004887089156467074,0.0010456604160631643,0.0027293633466100205,0.001216556292649558,-0.00023095023107753965
2016-06-20,0.000534064927684237,-0.0009247459082536219,0.0011426151682154885,-0.004597201337410577,0.00014229469939576684,0.00309214741371247,0.0017648873838345754,-6.30963998517523e-05
2016-06-21,0.00047278447683775024,-0.0005899009802472666,0.0017760648092488359,-0.00438085758639134,-0.001028130520067353,0.0032706591453049738,0.002416334122230071,-8.460323938388331e-06
2016-06-22,0.0005527356746852386,-0.0003109312409299422,0.0013971952581009629,-0.0033997787599072352,-0.0012049191598686947,0.003420483786396442,0.002776661107035179,-1.3405971816114314e-05
2016-06-23,0.00047130166032025153,-0.0008330789878547625,0.0016994631529848726,-0.0024789556266833564,-0.0010002511165013769,0.0037401679104011438,0.002166613700563837,-3.8482918649527815e-05
2016-06-24,7.105633780136547e-05,-0.0006778824322038522,0.0016815072084728406,-0.0007034741336754261,-0.00041012595855991895,0.003309502078320852,0.001021678605462441,0.0007287580249013938
2016-06-27,0.0003716075351114784,-0.0013899909358832617,0.0015477480898838684,-0.000679762650579736,0.0005714443100821252,0.0033499891473942047,0.0015049827644597726,0.00046798359405740184
2016-06-28,0.00040685321727359087,-0.0025191940879150275,0.0009738462628179328,-0.00030300512706047544,0.0017083581533634269,0.0027859454616708233,0.002373238236616472,0.0006436254067776646
2016-06-29,-6.939054329232856e-05,-0.001691176275563399,-0.00012298727441917976,0.00012946779315404426,0.001741688750006086,0.0022629150017647115,0.0028397007755068555,0.0011611959520107695
2016-06-30,0.0007555727233786398,-0.0022017685058793946,0.0004245919265119688,0.00017297620854412352,0.000994483831096325,0.0031797452025904534,0.003380714551912976,0.0012802728603120966
2016-07-01,0.0004897021468746756,-0.0021489277109227323,0.00035014611986908673,0.0008699972282890407,0.0018235341295794565,0.002668244160858562,0.0035825699625349817,0.0018422549130059085
2016-07-04,0.0002491751974944271,-0.0020260523429157812,0.00025648638088247866,0.00134203008313613,0.000898342365942069,0.003276524931942502,0.005036545191882592,0.001919707638349194
2016-07-05,0.00011166494211422239,-0.0018537234072804303,-0.0002965589615833182,0.00217422673843567,0.001033990812025855,0.0034421102849477112,0.004444482333659103,0.002052703574353865
2016-07-07,-4.83802177098007e-05,-0.0024181594219535446,-0.00039656336560810293,0.0029607450477992753,0.001156806022480002,0.0029888379165149367,0.003681628550820303,0.002281858852440016
2016-07-08,-0.0001038712232854042,-0.0022387407111327242,-0.00013373911784482628,0.003359846283930632,0.0011072064861742358,0.002834671762647542,0.0035042344705985737,0.0019047943840929233
2016-07-11,-0.00018877077069934895,-0.0024444245896507377,-4.4171023324286046e-05,0.0030844182675893775,0.0012531469892909475,0.0020394238822437866,0.0031229699270633906,0.0007596701711963865
2016-07-12,0.0001867117270222137,-0.0027391948650014432,0.0003157512477028161,0.00236170948043343,0.0008801728912290413,0.0030574409561618153,0.003689371220176805,0.0005896158661347897
2016-07-13,0.00035423845538801874,-0.0026124933630638832,0.00019635610800612224,0.0016373386897328788,0.000530027775687416,0.004116885421928582,0.0033473337363608326,0.0004342464295830745
2016-07-14,0.0005004721198143616,-0.0026555810082970446,9.141403767846208e-05,0.0008403927140153782,0.0002981531243632985,0.003696856329898028,0.002326303446104723,0.0005517984025524654
2016-07-15,0.0007719055373350413,-0.004353300051041089,0.0008365744380627346,0.001573086189501333,0.00047858823508847327,0.004413762266526849,0.0025682145493321385,0.0005662301480224164
2016-07-18,0.0011547826859162852,-0.004311669319300568,0.0011699647588979123,0.0012872099505628525,0.00035279258802882246,0.003296621501569936,0.0021283136840027144,0.0001117417955926181
2016-07-19,0.0011031851663622781,-0.004309203523933267,0.0010626238423412301,0.002201852896854014,-0.000280845633158584,0.0036081757356818856,0.00019707590073223457,0.0009366475963864711
2016-07-20,0.001389706822299648,-0.005029214437640943,0.0006776762404247262,0.003370520001773276,0.00024343590842065854,0.003163558582020048,0.0011410187301583482,0.0011709811285870138
2016-07-21,0.0011175830431972755,-0.0047173511086253655,0.0001940913292196977,0.003415316597750173,0.0005689261862189098,0.003060628706938527,0.000626917932062462,0.0009680047821442022
2016-07-22,0.0008721844580584874,-0.005066628571042985,0.0007811778573226923,0.002819074376254266,0.000574754134166797,0.003638300617150647,0.000658018694979263,0.0013724298754499524
2016-07-25,0.0007763100973797368,-0.004682897661896807,0.0005973500909436141,0.002469685121088555,0.00030935496415888247,0.0036063365249869245,0.001772928188308346,0.0017893048590500744
2016-07-26,0.0009001596106819917,-0.004271596915925111,0.0004548908866910512,0.0011386829271912836,-4.467936527493112e-05,0.004573419206392069,0.0023230833555095286,0.0018722979112544042
2016-07-27,0.0009595532457693724,-0.003316450511570723,0.0008827278701117893,-0.00040966393989141925,-0.0009618448576071033,0.00468838896643196,0.0013644307223156702,0.0013966763919525753
2016-07-28,0.0008858338620728228,-0.0028319483689700983,0.0010988198381160462,-0.0006136788348431823,-0.0011868726680320926,0.003741918527646902,0.0012496109352670443,0.001299894886186011
2016-07-29,0.0008271009414504661,-0.0030821346584651065,0.0013411275109774922,0.0001038503950777014,-0.0006494025191703906,0.0034020080277400297,0.00036845587234237906,0.0011854262973350848
2016-08-01,0.00012815061256648197,-0.0018822158070522245,0.0014883506751931595,0.00030446796302268254,-0.0008125306007260298,0.0037258261272962666,-0.0002695190576319018,0.0011658466980794479
2016-08-02,0.00022067642450137085,-0.0013104838371795406,0.0013265725174151758,-0.00033233289279128607,-0.0003469095582783004,0.0027304273263467757,-0.0008113886061275636,0.0007020188280980669
2016-08-03,0.0003283716883876269,-0.0009952195662301254,0.0008184355091870516,-8.880749319717558e-06,-0.00014262685717160418,0.002663939503963322,-0.0019140402944908931,0.00013524109282437853
2016-08-04,0.0002642187546446665,-0.0011816132565837753,0.0018456414434776624,-0.0002615548942000392,-0.0003981273851516137,0.003097091153993966,-0.0008088640972837399,0.00019625567461783165
2016-08-05,0.00023255341069588673,-0.0010906763494038401,0.0028863363588093162,-0.0013088371465085258,-0.0014399274126838568,0.0038007239601739505,-0.0001569336824134729,0.000694743350290067
2016-08-08,0.00020918651169339218,-0.0010930572793404307,0.0025629172111220366,-0.0016670983084942324,-0.0014272619885823783,0.004002189644298241,0.0002181254636589346,0.0013517910565019288
2016-08-09,0.00021553705393420673,-0.0005174274748466984,0.002321291244025625,-0.001782742721108939,-0.0013065702619488402,0.003500078621975323,0.00048115702773918884,0.0014219378443314544
2016-08-10,-0.0003527418564455743,0.00020798562644788564,0.0019286045411705185,-0.001619732290135348,-0.0006652192499838195,0.002519392919673517,3.079198362718194e-06,0.0009480604504332794
2016-08-11,-0.0003495201055109727,-3.8026422686147725e-06,0.0018679715826370113,-0.0014922196456852656,0.00024760624980936757,0.0012393485892057481,0.00043019104032955655,0.001134731014610382
2016-08-12,0.00010093057351040388,-8.438914194485498e-05,0.0024088338439158465,-0.0010978089880436686,0.0006566797453536226,0.0020010178805953565,0.0005954154652613005,0.0017601859595327515
2016-08-16,-0.00043890694418046594,0.0006550512415884528,0.0012372127113334701,-0.0013369126017978002,0.00022110805575224508,0.001954622873383477,0.00012075151846389161,0.001384005301202624
2016-08-17,-0.0003455770641487684,-0.00031563408540873273,0.0014836097233390975,-0.0008892942397678801,0.00015255062671740616,0.0033934037987673506,0.0008654719573421169,0.001552625378344838
2016-08-18,0.00031326607284088185,-0.0007251390239062252,0.0013039787976387596,-0.0011363646582916564,0.0001137752897892939,0.002922632689405063,0.0015424710635103976,0.0012682000457426117
2016-08-19,0.000549461440876002,-0.0007228739052011148,0.0012477520724290254,-0.00192742447180157,3.936037884663202e-05,0.0036640106199442276,0.000252811970829998,0.0010857464016137343
2016-08-22,0.0009824058531814179,-0.0014596896724297782,0.001016807220735035,-0.0020797276737544675,0.00017290118468928594,0.0035517680701507427,0.0006938406945393828,0.00119977952979556
2016-08-23,0.0011241243617502732,-0.00045774949206969984,0.0006866594462083575,-0.002174793206591187,-0.00012818621417808208,0.002700855652333153,0.00032988816513724835,0.00025249923485248923
2016-08-24,0.0008283519022944593,-0.0004525272134807203,0.000675858444044718,-0.0014359613443989767,3.711885370886859e-05,0.0028231491682252125,0.0001806529433905761,0.0006086745702560452
2016-08-25,0.0010979298893833945,-0.0009458246359583508,0.00108719153181237,-0.0008315017115298838,0.0004715448077583602,0.002173766141488889,0.0005309122335361257,0.0005951805498168511
2016-08-26,0.0006727551593644155,-0.001560425650639113,0.0012877566243466624,-0.00048382250936349736,0.0009913083288970094,0.0019474231775801318,0.00034370175485652394,0.0012635926472158463
2016-08-29,0.0006737764025248831,-0.002134200972677114,0.0017837162324125496,-0.0006421081858673584,0.00011454631072414461,0.002969650250069758,-9.138226775472539e-06,0.0017340527282495187
2016-08-30,0.0008515357243274932,-0.002091601548187591,0.0013667693163464196,-0.0011718592282009613,9.666732260376623e-05,0.002909541033932348,-0.0004423791848353802,0.0014650198529104566
2016-08-31,0.001770669328512589,-0.0034228573747504955,0.0009825177657196956,-0.0016245830053271105,0.00018744225939634936,0.0012241232311248746,-0.0012676746471111497,0.001027421782761213
2016-09-01,0.0018432638178173713,-0.0036640725956836656,0.0014776169997447366,-0.0012626585915085386,-0.0006696723844488287,0.0022887291619309164,-0.001709880455331431,0.00036753958711869487
2016-09-02,0.0017184303322431232,-0.004319008389075576,0.0022449785407558055,-0.0014452501085845896,4.256276676622224e-05,0.0016025071648857422,-0.001276855200330411,0.0002621022178989614
2016-09-06,0.0023984888726812123,-0.004782450819214543,0.0022431275356219467,-0.0020448005084318733,-0.00022980734666640658,0.0007878532785404349,-0.002318393772381395,-4.0580763995840246e-05
2016-09-07,0.0023170244462247147,-0.004075871918710871,0.001673974542496463,-0.0014578747894166473,0.0005355066926527559,0.0008636636124034537,-0.0022702329338315933,-0.0004786943228725964
2016-09-08,0.002277476792832321,-0.005553305360112955,0.0018090950216676342,-0.000316811213786539,0.0007685102642205268,0.0010572974043610796,-0.0013560567636386293,-0.0008099958056338121
2016-09-09,0.002167507414251436,-0.005040989903832961,0.0015982079711935851,-0.00011325174111115083,0.0004451550884458,0.0007862506463399961,-0.0009674975042436974,-9.231560894899923e-06
2016-09-12,0.0020595379138253563,-0.004313998427657036,0.0014374269901987263,0.00030748734361702823,0.00022331698420084136,-0.0009363007592952567,-0.0024357521859711653,0.0004915628190124124
2016-09-14,0.0023962601665915365,-0.004809533574173961,0.002045752383293114,0.00035177091400614654,-0.0005437093983581234,-0.0003130712160868902,-0.002130728881835377,0.0002891065551696545
2016-09-15,0.001318916010413747,-0.004750708394459975,0.0013299274175911338,0.0006315737910518878,-0.000552425139402315,-0.0012139482591272145,-0.002084238255010997,-0.0001900870544709216
2016-09-16,0.0013411772486966109,-0.003396983543895196,0.001957535159430445,0.0005065776167591129,2.2402400025104655e-05,-0.002639951016872699,-0.0012345826504453047,0.0002445018384276725
2016-09-19,0.0011097686773319571,-0.0025535031933031074,0.0013959973092650475,9.759554890471684e-05,-0.00031846416076282056,-0.003147220086771691,-0.001030014016907826,0.0006827447719164811
2016-09-20,0.0006531884339056078,-0.002162530560624872,0.001351147101558529,0.00017961089500298077,-8.120171918571883e-05,-0.0024306072238584283,-0.001896919918344658,0.00036224219570723376
2016-09-21,0.0004022252559797518,-0.0018207909334680256,0.0016058633150670518,-1.5630979807279783e-05,-0.0003705531246665324,-0.002787086898300232,-0.0015285998023142808,0.00016173088116337513
2016-09-22,0.0005849901254669368,-0.0021867512279810787,0.002127710278541561,0.00021676297209429147,-0.0012683884696839997,-0.002557743867628914,-0.0016039475585690251,0.00048562067574376214
2016-09-23,0.00027450493622947466,-0.002777863722367853,0.002285220522198943,0.0005139734440131306,-0.0007860587383746108,-0.0021107326314389373,-0.0008582878939074675,0.0015434662511553947
2016-09-26,0.00017865673652557476,-0.0024573367469714353,0.0021296957361305498,0.0003065232102792994,-0.0008661507939530042,-0.0014393286320498145,-0.0014413930420668609,0.0015648439032798372
2016-09-27,-0.00010266215918876298,-0.0018435535852190273,0.0019244094275587746,0.0005652003198466753,-0.0014261742743253711,-0.0011961507182259427,-0.001202888042242764,0.0013624858766595718
2016-09-28,0.0001730954535733994,-0.001690555379032859,0.0018501674992429293,0.0006220903680586346,-0.0016727654502098229,-0.00044622434134172697,-0.0001134956918356449,0.0007001116331832552
2016-09-29,6.99698007108581e-06,-0.0004987553466857455,0.001046697130791491,0.0002978077703263176,-0.0010648311883466749,-0.0016250983998860131,-0.0025446036333664507,0.0002025716059345062
2016-09-30,0.0001277365266017399,-0.0005472151663862422,0.0015124309937151947,0.00035125123776539685,-0.001440146646591278,-0.0008447544715504075,-0.0004981537597460463,0.00090575613915021
2016-10-03,-0.00021881428468732505,-0.0008174654406657218,0.0020471451926947584,0.0008754067900334647,-0.0016287291554194653,0.0006181298910521712,0.0010540249885208834,0.0014865393455838908
2016-10-04,-0.00025046415461567296,-0.0006024932472277946,0.001676590756371698,0.0009271387230992561,-0.002126508935555566,0.0007658299806487164,0.0020111331587611783,0.0025680948888994167
2016-10-05,-0.00048033397845068836,-0.0005335464508803831,0.001715533295199926,0.0006061583308076139,-0.0018951784868593182,0.0015327758888436843,0.0028383117945852197,0.0029459612337058147
2016-10-06,-0.0012071117819639216,-0.00012778633597439735,0.0008960469884566878,0.0007721897406758487,-0.0015436087197394628,0.0018594524095745602,0.002265724244401895,0.004169961806293793
2016-10-07,-0.0012178977931678046,-0.0002621104960436071,0.0011198545267227657,0.0005611400145133166,-0.0017309768444474462,0.0017952232929646572,0.0020672400333388813,0.004070321480676538
2016-10-10,-0.00117211383867239,0.0014556157708589953,0.000751570960545009,-0.00026490803314602467,-0.001900465666622542,0.0022035677488274315,0.00021923045793016552,0.0036436151265074684
2016-10-13,-0.0015357330233525754,0.0013787974693836226,0.0011552263239314937,-0.00037202001400956134,-0.0010919332037314258,0.002489653488905727,-0.0008912504092973897,0.0026807552862898962
2016-10-14,-0.0011630344902577828,5.155746046212257e-05,0.001715917401182367,-0.0002762350270964055,-0.0011640374219855378,0.0036587540001222973,0.001053504839180089,0.0033906308637117813
2016-10-17,-0.0009109320395906933,0.00046796850807594365,0.000769720138155922,-0.0003623053500597089,-0.0008455154339133135,0.0032749657710143955,0.0009633386903957463,0.0033168978404152787
2016-10-18,-0.0004758925869629583,0.0007573633933919618,0.0007586305454593712,-0.0006579197374017823,-0.0013191513597370713,0.0035576555575710226,0.0008536572742026216,0.002830591857571409
2016-10-19,-0.0004158789307008939,0.0007136834167523508,0.0005397594211337612,-0.0001504882119443945,-0.0021694078978806612,0.004730505222120731,0.00043886132955698465,0.0031593062833671914
2016-10-20,-4.391369548709524e-06,0.00017951130648252294,0.00032160771018230105,-0.0005675910740630291,-0.0020943052698652823,0.00468346413205848,0.00044432538174148366,0.0027745333468335806
2016-10-21,0.00011130706646567562,0.0006813134490969714,0.0005772485704389899,-0.0005803957895481333,-0.001582539736137554,0.003998701594413772,0.0014037595193737839,0.0024341043458043447
2016-10-24,0.0003220791983360432,-0.00021874412721447706,0.000804589405460823,-0.0006267601448261893,-0.0013054141141187446,0.0036485493403482284,0.0014451836566960635,0.0028863646962430027
2016-10-25,0.0003005029654193967,0.0003296352997698064,0.0004574198761006709,-9.530750980182834e-05,-0.001250727571355362,0.0034911612363383478,0.0010920422985726626,0.0026379423764672444
2016-10-26,0.00016949643389460025,9.758710970949637e-05,0.00038999711267072583,-0.0002271859416904849,-0.0009517998130473767,0.003002849759563163,0.0008175443575949858,0.0022192075522964633
2016-10-27,0.0004042578272706606,-0.0007026694225947469,-5.578303841113983e-05,-0.00012144158896497913,-0.0005638715567321455,0.0020718669059140117,0.0010647089908162482,0.0015130437400332649
2016-10-28,0.00046638035525919084,-0.0012484042163416274,0.000680554504460032,-0.0004838611958110383,-0.00042471072293635967,0.0032096112026009254,0.0013701867110640195,0.0016203849612132588
2016-11-01,0.00017716656679211067,-0.0010793552714382,0.0006028942289124715,-0.00035987404619969754,-0.0005509954892436882,0.004241850854551091,0.000481342266172672,0.0021537962496718842
2016-11-02,0.0005398284872721849,-0.0013990240419656799,0.0008133666069978651,-0.0002549915509447915,-0.0006039259242098425,0.005303070623977836,0.0024018270144820614,0.0018348793735722914
2016-11-03,0.00043811084689291123,-0.0015835877738018484,0.0003166551637079803,-0.000716866132308766,7.93666695637278e-05,0.004614345556569506,0.0003138334137605227,0.0009433058660645625
2016-11-04,0.0003796530012482237,-0.00012797188375034824,-0.00022549359673350853,-0.0027345710274273723,0.0015334046464750247,0.003294071484732421,-0.001515920310719379,0.0006965132305510869
2016-11-07,0.0007281674289476035,-0.0004836225118798833,-0.0003731212863714165,-0.0021522011079377268,0.0019521249830853392,0.0035271151414616713,-0.001111477366801483,8.188719807874904e-05
2016-11-08,0.001016122319297454,-0.0004176742967986571,-0.00012845982094504766,-0.0029593845134515246,0.0014664523988809634,0.0029463476449411215,-0.0024703362603028666,8.335969141271384e-05
2016-11-09,0.001843718559831095,-0.0011315252926479317,-0.0005916920917702518,-0.0011128743136676093,0.0010001520514631324,0.0026202263040081743,-0.0071873242418766595,-0.00022063799285611404
2016-11-10,0.0028748971407386624,-0.0015922048693240037,-0.0018274603045741887,-0.0011249137122378242,0.000779321247734348,0.004452382507280553,-0.007379093610438584,0.00014561496146633793
2016-11-11,0.0031878022886501827,-0.0017338772570055024,-0.0026753688714234018,-0.00043094225712171077,0.00041310865806236667,0.00404018698406083,-0.007874737230625943,0.0009924121667709042
2016-11-15,0.003490354440461446,-0.0009996936108231363,-0.004234934762740434,0.00010606345225699877,3.862276565755329e-05,0.0028668118472928513,-0.008933310231785896,0.0015274073855786065
2016-11-16,0.00291182373901049,-0.0001253716214012551,-0.003809737321497692,-0.0008728059880122587,-0.00028155464496636747,0.0027308548147451277,-0.009771261050223492,0.0007409407567026322
2016-11-17,0.0025710526152387296,-0.0006840970742083476,-0.0029783165005069804,-0.0004503279059523413,-0.0003635501753679409,0.003463833904327168,-0.00884792629263253,0.0010316659340629177
2016-11-18,0.0021066177891064155,-0.0008894441899039698,-0.0023777117060650287,0.0003558019318332115,-0.0006537566637716142,0.002766146214165984,-0.007861769389817926,0.0021174081540861365
2016-11-21,0.0017639956952804404,-0.0003995153074392412,-0.0029771672647234872,0.0003872295965978343,0.00014499697995844132,0.0017519397607815342,-0.009381311638177126,0.0019144452261781564
2016-11-22,0.0012096309833024349,-0.0001614422276784485,-0.002245035485250635,0.0005855130431211379,0.000544263560680771,0.002226119833592443,-0.008968259901029361,0.0019041029699071363
2016-11-23,0.000844561081904025,-0.0006541916124661843,-0.0023194709195799956,0.0013786177129291263,0.0001541735596393666,0.0035712350825749233,-0.00819749724844888,0.002374770416232688
2016-11-24,0.0003642806841695949,0.0010479661055668777,-0.0029728959164971045,0.0011441248704028933,0.00029619234224503247,0.004610534107773819,-0.008599264450364408,0.0018298275237174032
2016-11-25,-2.776859725270699e-05,0.0025864234204978917,-0.0036017258811509886,0.001166393275714888,0.0004497456987765302,0.004636700078365814,-0.00854866834150292,0.001484165987791797
2016-11-28,-0.00020183178126751333,0.0025383774771166514,-0.0034330567596899692,0.0013240399613538164,0.0006979597218151105,0.00529734446971517,-0.008064101375494404,0.0017598659980101116
2016-11-29,-0.0005694062896523604,0.0027212286890329882,-0.001815960519405959,0.0006945370376531673,8.099616911476934e-05,0.0054680554517263485,-0.00761632716624836,0.0020305905578619885
2016-11-30,2.0433308558053063e-05,0.0025217615505877078,-0.0023521810262866903,0.0002678264464202008,-6.631386210943649e-05,0.00443233562992863,-0.008434464329432349,0.0016070080179513674
2016-12-01,-0.00013579029195323394,0.0027354787374466714,-0.0028463363839211697,0.000781183179973865,0.000601175652993636,0.0018998000976061206,-0.00859766364783321,0.0012115932400656032
2016-12-02,-4.034960258538769e-05,0.002699400801003122,-0.003033429396182607,0.0014657339155080085,0.0001121698124358951,0.0017702625210602512,-0.008180365206620894,0.0018963217550561182
2016-12-05,9.146784307828516e-05,0.002169485906456354,-0.002483784779635037,0.0018242784830987857,0.00025559180271265557,0.002400895981161588,-0.007700731780597336,0.002054129330572351
2016-12-06,5.038488682899511e-05,0.0012402735849061973,-0.0026539272488002325,0.003708082114197904,-0.0014318319001172066,0.003532422894048196,-0.006037733447911621,0.002595055765931239
2016-12-07,-0.0005763980843195519,0.00134029154844016,-0.0019552964125425336,0.0023279022547619014,-0.001764836573001088,0.0032744442607676155,-0.006790746401605767,0.0029972158566957405
2016-12-08,-0.0007859386555877244,0.0013369070554821475,-0.0021555223204015664,0.003033753983411335,-0.0014450789894112747,0.003884441871100915,-0.006573119563140231,0.002857330344742363
2016-12-09,-0.001078733801396381,0.0024921445379747584,-0.0018633821531278008,0.0012262240399811735,-0.000823133090438083,0.0037903664116234843,-0.0005615782633815551,0.00233997601309844
2016-12-12,-0.0024382552178246787,0.0034780308399719765,-0.001342084327138325,0.0016130956712353413,-0.0007988442956234089,0.0018221122028419003,-0.0003420328301753403,0.002428998801961006
2016-12-13,-0.002744376970786128,0.003479510846808142,-0.00014844657534132042,0.0006328904982871201,-0.0003409261290732982,0.0007141742726477423,-2.5191798658935572e-05,0.002064140335253421
2016-12-14,-0.0028329746029093637,0.002685254784654552,0.0012495606937169427,5.8187599269696655e-05,-0.00041948075104732314,0.0016050747031552835,0.001823945530406423,0.00195142902597444
2016-12-15,-0.00204112186587537,0.0024181770298299164,0.0008080406942093954,0.00018616791721060108,-0.0002223853585245713,0.002217221292124036,0.0026037412134719724,0.001956159647831223
2016-12-16,-0.002323264808306911,0.0031622165329079706,0.0009046136514449124,-0.0001213953498222809,-0.000756087148307751,0.001057517911206917,0.0018590984244422036,0.001589724719896571
2016-12-19,-0.0019747451485385746,0.0034359219609807583,0.00042343138966330883,-0.0010530560575825318,-0.00018451837210743777,0.0014283686292933652,0.000880975224947688,0.0014603076340114433
2016-12-20,-0.001895173981905599,0.003276145766584536,0.0009251093650658569,-0.0018397077351226146,-0.00010230829565979229,0.0019535850943457646,0.002678939113102701,0.0010820977701419226
2016-12-21,-0.0015565584912883724,0.003120076410368738,0.0005036672779510996,-0.0018527609350294468,-0.000648383888099131,0.0013891578833705011,0.0023377874273735454,0.0016525825098010756
2016-12-22,-0.001375545880869008,0.003285619535255982,0.0006965991796673364,-0.0028655982738443617,-0.00021907843708112893,-0.0005209446860513154,0.0013905573293157298,0.001355666606489342
2016-12-23,-0.0011015092057159994,0.0018819328845541316,0.0011285745251201492,-0.0028796917922322583,-0.0007459004732974697,-0.0016957318257396655,0.0009613926491421025,0.001642500711625582
2016-12-26,-0.001018746541822326,0.0007916254849543657,0.0016263535149561351,-0.004210385878750716,-5.054717876545531e-05,-0.0026127121478755873,-0.00019453524489521806,0.0018128708464154315
2016-12-27,-0.0005563053148872832,0.0008572418751700156,0.0014370271223027391,-0.004065577591547564,-9.305958012266024e-05,-0.002542006090761859,-0.001402729370507679,0.0013987436457792788
2016-12-28,-0.0002838872056781089,0.0012851891482546674,0.0004369924219161617,-0.0034655699338207763,0.0005669451802545474,-0.0024011030239798575,-0.0010347279062156614,0.0010131938641323064
2016-12-29,-0.0008397258808407956,0.0016592613212030169,0.0006803695983942278,-0.003552564486428599,0.0005022029965307343,-0.001987017889660373,-0.0006472232889352637,0.0017006213273917234
2016-12-30,-0.0006124047721066482,0.0016691895645715017,0.0005690046063909121,-0.0038107808609534628,0.0005010125104640934,-0.0016568965617957544,-7.376673609268812e-05,0.0019096190036575673
2017-01-02,-0.0012739435771956834,0.0015428296756573516,0.0017487602607937228,-0.0037910765303969273,0.0006929070746185292,-0.000759656655972547,0.0022700415760680596,0.0018403317379260494
2017-01-03,-0.0013460974116039609,0.00211137357884243,0.0009483287760084849,-0.003738077921819317,0.0005171774188404072,-0.0011309190673428142,0.0023270567401683737,0.0025622434266771113
2017-01-04,-0.0016659953067818612,0.0028257023750966775,0.0013692721816401339,-0.0036909664731331385,0.0012071738119338623,-0.0014889640293173183,0.0027891155401264084,0.001817987309674158
2017-01-05,-0.0013085836570617601,0.0019385256175982687,0.001406466972332325,-0.00267610512114897,0.0011581379811563548,-0.0008010800372724525,0.0031771200467669786,0.0017654955138811464
2017-01-06,-0.0006335112936108547,0.0008469021245638572,0.0010690121106277665,-0.002203051227167161,0.0008389932858537487,-0.0011748884755699751,0.003088199212737152,0.0018805969317304385
2017-01-09,-0.0009053374943995202,0.0010960142156976544,0.0013861360709412063,-0.0025679704753684015,0.0009834676680405276,-0.0010541580689262496,0.0027695055897707403,0.0014682506641476723
2017-01-10,-0.0006385464714847295,0.000581649591715641,0.0019895997639347426,-0.003052479664266553,0.001242915145673376,-0.0010823827560091652,0.002059791505776809,0.0013070671163960055
2017-01-11,1.8143927418113096e-05,-0.00015090493770371024,0.0016474834504160104,-0.003061006150671101,0.0006947724082755437,0.0011857938049151797,0.00259729232602349,0.0008109249892207447
2017-01-12,7.235828424872939e-05,-3.8292748558075435e-05,0.0013965644896581086,-0.0033400025849329757,0.00026515293710430046,0.0015925872881198898,0.001885912412710731,0.0009545298911712297
2017-01-13,-0.00011547789159809863,-0.0011040936991468916,0.001035446069651435,-0.00236938213837267,0.0011061256276239072,0.0013394273788837614,0.0015896835411550337,0.0010645711108177355
2017-01-16,0.0004223985205034173,-0.0018057127050463012,0.0009458311348562701,-0.00260517154252712,0.0012380511836886138,0.0023919529939242855,0.002113953712288989,0.0008185872192357012
2017-01-17,0.00037227979858183227,-0.0017734367634280044,0.0010695361610711849,-0.0022806460251147314,0.001724444123906097,0.002030145417177511,0.0026751388830467196,-0.00028165216878441425
2017-01-18,0.000870243771515213,-0.002354454226921687,0.0012415177539774796,-0.0018600683861928907,0.0014847101574526084,0.003304150995920157,0.0024789001185758206,-0.0005385860292020008
2017-01-19,0.000503583402946429,-0.002186821072780172,0.0013837426398959308,-0.0020292190244661644,0.0020368909573015765,0.002813359108347679,0.0015952072453548388,-0.0004534647989889024
2017-01-20,0.0002515105088959132,-0.002302321985503209,0.0011235222100793182,-0.0017809766479909652,0.0021937072053712097,0.003025141235838882,0.0007605570506358404,-0.00041355305054022054
2017-01-23,0.0001265929913314384,-0.0016636964070377552,0.001102077191107258,-0.002091201673414324,0.002884016194626077,0.0042468927080951055,0.001512673593592312,-0.00056174756391345
2017-01-24,0.00025315916362451864,-0.0024607777860897566,0.001666346831518237,-0.001180721544431584,0.0019421639087406593,0.0055304670892493335,0.002499690536648647,-0.0002506927934101148
2017-01-25,0.0008018522425140722,-0.0032932010748672256,0.0016425872524992234,-0.0020994977640741864,0.0013625981970207062,0.005080604798368813,0.0030909815964165603,-0.0005301686929618256
2017-01-27,0.001180135330513908,-0.0035429827606296435,0.0017229555744635622,-0.0024534064760097654,-2.4638644668361232e-05,0.0049556721938798926,0.002083339061814665,-6.059409703667619e-05
2017-01-30,0.0009195338038297221,-0.0035762291802375326,0.00109054582686896,-0.001714976036189277,0.00011690533841443845,0.004616201720604207,0.0018530240157801216,-0.00020438448062602525
2017-01-31,0.0012462847826414983,-0.0047269348500947215,0.0013582900069514232,-0.0022781380349333894,0.0002767462835083518,0.004857509719415686,0.0017875313483313874,-0.00030495496800464223
2017-02-01,0.0021192855149212687,-0.005949549184732473,0.001196197274356299,-0.003588155548218474,0.0009123672002222263,0.004172210481742773,0.0011562171478161922,-0.0010601495779495357
2017-02-02,0.002039528687722934,-0.005098824312669444,0.0006827487680616459,-0.00266200252811175,0.0009572184904759005,0.0039883606492717594,0.0009885174270702658,-0.001587848408209343
2017-02-03,0.0026753539592752223,-0.005283915112305592,8.17370400269502e-05,-0.0019503340321299532,0.0006413057807628129,0.003717696391094084,0.000310569961623066,-0.001463124550310075
2017-02-06,0.0026462827071684738,-0.004671517676564934,-0.0004630145745557154,-0.0018032337464887866,0.0010322834580341143,0.002237978702180711,0.0008483287533241294,-0.0016998042062532775
2017-02-07,0.0021594727434163623,-0.003470048282453868,-0.0008543550977060319,-0.0023439116769647782,0.00144331150187279,0.0016309835515110347,0.0009947441016675967,-0.001931044520098879
2017-02-08,0.001859465087753383,-0.003888264766694364,-0.00055062394952001,-0.0018018509871736332,0.0008884022656531921,0.002067552387935709,0.000902050738442451,-0.0015137892299250904
2017-02-09,0.0015702855901094936,-0.0029843229125752465,-0.0007389408566024127,-0.0019327515919193928,0.000982045189474028,0.0013033891953297067,0.00173797413967284,-0.0016722540267229528
2017-02-10,0.0010869634918772662,-0.001516976960344208,-0.0009181347427544343,-0.0024111125702636176,0.0009970240164115227,-0.00038441520551221113,0.001909599243792871,-0.0016028133248179722
2017-02-13,0.0011535295729765715,-0.0019546571614397954,-0.0007653419102936182,-0.0021932901054530865,0.0014250258068605757,-0.00023889575779172155,0.0016302599848340704,-0.0019323093903074345
2017-02-14,0.0011023713850318293,-0.0012045833278628705,-0.001093183018710963,-0.0027349601459667246,0.0007913320072044871,-0.0005362223768019582,0.0013687933409249052,-0.0018498111715467504
2017-02-15,0.0008560842253008856,-0.0005566546387592564,-0.0023660766079737303,-0.003033419743289571,0.0014733395264609908,-0.0012519297107287698,-0.0007323369064423588,-0.0015143367828422169
2017-02-16,0.0007441346897432057,-0.00018154479230798578,-0.0018881109422118523,-0.002193778765394869,-7.126807294867248e-05,8.90967485422051e-05,-0.0004101930517054664,-0.0007570385001686186
2017-02-17,0.0010907562165903815,-0.0008799846193563207,-0.002045064011525823,-0.001459251766885243,-0.0002516211624170885,-0.0014968167106942333,-0.0003761400895230657,-0.0002536721088084639
2017-02-20,0.0012742709483264782,-0.0003958915814857673,-0.002272221458169437,-0.0013028043453725568,-0.0007025505641606083,-0.0007172828280509662,0.00024859245925032197,-0.0006323935361081318
2017-02-21,0.0018174791122481386,-0.0005747184711460281,-0.0023065120191113073,-0.0015524876303398879,-0.0013345754501851597,-3.500289929295403e-05,0.0008942362143638427,-0.00033913803225464004
2017-02-22,0.0019172828935918674,-0.0015882899078282246,-0.002438249203703298,-0.0012591057899870417,-0.0017571762252300476,-0.0014879172951526081,0.0007472162444399255,0.0012785488353479124
2017-02-23,0.00189007779960919,-0.0003111024019327121,-0.0028594654702665413,-0.0015241232505120563,-0.0014058897549405688,-0.0016437045193257581,0.0013650019707656985,0.0006233886618688773
2017-02-27,0.0011088925410002212,0.0008749928829532903,-0.003059330593389503,-0.0005105616005426719,-0.0011446069413615734,-0.0015716052772206768,0.0015181602979366744,0.0018325131903280873
2017-02-28,0.0008282746490739343,0.000983137874770459,-0.00303992695749237,-0.00030495720324561783,-0.0001303999026946673,-0.0010261589928568056,0.0026811763801392417,0.001397878556504506
2017-03-01,0.0011320808615372631,0.0009331975391511098,-0.0029502503885609106,-0.0003940933620656419,0.0001569036884007714,-0.0004847241590796563,0.00427708746180039,0.0005165360950945583
2017-03-02,0.0006375077157309531,0.002287318885683695,-0.002490735844761159,-0.00044925567369696797,-0.0005878437190371714,-0.00040803956824047487,0.0023766491628753185,0.0003257787786703297
2017-03-03,0.00013708983688684993,0.003918466804955933,-0.0034311543743454943,0.0009643436142715044,-0.001438922941974845,-0.00037353421287270136,0.0014225866877969617,0.0014514935506291862
2017-03-06,0.00015389529239598983,0.00269255710795494,-0.0024746956692777663,-0.0002778924749339091,-0.001875401495357988,-0.0006029974212576773,0.0015114662388129648,0.0021131348044741696
2017-03-07,-0.00010416023489165892,0.002429179269075283,-0.002178518705896246,-0.0010823518032652645,-0.0016419574019162714,-0.0010367235384567755,0.0016128681283933733,0.0025933112291197935
2017-03-08,4.531485676127279e-05,0.0025967224948126428,-0.0022543974188315025,-0.0012277601339401034,-0.0017966554959247662,-0.001375779284040466,0.0004770917608374033,0.0022226168969946935
2017-03-09,6.022683456265903e-05,0.0024874568324708734,-0.0017121834128204167,-0.0013278095082447914,-0.001876120944060247,-0.001271168517485991,0.00044754552597361095,0.0021883723274800874
2017-03-10,0.000230420174973023,0.0025192682017749777,-0.0019259257600360603,-0.0014108427656882075,-0.0017866360983005772,-0.0020061978528536843,1.901857734728466e-05,0.0018214535057711834
2017-03-14,0.0005518538504864397,0.0015748071536855943,-0.002207238769238536,-0.001171334001014667,-0.0019191726836077826,-0.0024634906486027653,3.452495132293121e-05,0.00140522579107267
2017-03-15,0.0006218402100177888,-0.00015713165981946255,-0.0015499565358576164,-0.0005005846203423462,-0.0013761279557229446,-0.0020020007259167294,0.0003178911204572447,0.001858984204501469
2017-03-16,0.0004417041529438683,-0.00019628465978308615,-0.0014535763391907907,-0.00037282143410869253,-0.0013130311224560892,-0.0010451219925932177,0.0011127279216958052,0.0016659766889518218
2017-03-17,0.00015684232237480667,-4.996244718062778e-05,-0.0010444185549347614,-0.0003512936007788337,-0.00010106833607583161,-0.0008413429321669935,0.0017117737627205755,0.0013008293021316505
2017-03-20,3.8680061947131156e-05,-0.0005777335050970835,0.0002240730828174716,0.0004721497381016942,-0.0004422839306702114,-0.00035578864136274536,0.0032379024007763366,0.0011502897529403438
2017-03-21,-3.8215019301413196e-05,-0.0011201010895224711,-0.000483323992772593,-0.0014360262892130268,0.0010954711830244372,-0.0011568477432737643,0.00342866539306076,0.0008136300552314694
2017-03-22,-0.0005837307680700171,3.088648629503282e-05,-0.0005255195892837487,-0.0016267327474504684,0.0008499757918032564,-0.0007169193155015538,0.004246950043148935,0.0009292593231634417
2017-03-23,-0.0005975816348999524,-0.0003033664585328379,-0.0003511996755334941,-0.0013959730649008174,0.0007657852360037304,-0.0011521880999190322,0.0036892210175779898,0.0010683294838881362
2017-03-24,-0.0004646689697413558,-0.0006664917079072094,-0.0004787884075449812,-0.0014545442202725208,0.0010263099728879174,-0.0011190610367270662,0.0037312856369551596,0.0008924221334139977
2017-03-27,-0.00019881440454269541,-2.5226224994745645e-05,-0.00043352628856231906,-0.0012629141879994823,0.0014863282381764598,-0.0016641717699690992,0.00407960416317402,-0.0010905997967893114
2017-03-28,-6.263650557490131e-05,-0.0008898826771221108,-0.00024060354695278584,-0.0011405324708389844,0.0012919636756185391,-0.0017901552796227562,0.0032847018449575446,-0.0009061048674782235
2017-03-29,0.00045987450385027626,-0.001151135787541624,-0.0004313412126705044,-0.001995103650090217,0.001284899467441998,-0.001918480602182047,0.0025774472497338396,-0.0018041809347532243
2017-03-30,0.0007342154219849089,-0.0013303821625428509,-0.0005482289834567399,-0.002358777432646835,0.0012077528486879611,-0.0025614002239378658,0.002629729234653666,-0.0014787988008780168
2017-03-31,0.0002913544752749873,-0.0013970909162846058,-0.0001771218470851361,-0.002504910492337186,0.0006399741139794253,-0.0025333398627512536,0.0010935893641521935,0.00034458711933326347
2017-04-03,0.00045883494234525107,-0.002443379241460743,-0.0007292818147962177,-0.0019449979902967686,0.0007525853566210763,-0.0026957408546335665,0.0034813236679571745,0.000905659684579259
2017-04-05,0.0006874164824938465,-0.0032501483831107545,-0.0002220595482399898,-0.002256002386320249,0.0007786099409025765,-0.00267852279927097,0.004301506391372137,0.0008307846168967884
2017-04-06,0.0006009352392597059,-0.0026362755135913157,-0.00043013997104944285,-0.0022066436120040597,0.0004322647890518921,-0.002210130480033101,0.0046809315152744075,0.0007903635098457666
2017-04-07,0.0005004198815364478,-0.0027217659287768446,-0.00016109140883375085,-0.002576465263907185,0.00043900442427511396,-0.001660463880309661,0.0038249517667147855,0.0006201865685492151
2017-04-10,0.0005515326440524229,-0.0031662007460755157,0.00023659113447925735,-0.0025765271797335704,0.0005250428979161851,-0.000355365291474593,0.00419207006581737,0.0009235822735054831
2017-04-11,0.0006512131871217544,-0.003095034970781672,-0.0002508566594458404,-0.002280901651253447,0.000980790016459982,-0.0010156608186136919,0.004597879846588254,0.0008757997202683235
2017-04-12,0.0006983184994938311,-0.0033393529740764426,-0.0004102934019195761,-0.0015174520867012571,0.0013384305411019049,-0.0008419232790648137,0.004910561219903543,0.0008933356141632379
2017-04-13,0.0009665315054598635,-0.004041389445212776,-0.0003475820580680551,-0.000855224325146616,0.001240462095535044,-0.0010699021544580312,0.005103557630710204,0.00203365110105882
2017-04-17,0.0008047658380018858,-0.00348701058278814,-0.000755329794603944,-0.0012882077970869169,0.0010881628095140543,-0.001763540347520506,0.008711407663750684,0.0022943582463569472
2017-04-18,0.001189517746478206,-0.0035968559113371415,-0.000910563953388292,-0.0014424149587642305,0.001235724359605281,-0.0034449987712743134,0.007015251297850609,0.0023017463460524848
2017-04-19,0.0011447364360164,-0.004075673878542396,-0.0005598004717871211,-0.0013105596436573733,8.33996402483571e-05,-0.0030427171915221023,0.007396046708631951,0.0027731027408739502
2017-04-20,0.0008022996217538612,-0.0034264032704215287,-0.0005250593385058264,-0.0018929730813671422,-6.013940929346963e-05,-0.0033108748791288688,0.008230210842389816,0.0026138943580981686
2017-04-21,0.0012022141376784215,-0.0035585835765563735,-0.0004932790596955292,-0.0013013774422047117,-0.001137078623791471,-0.0033757614402544467,0.008674085931251232,0.003387764426048858
2017-04-24,0.0014253900837747856,-0.0042926664805555854,-0.00013967249075609708,-0.0025107619317686317,-0.0010725362917444533,-0.003412870054926245,0.00851886354540575,0.002864126445080926
2017-04-25,0.0014302780671231969,-0.00459648100178846,-0.00022401060192080993,-0.0026678307766242687,-0.00027217657115978684,-0.003771890847545293,0.008968561344831179,0.002653443125958854
2017-04-26,0.0012027823407623104,-0.004944450158968285,0.000219570304759337,-0.002906444778624717,0.0004354470594519189,-0.0038445499497737623,0.007201826507846299,0.0019221105397128257
2017-04-27,0.0012492774164567166,-0.004471521599732109,0.00020123545084331507,-0.0031234942961294236,-0.00028939835957172153,-0.003298773075224847,0.0071419140456170215,0.0024281042378211295
2017-04-28,0.0014242520168605709,-0.0044580661203823145,0.0006852825877035468,-0.0027924305145131615,-0.0006321853045560912,-0.0023927461821055254,0.006965291609591614,0.0028524059986855454
2017-05-02,0.0011924167461218847,-0.004252034995095366,0.0012463356609191843,-0.0026612716563252634,-0.0007113298442907351,-0.0026736679121241516,0.008173149305066853,0.0027740560586693727
2017-05-03,0.0007766891429316122,-0.0034505192005707935,0.0012404820128954718,-0.0026998307936091336,-0.0006862745123486032,-0.0024680667346630627,0.00819796153048991,0.0026612051146678133
2017-05-04,0.001795696589341647,-0.003688435999526311,0.0006153627377458888,-0.0029753811129941427,-0.00013542045611117696,-0.003629104542080231,0.007616338930585293,0.0010111936896134654
2017-05-05,0.002036859915124301,-0.002573303067574401,0.000644530870058248,-0.0028936757507226143,-0.00026240499843345716,-0.004223589181520156,0.006972181426533493,0.0001811894529284617
2017-05-08,0.002139690851974372,-0.0016350092853655,0.00037874865525514034,-0.002660129590102342,-0.0005372323232116218,-0.004750778070044648,0.007467777778862018,-0.0005287362471180169
2017-05-09,0.0020486382315753715,-0.001464316584235605,0.0002963376313135552,-0.002478105706459205,8.19398343463412e-05,-0.004549166198693497,0.007221453157202461,-0.0008454517995162143
2017-05-10,0.0019418102601302463,-0.0022943789950766623,0.0003854907109613528,-0.0019086889415863267,0.0003809120313486233,-0.004430634039845749,0.007191519350074756,-0.0008200877149730809
2017-05-11,0.001555948970904637,-0.0016130033695105975,0.0005382745617842557,-0.00186997099705966,0.00029934614940498624,-0.004744944113057886,0.007418207658336027,-0.0011561545807963615
2017-05-12,0.0011691558701136394,-0.0009822331334110625,0.0009732949897257828,-0.0019266128344125233,-0.0002071264723825907,-0.0036935863418981725,0.007523936702637495,-0.0008161352728839497
2017-05-15,0.0012367826373603922,-0.0011605614987867028,0.0010639969380753158,-0.002120778128827746,-0.0003403695392883555,-0.0026951422666764598,0.007423498251265858,-0.0007483713498013821
2017-05-16,0.0008072075967642024,-1.953931999051136e-06,0.0013615369836425105,-0.0031501434422571,-0.0001285828158688019,-0.002188079935621061,0.006924201943047322,-0.0015244698881547942
2017-05-17,0.0007807672916732202,6.170944092476942e-05,0.001644025312387842,-0.0030131981005240365,-0.00036192285899752695,-0.0007418071398608778,0.0030421283060865162,-0.002108802029152715
2017-05-18,0.0005376911839165171,0.0009510830574194229,0.0012627579885036808,-0.0025741114794076243,-0.0006968383062379517,-0.0009206929890984724,0.0034066209455447588,-0.002251944931319
2017-05-19,0.0009404847294296156,0.0007211983507993431,0.001055093662487078,-0.002434546342728101,0.00025951177475487964,-0.001221966571501978,0.0026744946110909603,-0.002887415246427668
2017-05-22,0.0009585081004033608,0.0006119259623077735,0.0004750786384476128,-0.0031683177711068103,0.0018445535755532514,-0.0014394749345454287,0.0010913218568900755,-0.0030222392304924284
2017-05-23,0.0008530643703884284,0.0009578689460266552,0.0010832338790737572,-0.004060484649337077,0.0021286975799715874,-0.001231346350859445,-0.001194089555497565,-0.003917752971693906
2017-05-24,0.0007255470638948134,0.0013569832778610002,0.0011777876690071448,-0.004279206838095136,0.0025055471045870863,-0.002011092823846176,-0.0024372336588260103,-0.0036379039391335423
2017-05-25,0.0013636267098750196,0.0019313758904437655,0.001264638334789878,-0.006139328736423446,0.0014922805216946696,-0.0017785453167866645,-0.0024556223046083058,-0.004117392699242324
2017-05-26,0.001115252825776876,0.002314943216789005,0.0011555612905740657,-0.006851083360513715,0.001078229903077338,-0.0005855183174335623,-0.0009431052701382485,-0.002881340650296815
2017-05-29,0.00047172000805535295,0.0012527329169651686,0.0013213035410974345,-0.008110841885841954,0.002262758072824687,-0.00037299933470070557,-0.003327616548746881,-0.0027772232692818504
2017-05-30,0.0003667487368800781,0.001471245510928819,0.0008613580492190258,-0.007253512952013974,0.0024489048076661397,-0.0012244812990285187,-0.002271662213053173,-0.002830134243203526
2017-05-31,0.0007085292119824913,0.0009687435814092374,0.0010461513049535684,-0.006603062015191412,0.002462814037070563,-0.0016174295001105236,-0.00253460601709192,-0.0027965490184816456
2017-06-01,0.0005635569022680168,0.0005104397218905221,0.001253712054620647,-0.005908826952636306,0.0032152288876404096,-0.0019177420433049504,-0.003191676631802697,-0.003181380483495048
2017-06-02,-0.00011572801720065545,0.0008396822001726656,0.0018189095605224556,-0.0050589156522338535,0.0031666174625171965,-0.0015391216938343577,-0.0020946989659580925,-0.002995642773655795
2017-06-05,-0.00019095122938750353,0.000676272668691906,0.0019300994334216174,-0.005465242941302982,0.0033745325635050716,-0.0011442763788565692,-0.0017718278824032517,-0.0024358034531587916
2017-06-06,-0.00028555065001565987,0.0015258009539245426,0.0014684672455879625,-0.005826217993546216,0.003415243877455644,-0.0009274808706283398,-0.004050852531285376,-0.0025620863795635237
2017-06-07,2.9321661955742512e-05,0.00017268853531729206,0.0017579162783042173,-0.0051835407594825085,0.003435894886067918,-0.0009469730629705963,-0.004326602610504678,-0.002510065768755284
2017-06-08,0.00025036672401351117,0.00031601851230131047,0.0016516380697700448,-0.004211926937491401,0.003037468591495649,-0.00035928103201823553,-0.003932216862080617,-0.002868041791244798
2017-06-09,0.0005602004653056155,-0.00036817331945702514,0.001600156061711691,-0.004476395405560184,0.002426394348009637,9.990241081306262e-05,-0.0027071449844937915,-0.002626195234216834
2017-06-12,0.0005695318731382441,-0.0006064519745367573,0.0013013968877499578,-0.003677963207623215,0.0025497418888399473,0.00013004391897413837,-0.0029624708652994346,-0.002625267735842221
2017-06-13,0.0005428850610908452,-0.0008107751108816747,0.0011024624725081687,-0.00397925335019505,0.002661935147847842,-0.0010421154936416975,-0.0027033863692315727,-0.0024457564817675637
2017-06-14,0.000642307417299828,-0.0009625439875241927,0.0008361601244313133,-0.0037529154989286726,0.0020846607411237413,-0.0008560827886336354,-0.002224919607118226,-0.0017314652399199625
2017-06-15,0.0006763101425290377,-0.0009928913823819842,0.0004906842482061259,-0.0027799210694571513,0.0025705836300718024,-0.0018292473825976035,-0.0008648937296761258,-0.0014352890386010817
2017-06-16,0.000863546013078507,-0.0024300293255396597,0.0011408824963018763,-0.0038664408026601984,0.003130676330934658,-0.0010535080570992668,0.0003170224684019079,-0.0010399255523544885
2017-06-19,0.0008452546984198046,-0.002337814755236187,0.0010158904348797242,-0.004380318773177223,0.0022009159772609557,-0.0005159832547934397,-0.0001483581333274178,-0.000669990573016157
2017-06-20,0.0010739483569619315,-0.002058060506855032,0.0014410481251768985,-0.0034124747452967397,0.00045938582781046046,-6.906244974261397e-05,0.0007192899001389058,-0.0001366560043137363
2017-06-21,0.0010778026572047855,-0.0025566043419109194,0.0008029780842659924,-0.002193780097817028,0.001091980330608409,-0.000595533829940015,0.0021419718225411002,0.00013571377988316562
2017-06-22,0.0011185960067098407,-0.0027755570143597518,0.0005999418395769656,-0.0012273023672497818,0.0008845204194137615,-0.000284192886973211,0.0020287003987010353,-0.0002704341233037517
2017-06-23,0.00039188085000132003,-0.002912047051373284,-0.00010393455286851318,0.001097395923157713,0.0017336499860593588,-0.0004470456097639687,0.001283072741033036,0.00024941440657581977
2017-06-27,0.00011878895070488064,-0.0026351846172360718,-0.00018833226826394636,0.0025118929641471713,0.0016714118624100815,-0.0014083674656736466,0.0011367655837556515,9.466673923997336e-05
2017-06-28,0.0006757614658591597,-0.0014337553663040406,-0.00019582258875843893,0.004351929959090808,0.0006288937352605749,-0.0003501248278639351,0.003760139153635246,-0.0005475229679780853
2017-06-29,0.00043608475542957317,-0.0016266878440932939,-0.0004427263231346739,0.0028644230737723355,0.001260443770487898,0.00047966454172727966,0.0037528342827411296,-0.0007054930105009153
2017-06-30,6.306246532085743e-05,-0.0013135543351756552,-0.0009711545156733155,0.00347086427151842,0.0021477399832502803,0.001114520938410479,0.00291851422990235,-0.000817485273495604
2017-07-03,-7.091199535452786e-05,-0.0017599013484459575,-0.0009243373674101838,0.0026074128229486896,0.002868500411726647,0.0019086287781107103,0.0030228813041031084,-0.0006190642587330029
2017-07-04,-0.00013183123620123149,-0.0016106844370385488,-0.0011817163609635954,0.0015343317229584204,0.002221734420315309,0.002220642535038038,0.0023521313370434885,0.00036468020526815104
2017-07-05,-3.286382649677938e-05,-0.0021000880009514823,-0.0009715105052984339,0.0020039899580182215,0.0018120823178766651,0.002998935382824841,0.0027032205080395454,0.000643116889824783
2017-07-06,-8.216264719983859e-05,-0.0036159802738384107,-0.000637135791473974,0.001966173811567684,0.002519993417646916,0.0029620835188120006,0.003820432124647776,0.0006545039326829207
2017-07-07,-0.0002493975550214951,-0.002820491978442637,-0.000903669778241592,0.002110073579747026,0.002182642076605278,0.0025715672184607394,0.004772668735961495,0.0010565120275656014
2017-07-10,-0.00032688751774593026,-0.0014721438014926626,-0.0012401543817764224,0.00134886834096613,0.0016849329814904819,0.002200361841377751,0.004617179849862132,0.0011099754481495457
2017-07-11,-0.0007908388266176335,-0.0006344148229853722,-0.001320850313395763,0.0008750035660431815,0.001961330935100855,0.0012488169256507954,0.0025378192067963836,0.0013057132525918082
2017-07-12,-0.0005244261006754449,-0.0012947366268431459,-0.0012378831112727516,0.00016970739309421436,0.0018117740923027602,0.0011963596271189019,0.002323162830527272,0.0017427338391329463
2017-07-13,-0.0005651577824691703,-0.0009257294619932383,-0.0012758566542223893,-6.0895183327045865e-06,0.002105124479879505,0.0015585773676605368,0.0016741118738571713,0.0014664623344377795
2017-07-14,-0.0004282584232799647,-0.00147278979596346,-0.001366466510619668,0.0005542088499807757,0.002458274967489768,0.0017651648930914296,0.000768711295629401,0.0012306950046425474
2017-07-17,-0.000398726675973818,-0.0008798281453487131,-0.0012265240342346627,-0.00020516919898717618,0.001285854591821067,0.0020604785922071515,0.00011352728570404916,0.001292233059129183
2017-07-18,-0.00013222518832109605,0.00022562745591696146,-0.000801113032600139,0.00125753431996852,-0.0018515761237546066,0.002480087344127954,-2.6894569131295223e-05,0.0009920683423970793
2017-07-19,-0.0003624871675655321,0.0005899198336607333,-0.0006620475919575432,0.002422163239531356,-0.0015638186474488732,0.0025629669514725243,0.000755954691625252,0.0010687087311659627
2017-07-20,-4.752241655504126e-05,-0.00014996229861743873,-0.0008106876073397148,0.0021268390575653875,-0.001609858319957259,0.0021272891267749717,0.0009013808676735298,0.0009311238938954456
2017-07-21,-0.00028351700576118217,0.0008488715637597088,-0.0008482042105461663,0.0015362087251355066,-0.002216009906199954,0.0024909422915201417,-2.6396300036103746e-05,0.0015144031185658994
2017-07-24,-0.0002807649242405185,0.0011925936312859064,-0.000987951178342747,0.0008571016232567551,-0.0019163730648481705,0.0026589226380670434,0.00048633174251988846,0.0019893576349148917
2017-07-25,3.886920557174601e-05,0.0010056839993287893,-0.0005963928125600534,0.0003211053495438478,-0.002335921878123553,0.0033215874088773395,0.0011802600738998166,0.001694363082763183
2017-07-26,0.0004098522800283968,0.0007791837006098402,-0.0005973887821999816,0.00029496501888112616,-0.002645404831422031,0.0036739049038079425,0.0014678441453179918,0.0014480070272598323
2017-07-27,0.0007525258719326055,-0.0003859827523447867,-0.0010942455652471269,-0.0006267601379811132,-0.0026051655708348794,0.0023283597715894025,0.0008837428342389629,0.0014148159048980127
2017-07-28,0.0006504778867254383,0.00013967459822231522,-0.0008666998282451425,-0.0012723291732255593,-0.0026912247656108025,0.0008284397183904581,0.00041548479667194785,0.0015893321113056003
2017-07-31,0.0010286829034237008,3.301594902722438e-05,-0.000659101643546428,-0.003352433621207059,-0.004532001220639373,0.001390998037907992,0.000696692516396986,0.0020906800505407774
2017-08-01,0.001229994933289911,0.00036498874250993256,-0.00027667185382256607,-0.002905186091081307,-0.00597994295054824,0.0012632009202347494,0.00033269410665116763,0.0021731856183417456
2017-08-02,0.0013696525454907527,7.339865219773171e-05,-5.554389931813333e-05,-0.002585779563238139,-0.0058842386126854804,0.0012546385111857758,0.0006208054969990317,0.002068868741700481
2017-08-03,0.0008003426727998403,0.000562252705272585,-0.0002734701957738167,-0.003092146919291868,-0.00518755024995044,0.0002721636813764483,-7.296852772153018e-05,0.002600765541225597
2017-08-04,0.000793576892783987,0.0008845329756607177,-0.00018890324532222697,-0.003616302368283152,-0.005532219324729063,0.0012037293798784065,-0.0008614192487275412,0.003120609159511523
2017-08-07,0.0009797003718006007,0.000819944615539323,-2.0587833095645934e-05,-0.004378112023065417,-0.0052253308975664945,0.0018632197255882064,-0.0009630723409956652,0.0026693856379494834
2017-08-08,0.0008233579146640019,0.00019579350995074644,0.00040152111913809236,-0.004803128068304048,-0.004915649084681279,0.0028035248033878666,-0.0025654644371614485,0.0024499010917361595
2017-08-09,0.0009789509235939838,0.0002407401506756895,-0.0003737494755842876,-0.005906253044227688,-0.004692894646228641,0.003348114655404539,-0.0016583669893287917,0.0026271860327661046
2017-08-10,0.001017312948537506,0.0011593360139039227,-0.001338926710373187,-0.006809611762740852,-0.004488744882809628,0.002962565996774132,-0.0036448266256797254,0.0018260713156123035
2017-08-11,0.0010720855146010193,0.0018115709097473367,-0.0012532784018229187,-0.006142833354697056,-0.004833575343122918,0.0018261265607331188,-0.0033033782814572967,0.0020610893530218174
2017-08-14,0.0007990551435741724,0.0016147418316799188,-0.0008482699314167768,-0.005669178176253528,-0.0048941368239728755,0.0031943676962878395,-0.0007139389904186157,0.002011137589476322
2017-08-16,0.0009204238127977125,0.0010546752231890709,-0.0006020020517003241,-0.005652297630663281,-0.0032530171354026504,0.0031974950371054345,-0.0013674401939551886,0.0012207890437586123
2017-08-17,5.3030471857571434e-05,0.0009909546224969108,-0.0015144039202743438,-0.0065902355287051,-0.0004392773905195079,0.003170666838039589,-0.0010716347083282942,0.001585726860342051
2017-08-18,0.0001457060242380888,0.00023800536946924942,-0.0011745448249027683,-0.007768480610271007,-6.33211423594256e-05,0.0025832543098681182,-0.0014235082295716607,0.0020618700070967875
2017-08-21,2.958221976531012e-05,0.0003446712443120311,-0.001138828790559316,-0.007882312132117498,0.00027271257876632175,0.0026356044805525805,-0.0017584010017189411,0.0018996988307079707
2017-08-22,0.00016639870429955954,-0.00046982896898537657,-0.001374953142001441,-0.006891501804369286,0.00037081291298005526,0.002719481443182385,-0.001674248971460251,0.0014795193150345517
2017-08-23,0.0003440208099203325,-0.000996589182773699,-0.0012937813135597545,-0.006454069511907191,-0.0002597080783090154,0.003586983947619461,-0.00025876146364798235,0.0014000941082545218
2017-08-24,3.539529706930212e-05,-0.0008528789934292807,-0.0010826740503656902,-0.004689877124684303,-0.00016799534749465338,0.003191561577530312,-0.0007540852919346239,0.0014183753143137343
2017-08-28,-5.480622694080742e-05,-0.0003341774418736188,-0.0012983215953063592,-0.004808984004563036,-0.0001046816398495526,0.0025481957729284123,-0.000861097654573855,0.0011485512049057133
2017-08-29,-0.000461714149230913,0.0005995988948852133,-0.0007684340220382834,-0.004083929325304556,0.0002635268927086758,0.0030618164003000346,-0.000614657466276175,0.0013965947260340449
2017-08-30,-0.00035184288459730404,-0.00030399603551971516,-0.0009826947066197268,-0.0032983580414410944,0.00011496385111285862,0.004486118532742639,-0.0001541337894463609,0.0018174553670317057
2017-08-31,-0.0007550381738006764,-0.0001242243379724104,-0.0009607002086069019,-0.002446333078067571,0.0009254940522949848,0.0037982732005455806,0.00032719647678449543,0.001934753785154882
2017-09-01,-0.0006589094631498747,-0.0006194542593357203,-0.0008390600845305595,-0.0016184961244638425,0.0008956870887890697,0.004175249860491652,0.0014493929605342382,0.002123655547314355
2017-09-04,-0.000777950358709432,-0.0004816247846736529,-0.00092045711789586,-0.001169126188966206,0.0012309603033116062,0.004478518082188917,0.0008960097241891038,0.0016839521871679578
2017-09-05,-0.0003807993029924483,-0.0005365036357718838,-0.000961666685178811,-0.0012583416495162306,0.0009156747497419195,0.005293063787404862,0.0014608662699427863,0.0009946967473115722
2017-09-06,-0.0003475452924691214,-0.0007964877466842224,-0.0009879058036042247,-0.0011705979436487275,0.0005702859908099202,0.00489519235832308,0.0018063714275070885,0.0010345214484356732
2017-09-07,-0.000556502635534588,-0.0003739466697077749,-0.0007825995584587512,-0.0008608761713986717,4.770975743620973e-05,0.004772070629683036,0.001345442758997737,0.0005083706553022253
2017-09-08,-0.00023554168779154597,-0.0005454834017036918,-0.0012644556587351273,-0.0013045794312875865,0.00040228757288974495,0.0037638185235729887,0.002387515650054264,0.0006100801262912772
2017-09-11,0.00010929378310210063,-0.00116491257762969,-0.0008445567011566339,-0.0002616274001953969,0.0003730057815460777,0.0034680803934385752,0.00226241720050954,0.0003636769827972474
2017-09-12,-0.0002020593148756196,-0.0020304428683780755,0.00028204781930837516,0.0013225102421670115,0.0004622345194956485,0.00387369585817511,0.004866099648553507,0.0007938465759866585
2017-09-13,-0.0001228536934110339,-0.002411815015839132,0.0002686249612550806,0.001566957362567247,-0.00012963812946444747,0.004520707529351478,0.004238195082524765,0.0009867712065116429
2017-09-14,0.0001462901246538199,-0.0018132684219857203,0.00014083219366308776,0.0018699490834344233,-4.439599946009587e-05,0.0030220700064858327,0.0016843357536555673,0.00043334367612009946
2017-09-15,-0.00011074066326395918,-0.001165084639085438,-5.271621624041952e-05,0.0016088624258871111,-0.000950353805135289,0.0028806591801059946,0.0016269326654059632,0.0009802390928263715
2017-09-18,0.0003825820869301365,-0.001840694634771742,0.0006101487266528397,0.0016671825973116662,-0.0010572523344621653,0.002584314377387191,0.0014016429302438052,0.0005760031815080949
2017-09-19,0.00039736129856213264,-0.0010974018365630632,0.0006774755787706493,0.0019995095760063195,-0.0016084717255247202,0.0022878954585316856,0.0019089360862845199,0.00016167062802474076
2017-09-20,0.0001516273330324756,-0.0008976613410835246,0.00048037185349286454,0.0025878937566926885,-0.0016665268980537733,0.0025463459254943966,0.0017663461026862606,0.0003799456809793569
2017-09-21,-9.599087724603147e-05,-0.0007696350161732563,0.0008103063465323289,0.0038638045767264784,-0.0019211442056475644,0.002370606383326486,0.0016102817223114885,7.750550957939177e-05
2017-09-22,-0.0004359697927750254,0.00015630760707665105,0.0011217423453025056,0.0039405386963660295,-0.0012417363202597697,0.0007644998839560898,-0.0009460116708021742,-0.0002784864014841878
2017-09-25,-0.00028966474520688933,0.00021983214571187463,0.0009807131296824894,0.0019923462315691114,-0.0011574183374204413,0.00042512723702113294,-0.0017125285098518648,0.0002957122588264046
2017-09-26,-0.0001500769980375285,1.494292208836605e-06,0.0011937870361053869,0.0018816733632784216,-0.0014749990371283987,0.0016577058511053747,-0.0003244813114598381,0.00042090009768287404
2017-09-27,-0.0003337266338499617,0.0004668565480623163,0.0009359487544600789,0.0012059241878106658,-0.0015571343086361387,0.001523799442757994,-0.001217534536848247,0.0005176066284779332
2017-09-28,-3.295722878839135e-05,0.0006893062402421138,0.0010581568712203658,0.0016350602633495427,-0.0013899949765403014,0.0008780773738111777,-0.0012294145177552506,-0.00044553208113234087
2017-09-29,0.00010234869793123845,0.00024953035132183114,0.0015082312080428738,0.0022779177900903906,-0.0019387759997256462,0.00164779149376496,-0.0005615557215835303,-0.0007617384737784466
2017-10-03,-9.696590189488957e-05,0.000695080729460121,0.0009030599975623411,0.001297803787851969,-0.001628125445833373,0.0012337244056365888,-0.0017199024081609887,-0.00044385516141150184
2017-10-04,-0.00025321125785990827,0.00043543913419461416,0.000887599373846275,0.0015495638457964785,-0.0012380571204813043,0.0005306969501144226,-0.0012633933528097743,-2.0703930382038e-05
2017-10-05,-0.00022712613727127998,0.0004255400088514368,0.0010091362152250282,0.0021473585015042325,-0.0012101953324805867,0.0005735398261321847,-0.0011872309971438606,-9.286236946986446e-05
2017-10-06,-0.00047913989209602136,0.0007520676164855395,0.000838348862229853,0.0027055172437143796,-0.0009485720347198559,0.0010837551109953787,-0.0017607286068862435,9.825406277258269e-05
2017-10-09,-0.00038533185850472395,0.0007063461913049923,0.0004511128857870435,0.002593485862397819,-0.0003244878771273599,0.0006426764237171811,-0.0010192874686803285,-0.0001449047885415126
2017-10-10,-0.0004377905091552254,0.0008198207407530431,0.000703354732082481,0.0031866872987365287,-0.0007760026025157858,0.0004938220004010504,-0.0008367494248201962,0.0004244756651177589
2017-10-11,-0.001001534114963634,0.0015616560496786878,0.0006278893356129307,0.003426024378539541,-0.0005800516790786546,1.628842999243382e-05,-0.001587259493355983,0.0006412931736410279
2017-10-12,-0.0008364141034147534,0.001677800510426825,0.00044378905239608887,0.0029643700086822667,-0.0008305604450360171,0.0003726876494537965,-0.001872401395850639,0.0009401236760487852
2017-10-13,-0.0006889943676693998,0.0014472853595478992,0.000288140738629805,0.001649839255644186,-0.0007829813715676955,0.0010340190728416552,-0.0015224149323195884,0.0005120018079345267
2017-10-16,-0.0010777512320774409,0.0013904470286678428,0.0004747187414780023,0.0008803494138532378,-0.0007145689161485428,0.001926244735697997,-0.0010083722262262326,0.0005423420786508691
2017-10-17,-0.0010809835055424946,0.0008176924680663465,0.0003761986498842712,0.0013111828701234704,-0.00048438139595327384,0.001892443338582545,-0.00045015353429277193,0.0006416797568454881
2017-10-18,-0.0016847562444177082,0.0008813732688230518,-6.970474599092905e-07,0.001151647832097302,-7.370815533482104e-05,0.0018001526162621773,-0.00040219850272273496,0.0022146416773336734
2017-10-19,-0.0019989494830382334,0.0010477037202304236,-0.00026483928807443687,0.001515269751425279,-0.00012246951288220813,0.001999319070531182,-0.0006620073580406256,0.0019736256071450826
2017-10-23,-0.001905975573571635,0.0013196816391876495,-0.00017688613584153798,0.0009179882799302186,-0.0007252227820914129,0.002113908395985374,-0.0001718946187268966,0.0026224596745034736
2017-10-24,-0.0015231795596815304,0.0006192897823137234,-0.0002810303635530037,-0.0010980750969636496,-0.00037710717949973507,0.002387228071611815,0.0006297894270635405,0.0028987088096375643
2017-10-25,-0.0002699224789706363,-0.0002598219515495203,-0.0005927848284429193,-0.00215681796111367,-0.0007733959642012061,0.003372491528976942,0.0013950985834867444,0.0031358446174436557
2017-10-26,-0.0005603848822392241,-0.0008265231461814435,-0.00047210601786280295,-0.0015523877108221378,-0.0009719135493665067,0.004246751779974831,0.002450822074569601,0.0031109676874376967
2017-10-27,-0.0008860852243384786,-0.000735049876990686,3.007789945387888e-05,-0.00035941882056089746,-0.0003585730143505113,0.003125526310077498,0.0010337356049586748,0.0026100684495791193
2017-10-30,-0.0006815055778070672,-0.0015959294766380574,0.00039268831333893334,0.000666585037566148,-0.0009238153762226491,0.0030229007965295418,0.002545126370603276,0.003032903650522146
2017-10-31,-0.0007190501718633462,-0.0012745591958964583,0.0002813115611132195,0.0005706413961212853,-0.000864032512627763,0.0021611267095467406,0.0036727733153479494,0.0035826534356263044
2017-11-01,-0.00030619013360796933,-0.0015405821523635005,-0.0006978507089807425,-0.00035137755886856725,-5.003449418876718e-05,0.0019665502284522468,0.003262319327811975,0.0032492329235705103
2017-11-02,-0.0001040801467471009,-0.0013157038565224412,-0.0010228145082901731,0.0012643632566257958,-0.0006229651411393017,0.0017439908788968073,0.0035670568096246237,0.002913255831951293
2017-11-03,0.00042879559385236143,-0.0011814479683079039,-0.0009269075208263187,8.052049488529956e-05,-0.0012324373579674108,0.0019213911572577434,0.0038042555184716396,0.0021495479767233918
2017-11-06,0.00026731440314493307,-0.000838069336794761,-0.00037649545618917597,-0.00016809995914612722,-0.0011166786966808574,0.0018232267065558952,0.003462761795700529,0.0016760087813385179
2017-11-07,0.00040231863559564646,0.0005194993556949115,-0.0003509959292388315,-0.001775830448054795,-0.0005559268209401782,0.000446688007310383,0.0032139493507025896,0.0007793221856495815
2017-11-08,0.0003208326444874882,0.0009819915404337058,-0.00041334136944147287,-0.0015296091554371394,-0.0006264917979611872,-3.5664871545785766e-05,0.00200365777799384,0.0008143284115250827
2017-11-09,0.0004429292796396119,0.000895581073882929,-0.0004589404827025121,-0.0018425592417538063,-0.00039343869688541274,0.0002444837390112649,0.002475686664568444,0.0008243585317655934
2017-11-10,0.0010917569457858595,0.00031220321049835404,-0.0006119400560918998,-0.0022389068103155652,-0.00021433911579470805,0.0009135308132514658,0.0031989343082484242,7.232046374752634e-05
2017-11-13,0.0013076426449921954,0.0009258646224785747,-0.00033742299189575144,-0.0023147277293332686,-0.0002471257759554835,4.2873370397652566e-05,0.002718949536524578,-0.00031091822506173854
2017-11-14,0.0010452389210110495,0.0009646446618420883,0.00024620843335473267,-0.0018019211821689825,0.0001804453110840046,-0.00023830744011235928,0.003316404534980413,0.00011674282629992039
2017-11-15,0.0015120797103301102,0.0012235499866669458,4.471222543118937e-05,-0.002869054938337167,-9.69604966978712e-05,-0.0019370650845857214,0.0025431216089860454,0.00040622525929053665
2017-11-16,0.001614788515271322,0.0016943938426748283,-0.00018700744427295137,-0.0032383226428629314,-5.092237647985288e-05,-0.002052285229489522,0.0023107430307360757,0.0006064963033557901
2017-11-17,0.0023549495906162784,0.0006974476369785729,1.981668286548955e-05,-0.0026748250640339912,-0.0002178061334156484,-0.0014108882517243312,0.0036417368443260488,-0.000784967876042872
2017-11-20,0.0026575198962362706,0.00019747153450154703,4.488648281696973e-05,-0.0029975138620622894,-0.00019914619691553637,-0.0007420358231047207,0.00438768456444027,-0.00030570332526946365
2017-11-21,0.0025297035488001623,-0.0001359435398152521,0.0002571503186015099,-0.0016460815424508626,-0.00013085438479264622,-0.0009179887426294059,0.003444807544471343,-0.0006577234370530243
2017-11-22,0.002319696339033326,0.0003834873680961866,0.0005417590535861756,-0.0016996434428533012,-7.863545870248905e-05,-0.0013833080992859382,0.003338253350645002,-0.0008517688790576497
2017-11-23,0.0010674412301056515,0.0010654177376865927,0.0005013027873920209,-0.000519959942013592,2.6729240752342508e-05,-0.0013050912263301206,0.003942118973060022,-0.0004347525837854003
2017-11-24,0.0012092577696596806,0.0016064187851061447,0.00046114481000166386,-0.0005354363153398028,0.0003925307098876106,-0.002507139385959091,0.0038781010173413507,-0.0007568091968685019
2017-11-27,0.0016243643002170527,0.0015906986321466842,3.872942148412271e-06,-0.0017608165617465027,-0.0001819919657151221,-0.0028995010586846063,0.004393187888391067,-0.0001288551909901119
2017-11-28,0.0015769999039213795,0.0017618872828257404,-0.00011415164007537622,-0.002209499358206374,0.0005215559787215538,-0.0026128253140576957,0.0035635252055227955,-0.0007321228760032302
2017-11-29,0.0013355119695059035,0.0015852220558938545,0.00012244414881927655,-0.0021343251797875298,0.00040604797997913103,-0.0020582772581206003,0.0025413317643399797,-0.0006733268684815577
2017-11-30,0.0006897905033457012,0.0022802632319195654,0.0006891901553279443,-0.001390670006647439,0.0005020976445773257,-0.002363534482416969,0.0029566889471389452,-0.0005422580824188822
2017-12-01,0.0009571974541139539,0.0018485770620466652,0.0009988557081831485,-0.0031969896747638957,0.0011094316011789423,-0.0026733637211940886,0.0024027077833521228,-0.0006343833867452186
2017-12-04,0.0004222153523173616,0.0025570138033176194,0.0008522328493097832,-0.002747817981972731,0.0014429073619699247,-0.002370156331643106,0.0019997756536593533,-0.0005536726718503701
2017-12-05,0.0007060010215297173,0.001958715153248987,1.3627965553802057e-05,-0.002737976308937711,0.0013110579790593666,-0.002879611300418682,0.0015670496559935276,-3.684657462645503e-05
2017-12-06,0.000576661239191005,0.001013211873445909,0.00010414432060324146,-0.0013215508408548305,0.0011720556880404514,-0.0031304072374850845,0.0023754712917718394,0.0008632477903882604
2017-12-07,0.0003939281052751006,0.00028466162564570426,0.0005567304977855738,-0.002124436554853599,0.0008330316646402345,-0.002406604481063647,0.0028356200298518446,0.0013970822153638322
2017-12-08,0.00025650856541039387,-0.0001183480874659448,0.0006835884142520018,-0.001533479629127503,0.0015389639141351376,-0.002421637741256772,0.0027951060401381726,0.0007520718883528313
2017-12-11,-0.00017836025588075706,0.00042622844900797356,0.001004864482870836,-0.0006479621982031397,0.0014257322473666062,-0.0027396444611761384,0.002503543988917844,0.0009234751795096853
2017-12-12,-0.0005100182357883531,8.264341031520995e-05,0.0007646516775584357,-0.0006919895060794147,0.0011914415232829865,-0.0022966788962411806,0.002349724498842424,0.0010256374695267639
2017-12-13,-0.0005680464296670557,0.0003226816442350146,0.0004288607303425809,-0.001105198803077942,0.00103835943239975,-0.0027495387749846435,0.001132765258586844,0.0011603975565172165
2017-12-14,-0.0007225750839200106,2.1701357586945353e-05,0.0001921653372147339,-0.0003864923983513404,0.0014192080877157495,-0.0018120283990776132,0.0015514468950239475,0.0011519712986497962
2017-12-15,-0.000561031516798657,-0.000671211129534589,0.0006810742844135498,-0.000456799134402085,0.0010753189938401608,-0.0009624689750842993,0.0017966186718245114,0.0005583189258308069
2017-12-18,-0.0007328145536458074,0.00021592092102057847,0.0009206091499983889,-0.0001289503170992657,0.0008010223015844607,-0.0010048068959468423,-9.057296736877127e-05,0.00039197997540888125
2017-12-19,-0.0008513057621898342,-0.0001552002181546084,0.0021390299203994743,5.277054551270288e-05,0.0007656887694419366,-0.0012049627871477155,-0.0005982342840273181,-3.734699376154685e-05
2017-12-20,-0.0008453540969004258,0.00024685098247788253,0.00203273667618427,-0.0008501538293016935,0.0013273724153692532,-0.0007375846248265941,0.0015477875318541915,-0.0004307182868292581
2017-12-21,-0.000843164811810978,0.0006383298828030719,0.0016924538357062395,-0.00022584746766073332,0.0011326152160418164,8.215104114533647e-05,0.001867806471880442,-0.0003525990912701018
2017-12-22,-0.000821719145314398,0.0004774992148850899,0.0018165247930856767,-0.0004883385210785623,0.0010185004077462414,-1.1061892059751623e-05,0.00170633950293812,-0.0005981127091636002
2017-12-26,-0.0008387527138951102,0.0001935977354225604,0.0017519560794492326,-0.0003833339266044554,0.0007169256502712346,0.0008469632498418322,0.0021549151820498985,-0.0005471609322532144
2017-12-27,-0.001149520812032814,0.0003979365414350456,0.0016389948718505212,0.0009428448422160042,0.0009078245113083084,0.0013300149400103573,0.0016696347574833312,-0.0008200712229253764
2017-12-28,-0.0011529674722492366,0.00045282198749964017,0.0013557829412341677,0.00084700350706309,0.0007361435938939973,0.0022823241107171686,0.0032307557500874644,-0.0005941405903359922
2017-12-29,-0.0012476469844346283,0.001028030045587422,0.0015921628640786895,0.0005744452202510406,0.000812038676682781,0.0019413037161372078,0.002774660207365436,-0.0010858458625792558
2018-01-01,-0.0014224880917010287,0.0004958850016514582,0.0010599028133730644,0.0005208488264533337,0.00017587015703548516,0.0016245557920961584,0.0017315648864418883,-0.0013474128644472034
2018-01-02,-0.0012082466093462506,0.0012781598565500324,0.0015616126320964724,0.0009777302913193705,9.7424504079266e-05,0.002611728773938995,0.002065739446197207,-0.0007340239699908553
2018-01-03,-0.0010003784501327634,0.0006616855454258616,0.0014632285519170871,0.0009376163781892326,0.0001577133774204925,0.0031539629814041855,0.0024896136960391277,-0.0005907867639001603
2018-01-04,-0.001149439943874833,0.0005961129948543352,0.0012986615724860076,0.0012265612372695212,2.1936987627131513e-05,0.004531655400517808,0.0023379993828792425,-0.000754146984047511
2018-01-05,-0.0009640264953509159,-3.6530899357768275e-05,0.0013935161480714549,0.0015200420555934921,-3.706806652997545e-05,0.005089759175370507,0.002245773939016965,-0.001418420215047017
2018-01-08,-0.0009315647647875427,0.0004536174880472002,0.0009393992052343374,0.0023572726411093294,0.00019439520078117813,0.004931619865150017,0.0020926793713673345,-0.001527581135761348
2018-01-09,-0.0009779151613759055,0.0008691764075045435,0.0006999959861147462,0.0016998945271285359,-0.0002918156114272729,0.004696216192283134,0.0034661666545177027,-0.0009020072137932943
2018-01-10,-0.0010122629270800786,0.0015688039591458876,0.00035999656151381116,0.0014212773447564453,-0.0005239876302776526,0.004932193717949927,0.004427960103526491,-0.0005385627569031034
2018-01-11,-0.0008699550893755952,0.0015115999377080253,0.0003454395669616349,0.0014228926940933137,-0.00018086518431824545,0.004798439256102876,0.0056565324647191596,-0.0009219626026761613
2018-01-12,-0.0008231216377759519,0.001229836251428646,0.00041814209467704207,0.0015286588418250034,-0.0003771311584130962,0.005480988366991648,0.005630011954766525,-0.0010472507026946052
2018-01-15,-0.0005458847368265114,0.0007164857653473721,-0.00016685172348203945,0.0007745228342073561,-0.0008191979130819612,0.005457314229037089,0.005497584318113988,-0.0015086722073662066
2018-01-16,-0.0006725183440033165,0.0029287432798626167,-0.0008468923916834664,0.0009988822070147673,-0.0008699628000643774,0.003391495888273318,0.0036237750350020257,-0.0019943543011156873
2018-01-17,-0.0005231880126312183,0.0030632702512950957,-0.0013745913725646155,0.0007815608340980067,-0.0007456843555519921,0.0029497117760577257,0.004137110205427628,-0.0020691685941971547
2018-01-18,-8.669813496521767e-05,0.003741781200966461,-0.0029115158623465214,6.110088722644977e-05,-0.0004312158547401454,0.0010802072691930259,0.0016864766505032068,-0.002656883801648689
2018-01-19,0.00038008050686011517,0.003284557244485866,-0.00312551123646034,-0.00023740307902564667,-0.0006285330087140504,0.000747438206100807,0.0003933678511516248,-0.002464130684489068
2018-01-22,0.00035292497045399376,0.003634992182826299,-0.0030918655749607327,-0.0006677904260642259,-0.0006908863345747936,-0.00032129555329327847,0.0006080924353575514,-0.001813533871084298
2018-01-23,0.0005212201052584228,0.0034011612309148916,-0.0034348818376718467,-0.00040941186022811936,-0.000769912311095394,0.0013151865631303582,0.0005768032977764991,-0.001826462176939375
2018-01-24,0.0006500172510703847,0.0042695690173185415,-0.003671605607472822,-0.00041190351509337326,-0.0004132178610167332,8.091746976957113e-05,0.00016129499597702544,-0.002239460067215604
2018-01-25,0.0009509965314033462,0.0036718838317764072,-0.0041758573710249155,-0.0021186753321903893,-0.0006660271906920978,0.0004823740265693542,-0.0004917426685502931,-0.0021165995385187507
2018-01-29,0.0007348365125429868,0.003856454921443843,-0.0036020986150328404,-0.002687584613282349,-0.0012180017037511915,-0.0007496241172704498,-0.0024030673859851896,-0.0025693089534144144
2018-01-30,0.0008297216574445899,0.0032598935033356802,-0.003829105996468429,-0.002571410085454385,-0.0011333219525177696,-0.00020858016890811654,-0.0025798096373430206,-0.0018938076971124658
2018-01-31,0.001531318909971454,0.0033209073269642115,-0.0033249896087044926,-0.003365782641811886,-0.001415573438088171,-0.0004466752112824504,-0.00260862157092853,-0.0011467216564665515
2018-02-01,0.000861304882621294,0.002735224761514588,-0.003492899169142127,-0.004622149269699763,-0.0011046314743810685,-0.0010234345780690756,-0.002822020985110864,-0.0022111372242665296
2018-02-02,0.0006581050801870107,0.003994708366416468,-0.00374807073799218,-0.003872592282681098,-0.00048496494201778436,-0.0020475923870748197,-0.004950967794718063,-0.0027299422532484786
2018-02-05,0.00044744787173275164,0.004504365661982857,-0.002600893868726546,-0.003600961555002909,0.0001598765653431088,-0.0029251771080880482,-0.004378913597976012,-0.0023625437095062397
2018-02-06,0.0006620719786307671,0.003931753493619589,-0.002808970751134898,-0.003983935183435786,-0.00015548614558101153,-0.0029253947477303373,-0.004624398629587928,-0.0020058857347327345
2018-02-07,0.0006517405429719599,0.003310145645755155,-0.00245835097242904,-0.003918478535142379,-2.1870858412649454e-05,-0.002730738829561566,-0.0038802795249316666,-0.001439382669161507
2018-02-08,0.0006700947473645591,0.0033866120903547686,-0.002176430449260469,-0.002271307971910644,-0.0005453100307622082,-0.0024357244647440182,-0.004382964971190985,-0.0020453422934814153
2018-02-09,0.0005140731903395723,0.0025000680643868147,-0.001766236901547238,-0.001840976784581224,-0.00016520885504587592,-0.0013390479186343226,-0.0042826286367440205,-0.0017686040486490735
2018-02-12,0.0005763599385437731,0.0017418391144268287,-0.001577448191188835,-0.0016565912621957703,-0.00042440333252562884,-0.0010656956398080394,-0.004726389165299509,-0.00122942978359735
2018-02-14,5.069378703656568e-05,0.0020570280264237697,-0.0015363115269096928,-0.0016602405999124122,-0.00016474767989498734,-0.0010995111916332454,-0.0035501523574774955,-0.0010725552564684125
2018-02-15,-0.0003155707215986242,0.0026836320824922284,-0.0011321392288333,-0.0014061545950571598,0.00010345946813882238,-0.0007764586382779932,-0.003983090006038402,-0.0006073291794339633
2018-02-16,-0.00039316489045551194,0.0011441302779505232,-0.001107876803740124,-0.0011244658685704214,0.0006266448930325236,0.00011627329464602553,-0.0026987104869535122,7.928134352055429e-05
2018-02-19,-0.000437175615362631,0.0010795223077053853,-0.001163199866486848,-0.0017906688371652996,0.0007172121916268473,-0.0004554943383402053,-0.0030599259850595676,0.0006069445466797972
2018-02-20,-0.0010279905268023122,0.001295010328932672,-0.0008904412673824947,-0.0010409034509828372,0.0002953014521839027,0.0016669207797566068,-0.0012014664716986944,0.0012107241006523671
2018-02-21,-0.0014010920257362886,0.002323214751589644,-0.0008726399553069396,-0.001871692212673276,0.0005602982005448321,0.0007705008803430941,-0.0018752273417803958,0.0011694489326855703
2018-02-22,-0.0012191710646793112,0.0019915299290432058,-0.0009596884102291352,-0.0014778125834627731,0.0005829917634659638,0.0013773676596013885,-0.002250105338330498,8.399128889761054e-05
2018-02-23,-0.0011592199186030907,0.0019636961045084505,-0.000742935758696456,-0.0007770539718473021,0.0007066832306655412,0.0009878791520508989,-0.0021219918625867,1.5334524125758947e-06
2018-02-26,-0.000857052864967311,0.0002450138904039321,0.0001974296996213095,-0.001627090643928558,4.148475208619502e-05,0.0019168326699675101,-0.001017519906377491,0.00021820073885693092
2018-02-27,-0.001449076887382101,0.0009038190114777102,0.0008313989627656867,-0.0013155230797861936,0.0005411941939604081,0.0011292385923989353,-0.0009107632226796592,0.0006857394116658074
2018-02-28,-0.001522895784828109,0.0012239427358044146,0.0006347683236834567,-0.0005859164557804296,0.0009703990765639505,0.0010936136063307317,-0.00024482184816069586,0.0015010091257063258
2018-03-01,-0.0017040014246261265,0.0013730860476531541,0.0006063911772654024,-0.0007103419263962494,0.00082039177008726,0.0007869912550416019,-0.0002338440136836627,0.0012487654671710108
2018-03-05,-0.0016964873821427046,0.002505020340433654,0.0002785109671158831,0.00021693695367528895,0.0012591225361272174,0.0001438067657993495,-0.00033106554274339945,0.0003809680021115004
2018-03-06,-0.001675471263524418,0.0024802660473654176,-0.0002521281422368216,0.001263044777506828,0.0008269665037276184,0.0003656006333972446,-0.0005763557431574208,0.001106465865398578
2018-03-07,-0.0016033382189763025,0.00162466882714971,0.0005482819374409572,0.00045454214374861636,0.0007601209191842725,0.000598852558464859,0.0013459165991123814,0.001297960506106186
2018-03-08,-0.0011226073025383824,0.0009849408544976225,-0.00017078230108017443,-0.0006757715892090948,-0.0002887914305857496,-0.00018354209037536894,0.001406284879957267,0.0011746355435487117
2018-03-09,-0.0016328665116709215,0.0019430165645510124,-1.8721728452750133e-05,-0.0007005794844458641,6.77437256640049e-05,-0.0009461063343995471,0.0016030303916868519,0.0010837727612225572
2018-03-12,-0.0016513279024059605,0.002028922344750334,-0.000470823235956737,-0.0015680809339084821,0.0001975666273917936,-0.0011536200855546382,6.484890095922899e-05,0.0006953144644284404
2018-03-13,-0.001542367158417296,0.0012287138970058825,-0.0005094992819018114,-0.002236778730865773,0.00042741581607145244,-0.0011641967512019138,-3.912551168497433e-05,0.0013930501406326126
2018-03-14,-0.0009574081533887298,0.001309659187342357,-0.0005428689160345362,-0.0025680097688769938,-3.5533525645040976e-05,-0.002515500082185068,-0.00093016154631194,0.0009067927993482835
2018-03-15,-0.0008976780704356997,0.0021029103283020227,-0.000511457274565214,-0.0027229355216010854,0.00010024130191454961,-0.0025525384771722566,-0.0011638523975503342,0.0002571394978201065
2018-03-16,-0.0002208633944654093,0.0024627050085625174,-0.0006280264776367967,-0.002353871987251842,0.0003354242330296509,-0.003058192719476043,-0.0015118246321519785,-0.00019703873717149558
2018-03-19,-0.00017902706274057793,0.0019477820957815876,-0.00015853895847468607,-0.0016524947387837855,0.0006400046210267066,-0.003997342945300345,-0.0017703622488737109,-0.00016552076914383906
2018-03-20,-0.00040448069286443556,0.0021688144032457855,0.0003647436468994141,-0.0017125816938787348,0.0005138353105643271,-0.003991995110533349,-0.001937093755504138,-0.0004415370899331756
2018-03-21,-0.0005157928308922588,0.0020945704064558924,0.00041038107275560994,-0.0016918117682653585,0.0004574893797457502,-0.0038738174774330136,-0.0013643841163048908,-0.0005549788169627249
2018-03-22,-0.0002814631658265305,0.0015931686279982307,0.00015185598614351928,-0.0018346998899820732,0.0005605217459953369,-0.004134653275561071,-0.0015830861155934077,-0.0001751317506768085
2018-03-23,-0.0006164161006447036,0.0014157341379145059,0.0005213319090861819,-0.0009975992680072699,0.0006639748949586201,-0.004154283002781735,-0.002139084134769172,-0.0001740755003657279
2018-03-26,-0.00020586109359510443,0.00015764520140476622,0.0009637161959961466,-0.0014318424217629275,0.0006422151607779106,-0.0037456475283882008,-0.002425776074360962,-0.0001977515924873319
2018-03-27,-0.00024911972125124114,8.976493034884288e-05,0.0010496167704714852,-0.0020769863303877296,0.000748996179105497,-0.0041345243796666285,-0.0024759392352661502,-0.00020677172192453547
2018-03-28,-0.0005587107633131263,0.0013969250879341203,0.0006410376472162206,-0.001708883962756006,0.0012224443757168878,-0.0048790265963577165,-0.003715282957270054,-0.0002846691181277055
2018-04-02,-0.00045073115893027715,0.0014223839664965,0.001113239470607129,-0.00060255607209752,0.0011652241174649797,-0.004694033659722149,-0.003129497322516036,-0.0008765826128469541
2018-04-03,-7.2746243343128035e-06,0.00041326065807717374,0.001122290075581355,-0.00045888340028897513,0.0011252749033086836,-0.004345628407712335,-0.003285342948473893,-0.0009371118892644394
2018-04-04,2.4863732230749743e-05,0.0004760951272597281,0.0017453999266243397,-0.00037033416062070374,0.0014468443423507542,-0.004796903591150868,-0.003210410514976316,-0.0009477881691104082
2018-04-05,4.202703998725444e-05,-0.0004977853881123048,0.002004815341696398,-0.0009334177533999127,0.0010774535280148462,-0.0026816758191939793,-0.002879111586251388,-0.0007384746970735092
2018-04-06,0.0004390242495752506,-0.0007677205501477784,0.002283577534724425,-0.00025687449047072706,0.0012710995644392895,-0.0031134720192589676,-0.0020542566904724184,-0.0007024377087246565
2018-04-09,0.0008125878028491062,-0.001595734598737039,0.0018820764037884427,-0.0003684339988621377,0.00083063047459552,-0.003152611286527369,-0.0022993643254118723,-0.00015016776111552172
2018-04-10,0.0006992762321279824,-0.0011353808867127064,0.0013666149265686722,-2.956312977996957e-06,0.0013287807470360794,-0.0016663612491287206,-0.0021516745664220517,-0.0004304443738959502
2018-04-11,0.0006681437728904513,-0.0008337046495996256,0.0015320826212903461,0.00047870723750234763,0.001162802539932911,-0.00018769859341758724,-0.002457476614518871,-0.0007216708806286065
2018-04-12,0.0008442265599996651,0.0007236758267114257,0.0015811988644996264,0.0002948339745345669,0.00042985350910160945,-0.0011462842987778141,-0.002926165897828424,-0.0010755732114444995
2018-04-13,0.0006361540641320748,0.0016834720661586524,0.0014504597541247469,-0.0001438327265792958,0.00035559943736770364,-0.0010238952018674493,-0.003464764187061304,-0.0012826663801820755
2018-04-16,0.000356464828581478,0.0009908702941571136,0.0013414274188985032,0.00036379712287281003,0.0007670979148760004,-0.0009642265062756706,-0.002740236894964643,-0.0012443004935304702
2018-04-17,0.00017210799628275585,0.0006107274176329538,0.0009197655734566198,-3.234727904996332e-06,0.0011822991283311156,-0.0010883916138008654,-0.0024478142383802222,-0.0005691551256019294
2018-04-18,-0.0003448676694118237,4.8158691087937496e-05,0.0008322564055713085,-0.00018559332789786528,0.0019405017629204227,-0.0004170469764085158,-0.0020693760373617564,-0.0005492572162027041
2018-04-19,-0.00047211903017139404,0.0009878102848034256,0.0005921466712369814,-0.0004316703504505309,0.001768466043288498,0.0023262843558088044,-0.000994307682043847,-0.0010429406095120743
2018-04-20,-0.000520175689055456,0.00265243145693221,0.0005035883551523365,-0.0007045986632726908,0.0016123048957444306,0.002275565157573786,-0.0011100028983763884,-0.0011982537522259498
2018-04-23,-0.0006078920567719674,0.0030588376734520966,0.0008586855837065034,0.000341324027424881,0.001424089596012899,0.0021798770141258973,-0.0006705467480975483,-0.0011456422794655179
2018-04-24,-0.000551714150521016,0.002229733777272736,0.0010661188284721464,0.0004879636709694602,0.001300629246914568,0.0007838231137818922,-0.00022759921636139472,-0.0006549098579261231
2018-04-25,-0.0004039508385288771,0.00222137985529025,0.0010745363681716295,0.0005213065036449344,0.001064739515011516,0.0011773062563264366,0.001307984681391718,-0.0007282745454637626
2018-04-26,-0.0007541987107090452,0.0033941275153891266,0.0008935006917253781,0.0005525107078678251,0.0015627274312722756,0.000600293958450961,0.0008352663487432139,-0.00032251660684289463
2018-04-27,-0.00048268832921776915,0.002305913166557618,0.00081689509431126,0.000603341656951333,0.0013953409784112866,-9.64348708719625e-06,0.0007821600731081325,3.299163568843723e-05
2018-04-30,-0.00043208028048551117,0.002447568203872143,0.0005560903452974863,0.0009856051714937962,0.001734314373519407,0.0005711818838744394,0.0015025853638461362,-0.0008956471520118838
2018-05-02,6.283514210450982e-05,0.0014669192399041388,-0.00040573048449536655,-0.00046102758072825946,0.00168677920274767,-0.0009028565062604158,0.000714946081337881,-0.0006131176438015397
2018-05-03,0.00010197480133058903,0.0011564581463510458,-0.0007221591624303179,-0.00034926458497865553,0.0014516624237046628,-0.00048792190636294313,1.7487676945817168e-06,-0.0008725777289544235
2018-05-04,0.0006522979812244012,0.0012855832597694016,-0.0017177413316578514,-0.0008908321084461696,0.0007679260573296457,-3.266221939677259e-05,0.00028972653819613666,-0.0008710874465420525
2018-05-07,0.0002885668576321286,0.0009416960099926054,-0.001419955260273938,-0.001118213502115821,0.0015259460477348471,-0.0006367128172973672,6.747735513757628e-05,-0.00026240405221782353
2018-05-08,0.0005277898582009668,0.001098739713873172,-0.0017764890089950562,-0.0018516278179365822,0.0012626914864072632,-0.0006368783243328562,0.0003780613962902613,-0.0003904635463159946
2018-05-09,0.0003372984384383058,0.001747389399253924,-0.0018528861731395233,-0.001819979578213226,0.000643785227760308,-0.0005630858111070824,0.0004622158571256623,-0.0005625511863208631
2018-05-10,0.0002594391226768257,0.001699469127537746,-0.001586106275740586,-0.002380950516083167,0.000524043960055847,-0.0017762970985319743,-0.0007849170960265863,-0.0003017055995478161
2018-05-11,0.0006842661454726842,0.0008649628875552105,-0.002082790963544484,-0.0034970553701328417,0.0005068628913092569,-0.0021203898457856024,-0.001166194168726395,-0.00013852397002916158
2018-05-14,0.0008014014490979279,-0.0005637902904665922,-0.0023368576114837533,-0.0027971092454836103,0.0008379130453569448,-0.0014090120488471837,-0.00038862657496057176,0.00015228911186833264
2018-05-15,0.0009097053483275964,-0.0005676725665617579,-0.002608669470358815,-0.0032693757731352257,0.0009202704666223217,-0.001615692010377112,-0.0014456013857521738,-9.057264724891649e-05
2018-05-16,0.0006401841741158125,0.00019650712024432736,-0.002382202309106086,-0.003535260651681045,0.0017606694871034963,-0.0014059273026295418,-0.0007584085368278375,-0.00043973039397864164
2018-05-17,0.0007687123643651038,0.000621991753801703,-0.001937755149069514,-0.0029492554675910995,0.0010295768451770446,-0.0013229487892674622,-0.0009253507227801422,-0.0008366435452562754
2018-05-18,0.0011282826369692612,0.0008842682996551994,-0.0022281752378632536,-0.003556356095598603,0.0010833569663494975,-0.0023906142284599564,-0.0016274000417305689,-0.0009202594458538071
2018-05-21,0.0013889127414790383,0.0009684461530765757,-0.002783880588370062,-0.004579847820194038,0.0010580807009263552,-0.004767729060215541,-0.002987701110884258,-0.0002349443167780949
2018-05-22,0.001689273760786612,-0.0013569656575186176,-0.002120781537205579,-0.003819629407007883,0.0009336807919942555,-0.003677613726598572,-0.0020435775200244016,5.2011395096773576e-05
2018-05-23,0.0020616382651635146,-0.001205621934978236,-0.002012963153378726,-0.004230299000692902,0.0013633014251250592,-0.0045517739225673145,-0.002640388108751916,-0.0006772672503733313
2018-05-24,0.0022713109127550646,0.0005946126032131025,-0.0031559175211837735,-0.003855289740553583,0.0011626204345668574,-0.0034211809092325315,-0.0034087272197677954,-0.0021191903567369854
2018-05-25,0.002565271962151349,-0.0006034922201840554,-0.0027960644327919906,-0.003501159336635813,0.0008247467781469623,-0.0023571420095062088,-0.0037024068428997627,-0.0018041335329173414
2018-05-28,0.00264211590237571,-0.0021471643845676455,-0.0025463850756531343,-0.00249835170146323,0.0004325981427997498,-0.0020394785928720457,-0.0028056345788329854,-0.0016394878461645176
2018-05-29,0.0018497904845872365,-0.000550667532943193,-0.001969861109426502,-0.0028959698264334963,0.0007178510797553131,-0.0017641237750271788,-0.002861334931335332,-0.0017606742180896753
2018-05-30,0.002019821298019645,-0.0009243967163120954,-0.0019726858165751175,-0.003497346835538093,0.0003673026989141542,-0.0015668414247686393,-0.0033199762393852773,-0.000734708867607643
2018-05-31,0.0024367910452730976,-0.0003870410594778469,-0.0022550759168169137,-0.004189244471699811,-8.679316150041479e-05,-0.0007592356481386889,-0.0033328829353697466,-0.0009467428204679916
2018-06-01,0.00190704707477859,0.0002243174110375706,-0.0016596225524473612,-0.004251376270260486,0.00013492845988158868,-0.0014501696488653753,-0.003129111106919103,-0.0008132111521255243
2018-06-04,0.0010773599015115633,0.0004533398500624694,-0.0013264793661495813,-0.0034693519396843822,0.00031911782532649286,-0.0008314959263200514,-0.004645223379416404,-0.000508378328301986
2018-06-05,0.0012760889794560905,0.0004900553694206879,-0.001583349191176576,-0.0031572249798000173,0.00014528021947174413,-0.0013241336223033904,-0.005080858385481572,-0.0005573157586602484
2018-06-06,0.00065059062742341,0.0006754062282076282,-0.0010385478553564358,-0.002766565375595025,0.0002255738348254997,-0.0007581561417845371,-0.0053263091358664045,-0.0007759883218449597
2018-06-07,0.0005390033738793385,0.000690440376046759,-0.0008904410297862659,-0.0026570558402974924,0.0005938924956886533,-0.00035463169467852374,-0.004152931966656345,-0.0005580339996605159
2018-06-08,0.0003537072687449977,0.0009728949100832683,-0.0007341050249846619,0.00010113748238756395,0.0005798713817895578,-0.00018941525014973045,-0.0031416810957811845,-0.0005590703529800398
2018-06-11,0.00015900579695507535,0.0011223852048904111,-0.00047603999873306976,0.0012087185469769344,0.0006353918933690091,-0.0007940046555608427,-0.0028849701491991528,-0.000603627231928476
2018-06-12,7.727383445767385e-05,0.0012835464820126958,-0.00028783371638485056,0.0020850139893183388,0.0008734097043345615,-0.0011091530856322965,-0.0026020063538823132,-0.0005826646379715097
2018-06-13,6.146745278820642e-05,0.0015891587736357757,-3.137177515746882e-05,0.002766787701683487,0.0006951157722699658,-0.0015246509531014448,-0.0017446121659380918,-0.0003438415542381197
2018-06-14,0.00039044848095558704,0.0007480767010661003,3.6901884340557805e-05,0.003585875266060309,-0.0002644754818172972,-0.0015894028087225453,-0.002770680746793039,0.00035676601833701236
2018-06-15,2.542011835958522e-05,0.0015285196475499302,-0.0005201590759250299,0.00431492055046,-0.00013478353305202063,-0.002410323535139168,-0.003727595327679772,0.0002860698424193255
2018-06-18,6.657083451654556e-05,0.0010527319152135461,0.00012860810667675695,0.005118640992092393,-0.0011387230969895864,-0.0023899755708173816,-0.003499467537423584,0.0008468135432361636
2018-06-19,7.355516443004195e-05,0.00040464097856509945,0.0006478084314734189,0.006164558109150975,-0.0009060216597481253,-0.0023022218026265678,-0.002836590930985201,0.0001994947120727953
2018-06-20,0.0003675972482431219,8.681970404017351e-05,-8.48609812424203e-05,0.005371370188553797,-0.0011749039030488012,-0.002851553706477011,-0.003078572172650675,0.0007408119622424828
2018-06-21,8.412968591995306e-05,-0.0003232060462978275,-0.0006471561504183467,0.004838048008583609,-0.0015404753774556593,-0.001894888125168653,-0.003391884664882096,0.0017227040693214327
2018-06-22,-2.1529332394783088e-05,-0.0013701058757076168,0.0004053396583949564,0.004889534708133232,-0.001157397525032572,-0.0022017195922754075,-0.002959485483313457,0.001562593639105666
2018-06-25,-9.573577325472772e-05,-0.0003465680795492503,-0.0005811594458836111,0.004664114682947287,-0.0008681855509100325,-0.003025492810295894,-0.003599590486812618,0.0009206193639098107
2018-06-26,-0.00037975390390222036,0.0011900476569393886,-0.0010328408338631436,0.0036677497767453704,-0.0003567946351359297,-0.003360240990240331,-0.004327155060744051,0.00011824848527419046
2018-06-27,0.00013449535902831377,0.0014091593896160485,-0.001635934820677562,0.004429753937607538,-0.00030479280005344886,-0.003806174386607302,-0.004531321826129139,-0.0008817534740189975
2018-06-28,0.00010762339314257519,0.0012109132578448892,-0.0016086643190748556,0.0046321725938921945,-0.0002974486311735466,-0.0034977420485611545,-0.005305314680468668,-0.0013381405301293003
2018-06-29,-0.0009604298758933349,0.0012111124038823738,-0.0011554356679636107,0.005319879414303683,0.0003470580090668363,-0.0019817150762178513,-0.0038391592234576994,-0.0005769453528805405
2018-07-02,-0.0006588164200759922,0.0019444977838227273,-0.0016259252097023777,0.005233030520011598,0.0004491452279377291,-0.002429160278253709,-0.003814828015691127,-0.001064120215326317
2018-07-03,-0.00041586227587691525,0.0018297121278126544,-0.001385156642477792,0.005771169444423695,0.0006420780919203073,-0.0031739566227219117,-0.002623142220923339,-0.0011471656182363123
2018-07-04,-0.0004572655948463632,0.0016933991864823976,-0.001103688616692085,0.00619363960862496,0.00047470491141982595,-0.003307071671497694,-0.0023693491697509813,-0.0013988378969142957
2018-07-05,-4.481094860275722e-05,0.0012406143665242807,-0.001281710969747509,0.005377997599408809,0.0010197523953695514,-0.004368353880168673,-0.0034479069291252756,-0.001864370501024851
2018-07-06,-6.204480756013644e-05,0.0011232224824715912,-0.000737035547114524,0.005106284115592268,0.0007670906255909294,-0.004805776813764388,-0.004097051998470042,-0.0018105960481773688
2018-07-09,0.0001649812326038133,0.0007827810389812378,-0.0007607494015343164,0.0033677975947169537,0.0010523923460012841,-0.00433923159401063,-0.004261142142872865,-0.001644338231254323
2018-07-10,8.486075648604695e-05,0.0008204292475058263,-0.0007045562405057525,0.0026409586088495295,0.0007771479932962011,-0.0037012011625105617,-0.0034440414146864806,-0.00103495370307828
2018-07-11,-8.811044347050307e-05,0.001808801142595831,-0.0009547185244123985,0.0014244919122822326,0.0007396310190991916,-0.004738843826782448,-0.0033554108318236196,-0.0009799347421085088
2018-07-12,-4.375952474372491e-05,0.0008816185814142261,-0.0015722191846623862,0.0008204522681173472,0.0009212926129969875,-0.0050327690497666165,-0.004118178189036664,-0.0001460887555081086
2018-07-13,-0.00025476328647877123,0.0014630650323200363,-0.0019473347775216775,-0.0006514130521832421,0.0002917717306744875,-0.005218817802124399,-0.005127337478112908,0.0001326284698128403
2018-07-16,-5.0964905361616645e-05,0.0011207665441706031,-0.0019839610594791866,-0.0033099598729860857,0.0007790735648584684,-0.005833305966205163,-0.0057266787231200385,-2.5785597839664124e-05
2018-07-17,0.00015837750822414508,0.0010662727995462934,-0.0019308897794215619,-0.0029620270775174967,1.2595823908103428e-05,-0.00457391458093674,-0.005445358299201495,5.9630581336102056e-05
2018-07-18,-8.315907280165465e-05,0.0014308746879889592,-0.0023679845056903018,-0.003119493648803117,-0.0006212468449744149,-0.005619847575202596,-0.005912641502343179,0.0006481963773501322
2018-07-19,-0.00039699274881922536,0.0014741618933005515,-0.0022801698197587083,-0.0036702054877233805,0.00033201569110399745,-0.005967395211291037,-0.006154408819182447,0.0007274056798152185
2018-07-20,-0.0005068938924307682,0.0019324910731061801,-0.0024046041927346766,-0.0027762027819143763,0.00039310540027387734,-0.006010405904527444,-0.005546527782027003,0.0004128645463421334
2018-07-23,-0.00071564802991905,0.0018901497041477599,-0.002528164714800586,-0.003347609810931862,0.0010829996060958938,-0.005380921551805785,-0.004779143188804285,0.0007312570015452341
2018-07-24,-0.0009692730331069779,0.001049496459468428,-0.0018324877609455625,-0.0028524491442820914,0.0008738118896094392,-0.003975667022347113,-0.0033616475818623454,0.0007783705334614263
2018-07-25,-0.0008151374323131221,0.0005323822257298758,-0.0017633234076285965,-0.0030341171632939814,0.00032368288381564854,-0.003331381162632824,-0.003649306255101234,0.0013983361765225947
2018-07-26,-0.0004236178807806258,-0.0006593869799634963,-0.0019245089247887162,-0.0035651960074139367,0.00012841546154669257,-0.0037045238011910193,-0.0029957813541735276,0.0020550385121011804
2018-07-27,-0.0006905806806297848,-0.0008418832593700631,-0.001930301871944889,-0.003580932767031199,0.0007620359208400261,-0.0037023606404332846,-0.0025114181936847606,0.0028324681520991543
2018-07-30,-1.8658476189235135e-05,-0.0011716576983305253,-0.001665851565858122,-0.002916718039476662,0.0003632158401017118,-0.004305329247466742,-0.0031812447931527446,0.0027101104140001306
2018-07-31,-0.00031975239381435653,-0.0013127592808013819,-0.001670546069633952,-0.0027893383805524855,0.0005277159095373549,-0.0036430447812342203,-0.002145243395917866,0.0037094529725833934
2018-08-01,-0.00032722667888088284,-0.0012874034751077926,-0.002305149347776083,-0.0029134469848898525,0.0006945789754605634,-0.003450157966635374,-0.0018959430964127426,0.0037849566930880205
2018-08-02,-0.00042175387224864655,-0.0006380835184546731,-0.002849351427316925,-0.0019276255411886686,0.0010596087498173875,-0.0026615016062690525,-0.0021782146985636877,0.00373982800210433
2018-08-03,-0.000537411809291944,-0.00037406703872542137,-0.003292964117850619,-0.0014836817856712244,0.0005404783432257508,-0.0018029323571361708,-0.0016091510148735022,0.004208536638203534
2018-08-06,-0.00018143885396795702,-0.000679283385270795,-0.00370762011609337,-0.0015215011771611408,0.0003115316163902508,-0.0014572449142367838,-0.0023749792692847223,0.004147353528312839
2018-08-07,-0.00034049982121042406,-0.0006235481016765544,-0.003510530234121281,-0.0019743449507134765,0.0001378837198965561,-0.0011946558896969257,-0.0026884066822676156,0.003417348629853658
2018-08-08,-0.00011394225833583072,-0.0008648197068730852,-0.003942949557939494,-0.0019785208676082015,0.0003395750781408145,-0.0017053205447262953,-0.003405266670392766,0.0035170311752601375
2018-08-09,0.000378586367045288,-0.002000960658160503,-0.003580918661553352,-0.0021100879674857084,0.00023414945669178672,0.00035929012383069435,-0.002550423838102682,0.0033009477717865013
2018-08-10,0.00017223399766380459,-0.0011897453203317172,-0.002587960103991948,-0.002272006608375187,0.0006688082089257906,0.00017714370836630034,-0.0015747248749006621,0.0021785021089510397
2018-08-13,6.002752798748212e-05,-0.0003157170700634497,-0.0025121839444505844,-0.0013166244975563663,0.0014504796927144708,0.00026257340835166617,-0.0009280313399257585,0.0013259457154189706
2018-08-14,0.00021536548382926866,-0.0008605579634788033,-0.002262260631742473,0.001502418545217548,0.0012265317652692116,0.0014465981805672498,0.0009258817757826824,0.001849344406352441
2018-08-16,-0.0001819264079242571,-0.0002353589123027303,-0.0021921032985562873,0.0018392748239282313,0.0022362098566638755,5.756938789323288e-05,0.0007141494753792601,0.0013608103886949548
2018-08-17,8.024952603332943e-05,-0.0004967959102751855,-0.001772342418996917,0.002065242061118641,0.0031220445418877105,0.0019128211188700422,0.0018090607951793958,0.0007721693809341606
2018-08-20,5.17391244937819e-05,-0.000881312591942958,-0.0016475468845514975,0.002876382970612867,0.0023845905711886313,0.002903899114433553,0.001775791842675786,0.0009474690125525877
2018-08-21,2.725672062025772e-05,-0.0009822446101661992,-0.001372428664878154,0.002973054716972663,0.0023169189468629616,0.003081962343883413,0.00046599296582955406,0.0010463309804270141
2018-08-23,-0.0003278503449087708,-6.496073225521412e-05,-0.0012643355877128004,0.0036211589114802847,0.0018640919178257971,0.001940096145649539,0.00012213030908671263,0.001964002259186216
2018-08-24,-0.0002797320933103306,0.00012285977577505326,-0.0015922633593057432,0.0032736756663319165,0.001827341026573438,0.0017430585107572187,-0.0008249603271206381,0.0025788241727585843
2018-08-27,-0.0002131544927861887,0.0006378869082556012,-0.0015350023236475265,0.0032896293539934744,0.0016820435504748582,0.0014605879695343102,-0.000681505904328282,0.002737557241352446
2018-08-28,-0.0008986644453651391,0.0011596849160280163,-0.0011784652489679078,0.002908016944178365,0.001370335240886374,0.002673067481200252,-0.0015250716723010402,0.0031111402759793644
2018-08-29,-0.0007093627036408095,0.0014787913529924679,-0.0009229647049531679,0.0031387992268799487,0.0008186346285397263,0.00291332805064337,-0.0005643654824441973,0.0025186467099387196
2018-08-30,-0.0010359328483314685,0.002049383129855545,-0.001121192398632679,0.003500648451150018,0.0015235308512663315,0.0032277332022966837,-0.0001325145386163024,0.0017579897635380752
2018-08-31,-0.0008318442239683903,0.0024959598341439612,-0.0011857498194593153,0.004563945273879475,0.0014986722927369776,0.002871324327779253,-0.0008188319824171148,0.0005486265757432573
2018-09-03,-0.0005978498544559938,0.0022948366024322033,-0.000782162101672768,0.004149808153508796,0.00042544669868964336,0.0036188978314265563,-0.001024497497488561,0.00011002118911782911
2018-09-04,-0.0010230049536597665,0.0035068790890857363,-0.001062400847591347,0.0026375845841539935,-0.000593341628244513,0.0024007474102168466,-0.0012860873449129077,0.00035195414669426093
2018-09-05,-0.001036821101017907,0.00383469723257569,-0.00042651512768634433,0.0033776836140767138,-0.0008740394961353738,0.0028123112722939,-0.0014359884394860383,0.0003863430567424622
2018-09-06,-0.0013616796594374124,0.003962275621473371,-0.0007291752729719227,0.004979500043298228,-0.0007212161033458732,0.0024437381486882796,-0.0010404969167257941,0.0008594547101951843
2018-09-07,-0.0015061339950982419,0.0037989058916587572,-4.00757907713285e-05,0.005314908654515443,-0.0005014481761201313,0.002566253191216293,-0.0006495826143240613,0.001366688415357281
2018-09-10,-0.0014338656813906883,0.004695487899526783,0.00014930622802179747,0.005548247792600957,-0.0007031838513378019,0.0025114586474895874,-0.00047052095605636357,0.0006363658042940049
2018-09-11,-0.0018469769173362954,0.005095846321318916,0.0001800440859251577,0.005789986353277104,-0.001265617329329714,0.001796431130377173,-0.001689200736238976,0.0007237684958059514
2018-09-12,-0.002013621093653989,0.004511952500935647,-0.00039991179536375844,0.006369382578664663,-0.0007396380827208403,0.0029001078311060007,-0.0024584664201577336,0.0009421228838362753
2018-09-14,-0.0017567282555761422,0.003006248168400063,-0.0003551050515068038,0.006387517720315467,-0.0014143364413212061,0.0034573857604895636,-0.0012949492323464486,0.0013393992022430728
2018-09-17,-0.0018472503183325254,0.003638546891736251,-8.056461682774674e-05,0.005118697177662291,-0.001542917412199799,0.004132007415611379,-0.0007931518149096083,0.001161062840323053
2018-09-18,-0.001985258741736151,0.003470913529657277,-0.0007348699320737701,0.004579207885723449,-0.000828427161801938,0.004689839474086334,-0.001816843549538644,0.0011335548242163412
2018-09-19,-0.0022501648873659115,0.003855255160433106,-0.000569216718580225,0.004599977474999087,-0.0018170868438208297,0.0049952286193033196,-0.0022746447102761132,0.001637967895384911
2018-09-21,-0.0030220819219256975,0.004302586229227511,-0.0009128927834547895,0.003867986944895543,-0.0012779217889466337,0.004303676590903745,-0.0035627418916924338,0.001883675911496262
2018-09-24,-0.003338948956457759,0.005717362857448121,-0.001893140581323339,0.0027620591192565056,-0.001376050617105994,0.004761509594008114,-0.004449186207832178,0.0024474732681404633
2018-09-25,-0.0026518409174041235,0.004923112063944825,-0.0017203435895731946,0.0029560602519417964,-0.0015941723035430714,0.005072975646928028,-0.005850344865925375,0.0013833079577498068
2018-09-26,-0.0022829524258436112,0.004173586808071041,-0.0019860572409026857,0.003188272755936977,-0.0020297122027039933,0.004944998830375143,-0.004671958346625187,0.0016042504564706215
2018-09-27,-0.0027612963092626813,0.004521777580919224,-0.002395608175257834,0.0029940450087396955,-0.0015039020345901984,0.004812061445796511,-0.005158752204873901,0.0018401510405542379
2018-09-28,-0.002228994315591817,0.004169192166250614,-0.003325352684678212,0.0030269196366980813,-0.0007931796497210979,0.00189210922598118,-0.00665368171538937,0.0017726170456707309
2018-10-01,-0.0022133467172487198,0.004935655434708412,-0.003565878952984262,0.0029900621062668954,-0.0009607434028368021,0.0014559810637703727,-0.008460653083777945,0.0013009267488162612
2018-10-03,-0.00197802382170983,0.00461190937455494,-0.004182312690744096,0.0026558970716029965,-0.0016555287180244236,0.0024989400265690844,-0.008176156314420847,0.0016686422572052462
2018-10-04,-0.001221348276583119,0.0034970989301836637,-0.0038873439720190734,0.0010077805430304572,-0.002010835458359112,0.0036871518625986796,-0.007319569276362397,0.0004109050777931396
2018-10-05,-0.0006491554551513968,0.005106925192493896,-0.004216146637443145,0.0016220758356333942,-0.001224937337404513,0.002666848229103473,-0.00727231208743545,-0.002158570710996428
2018-10-08,-4.095319400220648e-05,0.002851304450928826,-0.0035328164522769904,0.0017277642672088615,-0.0009148026598719515,0.0017234694857444386,-0.008338010846245286,-0.0005942472499266393
2018-10-09,-8.441047644027096e-05,0.0031152390656628676,-0.004918051972133586,0.0019720160352643405,-0.0014266731635860707,0.0017505793289238573,-0.008238394711692836,-0.0010687371473476976
2018-10-10,0.000790340380801178,0.0018026357626720769,-0.004211492486418417,0.0008654328837215831,-0.001113112539178747,0.00205824089362742,-0.007012617466286026,-0.0018606938165568725
2018-10-11,0.000998619514786879,0.0015170912893524915,-0.005194414342955363,0.00036983919925120436,-0.0005445403984486756,0.0005671850239641618,-0.007418108216241172,-0.0009506723322521508
2018-10-12,0.0009286451948147477,-0.000671564504452782,-0.004230546833836928,-0.00019462112768651486,-9.622214348796888e-05,0.0015237215546768058,-0.006817541582257253,-0.0003643797360999273
2018-10-15,0.0007965646002139641,-0.00031403637086824645,-0.004586259364608417,0.0009885266283670697,0.0005538259564230371,0.0012812605753265592,-0.006605945458023413,-0.0001708247139587055
2018-10-16,0.0011726323852025485,-0.00018543086557289102,-0.004257980652834878,0.0007944230043020507,-0.0003348517740842565,0.0007125567732065782,-0.00580508757224589,0.00023950809633319645
2018-10-17,0.001013267499086212,0.0011594721916778597,-0.0050740007843129145,7.950430544145185e-05,0.0008290394451955993,-0.00011599928869668406,-0.007625624917020833,0.0002327161228564134
2018-10-19,0.0015387692912631852,-0.00039649077603781235,-0.005321198507014713,0.0006852259580422005,0.0019729889436083193,0.0001330706752012351,-0.008405147085763651,-0.0004104410050014421
2018-10-22,0.002057219984687563,-0.00046133704289668537,-0.004672088783811376,0.0006978907072261353,0.0012320096402879286,0.00037043074418658013,-0.007228880288944253,-0.00131257686896241
2018-10-23,0.0024230209372235034,-0.001650152464070219,-0.0045119128141919785,-0.0003868041230555867,0.001605594797220233,-0.00031037373215769305,-0.006288213351062292,-0.0012094016744257996
2018-10-24,0.0030942099567963033,-0.0015979447446975046,-0.004635377664385218,-0.0003710086427585347,0.0012299839604528874,-0.0003213935898514989,-0.003901945439258654,-0.002248068980743035
2018-10-25,0.003513685791581309,-0.0028311506801521917,-0.003486235164179008,-0.00043689001475337094,0.0016188177251031536,-0.0006566847046250235,-0.002577026309914402,-0.0030742119373455574
2018-10-26,0.0029461933851080094,-0.003055637003660088,-0.0030926486151570554,-0.0008783019667453944,0.0012277300612984882,-0.00010804344352082461,-0.001009182009124556,-0.001932591870753765
2018-10-29,0.002802876607908343,-0.0021169771202483425,-0.0029202383902379014,0.00024151377348998046,0.0012480879812495006,-0.0007865864708915494,-0.0016923407287663663,-0.001996520357823977
2018-10-30,0.003057953780681245,-0.0017111531235603152,-0.0019949962587260885,0.000801639003484404,0.001221942608088601,-0.0010762242527787712,-0.00015283630199329793,-0.0031051992110624755
2018-10-31,0.0024935576174776957,-0.0003490666362250569,-0.0015536542424141155,0.0013926630270851103,0.00045254568462554457,-0.0002159380792287626,0.0014000500902832112,-0.0038649499268916063
2018-11-01,0.0027149946800047644,-0.002123707642367451,-0.0015646521811797701,0.0007343737763197463,0.0002325243556965382,0.0001646021786330552,0.0037877469705134277,-0.0030566674795088644
2018-11-02,0.002542963326170159,-0.003401012001800737,0.0003564496037311098,-0.0006110524392718276,0.0002782462107136581,-0.0007114640977939554,0.002468111894513623,-0.0030730981868733304
2018-11-05,0.0020593524850129503,-0.002748066969446753,6.25507589168581e-05,-0.0005100470422817518,0.0004970273256246428,-0.001432151096916715,0.0025076058490997657,-0.0011425263166216274
2018-11-06,0.001222064709791357,-0.004178982254148523,0.00016095141769710878,-0.0014387501048340827,7.74527553376802e-05,-0.001054509285197735,0.002698876579677351,0.0018265262782085532
2018-11-07,0.0010382061566984076,-0.003114310125870642,7.593826374687048e-05,-0.0011568732512556466,0.0005693529897831816,0.0006033143509631021,0.0044258526109075755,-3.933860623122156e-05
2018-11-09,0.0010589421843761955,-0.0038952952723499013,0.001586214691976917,-0.0012703240586414417,0.0014001558401470463,-0.000481994039452253,0.004510854783520089,0.00036796141680994917
2018-11-12,0.0003077982143977592,-0.0016756072531783103,0.0003729530057657,-0.0011542393201365454,0.0014942442252974574,-0.0008563503245685397,0.0030476384490185646,0.00014061865435163745
2018-11-13,0.0002637048266759343,-0.0015422830708303914,0.0004738346131379122,-0.0019244423763429262,0.0007973457215660544,-0.00011615610981476391,0.0026222874594507613,-0.0005857785544591506
2018-11-14,0.0005217998450518656,-0.0011315758435994229,-0.0006432168400487022,-0.002042300210107156,0.0010195173311701028,-0.0012509669076191713,0.001434688368815934,-0.0007456122989595263
2018-11-15,0.0009470922721054362,-0.001917242229829663,-8.305892816712563e-05,-0.0032562609054106817,0.0006758693282834619,-0.0006871623134039439,0.002167611602398456,-0.0012469772026830867
2018-11-16,0.0007687594107809245,-0.0017800540113901316,-0.00038700146147289407,-0.003101447627095295,0.0006458379331038751,-0.0015170772817449862,0.0018334253620490007,-0.0013731863045730935
2018-11-19,0.0006641075379109544,-0.002520687807458028,0.0005757041989274158,-0.002826224970782054,0.0002874059998643271,-0.0009366388705248644,0.003085378476004365,-0.0011921729670618885
2018-11-20,0.00030910794332543825,-0.002237486182687607,0.0007671574873945892,-0.0037813502550190833,-0.0006830428785447609,-0.0025429231753876505,0.003257030580565006,-0.0005285897987160747
2018-11-21,0.0005745509532843927,-0.003446355671261643,0.000617797062179123,-0.0029808602207815164,-0.0006500699621917249,-0.002585484789957791,0.004100431616602069,-3.474232846382725e-05
2018-11-22,0.00016861460108189398,-0.002362659106376422,0.0004732975500882756,-0.0020869487168341185,-0.0004907895421639333,-0.003180492234771846,0.0032421152287375994,-0.00048432312211469774
2018-11-26,0.000565828636276914,-0.0019251960299271787,0.0008006161551870812,-0.0026362888384168,0.00027703941664224867,-0.004409460863221752,0.001878867419838373,-0.0005662124025808662
2018-11-27,0.0004547170860190117,-0.002046446977023564,0.0005689523526615217,-0.003007473898105919,-0.00011709206037011088,-0.004895769041691388,0.0021711719019589485,-0.0001771714999649755
2018-11-28,0.0006074011429413467,-0.0004119238520790872,-0.0004132418836444375,-0.003734305858126247,-0.00045157540824824214,-0.0056851503498384845,0.0009842595703894994,-0.0006670473109582015
2018-11-29,0.0008918498068401608,-0.0016352912225954732,-0.0002019420527874403,-0.005291533915961564,0.00026152852218175966,-0.005540683416276424,0.00046737031263444,-0.001389427862094658
2018-11-30,0.0007235856822120639,-0.002139514659783892,-0.00028704509377916335,-0.004380913463357252,-4.032851071232146e-05,-0.005548875357670357,0.0008906637605842821,-0.0008081943618477904
2018-12-03,0.0008955012582602278,-0.002867198665805413,9.191524024391995e-05,-0.005792865433379866,0.0006872581621600563,-0.003235040362979228,0.002555307761392224,-0.0002580895699899558
2018-12-04,0.00031695997972022846,-0.0009771493864971625,-8.91342599314269e-05,-0.0049713127341601375,0.0007316555304922572,-0.0036669139592346908,0.0011183101279380772,-0.00010183646656371486
2018-12-05,0.0004655927606321802,0.0009696545348040057,-0.002007856864399843,-0.004844295843437275,0.0007554593069381231,-0.005671428910380477,0.001823907103590143,-5.380283308236225e-05
2018-12-06,0.0005070133757973276,0.000377123839577582,-0.0022706139830847424,-0.004412347566981673,0.0009024791091101145,-0.0055545951734490475,0.0006277826360453997,-0.00033386070567426566
2018-12-07,0.0010836300831942377,-0.00045578406001399707,-0.0021137738975921085,-0.004792568175398653,0.0011919366973594551,-0.006120204969878846,0.0002888358762711161,-0.0009689892084794338
2018-12-10,0.0011079007132749471,-0.0003670508450280281,-0.0017093449727045604,-0.004613042415476146,0.001308935988850653,-0.005777576249350987,-0.0002854519413748841,-0.0011938907398082398
2018-12-11,0.0008820531554043673,0.00024859146353540667,-0.002102465634845359,-0.004488053824960234,0.001521662264554757,-0.00537182563671344,-0.00036712468440498747,-0.0010891052842319322
2018-12-12,0.0008690134176889068,-0.0008609967887705451,-0.0005469553010485584,-0.005070332855633309,0.0013708739449895854,-0.004822483965625296,0.0010572457558827568,-0.0009281497729993929
2018-12-13,0.0009663483120701676,-0.0004711018406129303,-0.0002719202433223882,-0.004128058155928111,0.0015000048366687192,-0.0052632008803739656,0.0022102622025962884,-0.0014987234104480883
2018-12-14,0.0005966711143475648,0.000652900562439592,0.0001233652165852409,-0.0036209280007307907,0.0011011161670376728,-0.004979452287525707,0.002976901374514425,-0.001319930021924614
2018-12-17,0.00033933225776041536,0.0004879327654743321,-2.806037226402375e-05,-0.003571326401853163,0.0013582343228732644,-0.004572485784197269,0.0018829056622204229,-0.0006891052854961629
2018-12-18,0.0006575247100313168,-0.00015855769508395126,0.000500067519490603,-0.003419484335137688,0.0012905671466247174,-0.003273424338034237,0.0020694405418617435,-0.0007548878270484335
2018-12-19,0.0008793369459117423,-0.0009197465259045186,0.0006333685869682939,-0.00390397623179137,0.001189067440180381,-0.0035497311124950363,0.0027532248775972365,-0.0009066509758508866
2018-12-20,0.0007702238554385501,-0.00045326024504404564,0.0006930668762851532,-0.003225720957960603,0.0008383725437802719,-0.0030862972357397515,0.002167017443429193,-0.0010011526522543687
2018-12-21,0.0004025401521726733,0.00042798954227882236,0.0004380796322238921,-0.0038417998286881445,0.000606326707756643,-0.0023207033193865163,0.0011139927337611333,-0.0005674226952855879
2018-12-24,0.0006777835347259793,0.0007828437427267742,0.00013658272803494039,-0.003658170466187173,0.000522672781394672,-0.002501622621215915,0.0008038547901720417,-0.0005778459056122622
2018-12-26,0.0006574596641417836,-3.6507496854607446e-07,-9.820344088879899e-05,-0.0030944134482809075,-0.00035494236608600083,-0.0015731437142053883,0.000911219081313354,-0.00024754687714447404
2018-12-27,0.0003598256933972674,1.242547083969074e-05,-0.0003188183807076875,-0.002528407664946604,0.0003150965094951066,-0.0013332678420865036,0.0006272984886102771,-8.67772227262815e-05
2018-12-28,0.0006079795620872311,-0.0013891263584775615,8.390600080436332e-05,-0.0016497320944615789,0.0007841171724498767,-0.0006576303720967945,0.001274818203648735,-0.00022873783636834916
2018-12-31,0.0003714678045384485,-9.924879460819545e-05,0.00015590546349155015,-0.001193936438075572,0.0006409979205133769,-0.0003575601122844238,0.001092400414869905,-0.00012654410890381896
2019-01-01,0.0009916214816449523,-0.0005505313444845607,-0.00039069012303623426,-0.0020033590925089134,0.0004905294200130499,-0.0003687004370887573,0.0011779361802236451,0.0001420948821877824
2019-01-02,0.0009599408132108318,-0.0005561415183275447,-0.0014762079702822651,-0.0007352274085640825,0.0001600100365636064,-0.002635523195786331,-0.0003057528521128977,-0.00024528338145845223
2019-01-03,0.0013443418742623637,-0.0013296407630666732,-0.0014847798483659186,-0.0009599031917343867,0.0009328519827781535,-0.003374753055956318,0.0003055456871739129,-0.0006253072663863285
2019-01-04,0.001443530032633339,-0.0025859800715677967,-0.0007360354214433696,0.0001152732522623346,0.0006482848479453987,-0.0015886179807735991,0.0004381100756895998,-0.0005983189203498231
2019-01-07,0.0012090383457174104,-0.0020822069384711485,-0.0006057720320258284,-0.0005081068667352957,0.0005036522723370182,-0.002143102725104799,0.0012224989200647811,-0.0002620052007823038
2019-01-08,0.0011306666597332151,-0.0017215187329097238,-0.0005350164219990935,0.0005081589080204716,0.00047015761017195774,-0.0014342387755727599,0.001254248701789852,-0.00016653727774678767
2019-01-09,0.0012269879278751904,-0.001944887216190409,-0.0009750792828466646,0.00039182642431747185,0.0005396224414794763,-0.0025988617441510607,0.001875015795921056,-0.0002497692560346034
2019-01-10,0.0012077813353957355,-0.0020589499614853107,-0.000750625931160976,-0.00020047818385395856,0.0003834516333438903,-0.0025257162585152473,0.0021470596362501426,-0.00020026362011291393
2019-01-11,0.0011725276957748288,-0.0016684520420491632,-0.0018586836779374413,0.00028940447414622136,0.0008008277062767508,-0.002778625386297412,0.00042524534382678116,-0.00016936947503923256
2019-01-14,0.00099949604772421,-0.0017847263402141049,-0.0018896239562449307,0.0009813768520831833,0.0009023653827556597,-0.002509892065497964,-0.00019621996084763247,3.645755430779397e-05
2019-01-15,0.0006523083622787264,-0.0009797221389458567,-0.002366592986492408,0.0012581972396608905,0.0006351702566106785,-0.002325871126838806,-8.690872412488794e-05,-5.172670288303616e-05
2019-01-16,0.0008091455643100031,-0.0005405703641042414,-0.002463200867314908,0.0015030791371779967,0.0002390750550093188,-0.0032357162575219456,0.0003722677043879732,-0.00014658043909895262
2019-01-17,0.0006316882204221915,0.00023893399541862444,-0.002723528098888274,0.0004981481898887211,0.0002448863781213136,-0.003620591955637606,0.0008611120523427126,-0.00041264033215350563
2019-01-18,0.0005380933612402757,0.0012356891403237718,-0.0031787829419608563,-0.0004651536682951066,-0.0004136397634485272,-0.003662005946975677,-0.0008921184210421674,0.0007378040324922631
2019-01-21,0.0004050729556835025,0.001325240218589798,-0.004100256117815546,-0.000689019840080825,-0.0004716689744546181,-0.0036555448087115315,-0.0017270099882104463,0.001703282081390469
2019-01-22,0.00033204350357726286,0.0017232921492943186,-0.004243766966091318,-0.00010233545560562002,-0.0002585475877048772,-0.005183508994681906,-0.0011122414997300906,0.001844181702055274
2019-01-23,0.00020158806884219838,0.0013511921038163745,-0.003923007755405734,0.0004404706324813995,-0.000680104338334759,-0.0038149177217045235,-0.00031784003653468967,0.0020976683523755146
2019-01-24,-3.8558923336816354e-05,0.002129267607737767,-0.004229148318942019,0.000606473180072503,-0.00046513475618180985,-0.0037882007929255297,0.0008053017451463874,0.00250932908264164
2019-01-25,0.00041428716876144996,0.002215890849796611,-0.005054424148767836,0.0012186420216489938,-0.000697214392900561,-0.0037120168884880182,-0.0005282451720752735,0.0022285688900937906
2019-01-28,4.151817990422362e-05,0.003248574805214033,-0.005056907971443688,5.877534836406541e-05,-0.000672621870334099,-0.003696543060355568,7.467194701422616e-05,0.0023469314804319607
2019-01-29,-0.00010891700486437999,0.0034706774574214455,-0.005196187509173228,0.00032706538817563636,-0.00026617025693253366,-0.004267313575372352,7.295980571958452e-05,0.001903304587233676
2019-01-30,-6.288164094358758e-05,0.003512186663053763,-0.004931847355384749,0.00013634083414773937,-0.000554062746969451,-0.0030768976342830643,-0.0013252607896031944,0.0013665824921869538
2019-01-31,4.177780155348556e-05,0.003178325125098735,-0.00397760879541857,-0.00024806527813005664,-0.0007958293140143808,-0.0019736124485631662,-0.00131189183276319,0.0019784685921210832
2019-02-01,-0.0007555611100373421,0.0034698469061405033,-0.0027827295059627954,0.0003533034169027351,-0.0009608935446413945,-0.0033649727180592942,-0.001499656558347663,0.0025219254211959405
2019-02-04,-0.0008284970840084421,0.004314906937856405,-0.0031048250266557565,-0.0006847233139678931,-0.001100610379001518,-0.004220618168845435,-0.002206611296104274,0.0030041747944366368
2019-02-05,-0.0007705464854910556,0.0038800057350148907,-0.0026509379730557414,-0.0003441260662323959,-0.0015424145345684617,-0.004494730501240094,-0.0038203587285848294,0.0027357037142665182
2019-02-06,-0.0013197093134994045,0.004427968561570885,-0.002731154281732759,-0.000907986708206222,-0.0015176616720876492,-0.00402535652947246,-0.0039871457407615425,0.0030262517104953698
2019-02-07,-0.0015066476126412355,0.004586287418932075,-0.0018505249316442905,-0.00013831517319049522,-0.0014175971497736666,-0.0032206148964061283,-0.0041235600653711044,0.002856925056762834
2019-02-08,-0.0009406066615990684,0.0047966990367776935,-0.003350035533833731,-0.0002678397429678595,-0.0018006907800206867,-0.0044011051048090145,-0.003239327050491775,0.0027793750637706135
2019-02-11,-0.0008060001956320573,0.005207051992393952,-0.0034176144673247694,-0.000758200228974541,-0.0020349701651229037,-0.004528438453135541,-0.0029538638455861316,0.0023273528966569258
2019-02-12,-0.0008310566175443383,0.005006984620650389,-0.0035937119598167928,-0.00065075078580291,-0.002299572854583322,-0.003275206692944158,-0.0031641090374181576,0.0026996454187642625
2019-02-14,-0.0001338216737855636,0.004376033332645741,-0.0030836513051814983,5.4009963000812276e-05,-0.0018375094372924256,-0.0035897476765540024,-0.0025688578436717947,0.0011961518851515353
2019-02-15,-0.00047879929430425633,0.004189034723951941,-0.003384900516537204,-0.0014806389076706097,-0.0016067258675211504,-0.004165863946294077,-0.0025750583027344077,0.0019713289510784352
2019-02-18,-0.00036915915727630546,0.003853892031119956,-0.003390496308130024,-0.0007720881618196482,-0.0016596144679549532,-0.004113100656380925,-0.002341133753866237,0.001753312114785883
2019-02-19,-1.8014157479936217e-05,0.0027278397426775463,-0.003005668451956332,0.0005836258683455533,-0.0011086931549429135,-0.003173499291986382,-0.0007433466518964151,0.0006950535997841325
2019-02-20,-1.6666890356648685e-05,0.002997069409710961,-0.0025385269075630145,0.00028887125689460857,-0.0012966462009320631,-0.002022388048362767,-0.00027995801608129566,7.907331424091739e-05
2019-02-21,-0.0001677448118478903,0.002535588017283405,-0.00235118702604217,-0.0004249951315332185,-0.001558012242442047,-0.0008347887735978111,-0.0008572195536869957,9.293412706843198e-05
2019-02-22,-0.0004988554120635207,0.002655507884596648,-0.001703981121796729,-0.0007576127323898852,-0.0010307717856290074,-0.0007322357421968789,-0.000302051616630876,-5.834586787647282e-05
2019-02-25,-0.0003203007096883909,0.003040764414754202,-0.0010666942539586217,-0.0005538531368896381,-0.0012714321441430624,-0.000819048131649283,-0.001979082982882755,-0.0008608625412597243
2019-02-26,-0.0005271992491487095,0.0026764755434600957,0.0005551629556377525,-0.0005720247692985899,-0.00134245929961721,-0.00028540893203158853,-0.0007406234787767869,-0.0011223409942308353
2019-02-27,-0.0003831279855191356,0.0017573764732776755,0.000949483452195585,0.000455398817955686,-0.001281913454112642,-0.0003130417462723085,-0.0009144525009569938,-0.0010665049452112402
2019-02-28,-0.00023670144456986955,0.00091711236962385,0.0007336942871944641,6.764490219882395e-05,-0.0014235460221519534,9.956552036268916e-05,-0.00019722549710942338,-1.509414987668073e-05
2019-03-01,-0.0005510043998788099,0.0008791482292733356,0.0007639372584990635,0.00034330131355955827,-0.0009354290380889876,-0.00027017648224958966,-0.00013450950547863952,0.0002920026766578065
2019-03-05,-0.00023411443084736462,-0.00017949237011881825,0.0019003893210163918,0.0005383013128026806,-0.000925604490833074,0.000674837866558798,0.0006319885130983312,0.0003222584514822409
2019-03-06,0.00024799074289363063,-0.000658970292628552,0.00048140061481448285,0.0002829949767224478,-0.0014698385964049053,0.002665348313530201,0.00041702233114478647,0.0005243447133704748
2019-03-07,0.0003691149611966595,-0.0011575483019084887,0.0007103226467704413,0.0006140312781659853,-0.0007993480460285222,0.00263355300130022,0.0007904192070570091,-0.00021824050236619028
2019-03-08,0.00041011156338383915,-0.001447119547269898,0.00020037843053216046,0.0007443030791574569,-0.00014151873591738328,0.0025560675082819096,0.002158393363560849,4.0764935847403035e-05
2019-03-11,0.0005182623074776075,-0.002473223534707265,0.0007294787631354343,0.0008561342743880646,-9.315874017224552e-05,0.002731618573881446,0.0023310831169416203,0.0006991220294975082
2019-03-12,0.0008156378880219901,-0.0031095516641978975,-0.0006274124467753731,0.00014916874972951424,-0.0006505836843424986,0.0023719935421385777,0.003059402155259174,0.0013507505009831772
2019-03-13,0.0009945321574234005,-0.0037573349759786566,0.00022259969678233948,-0.0010937779879757496,-0.0006220097918755139,0.0023799592748260713,0.002267377238911425,0.0014526928002927659
2019-03-14,0.0009292335246105237,-0.004494469432689335,0.000317302446459322,-0.00011370791180747653,-0.0007781100926676622,0.0026602604590640665,0.0035495067067952057,0.0019591170622455913
2019-03-15,0.0014577197237225807,-0.0037343579730287203,8.099590304470406e-05,-0.0008837597774866088,-0.001860814001544937,0.001415957245078996,0.0035836589243681506,0.0012944357566790172
2019-03-18,0.001351371560478546,-0.004604275866317832,-0.0007900706138519223,-0.0015796158598571038,-0.0019207267851341268,0.0018038220576027516,0.003977740600838356,0.0031413955165306125
2019-03-19,0.001552507614935539,-0.004432516199949563,-0.0009804771669514162,-0.0002563723925452484,-0.0016668805022130523,0.002396715904822176,0.0037636813811763583,0.0025767521456821468
2019-03-20,0.0015797004531869904,-0.003966142446888459,-0.001607052876669624,-9.546017201821121e-05,-0.0016428169348324988,0.0020253051051365486,0.00422065324736067,0.002289721364348656
2019-03-22,0.0012266223136114664,-0.0030112653330717516,-0.0021546298883433693,-0.00021153350983723783,-0.0017692544694668704,0.0012494734864708112,0.003807110447801476,0.001749487486026474
2019-03-25,0.001272262781348215,-0.0032598203045954115,-0.001987204185592145,0.00035298444487368453,-0.001266699841351079,0.0004097664565356476,0.0037680458851334676,0.0018724348883439107
2019-03-26,0.0017715220856634431,-0.0036808302207812886,-0.0022100584211059804,-0.00010730216368309235,-0.0016909282844196584,7.607659804187558e-05,0.003691244344410202,0.0023413687774448944
2019-03-27,0.0024834916883969015,-0.003859314383396443,-0.003166497439652361,-0.0007997649165679688,-0.00175210005155395,-0.000511199134833031,0.002910331976488312,0.001959530309651156
2019-03-28,0.002472408996754834,-0.004245851092600989,-0.0037145233489319636,-0.0009015618037986626,-0.001462735734458231,-0.0009394662643313133,0.00381394834851635,0.0020349973567941157
2019-04-01,0.002085231377786833,-0.003976113193885002,-0.003444062461311995,-0.0006734668582767029,-0.002025171968233627,0.0004270318779551769,0.0040975626769896,0.0020769753831583757
2019-04-02,0.0020955228158614433,-0.0035782082768865326,-0.003361835926165277,-0.0015768862823860052,-0.002387121448959797,5.295036454412228e-05,0.004811217470317168,0.0017679332843123334
2019-04-03,0.0019210614505551973,-0.002921987163973584,-0.0029060151539581354,-0.002058236794967969,-0.0024805031508919294,-0.00020252583399129427,0.004424026970173917,0.0008006380263986977
2019-04-04,0.0016731786902013479,-0.0034274385888339387,-0.0024260041163665005,-0.0015968587801089241,-0.002260468552298948,-0.0007445582025950494,0.004868929082342495,0.0007688329009780449
2019-04-05,0.001330709731475659,-0.002072587673066691,-0.0034720451150849407,-0.0017261218775930947,-0.002501407522768156,-0.0008007625261549317,0.004814644009681963,0.00038393488852128416
2019-04-08,0.001361503481733117,-0.0014394749982931266,-0.0030141524241455667,-0.0018584443302491196,-0.002167961805338584,-0.001067997883681775,0.003910413197733362,-0.0004339008410152742
2019-04-09,0.0012955751005535917,-0.000951386823600388,-0.002643393019808471,-0.001081508834860909,-0.002389114220309886,-0.000383047974230609,0.004483587089944436,-0.00038947466755285317
2019-04-10,0.0010677356400307196,-0.0005209081375336505,-0.001969331681434104,-0.0003162837925684992,-0.0022333712711946813,0.0001631294937281219,0.005189774471207774,-0.000264541899362094
2019-04-11,0.0012078803112331906,-0.0003121079387860739,-0.0022985150140335574,-0.0005810193508761069,-0.001959440636185615,-0.001190478393206455,0.004931614881553785,-0.0006355600837834108
2019-04-12,0.0010183535087774055,0.0001818253843467849,-0.0015585798559172599,-0.0006483957308594144,-0.0013381386475831876,-0.0009760267892268768,0.004220407067066987,-0.0008918157504639305
2019-04-15,0.0005281279699408642,0.0008923588828557885,-0.0006657663913421072,0.00019127882105603872,-0.0012922096353951036,0.0009773446528932976,0.004697680121264445,-0.0012266129498033373
2019-04-16,0.000748870417008059,0.0006775860035969931,-0.00044008583202689465,-0.0006355482725550956,-0.0013996112197470845,0.00046133978901716243,0.0027913577242869208,-0.0013001756054193108
2019-04-18,6.061812461327512e-06,0.0002650047560416712,-0.00013216044034929032,-0.00037753022079776587,-0.00038623583619078184,0.00024239677217911186,0.002092194959261472,-0.0004862470013876697
2019-04-22,-0.00039872711903149373,0.0018454463705695969,0.0004740762705886819,-0.0001316473493802933,-0.00015992228135598393,-0.0001438706205761994,0.000365292050593666,-0.0016936806036482294
2019-04-23,-0.0006426782545405055,0.0018384169249750048,0.00046014309305726,0.0005575583777287603,-8.272735467417251e-05,4.9612998801692976e-05,0.0005774732920376649,-0.0018831956351448192
2019-04-24,-0.0007946354270248129,0.0014572984679381883,0.0002795503588162773,0.00014910160129143668,-0.00031834053521562894,-2.6357425237131388e-05,-0.0009211051409228734,-0.001107173667572195
2019-04-25,-0.0007964322385446947,0.0016313297114035254,0.0006518580324741272,0.00048016252976238263,-0.0004912177167485305,-0.0006364351528001472,-0.000985874858639311,-0.0004941141658811497
2019-04-26,-0.00047405828424581034,0.0015958159698350298,-0.00019736610987681146,-0.00015992437524596373,-0.0008309635287521895,-0.00010955756694870644,-0.0011797399520794213,-0.0008212679615238359
2019-04-30,-0.001273388319905802,0.002922874164479084,-0.0007233907675349835,-0.00028160077338473886,-0.00048720511064608636,0.0006166095190948421,-0.002134435373553161,-0.001205203086758427
2019-05-02,-0.0016459673594641365,0.0020446417718747237,-0.000467786081522066,-0.0004137586410478029,-0.0008323515756674015,0.0004733927912839459,-0.0019259879828462372,-0.0006596115710884124
2019-05-03,-0.00131763081090026,0.0010011575857956608,0.00026185274477456735,-0.00047305732911780005,-0.001364054048556369,0.001109935481357662,-0.001301635781390797,-5.067852887153854e-05
2019-05-06,-0.0008347649233960777,0.0010970923277877447,-0.0005427156393462852,-0.0006621966969771686,-0.0006934541685020986,-0.0010098349081763328,-0.0012308359887036454,0.0002067518902049392
2019-05-07,-0.0008190398195914131,0.0013202765324872752,-0.000815421533780154,0.00011536825115535511,5.912114879145982e-05,-0.0008223974924463286,-0.002294453021163127,3.350960045402334e-05
2019-05-08,-0.0005934838847675339,0.0014713150541126444,-0.001032983832077361,0.0002511218629306422,0.0002581713935520364,-0.0007997422590313372,-0.0028766116060715955,0.0001929552053417296
2019-05-09,-0.00042110072885487445,0.002391337321929728,-0.001246034353644228,-0.00026408846412714427,0.00039296894358830596,-0.0012302639829927069,-0.002626259416945806,-0.0002231650839655411
2019-05-10,-7.538542161362755e-05,0.0016860282965620774,-0.001089169306660126,-0.00010285691038676176,0.0007864421674717908,-0.002517153386380121,-0.0028767067801984247,-0.00043160034318368034
2019-05-13,-1.961273183821526e-05,0.0016930069687565547,-0.0014903510232203213,-0.0017861178270657141,0.0007073462194170941,-0.0026093882590300143,-0.0024364623090688455,-0.0005700637752993722
2019-05-14,-0.00020421547172681516,0.0007998841346590522,-0.0019637311028634615,-0.0015623751858794314,0.0006113883337889091,-0.0028488643715673095,-0.002774743218354899,-0.0001531078739246182
2019-05-15,-0.00014573938328075716,0.0011232612627125422,-0.00275970917862316,-0.0025094426513964673,0.00048632839033185306,-0.0035056814237371258,-0.00323989551990164,-0.0005006336933599327
2019-05-16,-9.650318353140487e-05,0.0015927133363544555,-0.003172389530961095,-0.002901011898004514,-6.430551154265086e-05,-0.0027446682121265217,-0.0027462016361177437,-0.00047286054067067085
2019-05-17,0.00019311763234546215,0.000773309573760023,-0.00293234671030231,-0.0042368557653839605,7.65422031331947e-05,-0.003309040614548639,-0.0032000324008052594,-0.0009194427681111346
2019-05-20,0.00046723550625281526,-0.0009903644519773274,-0.0032486502095627006,-0.005407491490240233,-0.0005580415401636801,-0.004379151158715503,-0.0028647838030681234,-0.00018768878095871207
2019-05-21,-3.263569290635468e-05,-0.0006343463927402143,-0.003974545122672778,-0.004632139829650839,-1.76428383249778e-06,-0.0043770409259568125,-0.0016994623524557984,-2.6202691558365712e-05
2019-05-22,0.0005360507266739936,-0.0011791343901552639,-0.003957983827903862,-0.0047215264977783725,-0.0004271682697720402,-0.0038537926137374276,-0.0005510649288982992,-0.0004209407345652943
2019-05-23,0.0008864819334663051,-0.0020951638218727905,-0.00359626603897625,-0.004478549212709701,-0.0013559187331554457,-0.004020176523835142,0.0005493475456512127,0.00029233833891998486
2019-05-24,0.001629440006616148,-0.0028806011014552353,-0.0023274775542888714,-0.0052225381160206676,-0.0019248161248050654,-0.0032963291913616346,0.0018820181926176606,-0.00033335468942937373
2019-05-27,0.001967747182249841,-0.003227531959606104,-0.0018232373724745986,-0.0057503949712881175,-0.0016243241608808897,-0.00209929457085289,0.0028920290668161333,-0.00057569442066408
2019-05-28,0.0020130252919238418,-0.002911589754361204,-0.0022231552787446056,-0.00608958318039262,-0.0016359265420253896,-0.001130054219284634,0.0024378904612405734,-0.0004483586281446558
2019-05-29,0.0015625492812452887,-0.0023091400112087786,-0.0016323414096478697,-0.005619455324839602,-0.0011012742475449045,-0.0021698547835576846,0.0031350247320341986,-0.0007361671789061412
2019-05-30,0.0019593207039529524,-0.002857206003035369,-0.0014546333504077396,-0.005742032154387348,-0.001322845527827559,-0.0034023158760532195,0.0038224149010863185,-0.000724792865898505
2019-05-31,0.0018017655529611635,-0.0015084808163221806,-0.0017111492985843403,-0.005288534232572849,-0.0011803192145917556,-0.0037436008947766405,0.003655485453186112,-0.0006210531089439075
2019-06-03,0.0011220089118185927,-0.000720560361991861,-0.0018093804208116396,-0.005175453001189639,-0.000667852569547605,-0.0035585692485408096,0.002674525096173321,-0.0009576483287614988
2019-06-04,0.0013599094297184085,-0.0017255597004852945,-0.0015248788080091961,-0.0057998598380893,-0.0007161485740387237,-0.0027012170597194175,0.0030015160844162093,-0.0013082677292147566
2019-06-06,0.001074096454352688,-0.0017775477859201378,-0.0012941581300156503,-0.006164704696620315,-0.0006118704247015811,-0.002336463659104868,0.003021441129208077,-0.0011089857992007414
2019-06-07,0.0011909532477889016,-0.0019533061824766286,-0.0015342222112749776,-0.006665352924665408,-0.0011724823269904905,-0.0029492817374020975,0.0031231689758130735,-0.0011917690474374486
2019-06-10,0.000871077274854767,-0.0018739844195084594,-0.0018864576573445148,-0.006586842156614662,-0.001136297758175799,-0.002626009615409046,0.002655813351103537,-0.0010785241846203737
2019-06-11,0.0007009600941211059,-0.001348850299200455,-0.0019569342518408897,-0.006701286621453672,-0.0012943972535783773,-0.0015361597273043097,0.0024391536675056834,-0.0006035511232525695
2019-06-12,0.000552299545731624,-0.0017480913442754235,-0.0018990855756711182,-0.005263502687908097,-0.0010199276845206358,-0.0008057621526829351,0.0020535316459016025,-4.9866462096589265e-06
2019-06-13,0.0005709265898997157,-0.0012049702445187586,-0.0018927050263802029,-0.00587945677410733,-0.0010600649182359863,-0.0009086676213562834,0.0022731110503990738,-0.00040875731203665914
2019-06-14,0.0004515281644117447,-0.0013015828944647708,-0.001714621086306227,-0.005687706068754735,-0.001504600127960071,9.266643330661274e-06,0.0011977025830929213,-0.00020367844868786605
2019-06-17,0.0005601957901855154,-0.0008529237692801864,-0.0016987912126451546,-0.005189936008531862,-0.0009561620456585734,-0.0008903437429412865,0.0010753693648866331,-0.0009362632006819791
2019-06-18,0.00026231959550108356,0.0002461806465597809,-0.0025248109946222697,-0.004269420815321759,-0.0017825150265885481,-3.853311577359372e-05,0.0015305057357751623,-6.518819892091933e-05
2019-06-19,-6.558888702101133e-05,0.0014827078871010712,-0.003270140539034467,-0.0036299039514303306,-0.0009701831831730895,0.0003424181424285101,0.0011300816207700452,-0.0004932591497605717
2019-06-20,0.00024074350033033334,0.0011365788186779536,-0.0019329905815305337,-0.0031449132931888717,-0.0018989456331261932,0.0009149620896615307,0.001175118524366208,-0.0005151544019961557
2019-06-21,0.00021416674361911,0.0016205147401095984,-0.0021801331452688984,-0.003421030703506316,-0.0012588816521625862,0.001136702754300044,0.0013233521879195457,-0.0005978671853220991
2019-06-24,0.00012749107305186615,0.0017734305573866172,-0.0024564143973670183,-0.0036340791666747076,-0.0005914279623740925,0.0010004854174998695,0.0004086330114058182,-0.0012093589438882378
2019-06-25,-0.00036895150968545363,0.002123698582328499,-0.0032019886196008977,-0.0036139736541174754,-0.0004685960727285165,0.0008166311196175518,-0.0008478577189531373,-0.00032146338792184744
2019-06-26,-0.0004265849941284678,0.0019492728673337707,-0.003063615780151581,-0.0022065134333828424,-0.0006191767313022442,0.0012197655888279177,-0.0010493048412954272,-0.00024841604735980233
2019-06-27,-0.00014812163822828074,0.0010384702440703643,-0.002134002439701066,-0.002094085019867117,-0.0005815896960698547,0.0006862794393964417,-0.00016858468419711004,-0.0006603931712578569
2019-06-28,4.287258230425278e-07,0.0005031285978810162,-0.0017883528572939778,-0.002123639415664094,-0.00045764374575334,0.000981407428942942,0.00026587315514609933,-0.0005303080527000064
2019-07-01,7.153522823980104e-05,8.050271652826002e-05,-0.000888333249662457,-0.0013711966365126346,-0.0003211796261924913,0.0011836349245143685,0.0015108865969845613,-0.001321483499483282
2019-07-02,-9.003502014124626e-05,-0.00020576576663412487,-0.0007124454758410244,-0.001983479494593574,-0.00017303110971563876,0.0015520728938157517,0.0006416005883699837,-0.0012283855376000277
2019-07-03,0.00027163249510968367,-0.000595361242726583,-0.0009984163643128778,-0.0018642077812729956,-5.712376976262318e-05,0.0013370040230254406,0.0012018568027357501,-0.001009170590374163
2019-07-04,0.00012061352868658327,-0.00018619112644599104,-0.0009992563758085499,-0.001934393024458962,-0.00019135798532964645,0.00039577029040083797,0.0014258641465750856,-0.0009736273200796888
2019-07-05,0.001076129911135764,-0.0012630739000782923,-0.0021047352396092777,-0.0019412559389673423,-2.2530495583507977e-06,-0.0010530402451664647,0.0003681610201888866,-0.0013977319882234466
2019-07-08,0.0005539715793560656,-0.0009516059335036822,-0.0023453585435099476,-0.0009836147151361793,0.0006660792486952021,-0.0006663583949090002,4.259757801860077e-05,-0.001296583268848551
2019-07-09,0.0007693323715774211,-0.0018506429753611766,-0.002268970360838199,0.00011340426747067224,-0.00017111279177270226,-0.000587406403047687,0.0014454943576644697,-0.00012650670255470102
2019-07-10,0.0007486554132573363,-0.0019618118193048257,-0.002517032948954168,0.0005232260603165028,4.084197833734496e-05,-0.0013474966007717719,0.0010466548662966973,-0.00040077487033197056
2019-07-11,0.0009262314308618811,-0.0023379623152947077,-0.0016802103066691986,0.0009069129004963883,-0.00042188782362490127,-0.0012798316524609452,0.0020589500990099894,-0.0006521800728143945
2019-07-12,0.000887996311360657,-0.0018223815466219943,-0.001331207173872992,0.0014426092630422098,-0.0002943812590559219,-0.0006683391844018753,0.0021598854051805417,-0.0008705011132630713
2019-07-15,0.0006931432875023063,-0.0008523725165326748,-0.00121149092066985,0.0018215007585286299,-0.00047369559446669234,-0.0010572753965912565,0.002606795959354243,-0.001176837099516584
2019-07-16,0.0005047342978540253,-0.0019007122475195302,-0.0009912736753017093,0.0022138864634054095,-0.0005048482813824039,-0.00018043212031057063,0.0032196451492026565,-0.00038480319767527965
2019-07-17,0.0006157656422901668,-0.001908164585940988,-0.001280855002409876,0.002442362869557055,7.019237665400795e-05,-0.00041799045282319894,0.003244627999981411,-0.001154305221912487
2019-07-18,0.0004939787941350106,-0.0019638092381001893,-0.0017017711251990362,0.0029603961715804665,0.00033593742314517734,-0.0014242007455536182,0.002362629958654847,-0.0015416744926455236
2019-07-19,9.99111283846298e-05,-0.0011149098117657378,-0.0031692295697305327,0.001755600671262516,0.0006771653517052677,-0.0016345070809009677,0.0020514739594200584,-0.0009208760590714723
2019-07-22,-0.000575653121170577,-0.0006713041529564131,-0.002532499060373692,0.002803560182146083,0.0003988535642486554,-0.0008069834499421604,0.0014732443516601394,-5.352857685653428e-05
2019-07-23,-0.0008262593834285992,-0.0005622286462932567,-0.0026386316573270546,0.002488696947550873,0.0007532520454167611,-0.0003852599183308582,0.0023675377800284093,0.0005321536882179764
2019-07-24,-0.0008501989570643218,-0.00034510017870946095,-0.003210831391003908,0.002009170077971879,0.001257355398556672,-0.0017016626786859885,0.002064157534891004,-0.0003129859829258592
2019-07-25,-0.0008985524093813768,0.0005636708164231297,-0.00313334920768383,0.0025027083047092814,0.0015754005390818259,-0.00316520791480021,0.0017047226733184302,-0.000990990791859075
2019-07-26,-0.0007614482435736171,0.0003387854054691195,-0.0028068962858602982,0.002827539445113633,0.0017357226882724142,-0.0030800353525903515,0.0007501545015911168,-0.0014509311682102339
2019-07-29,-0.00036772796908556785,0.0008580389635919939,-0.0040883238935121085,0.00233604649215642,0.0015565065984951775,-0.0037955912368167538,0.00026992480554381606,-0.001480904964828585
2019-07-30,-0.0008487598631970301,0.001980574877974449,-0.004927939287289039,0.0014529226443011024,0.0020401186407713215,-0.004580373209155053,-0.0008038403517867175,-0.0013537282892784074
2019-07-31,-0.0005350245554497255,0.0019139925367231759,-0.00437161602873189,0.0026022964836743614,0.0022328504620933685,-0.003648178957388964,-0.00016438298004302744,-0.0015756087099267342
2019-08-01,-0.0009113911500002745,0.0020838840255162708,-0.0036837416015314565,0.0026256257292200827,0.0024597659023426538,-0.004524563805947911,-0.000458869252055444,-0.0010138977096440203
2019-08-02,-0.0012757651958785893,0.0023630592786962057,-0.00332569209140501,0.002874278454449124,0.002390689038500913,-0.004925383890841177,-0.001199932842865294,-0.0015642137990763477
2019-08-05,-0.0021878795889225446,0.003890028645250646,-0.0025343085915153288,0.0032690127233206048,0.0020480310605822793,-0.00391404176050556,-0.0002843513023007352,-0.0016902477251976066
2019-08-06,-0.0016134414562212983,0.0030112681409249966,-0.0016838761335618876,0.0026854638812386046,0.0013654568825987997,-0.0036633188315826465,0.0008376171955642919,-0.0018359279820085697
2019-08-07,-0.0017124096877940234,0.003992988994740167,-0.0023289598206185902,0.002184468680787328,0.002147169183907418,-0.004369283423188878,-0.0007817916265262714,-0.0027566510710567162
2019-08-08,-0.001947577390674634,0.004118302515260524,-0.0013947324542422177,0.001705425538588055,0.0019355707699764484,-0.004250550848582164,-0.00015739158317378812,-0.002356509174339349
2019-08-09,-0.0016940027097228044,0.0038495370444699634,-0.0013221679447437194,0.0008816274280258835,0.0020003600321749234,-0.005482944468005754,-0.0003654648266795215,-0.002480835784369025
2019-08-13,-0.0020378393444972255,0.003267837739491173,-0.002586884328510266,0.0009149533207822881,0.0017958129686730957,-0.006013110287907959,-0.0004203584834426119,-0.0005627862473170501
2019-08-14,-0.0016012973144194087,0.0017550206452536495,-0.0025788733709859474,-0.0005532326841683022,0.001958951483115313,-0.00515723868832737,-0.00042725128020210806,-0.0003376735112139181
2019-08-16,-0.0012364231707589616,0.001916848804407968,-0.0021375765510773972,-0.001365759549940382,0.0017996003620491807,-0.005519542857730299,-0.0009597216357007479,-0.0007460120180184321
2019-08-19,-0.0014691839796245666,0.0018550709276607016,-0.00184142366355686,-0.0008400396248899205,0.0013884529286333875,-0.00568110556420948,-0.0006722921644168769,-0.00027215717006670234
2019-08-20,-0.0015510898610317419,0.0027467499227897727,-0.00017707704441244409,-0.0003809960170793798,0.0009966012663727571,-0.005511637614803795,-0.0006834858982408443,-0.00017822731623193862
2019-08-21,-0.0012652098809683297,0.0027327442046336465,0.0008535444689389037,-6.459660164126815e-05,0.0010921728166590425,-0.006582446190202153,-0.001242305105206439,-0.001106618529446136
2019-08-22,-0.0011994700024144708,0.0031717393886738724,0.00032459209318786136,-0.00010596366618637054,0.0020770419370403233,-0.008594562103431735,-0.003126367306449031,-0.002342350149066553
2019-08-23,-0.0015291606665716936,0.003139646088831667,0.0008904060594073413,0.0004546396347201423,0.0009356886505888923,-0.007291968745822403,-0.003664841797599516,-0.0015936011593765086
2019-08-26,-0.0007649202641626341,0.0024621408893382426,0.0008159356234496048,0.0003276236503698759,0.0004405152909687999,-0.007858862352185247,-0.0026593939503112033,-0.0018787763692482494
2019-08-27,-0.0009022438968223772,0.0012388239717376444,0.0015829082899102812,-0.0010647693347977777,0.000532758096367367,-0.006688874145453674,-0.0024641464330952966,-0.0008414130571507162
2019-08-28,-0.0015202333658200277,0.0026381304014537225,5.5815838074675596e-05,-0.0016188305462068986,0.00047810970431399666,-0.0080337239116026,-0.0010590075133503798,-0.0005271216676837492
2019-08-29,-0.0023145511420084807,0.002509005650749865,0.0014787816716235194,0.0002764035283257041,0.0006682682907838986,-0.005973871070338203,-0.00039497154492294513,-1.8728658374402062e-05
2019-08-30,-0.0020429752990030977,0.0018054440136716864,0.001965839273966091,0.0014279717554400917,0.0009112941628572408,-0.004422884884910217,0.0001164898330074378,-0.00010839712997522344
2019-09-03,-0.0021187852922035155,0.0024901571290510795,0.0017104521960685927,0.0013252078421237565,0.0008986564134518557,-0.005937880878383141,0.00025599821273219526,-0.0005695466936531965
2019-09-04,-0.0015437304095612888,0.002717752235964279,7.353025606307009e-05,0.0011249451787166136,0.0002607445204115095,-0.004462311734186572,-0.00010744410494776331,-0.001196276923951031
2019-09-05,-0.0015693504717942254,0.0024953557577874724,0.0005690755110903117,0.0018677960549694263,0.0002868191011340647,-0.002252758265554476,-0.0005605614449153226,0.00033660962840674805
2019-09-06,-0.0010593065973959414,0.0011925221738162477,0.0013958603152702525,0.0011994944693572522,-0.0005770286020367746,-0.0015154485268211622,-0.0010344726729702809,0.001466921461015805
2019-09-09,-0.0011252973471665394,0.0009881551486065835,0.001267109180615736,0.0013164924842334785,-0.00024056041649032122,-0.0019810403087501577,-0.0014226691873203575,0.0017614450140072955
2019-09-11,-0.000656691903086413,-0.0004233949724839988,0.0034460334876476144,0.000428138263883658,-0.0008752953696431041,-0.00028637451768238605,0.00064841277767013,0.0017848317758930048
2019-09-12,-0.00028236177185770065,-0.0006473424574755578,0.0021191424231793415,0.0010289614632531014,-0.0007038406434017956,5.308109398914073e-05,0.00035013379348850665,0.001156612109702202
2019-09-13,-0.00041638819449101846,-0.00015235584119076994,0.0016112112805192406,0.0007954460109804392,-0.00102339591553078,0.0010516411196764492,0.0005820457736477689,0.002030432115437775
2019-09-16,-0.0001215153288778462,0.0006367990369361724,0.0026568455756674886,0.000970960957255536,-0.00029871071618608086,0.0013437507871988214,0.00012224619622683205,2.290338211246185e-05
2019-09-17,-0.0006092958446880808,0.0014116027652237024,0.001618174764631029,0.0020748301635401577,0.0006512758090316507,0.00022300098281002336,-0.0006702209171018867,0.00017082640490665476
2019-09-18,-0.0008945418884427892,0.0019343113881479222,0.0009941343033835418,0.0023607515661389143,0.0006736717144606056,0.0009132379318874214,-0.00013369456533237158,0.000557025050999065
2019-09-19,-0.0009484452136852468,0.0018584609398529526,0.001263632391022446,0.001885118127808658,0.001093699576763804,0.000969305518077214,-0.0005423737635839212,0.0005018499922456328
2019-09-20,0.0005716476203817503,-0.0014256402493364648,0.0025790999096560636,0.0003167418899610425,0.0007985939187300311,0.0017794433177631174,-0.0008289233942108469,0.00026463221381052733
2019-09-23,0.0017728305284491577,-0.004555151310829492,0.0022735033613864035,-0.001779531445371546,0.0014738588890478017,0.001932990904444033,-0.00032836157560960436,-0.00034666463979706385
2019-09-24,0.0016329914875110756,-0.004515756937609626,0.002184661310398256,-0.0022605132714372585,0.0010416189829196196,0.0021111378973251668,0.0013406670828598186,0.0003417619048515729
2019-09-25,0.0018154885822359661,-0.003946285234749232,0.0005636806128769094,-0.002557052956606708,0.0016846376994030308,0.000247982326154052,0.00047788498518709687,0.00027455202776521716
2019-09-26,0.0012114177028331617,-0.003923126901310063,0.0019736069222569424,-0.0019604743347755517,0.0015396531953142936,0.0031036831738575532,0.00041472435912442984,0.0011590336686436269
2019-09-27,0.0011609352175082296,-0.003066509303180664,0.0008851248668876176,-0.0024315194762650353,0.001621128331068303,0.0012903735383140138,-0.0007770204781191074,0.0007599018010682249
2019-09-30,0.0003623925738750146,-0.0028415530019070857,0.0013041518216440234,-0.003001104189254501,0.0018749996094708868,0.0025467991807054035,-0.0025331357614264876,0.0015499729941216547
2019-10-01,0.000657266181276323,-0.0035420584701585604,0.0015029844405790769,-0.004520456142468454,0.001521554131400333,0.001165316144396771,-0.004679273728836089,0.001263242114076891
2019-10-03,0.0004424929950740757,-0.0034696251717686306,0.0019427290761395107,-0.004983414298953314,0.0011932100156572208,-0.0004846512247510573,-0.00418010872609095,0.002608278229839689
2019-10-04,-4.886144801118314e-05,-0.0035936320601850803,0.001744837935859495,-0.0052255979249462604,0.0008815651266114376,1.675322874217862e-05,-0.004065076952524286,0.003385090063352872
2019-10-07,-0.00010448109942356554,-0.0036143017881808573,0.002643494436745329,-0.006384421540984028,0.0011905625296827578,-0.0008993197496028695,-0.004130526686481025,0.0029264868326057186
2019-10-09,0.0011913404490158839,-0.0047586567845904724,0.0015704694716978593,-0.007207831885190498,0.0005179096278865244,-0.001916045726239782,-0.0030821183286758895,0.0016153738326049882
2019-10-10,8.12748779306456e-05,-0.004117293264573771,0.0004557661625673598,-0.0064279394001896676,0.001187897843112748,-0.0027640139696606756,-0.0030220019493310624,0.001881395453825173
2019-10-11,-0.00036718506944943905,-0.003111063558101606,0.00022606197461714226,-0.006251952062422655,0.0012351951605100852,-0.0017547124542182054,-0.0029358228350153523,0.0015331825738215713
2019-10-14,-0.0006095298048820302,-0.002603812859639158,-0.0006835087654086303,-0.0057505735572463985,0.0016400324407422411,-0.0023842315549277857,-0.003972580315063219,0.0019343751318923609
2019-10-15,-0.0006489534691627667,-0.0030529052541675775,0.0006786049587575163,-0.006077387075844738,0.0018741522372989344,-0.0021618670486249518,-0.003833594929729892,0.0024576410064096974
2019-10-16,-0.0009000287580705225,-0.0027986623485116314,0.000344302907665166,-0.00506635151031231,0.0020550003771402183,-0.002739773297776739,-0.0037741154518461787,0.0018088388677300494
2019-10-17,-0.0005568952010322286,-0.0038738319568473894,0.0013836060801933861,-0.0057378631140315,0.0016344705722243962,-0.0030388974603798133,-0.0038590142905245263,0.002050380062253195
2019-10-18,-0.00021043949961125144,-0.004239957247167962,0.0024289099963195754,-0.005574609315999228,0.0008975716070475509,-0.001998556890598784,-0.0022649739609669033,0.0021938967929152143
2019-10-22,0.0005936032012620459,-0.006353777559569407,0.002721750540986975,-0.004253717362446834,0.0014107285027048864,-0.002385908563697701,-0.002366081972549188,0.002339542444498007
2019-10-23,0.0007396745598843603,-0.006003600354906176,0.0032779716966967187,-0.004072284378034926,0.0013986907104393898,-0.002384874432333953,-0.0027081774318997963,0.001931098404871573
2019-10-24,-0.0010778642831334778,-0.0035179158515470186,0.0011945541476463507,-0.002833364176668272,0.0016809535489339673,-0.0027978880740551814,-0.0015280223388954414,0.0025826230708204034
2019-10-25,-0.0017919901424441652,-0.0003841161737492041,0.0011750742373697269,-0.0006702250688822159,0.0009245012381913623,-0.002158601697993715,-0.0013323994540820553,0.003354577467292602
2019-10-29,-0.0013010711555556831,-0.0013000907881264494,0.003164351833122171,-0.0012175124886429868,0.00015163536819791542,-0.00017742684216017694,-0.0011466752348175142,0.0028831051142992367
2019-10-30,-0.001010413064101763,-0.001603466432096,0.0040959392437245595,-0.0014712983258932145,0.00037967104405101527,0.00017209449368980737,-0.0007663303279848903,0.0022162695858465122
2019-10-31,-0.0011430056348888282,-0.0004834783276471092,0.003428834772256375,-0.001117729068651955,0.0006988465761364885,-0.001617578210150757,-0.0010310190348460956,0.001856662155394366
2019-11-01,-0.0008211959670633121,-0.0008109749388884029,0.003473926104854739,8.078621897063482e-06,0.0005974693369370273,0.0005080132154661892,0.0001499954623073289,0.0014528337242965012
2019-11-04,7.204367883432723e-05,-0.001742575740661041,0.002857895817128086,0.0006742651117224744,-0.000214376351214005,0.001894105657114959,5.699691572999153e-05,0.0007067063428307569
2019-11-05,0.00013431606006210784,-0.0015603094607735599,0.0025219259062198647,0.0002837136428026784,7.220293638660058e-05,0.001898931312746531,0.0013400940260261955,0.00039257398134074804
2019-11-06,0.0008759823283367709,-0.0017931492939413166,0.0019611145402588233,0.00020810158106750404,-0.00025298331592666897,0.003232175727996225,0.001477549727715462,-0.0008220304732863494
2019-11-07,0.0012975095164406026,-0.0025668117769700742,0.0016472760861050194,8.895128426094799e-05,-9.298972287347931e-05,0.0035249732516248345,0.0017020529538482078,-0.0014300288777160234
2019-11-08,0.001623809587268689,-0.0028088689221010127,0.0017658152489360927,0.0008399588472413717,-0.0005833101753426801,0.003467603559741562,0.003254860621771569,-0.0014670339552585014
2019-11-11,0.0012445120475498522,-0.0018987831833273644,0.0017988878203097605,0.0010230297255774115,-0.00010817038025514973,0.003196393131802987,0.003462374507600637,-0.0010520219092988554
2019-11-13,0.0016131209382662555,-0.002039331970871074,0.0023572528028527086,0.00021569695130373937,-0.0002865847651950374,0.0028822021918851835,0.0035770338620464397,-0.0013437748871466331
2019-11-14,0.0020583604159636784,-0.0021232402584339797,0.0025238551874744142,-0.0003255657121588656,-0.0007549262860849387,0.001003563829754067,0.003181788258816273,-0.001134535911239937
2019-11-15,0.002278962490962435,-0.002169861111344111,0.001579304003052394,-5.574711077178853e-06,-0.001196912145498616,0.0004450497005911787,0.0022138706654892116,-0.0015263721844450916
2019-11-18,0.0020359285927296807,-0.00159275817315469,0.0007319758421828416,0.0006111572689041589,-0.0014998724558018598,0.0008878614738195036,0.0024745975411545017,-0.0015621064485676884
2019-11-19,0.0023630443538254827,-0.0020622598187617315,0.0004238510109646533,0.0003998351954441089,-0.001823826815319842,0.000579641089565136,0.0019317346568934644,-0.0010996577675008938
2019-11-20,0.0020667214362558237,-0.0015529459938857671,-0.0006559654838397024,0.0018307051543162084,-0.002036924911559253,0.0005322196101322199,0.0012173162538977058,-0.0006034339230083956
2019-11-21,0.002277700619764413,-0.0015958501886515573,-0.0009976201794465692,0.0015645847313597325,-0.0021634848103085328,-0.0009562280289041128,0.0010031356779438437,-0.0015255478550613528
2019-11-22,0.0013552062589161213,-0.00033551394399630795,-0.0007351426113011486,0.000612524434130411,-0.0026170437626490623,0.0001810543560242699,0.0007966163279283184,-0.0014605470284008157
2019-11-25,0.001384071932396554,-0.0010389890350516475,-0.0010776766327089413,0.000792653874002695,-0.0031201178547683424,0.0012332806723913449,0.001475518070330249,-0.0014437730229859152
2019-11-26,0.0022545028551144283,-0.0013842455293455748,-0.0013180045386109733,0.000858110862077434,-0.0028928248109771804,0.0012324529090160868,0.0006515036178094508,-0.0016589951702696477
2019-11-27,0.0017784668203400461,-0.001685965693003693,-0.0008047295687757018,0.0009589240857750965,-0.00278038286553721,0.0015705015025603603,-7.201271747770636e-05,-0.001488921866078798
2019-11-28,0.0020083137377692115,-0.0016368094863158523,-0.0029959354692542114,0.0012078002981709918,-0.0024850921657142266,0.001100846651392617,0.000641689249818509,-0.0013077405457421318
2019-11-29,0.002168222488892312,-0.002090553325723368,-0.0028223297322596996,0.0013604571995240395,-0.0028002495979267037,0.0012171444591550723,0.0019721562803049686,-0.0015193801578193755
2019-12-02,0.002096841809254459,-0.002895432043254237,-0.003206993882617112,0.0008126223378449565,-0.0028350383173998163,0.0017679329980920201,0.0014070257090605862,-0.0013418302739735643
2019-12-03,0.0015594716934482398,-0.002138212325016556,-0.0029094503169117634,0.0001549667662877219,-0.0030876856419409463,-0.0003675797784445966,0.0019257099597551413,-0.0012027431766484917
2019-12-04,0.002112006782650934,-0.0016929068880104116,-0.0020653454634394345,0.0005108777738299206,-0.002749930487892314,-0.0010972122125605588,0.0022990418372762196,-0.0014098035996615728
2019-12-05,0.001893810149717958,-0.000914141719217278,-0.0022511709252717588,0.0006273823715935026,-0.002765161518334104,-0.001749886524850115,0.0027211491796261225,-0.0014220762167037324
2019-12-06,0.001302903325101787,-0.0006611548861807698,-0.0025040856476041687,0.0003646875670146515,-0.00263292186299156,-0.001620755500580173,0.0017751782508150453,-0.0010042614187995773
2019-12-09,0.0013472734833910377,-0.0011493255117329924,-0.0019312535220128075,0.0002626707998711153,-0.0029761245179462893,-0.0016658837800368406,0.0009805272900300633,-0.00042691417380655793
2019-12-10,0.0008379771610369589,-0.0011657359792580358,-0.0019908429485666988,0.001132893401540883,-0.0026957270126591777,-0.0015965587003249735,-0.00033093737932462386,-0.000482577000473091
2019-12-11,0.00022879253852380564,-0.0005445295438154244,-0.0018957082470759975,0.0011193228300373078,-0.0026029972458703407,-0.0018575275580020928,-0.0004765981401183514,-0.0002882462149999132
2019-12-12,0.00119551935187842,-0.0013710896871631864,-0.0017593963794755552,0.0018091107978692536,-0.002612705262701854,-0.00029957631861884937,0.00025531505521082494,-0.0005632453352006848
2019-12-13,0.0010656252529127198,-0.0014390351632008803,-0.0015629549023149203,0.0019104627356540034,-0.0024129685839326892,0.0013764492583430328,0.0008318343990139094,-0.0003673963379001734
2019-12-16,0.0008302270870917441,-0.0005119564511971125,-0.0015924717009673814,0.0012161460919196698,-0.0025663034954886794,0.0010969268908814184,0.0014554089420502794,-0.0002785950054030835
2019-12-17,0.0006213743220147099,-5.8130971217045576e-05,-0.0015770622318284537,-8.55472663781505e-06,-0.0026373445474334204,0.0011967266649696986,0.00068820983613292,-0.0008347851930531194
2019-12-18,0.00040256680179799023,0.0001363121129217752,-0.0010013048541205737,0.00032190002500998623,-0.0021699263465380226,0.0019959790378204097,0.00098419885997998,-0.0015778461042082331
2019-12-19,0.00030618901828389556,0.0004896250829539209,-0.0005442826290776518,-0.001226497030487723,-0.0021126624758072143,0.0020125136688429425,0.0017537022614625391,-0.0016820298193452746
2019-12-20,0.0003546234407972239,0.0004921041243939844,-0.00043139083596227675,-0.0013073167457995686,-0.002027418887105028,0.003171016373053076,0.0015782082268208718,-0.0012048286410922095
2019-12-23,0.0004708898632136921,0.0013119836824170839,-0.0005174263776024737,-0.0014650714006792897,-0.0022955745743001043,0.002003207862094088,0.0011245790973336786,-0.002111318490559527
2019-12-24,0.0005293492563277097,0.0015381250956036756,-0.00068130486161811,-0.0013576963108785285,-0.0019322871108705397,0.0016149861402756124,0.0013191379098692617,-0.001775419451688653
2019-12-26,6.73731561926302e-05,0.002089091255153565,-0.00017560396754093312,-0.0014115058372955235,-0.0018957820409757375,0.002487451295651594,0.0018743928565082392,-0.0017565408700556315
2019-12-27,0.00022705017136759006,0.0017781997803730928,-0.0005498970807772343,-0.001607057502132725,-0.0022384314815774705,0.0022300378955723487,0.002728113389124074,-0.001534005087683408
2019-12-30,-6.59402727962789e-05,0.001605215027210763,0.0004319070186925936,-0.0015180872980608791,-0.002016506091785484,0.0020308520714367694,0.002429175599925862,-0.0016013967047682624
2019-12-31,-0.00012167987269677582,0.0015916259544649094,0.0005044268316557914,-0.0013209547259776268,-0.0017732060519585937,0.0026443951589654575,0.002265385954967021,-0.0014018626600584237
2020-01-01,-0.0001833049783517138,0.0021833726803997576,0.0006307535586763415,-0.0010097717180804194,-0.0017267774372440993,0.0023396004599927364,0.0022367747720452706,-0.0013273875289792122
2020-01-02,0.00010493047501742973,0.0013235465094493723,0.0006493097599172151,-0.0010760632617768913,-0.001772656863680242,0.0042334653363228164,0.0015045365856503911,-0.0010801239727307591
2020-01-03,-0.0005861461996973138,0.001611488233177655,0.0002911634683358576,-0.0007759230947547494,-0.0016537541882168014,0.0035511125326124515,0.0016086077215081759,-0.0006507383182238793
2020-01-06,-0.0006193063601929595,0.001662119114144971,0.0003215892655740192,-0.0002824426759597562,-0.0014647191426470647,0.004081210292585089,0.0011793823882803212,-0.0004800496286846823
2020-01-07,-0.00043437460204848584,0.00132754234154115,0.0006580230374323566,-5.206860830838994e-05,-0.0015860426426767067,0.003956002572535309,0.0018779021037514765,-0.0005764290090219588
2020-01-08,-0.00026256004113577947,0.002089073434643143,0.00012957327499627365,-0.000135476223085442,-0.001110527681900952,0.0035124799713609892,0.0023891786152177787,-0.001209362617651528
2020-01-09,-1.7338222466356523e-05,0.001599155547699691,0.0006918188474227007,-0.0008684007342833039,-0.0013185761868251952,0.0037894105000769,0.003033582691300065,-0.0007643248258684029
2020-01-10,-0.0001023890050959723,0.0011757214010439838,0.0009292622425466582,-0.0008274824104727039,-0.0009441107571836472,0.004536893791266798,0.0034953939694764976,-0.001048312762441719
2020-01-13,-0.0006380460047057556,0.002425647099443078,0.00032972427085592644,-0.0012066279391959066,-0.0006433933181915839,0.0039455141195514284,0.004039830270165063,-0.001124106378690814
2020-01-14,-0.0009883063426187535,0.002433596622419949,0.0002049218798342487,-0.0006496264664975533,3.8811393676973106e-05,0.0036496030079586268,0.003515360224908987,-0.0011174908195305808
2020-01-15,-0.001352440399100657,0.0018704852466772945,0.0011654412800736942,-0.0003040406157389095,0.0007263098800412769,0.0045845976824959184,0.00379864349140765,-0.0009962086634431296
2020-01-16,-0.0011660798971589005,0.001474951406531375,0.0013232653805563001,0.00045629521523049066,0.0010500972015489566,0.0030205626021415997,0.004740285915427515,-0.000743346797429277
2020-01-17,-0.0014817056475306687,0.0014121578537242365,0.0014853337189038632,0.0009664991854292953,0.0011623146662601133,0.002530556163855573,0.004704448603550284,-0.0001473972458162632
2020-01-20,-0.0016093401449087167,0.00130926464247399,0.0012161032936300296,0.0012807523387216389,0.0017402597310040057,0.002631569023352111,0.0056140792474294295,-0.0006320727451059416
2020-01-21,-0.0017646435250411067,0.0013807627970603329,0.001050527512526642,0.00170861214083253,0.0016200413843710797,0.0019961059250476866,0.004936574763623121,-0.0005121616446998813
2020-01-22,-0.0018660651468120374,0.001996485039282821,0.0005429628889684044,0.0018072007555491858,0.002060472628928443,0.0014877234170112084,0.005308215973077555,-0.0007119861796954532
2020-01-23,-0.0017880650359595465,0.002189634020482127,0.000651413138639282,0.0014504423821114624,0.0017296655654417874,0.000932911688533072,0.005627011094039488,-0.0003385108625758508
2020-01-24,-0.0016140243844404419,0.001792867143247171,0.0003674792747634746,0.001257668370769606,0.0017090996518874305,0.000508696323057437,0.005252887679922357,-0.0005685362843375378
2020-01-27,-0.001876321288958001,0.0023099458003199673,0.0007978914088028296,0.002508235195538616,0.0020561500785018154,-0.0003853620392669909,0.005193314573109425,-0.0008851145657924901
2020-01-28,-0.0016213000997018043,0.0027202282785552413,-0.0001949373364610559,0.002729596715983329,0.0020302834722085005,-0.001918110569547267,0.005446960305919612,-0.0010370502531707384
2020-01-29,-0.0017884371501211548,0.002604136239194694,-8.67271633114467e-06,0.0023101264443606308,0.0021719228107423705,-0.0022073604408251804,0.004705024114325622,-0.0012331744211481882
2020-01-30,-0.001632549821189312,0.0023771297224253027,0.00041044449819375767,0.0016878774445832532,0.0018481353698466217,-0.0023584420768694805,0.0050449384877212814,-0.0016891666921823316
2020-01-31,-0.001166575352929657,0.0025566843329385964,0.00020399103711885263,0.0017553951626534774,0.0020518420479369325,-0.004016792565339678,0.0057889004609325174,-0.0027111783184544875
2020-02-03,-0.0010748281488735406,0.0024314926897961897,0.0010045702854128878,0.001209184648082483,0.002577375126762356,-0.0039392666123208514,0.0036814932134314436,-0.0027867754134876686
2020-02-04,-0.0007933772256085036,0.0014452333539338236,0.0007761395276281033,0.0008516429579011243,0.0015394196803804854,-0.0029950713754545956,0.004139599960788893,-0.0023778318001913107
2020-02-05,-0.000749409783502662,0.001486726514771801,0.0006198621893785748,0.00038223760298429645,0.0015376104368918706,-0.002248370064378792,0.004183974224241528,-0.0022845116385592406
2020-02-06,-0.0005495653601345021,0.0007869290058327761,0.0007368887104708237,0.0009166984216280615,0.0008810988321065613,-0.001814175274826731,0.004021118563894421,-0.0017884486193516192
2020-02-07,-0.0008794923136390046,0.0020628284158043042,-7.182855793165315e-05,0.0022560769593013793,0.0015325497970803152,-0.0011967563336479346,0.002767806952788102,-0.0017160806038536876
2020-02-10,-0.0006838632736702336,0.0022714700272340503,-0.0012776129897799082,0.0020667205434910805,0.0011305522974322819,-0.0028071415535225034,0.0018620477391193086,-0.0019304615134709143
2020-02-11,-0.0004521068105325561,0.0015236770193751696,-0.001164553817699625,0.002293411103506199,0.00039814923759062733,-0.0029704369715940876,0.0009613346090652469,-0.001602861359534131
2020-02-12,-0.00024252974759172378,0.0011333821819496511,-0.0014626778214276775,0.001485348045103779,0.00038067442279254274,-0.003352133801593391,0.0003910360479168122,-0.0018691061228487934
2020-02-13,-0.00024306831768605914,0.0015959967936189786,-0.0020943621732487684,0.001633392748128382,0.00035262509248516386,-0.003959968891998168,-0.00041029957083516737,-0.0018713560384024561
2020-02-14,-0.000606235397691335,0.0016951306092165888,-0.0024282276983874584,0.001682873470115442,-0.00012029849807896069,-0.003759146918748929,-0.0010857897618829293,-0.001900679369708085
2020-02-17,-0.00019510481379370493,0.0020367057898240115,-0.0026689149402261084,0.0003884368570449306,-0.00017441678857948876,-0.003663474757042506,-0.0015938963076970165,-0.0026934194472119054
2020-02-18,0.00011205070157169965,0.0024778979105606093,-0.0030095383638184523,0.0005016992860707836,-0.0007309040125721729,-0.004033994217737246,-0.0025657738391997044,-0.002398550466760027
2020-02-19,3.7195125479267993e-06,0.0018990133170212454,-0.003167722128205843,0.0007696401512675014,-0.0003055205168570452,-0.0035200222992583566,-0.002097709774310667,-0.002051232145178977
2020-02-20,0.00047553137075189426,0.0010117031919994527,-0.002726821537964634,0.0007196973696207329,-0.0006941609319339732,-0.0024612610661094367,-0.002115139667822601,-0.0016042460006924072
2020-02-24,0.0005415052073905968,0.001355756301929736,-0.003551047229015598,0.00032087095791362625,-0.0002827921939687968,-0.004061157973719968,-0.0028457704158141982,-0.0019920794737303023
2020-02-25,0.0005344676173437797,0.0020426233450941285,-0.0037564019990669116,-0.0003028006195676938,-0.00022737337752235702,-0.004116188931938084,-0.002156444591232922,-0.0020706736067141445
2020-02-26,0.0009366892014245384,0.0015846948933260843,-0.004713862079633502,-0.0016197361154844962,-8.244048745230967e-05,-0.003425723708109969,-0.0027099607693328582,-0.0024097593984479305
2020-02-27,0.0008011842144919186,0.0008036624117898446,-0.004378406913333709,-0.0014278138283434735,6.596476120206726e-05,-0.0026813864358875934,-0.003962774525920997,-0.002492059273077221
2020-02-28,0.001043624444097792,-1.8455129137752695e-05,-0.004521651973404967,-0.0011952142202674692,0.0004697256743612455,-0.0043704460589276605,-0.0037244968258607755,-0.002111844452022834
2020-03-02,0.0008663816501452513,0.0010133507272799655,-0.004696175201032272,-0.0005274199617187805,0.0008634904956782308,-0.004819298071922604,-0.003756459636355833,-0.0023604196674433635
2020-03-03,6.790500867581012e-05,0.001439435544819397,-0.004264400367019158,0.001404636683211706,0.0005305547072402043,-0.002141796394991858,-0.0045770739856638345,-0.0005391831784832793
2020-03-04,-0.0003277472840574017,0.0013120300331615057,-0.004811491730103515,0.0026015234609630946,-3.878868548567267e-05,-0.0021941588983324352,-0.0027729954316548927,-0.00019604575560170875
2020-03-05,-8.415330045682652e-05,0.0014947394828779652,-0.004358471389386024,0.0030502457515802477,0.000994409086777803,-0.0031353915022159598,-0.003604818019124324,-0.001106413850397323
2020-03-06,-0.0006471086526736248,0.0022127828102217846,-0.0033143270274414317,0.003908546204952535,0.0013630883882311115,-0.004946153807799333,-0.004535969107768878,-0.0013478063313660058
2020-03-09,-0.0008770908810134181,0.0024954914743512803,-0.0026442409379540616,0.004313814078708986,0.0027791619389139228,-0.00649323490943494,-0.003685054613022408,-0.0023543234717764974
2020-03-11,-0.0008634652116732483,0.0014616792630778577,-0.002835365958201653,0.002645480273282109,0.002516833584867789,-0.0078561671624823,-0.0038738587949743355,-0.0027323269951615176
2020-03-12,-0.0015342192340663963,0.001032738954863461,-0.0017978205202418517,0.00251832599758413,0.003305542413352778,-0.00722161437010361,-0.004430606715206453,-0.003171709550236426
2020-03-13,-0.0010648783318078382,4.18833902820024e-05,-0.00230929990405079,0.002858248938765744,0.0022336517474618005,-0.006468628745557797,-0.00487919347798905,-0.0031584347557580186
2020-03-16,-0.0012983932912285223,-5.830101290659785e-05,-0.0011025929630175835,0.005269703888517661,0.0026753721936015676,-0.007159106002496933,-0.004505779436147576,-0.0019737652533546642
2020-03-17,-0.001786569568838615,-0.0007071902879802749,-0.00021077677972363394,0.006103413826095564,0.004124329683349762,-0.006314646473272621,-0.004338020994715841,-0.0009828924562704806
2020-03-18,-0.002208900054520891,0.0004791173127479363,0.0004145406625258863,0.006705973783247346,0.005771220379695149,-0.004450309426048113,-0.004409919185173892,-0.0002448931067890424
2020-03-19,-0.0022314937656789276,-0.00033628037056202334,-0.001359957139395733,0.007980572429106098,0.006504903244288733,-0.005702947700966292,-0.0044004975445438785,-0.0005711101049473075
2020-03-20,-0.004406591182854884,0.0005794663528551902,-0.0020769577757363527,0.0071826697390690065,0.007526878657101177,-0.004585798362765679,-0.005587448657082992,0.000547413741356419
2020-03-23,-0.006407095890575424,0.0028665563694161914,-0.001996562881036428,0.00959490296056363,0.00860294465390389,-0.003958092558816306,-0.004702903381722804,0.001976837641733599
2020-03-24,-0.007393973691664418,0.0046945757734075146,-0.0027351290834758887,0.009625099470819486,0.009073030855027335,-0.0055135650599242615,-0.007020186443844299,0.0016723271351704698
2020-03-25,-0.007015396050274115,0.0026336873482743772,-0.0026968975452914476,0.007611684634687406,0.006837916241979812,-0.005681461974411491,-0.008828918550474508,0.0012483590059490738
2020-03-26,-0.006091810057861304,0.0015610775601476931,-0.0030428724801693664,0.007279641299843945,0.007148258934878904,-0.007586313166842178,-0.008391642985031788,0.0002351574718744056
2020-03-27,-0.005627940984700796,0.0017669363419299255,-0.0037655465925737677,0.007557571558630016,0.007001009218977463,-0.007024106720049729,-0.008370580746882498,0.00046769680003324113
2020-03-30,-0.006409294800064417,0.003367904832754705,-0.004298395218085935,0.00980267608682023,0.009091526027037083,-0.006150778106919046,-0.008850129075495632,0.0018014329801397267
2020-03-31,-0.007418969700431736,0.004239225766440266,-0.005396395237834162,0.010014139342220837,0.009248662565461589,-0.003973884748406794,-0.009740161943172997,0.0028511977003097978
2020-04-01,-0.007697606474084783,0.0024655394524432696,-0.00416897025749551,0.01092202991936754,0.009473604194772518,-0.002266937907184444,-0.008868834415465309,0.0037849114885818436
2020-04-03,-0.009065628976113804,0.0018084555618804437,-0.004797829650262743,0.012478238437102955,0.011075971622610033,-0.004097205477838147,-0.007927829996457799,0.004459846528976805
2020-04-07,-0.0076651139733012776,0.0007304856038245437,-0.004325877276043392,0.011967482931198927,0.010956409263449707,-0.004539030424392635,-0.00868830317112521,0.0034863358381735307
2020-04-08,-0.007911760875885722,0.0006515041694881776,-0.0032388662037819947,0.013585752716985271,0.010927666235783099,-0.004178103365047786,-0.008485994474825703,0.004327936694026877
2020-04-09,-0.006968137549463425,-0.0009586301596780089,-0.0012535853530373491,0.013353853275337623,0.008948290394204911,-0.0028537525070069965,-0.008844736929318822,0.0038197752133810464
2020-04-13,-0.007415893841983909,-0.0006755829779890336,-0.0023525441196269063,0.014467390769210015,0.007915670008587984,2.031081527125757e-06,-0.011239452023759668,0.004606764073875971
2020-04-15,-0.00813006929008421,0.0006543264299338205,-0.002373732379724213,0.015660260767322895,0.010200479449841163,0.0015803047624478143,-0.009097563691710865,0.004875375150929923
2020-04-16,-0.007012645963546189,-0.00033327337874620435,-0.002270634896481195,0.016465266393664385,0.00894455839545973,0.0025078719628429157,-0.008329397625389284,0.006242636406632061
2020-04-17,-0.00593391685330784,0.0001751657486152836,-0.0007135449047077848,0.014418175587528134,0.008564132713684044,0.0011884960249350699,-0.00743600619230224,0.005634499387830659
2020-04-20,-0.005968388755290341,0.0011594777901141476,-0.002437567709668424,0.012695118059493651,0.006630687983164196,0.00037350719433021005,-0.006749415873136932,0.005304689328859179
2020-04-21,-0.006377132147277923,0.0011267521068642767,-0.00445441097768812,0.014011003712334533,0.0062644114398274385,-0.0013131186528551942,-0.006222737180044712,0.004597136628930474
2020-04-22,-0.005954770772323068,-0.0006726371364668233,-0.004658000160970073,0.01208863046950073,0.005068196671942515,-0.0036180961772066516,-0.007296638358008154,0.004520989206693177
2020-04-23,-0.005263025755669114,0.0012743121169929957,-0.003154712008921218,0.01068661195964536,0.00301894071934522,-0.0021846518469136253,-0.00715240226582075,0.004489330013548442
2020-04-24,-0.003920970621876712,-0.00046360178056138713,-0.0021133250032646608,0.012786474201997376,0.0025488430618874503,-0.0035358404870100366,-0.006940844766327366,0.004304885880860979
2020-04-27,-0.00129472491716944,-0.0018323099579543468,-0.001804078324926961,0.00962053036936218,0.0012870663363065884,-0.0043296815497076944,-0.00784432918051679,0.0021965585897368543
2020-04-28,0.00022923054932104218,-0.0039446120299824914,-0.001689556809902893,0.007908602402569263,-7.3995731091971995e-06,-0.003984294301122974,-0.005846496180047233,0.0019113212344027512
2020-04-29,-0.00030598116435117794,-0.002168521082620168,-0.0010667887942470908,0.009487117365609955,0.0009367368571955104,-0.0012627711404524806,-0.004454280698479791,0.0018663688620132969
2020-04-30,-0.001832753696007803,-0.0006527535092200011,0.0010314578505024614,0.008941861039049747,-0.001037862732563245,0.0026152832562192085,-0.0058983270401469605,0.0038184373191541415
2020-05-04,-0.0039007457609637956,-0.00011990424754455614,0.001558935555513606,0.01178690849943399,-4.075021653618003e-05,0.0012744025210351295,-0.006210464087495356,0.005228312776216857
2020-05-05,-0.0038150565075280303,-0.0010762009960641273,0.0023405210981003646,0.0085910889126781,-0.0026893227827896916,0.0004983099933903567,-0.005682385947941392,0.005205562667894248
2020-05-06,-0.002239395183606504,-0.0012915314342442355,0.00403096766551581,0.008378976435766312,-0.004805895503278806,-0.0003385921848683411,-0.004826449983789707,0.0035090333916043947
2020-05-07,-0.0019196625228688233,-0.0004729363199482079,0.0029181260789774193,0.007400116104990186,-0.00535187607303945,-0.0009981897763207325,-0.005566077096209369,0.0031605711819614546
2020-05-08,-0.0009453770507488364,0.00012939958401918077,0.002488806257422243,0.004926849482127042,-0.006028148701124656,-0.0018477120932349359,-0.007121949004913895,0.0016357036141473654
2020-05-11,-0.002642054397108583,0.0012945526024195062,0.004171785402012152,0.004108638239362858,-0.005933703064154156,-0.0006220679342340146,-0.0055632510580848425,0.0024937703250494485
2020-05-12,-0.0025876041263322006,0.001977681557272638,0.003523688638528512,0.0021267023909818583,-0.005768824939908742,0.0002650398539050828,-0.004549572169156164,0.0014551686070190337
2020-05-13,-0.002069933414864481,0.002370123448292674,0.0009059314246371375,0.0004442013175251305,-0.005173996365736237,0.00011661087000044328,-0.00332144469866373,0.00213880759430126
2020-05-14,-0.001818158550535647,0.0017586174773452663,0.0023718976237198765,-0.0001134889102092782,-0.0034901632225056295,-0.001425864253129508,-0.0011878785459584372,0.0017852440353012117
2020-05-15,-0.0016762791047655397,0.0007003740349682216,0.0024339107445878355,-0.0008308209322359964,-0.005706144266376721,-0.0013961458127692518,-0.003128928894933115,0.0023827439373506417
2020-05-18,-0.0038030588496478644,0.00405084635036483,0.001222249700446811,0.000351096067556789,-0.003871905431746738,-0.0020248433694232625,-0.004072864921631831,0.001834645428044865
2020-05-19,-0.005956652367424696,0.0049457571585834244,0.0004744860368439724,0.001652984867018587,-0.0018832534418891573,-0.0013024789563399848,-0.004958248554324524,0.0019050071489991572
2020-05-20,-0.005655376103288333,0.003434704898420791,0.0011237484442710266,0.002589502326949527,-0.0012140546511811828,-0.00021964498327269846,-0.005210720854621977,0.0014218391722691927
2020-05-21,-0.0049528006919326815,0.003875055524820874,0.003276157373578406,4.272735034217714e-05,-0.0016599317962017167,0.0014745318206445719,-0.0060768439364410915,0.0009387058025202434
2020-05-22,-0.005475265216974261,0.005361137118172349,0.0036685242616120235,0.001896039559041909,-0.0015656324800866679,0.0018192656913461245,-0.004849658847013844,0.000688678755860586
2020-05-26,-0.005675880455174146,0.003072590872580909,0.004758040009696608,0.0019564799478919556,0.0003678978877750534,0.0031792073941879165,-0.003940632292185229,0.0017876012150180199
2020-05-27,-0.0030069786003332826,0.003218638685610665,0.003565344453010881,-0.001102598563206914,-0.0015218599343199538,0.003487284000402573,-0.003387649002430225,-1.530842467273362e-05
2020-05-28,-0.003265958631184408,0.002130135442700143,0.004554048505912194,-0.0017413528036088301,-0.002049603366010901,0.003775374323842729,-0.003052194644127687,-6.897148129821821e-05
2020-05-29,-0.004276529859674758,0.00207601153717697,0.005307638968256772,0.0008999731546556313,-0.0001507705382794613,0.0048737017465267565,-0.0013703097664744825,0.0009058034798282862
2020-06-01,-0.003963739882384686,0.0016897884823199184,0.005643507828630275,0.0007276461170516943,0.00014152642196927517,0.004591619838222185,-0.0007079525825802642,0.001353250781345772
2020-06-02,-0.0028464839574845902,0.00047597084156242124,0.0038176471712082706,0.0019459120620879994,0.0005611614188419004,0.0018291974306989364,0.0012851551642082664,0.0005906567340885483
2020-06-03,-0.0009784976958623795,-0.000673145929675024,0.0043703335566382786,-0.0013069401871469702,-0.0005657342410102591,0.0024330415068091957,0.0029702115851066276,-0.0009032122389157401
2020-06-04,-0.0013929756549673788,0.0001361206794806358,0.004376371096816169,0.0003557353050904861,8.886823568701654e-05,0.0031876047651702988,0.003220364274954022,-0.0011910428287667087
2020-06-05,-0.0011427421718963114,-8.470230881970492e-05,0.004160307569335291,-6.131455292449507e-05,0.0006641694023145021,0.0046882030229735035,0.0036564095007660027,-0.000680624897630577
2020-06-08,-0.0007943272738874536,0.0006520197204433363,0.003827565710269541,-0.0008171902137703458,0.0007872644968636355,0.004153617176869486,0.0034178295059136554,-0.00013257922317495927
2020-06-09,-0.000664760667194707,0.0005924812201338362,0.005048995548210075,-0.00011439091563881501,0.0007561720865265492,0.0050067926839722065,0.0045656596399842216,-0.00037634139666040687
2020-06-10,0.0007985502705017081,-0.00013375801508033313,0.0021254023778133416,-0.00019414660563846393,0.0004935218481843988,0.003736314145317262,0.0046599284432903626,-0.0006513485845552548
2020-06-11,0.0005022974828877299,-0.0003836566393944857,0.001724807471426173,-0.00010794642419170372,0.0002875335600031059,0.0026431524766217383,0.004082670148606372,0.0003820361507794576
2020-06-12,-0.0004899400341880837,-0.0007852894031621402,0.0025936965569766887,0.0012591584323464965,0.0011898572810645218,0.00235637659494397,0.0036361747208886563,0.00046059338939002546
2020-06-15,-0.0013089641498624143,0.0004231835338738888,0.001600961001570634,0.0006901956620334031,-0.00034451218912511395,0.002214667348154304,0.002573465047731138,0.001445968782934918
2020-06-16,-0.0003254791576121729,0.0004370124282502591,0.0016266114185837922,0.00028860818723985,-0.0011139064727476752,0.001611426952492378,0.0024005979375193776,0.00031922093041976537
2020-06-17,0.0012455083020602954,-0.0014011187389382507,0.0031977870988666654,-0.0009715517529419954,-0.0023902554939643893,0.0016554276047430743,0.003866928602838906,0.00022187966973071828
2020-06-18,0.002524582451415479,-0.002336075608773527,0.0022416711679675554,-0.0016417544169908338,-0.003088974921175032,0.0017922279575340316,0.003930334685929874,0.0003516443171556853
2020-06-19,0.0027095436874673097,-0.002475351817134634,0.0022237592958542713,-0.003146351783464549,-0.003402204451275963,0.0015434198809150066,0.006116061684836715,0.0013347077581665487
2020-06-22,0.0037086482180836945,-0.0031530155982921037,0.001570917247568959,-0.002549391687857642,-0.004275645821554902,0.0018058158854374964,0.006553793691176864,0.0017133295998458678
2020-06-23,0.00507105127467097,-0.00420354579203364,0.0007689430235865427,-0.0033730826224281406,-0.004385691929178518,0.0024458432346477262,0.007387675538066905,0.0013009248969245019
2020-06-24,0.0035068978230201227,-0.0028898658230323278,0.00043274608074567004,-0.0032471490621854377,-0.004038618506966416,0.0008881973310128129,0.00625306523391151,0.0010366164584406732
2020-06-25,0.0018955389844628077,-0.0031965109160492743,0.001612408159112037,-0.0011996432492411366,-0.001647416826633778,0.0009763778537591732,0.006497313692343108,0.0015335746700682598
2020-06-26,0.0013842073754275347,-0.0011107296552717756,0.00031270265122443873,-0.0010091807610008094,-0.002145667801148409,0.0005934106353537834,0.0053013726377241915,0.002569308728206557
2020-06-29,0.0013272579929637218,-0.0009991703296617339,-0.0003439296409111169,-0.0017489385947147857,-0.0024223641262499478,-0.000806991844292696,0.0023570388572400616,0.001762044427295461
2020-06-30,0.0009985420284998468,-0.0007867532753675056,-7.995572240062764e-05,-0.001371336247682675,-0.0014667289638524731,-0.0013142045393471058,0.0019326661281652072,0.0013572088911975775
2020-07-01,0.0011394565457687202,-0.0010927881439531883,-0.00031882613619203456,-0.0018667780210533877,-0.000709940673650878,-0.0011109319146857001,-0.0005531161466815911,0.0012847712871505543
2020-07-02,-1.6547966041548408e-05,0.00019315456392418953,0.0006376019170032817,-0.0018823053890841134,-0.0010089855053538868,-0.0007222638209673827,-0.0022176446011834684,0.0014782626689780875
2020-07-03,0.0006279922134992742,-0.0005726354965275267,0.000579176952486095,-0.00321322769087352,-0.001232292432146351,-0.0018177462436047218,-0.0013017441160719377,0.0008991125906925206
2020-07-06,-0.00026636693837913663,-0.00018087786793556833,0.0009170828958498249,-0.0036902808802114617,-0.0010824612670193774,-0.0026362214582999147,-0.0011643660414868329,0.0007008374100482559
2020-07-07,0.00026006910062308444,-0.00010781143410078502,0.0011918746105430943,-0.003166127328100431,-0.0012601074252051585,-0.0033934727055932876,-0.0016889138676669348,-0.0010355167890760486
2020-07-08,0.0010663286627348124,-0.0005828751006061372,0.0003393394017665776,-0.003849338238277957,-0.0010527973020339246,-0.002282899270822512,-0.002779700501262395,-0.0008177951953131997
2020-07-09,0.0007388567265044833,-0.000998342944872364,0.0009141545601472948,-0.003938955513096672,-0.0013244867843000714,-0.0012367065508178815,-0.0036024959961945685,-0.0009522227369816814
2020-07-10,0.00016638634299297444,-0.0010077058464873227,0.0007501574393148974,-0.003331684715991001,-0.0012440071137134728,-0.0010789515201448333,-0.0031065182357276145,-0.0008012978847453034
2020-07-13,-0.0006080584057665071,0.0006609798302681731,-0.00013911995549322062,-0.003219029662066499,-0.000539669270017458,-0.0005518982428782703,-0.004238359707116436,-0.0005537622965669921
2020-07-14,-0.00029090973478850196,0.00024286330138823323,-0.00032973495423429524,-0.0029183859868686024,-0.00013851829133933787,-0.0007381906912681487,-0.0034162193662212424,-0.0011321055522036847
2020-07-15,-0.0008791185925884049,0.0029310793773016305,0.0001498467617907181,-0.001922783607501704,0.0008257866169970509,-0.0008967305663586684,-0.0035710423004611013,-0.0014959032809568852
2020-07-16,-0.0007880680710438334,0.003469097163532495,-0.0003572864805071875,-0.0020734097882276125,0.0004287727686677961,-0.0008761366558384031,-0.004633471400444213,-0.0019438857694072582
2020-07-17,-0.001434164959400379,0.003226743751057305,0.0005149577735394984,-0.0013620475503420557,0.0007495389307428514,-0.0012532113563072048,-0.004577336211587315,-0.0006546924696564887
2020-07-20,-0.0013384945387926346,0.004808485909379249,0.00025036869294765233,-0.002066187378912723,0.0009873495785554529,-0.0009672012360523617,-0.007131695614434485,-0.0021896434798406657
2020-07-21,-0.0014777672057124415,0.004676533281271285,7.35104615039216e-05,-0.004078282496818338,4.9271873652800315e-05,-0.002204455211728872,-0.0069702425607827715,-0.0013051656429141387
2020-07-22,-0.0016144232826199615,0.00428073670765405,-9.389541658950994e-05,-0.0037782953911425702,-0.0002422631549483488,-0.002279164779869723,-0.007952637790383167,-0.0006370839882172867
2020-07-23,-0.00048290552118360544,0.003404019268233422,-0.0002424331261345657,-0.0030436371728064116,-0.0014918164737426007,-0.0019979095747158053,-0.00712408862937002,-0.0002709481667664453
2020-07-24,-0.0015225185059647628,0.00464597888639562,-0.0007332680601678339,-0.0038066768649246013,-0.0026045655112018184,-0.002704205881332706,-0.007441485095548308,0.0003440548517457207
2020-07-27,-0.0027532173841020298,0.004385149108175048,-0.00020139397135185422,-0.0036733814365059224,-0.0016450663395470152,-0.0021409306081588367,-0.007091869756255753,2.0970320750990368e-06
2020-07-28,-0.002722128283054208,0.005179856047010504,0.0008697269170512409,-0.004394243812546773,-0.0028879690498502886,-0.0008559282926327455,-0.005648749287127484,4.632226763006883e-05
2020-07-29,-0.0024427303899617592,0.005159796464667489,0.00015369154799442248,-0.0018649865080029174,-0.0026094961050346886,-0.00010370762368041696,-0.00502474892171538,0.00024954894221999955
2020-07-30,-0.003695789405372624,0.006575667752500951,0.0008990953825534732,0.001102332369519619,-0.0022485658276000468,0.00020322819224334165,-0.003701090882150561,9.861480493898603e-05
2020-07-31,-0.0029824015592612874,0.006185956997331906,0.00020396536779570965,0.0031496815033019445,-0.001432447058358114,0.0006826969870755966,-0.0023101003091859423,-0.00012184444031110514
2020-08-03,-0.0029907410369152338,0.006433068563391297,0.0005450100625992826,0.0040065391707967205,-0.0009007780996589368,0.0021186338076518135,-0.0023382009300612775,-0.0003508182702342123
2020-08-04,-0.0029893492162478153,0.0052728225195099905,-0.00025021061573929837,0.00491896530165519,-0.001051844898862925,0.0012361322052975325,-0.0030537379825589404,-0.000159645326518043
2020-08-05,-0.0037263087538407062,0.004594056920644782,0.0005642917836601404,0.0049380725576396835,-0.0007774160360137061,0.004051477125320826,-0.0025556926293428817,0.0006903699764340327
2020-08-06,-0.004178723405454462,0.0054255589870662296,0.0007224019634491396,0.004350738198693903,-0.0013614917158585528,0.0031210713520723773,-0.0019398881209821118,0.0005647856550466705
2020-08-07,-0.00419191744401252,0.005288995787401697,0.0013188361384532444,0.004285849272082028,-0.00047760240828250366,0.00302537283518469,-0.0019186458660894097,0.0010423304882096695
2020-08-10,-0.003241330633694131,0.005170699823698877,0.0016003922479720621,0.005935856898075632,-0.0009490597375189441,0.003316661113978038,-0.0013342593484346778,0.0004052433032253138
2020-08-11,-0.0019414346346778755,0.004062797981618184,0.001296937343529413,0.005026697827060058,-0.0014018908892274378,0.003418175493196445,-0.0008951185915204009,0.00012027055420651706
2020-08-12,-0.0011454295312787334,0.0038174335128891824,0.0025889956313536635,0.003247352441089081,-0.0019761726509542224,0.0034963292609818957,-0.0013264108149783286,1.0311466246042903e-05
2020-08-13,-0.001093503619294261,0.0015767862242320489,0.00314342151813441,0.002605414131396277,-0.0021651987002670584,0.004021892230913602,0.00017857850396588463,0.0009863744775276424
2020-08-14,-0.001724368781108923,0.0010839282125524367,0.0023867420072511496,0.0035412617725270996,-0.0018205461069212266,0.005238431448611608,0.0008150991000656772,0.001475272828411462
2020-08-17,-0.0020653492029575112,0.0023274772208027447,0.003141256594124356,0.0033663432215446966,-0.001325256516369882,0.006063384772590334,0.0015098466306607274,0.0005307605979051912
2020-08-18,-0.0018673758252907376,0.0011700145273188629,0.003286145445949481,0.004019997862020021,-0.001257882405407168,0.006765707559392753,0.0031319340433393896,0.0006323817634850744
2020-08-19,-0.002087092807670005,0.0014785245616335996,0.0029989952658424526,0.0050465186352061375,-0.0005754155565635486,0.007093759875490775,0.0033144038562951754,-0.00026058344613329935
2020-08-20,-0.002636356415340304,0.0020796106412069443,0.003699830221231316,0.0052352273489270525,-0.0001703155120743047,0.007960407850610862,0.004283766440925768,0.00043288086403888196
2020-08-21,-0.0023044490869544463,0.002109416465697572,0.0033047975583993337,0.0049604764493129385,0.00010479834985869293,0.007384801044387441,0.00431036676302159,0.00018412405701277224
2020-08-24,-0.0007866160071051864,0.0008118521741071508,0.0034413645272673397,0.00468926311956364,-0.00019732197579190233,0.00793692525885256,0.004164613461025706,-0.0006226514587878921
2020-08-25,0.0012011359899370634,-0.0005063483700303563,0.0035746141922151278,0.00492623416457197,-0.00045497504682207555,0.007137807391979454,0.003642393372212294,-0.0012040785903780174
2020-08-26,0.0017014514455250508,-0.000813601354798814,0.003160249072211018,0.004947355391256624,-0.00027768265360528124,0.006863659229479621,0.0036585634897794645,-0.0007026850891581307
2020-08-27,0.001686929337366038,-0.0009033420231402001,0.0037491144246369467,0.003471514471229388,-0.000931557722946545,0.006041003102262696,0.006146708150092564,-0.0007153548985963537
2020-08-28,0.0036582328787940115,-0.001971601547379436,0.0028169560950898585,0.001362779958913879,-0.0014274737969254179,0.00561426977146257,0.005451523103042863,-0.0006713880813259804
2020-08-31,0.003107333834209505,-0.001710010742441548,0.002201003526388481,-0.001627769240282307,-0.0017613598272082666,0.0043732537271946245,0.003560917363190789,-0.0004194862828498716
2020-09-01,0.0033559432915103967,-0.002868923393875385,0.0016029557543867697,-0.0015701496021519935,-0.002112794997108668,0.004519085461923476,0.0033842772101264993,-0.0005509014011564413
2020-09-02,0.003158728916159214,-0.0011369612077673226,0.0020214163884225804,-0.0014849680466834682,-0.0015701872128936285,0.005510385029454214,0.0033835635017072417,-0.00048279092354327276
2020-09-03,0.0024837783713911148,-0.0005332842607335823,0.0016442923035702877,-0.0007547658263735912,-0.0010980279968527934,0.0034509207747271033,0.003311884297775374,-0.0005460248357136042
2020-09-04,0.002355425960492834,-0.000866581999048087,0.002498758644005788,-0.0010781093029170379,-0.0012687599082642875,0.002578497390278869,0.002901492430617824,-0.00048309353442636946
2020-09-07,0.0019433052317655043,-0.00014053964979845773,0.0018822349036604453,-0.000861093467963708,-0.0013368010085055128,0.0021183055696828972,0.0025773852039052223,-0.0010320821775959906
2020-09-08,0.0016019851170186788,0.000416370662069814,0.0014388783088782927,-0.003707538131654739,-0.0014243287299282536,0.0007081245053338443,0.0008118082148303602,-0.0007512719110172483
2020-09-09,0.00027271128209966467,0.0007235262867121832,0.0018599686849119,-0.0017448399382169635,-0.0015436295315285683,0.0007178667782196815,0.000743546948835001,-0.0004967602427702617
2020-09-10,-0.0001589309459966944,0.00027214176191137735,0.00037901040324713733,-0.0017828098189789057,-0.0018986512545202286,-0.0002870768399256854,0.0005917200821393167,0.0007067231677400644
2020-09-11,-8.154759047934203e-05,0.0006776008685037649,-0.00022274704453309816,-0.0013741527584965312,-0.0017442004221725365,-0.0006131577531520277,0.0006620028365389039,0.0005292772678140509
2020-09-14,-0.000184064475192137,0.002662365151114639,0.001066672000916306,-0.002796963588663557,-0.0018352017713438953,-0.0014743406788575784,0.002409940940117679,0.00022269979017586357
2020-09-15,0.0005002594505643279,0.002384450709896741,-0.00014298733342336446,-0.0017476818104218378,-0.002423357816836175,-0.002694684217792481,0.001550615468910477,-0.00021094431825837226
2020-09-16,-5.037962002695472e-05,0.0028492369585094986,0.00036010959379027265,-0.0004707813544748927,-0.0022608564045627786,-0.003067109168486235,0.0009692437618980576,-0.00031752804820645464
2020-09-17,-0.00037387867093876,0.0035791346450017116,0.0006626421834630611,0.0003630205946112258,-0.0018772331958198931,-0.0033749524487116144,1.4943841289233111e-05,-0.0005188584898726069
2020-09-18,-0.0007361967308105381,0.003466724483374835,0.0006774698741957401,0.0023097223660718267,-0.0023110070252361854,-0.00423967134703458,0.0003539638206387246,-0.0013562484464017042
2020-09-21,-0.0015251593278822265,0.00470469551573853,-0.00010952947005666582,0.0012606940029487798,-0.00270427909466549,-0.005159636154165812,-0.0016869019300367744,-0.0016681010800758218
2020-09-22,-0.0023535197560121653,0.0059854020260847445,-0.00022422948921723882,0.002554269867453298,-0.0023245781150559586,-0.004963802765255163,-0.0012861902076306984,-0.001761441970573253
2020-09-23,-0.0026850249663555002,0.006056117971102515,-0.0003443289861152733,0.0021979393762137857,-0.0019169383708614932,-0.004682124652485634,0.0002346154437336853,-0.0017179561076209103
2020-09-24,-0.0032587632138573177,0.0053406088408260236,-0.0010148008950754718,0.002545153365888975,-0.0005543542607294332,-0.005390194959382254,9.192894787139012e-05,-0.0016989636247656866
2020-09-25,-0.003454621696047613,0.006000021304223472,-0.0009416417730794572,0.002176674918968897,-0.0004829151985313528,-0.005126369042256608,-0.002900025217755326,-0.0014718747821021606
2020-09-28,-0.004152067598934875,0.0059251635666440735,0.0005042406969082303,0.0024554072565324565,-0.00038111338550955265,-0.00393012296494928,-0.0019341755961456988,-0.000574433388911409
2020-09-29,-0.004249635399765245,0.005499050986766263,0.0012080256580285261,0.00332768152274276,-0.0011456852976461655,-0.002135284654565329,-0.0014023573790380348,-0.000635573729401215
2020-09-30,-0.00403688812570057,0.006329318671441587,0.001067202869034319,0.0027195338715679373,-0.0008614309102818588,-0.004179516000894519,-0.0018168977909170255,-0.0010709989814712737
2020-10-01,-0.0028744783218057333,0.005565880137514377,0.0004250321040971337,0.0022066214342888833,-0.0011858091852141213,-0.005070996920520392,-0.0016787081800994658,-0.0019991408239843716
2020-10-05,-0.00230743773476987,0.006091804370833643,-0.00044532429527087967,0.002172411809751571,-0.00176831523204785,-0.0039993924783225865,-0.0018526101872152429,-0.0021805661076730568
2020-10-06,-0.0016884441243230938,0.005549798865685606,-0.0009956477077645693,0.0016170389739961718,-0.002571508228903308,-0.004339659201482918,-0.000972835154764989,-0.0028266699456202925
2020-10-07,-0.0015419460503937508,0.005331587004849805,-0.00032976805563354685,0.0010678984759759323,-0.0028830634753530694,-0.005264836231097196,-0.0016375574276827314,-0.00297379226041794
2020-10-08,-0.0012014361713568236,0.005732160253028187,-0.00037565341740002545,0.0024365217572504707,-0.003194374058020016,-0.004268101114788156,-0.0010839203370686854,-0.0038875128305102136
2020-10-09,0.00065082314448975,0.005903023173018614,-0.001069483732634437,0.0004057124344072978,-0.0037293802288689065,-0.005401787348432521,-0.0016306330399183462,-0.004291247556899716
2020-10-12,0.0006091179988697935,0.006992863434351797,-0.0010277047035808196,0.0014946816388778468,-0.0031443230071381955,-0.004626758908124167,-0.001772138679305364,-0.005755841707419499
2020-10-13,0.00018391663978021481,0.007050301163401606,-0.0013420576895259765,0.0006423691408736678,-0.0035487150048409957,-0.004681590512209984,-0.0024705324649965275,-0.005095020427563853
2020-10-14,0.001514868767641708,0.0040108528971844574,-0.002186009251735941,0.0004136215094460846,-0.0034167849619991123,-0.0049348908444298446,-0.003956033615312472,-0.005506765353615568
2020-10-15,0.0006182209895297115,0.0038376089394449994,-0.0012361837123690234,0.00012221985240472592,-0.0023352485958681875,-0.003628423715597932,-0.0032481542065087186,-0.005166571534094029
2020-10-16,0.0013390649110623272,0.003434640649477992,-0.001806356981339032,-0.00013481133710458262,-0.002479824012276147,-0.0019837086833056614,-0.0030711648168457815,-0.00461590547821651
2020-10-19,0.002527774320703092,0.002186278024777176,-0.0029913041269016066,-0.0019401160348714236,-0.002367862138883425,-0.001361983023761431,-0.002350137181862504,-0.004412596259532064
2020-10-20,0.0030960439636348656,0.0026909583546799146,-0.0031666464086306106,-0.004283984440532845,-0.002377029203962101,-0.0015716794106680418,-0.0015528770950944126,-0.005518787580643187
2020-10-21,0.00395483594541169,0.0014422921644136793,-0.0025449230707933796,-0.003447840646328586,-0.0025939660097449684,0.0007724544414591922,0.002019258172826631,-0.005117006663803785
2020-10-22,0.003925160649012341,0.0005016001584468646,-0.0020362871412523877,-0.004418376315513775,-0.0024200063299102785,0.0014127660751800174,0.0028299338918214415,-0.003948889415251575
2020-10-23,0.0035964423939826864,0.0006622624866460011,-0.0008626581549545805,-0.004049810789714613,-0.002557825909558508,0.0015767001996254506,0.0017048493548332713,-0.0034739305375497474
2020-10-26,0.0036939060494048633,0.0013701405196983873,-0.0014713520548113113,-0.004063719294028291,-0.0028804807470575447,0.0011788434290247582,0.001528610601471224,-0.0038497613023884833
2020-10-27,0.0044160611800201244,-0.00021828481729237702,-0.0018909840279787986,-0.0038333006148368507,-0.002640976997206579,0.00044525482190319087,0.0007753098427118331,-0.0037238681724952524
2020-10-28,0.0032489824009317415,0.0003275037035011287,-0.0019615269506106045,-0.004025467649776831,-0.0019845669081681424,-0.0002375535005052472,-0.00022180650455906744,-0.003745552312048802
2020-10-29,0.003751562251817783,0.0005800347370081408,-0.002339348125651093,-0.0038736249959288034,-0.001497153131874944,-0.0013093755247955735,0.00037093245014070035,-0.0033086131096403907
2020-10-30,0.0035049646129306903,0.0006073768834202824,-0.002553084695050129,-0.0038327100704105745,-0.002307137292476064,0.00045577556951834075,0.00188593605743475,-0.0017990241566341455
2020-11-02,0.004312132495618053,0.00040982210696878757,-0.0024592707970363353,-0.0037229487583650307,-0.0019505572367970049,0.0005673049268393713,0.0031213380581096286,-0.0024651608532341752
2020-11-03,0.005307315462503605,-0.001434235583024532,-0.00192424280169973,-0.003967756992649626,-0.002202398475107015,0.00019615306392990381,0.0016581929961814474,-0.0027848916777156243
2020-11-04,0.004727510548324928,-0.0005232074349523916,-0.0019274266962285354,-0.002610748491341344,-0.0017003918447425215,0.0006538638839113503,-0.00017510670217002282,-0.0020831012696158734
2020-11-05,0.004958398018320173,-0.0006956393390164689,-0.0025511436932287527,-0.0023697219374409135,-0.0015050030376792148,0.0029035385211864844,-5.843327072223726e-05,-0.0011856756735874902
2020-11-06,0.00518949257959657,-0.0021473703563367483,-0.002740221548070473,-0.004037039546595554,-0.0016723657889719736,0.0028566781679325044,2.5697504534242382e-06,-0.00042194922692318925
2020-11-09,0.00470944612835655,-0.002175165280842792,-0.0026994073410866624,-0.0036211982248470706,-0.0013012768967342544,0.0035052954131554186,0.0010370089911835435,-7.112583205515742e-05
2020-11-10,0.006217874167291258,-0.005414993953768826,-0.002570293259512986,-0.006742691402135139,-0.001975093628252558,0.003563615629071054,0.0019528851111733246,0.0002814560657371174
2020-11-11,0.0066303321416651215,-0.005670459215211556,-0.0019625722724362473,-0.0046303178602294815,-0.0017041999303560183,0.00456591019049761,0.0020328159481562192,-0.00046951008731619445
2020-11-12,0.0052813865735226555,-0.004618286121420165,-0.001303304118143247,-0.003821501801825312,-0.0007871514192175047,0.004734351165060546,0.002245750341188175,0.00030668774348908317
2020-11-13,0.005942808564062192,-0.0043490791701240455,-0.0018697109710424514,-0.003699228080063914,-0.001591634537233448,0.004477441179106003,0.002745058859768762,0.0003675942791439074
2020-11-17,0.005942891680312902,-0.0044104086247727416,-0.0015906784219986828,-0.0048002172609882465,-0.0017685728629764485,0.0037906068118193186,0.0025439499201466926,-4.0817962905304386e-05
2020-11-18,0.00560952452086786,-0.004263109537884445,0.0006077183811531673,-0.00410645270427689,-0.0027115049429964435,0.003421433222831443,0.0030071578139757287,-0.000461206071803878
2020-11-19,0.0048582360218902935,-0.004669361798798595,0.0008400066367167309,-0.0036983891190676215,-0.001630820778598837,0.003881978199757097,0.0012270876854461707,0.0010684108016960187
2020-11-20,0.004613336909928909,-0.003913596560589668,0.0011017953794034787,-0.0040293872994103695,-0.0007821325874684871,0.003051244433007618,-0.0007204820461954322,0.0005580690988202376
2020-11-23,0.004146114054683164,-0.0026521063990686666,0.0010666639221367253,-0.003169079584806927,-0.0010739138903622827,0.0028919560022587203,-0.0008426377794466294,0.0009842893185903461
2020-11-24,0.004976965189203091,-0.003108867492354712,0.0001620039458676151,-0.0027517022113232544,-0.0011204629974719779,0.002865747800618987,0.00019111858188770696,0.00044734104119663505
2020-11-25,0.004962770765875796,-0.0032450411432434364,0.0009842723996431775,-0.002972585884161584,-0.0016265212664420704,0.004250247548156643,8.929902589859505e-05,0.0012367820558566384
2020-11-26,0.004198124137850008,-0.002346846335138462,0.0005735072581541292,-0.003021078812139766,-0.0018372881917665274,0.006024659966528696,0.0008133695271342386,0.0006802870548283449
2020-11-27,0.004759183221812711,-0.002647239116889289,0.0007107653927477505,-0.002669148733416572,-0.0020475622216493705,0.006153157473414411,0.0024588837445355914,3.3788693509425975e-05
2020-12-01,0.004619739088818298,-0.0026703735109833942,0.0009277881915282591,-0.0021801539155833606,-0.0023641036664853532,0.006545738232964941,0.003470228603293485,-0.00017622502927199402
2020-12-02,0.004296026520371924,-0.002577350467765507,0.001895148327438514,-0.0022170118658855556,-0.001946030727937659,0.006881487522823663,0.0037157729921911253,-0.0004811957713680608
2020-12-03,0.002373183531590335,-0.0023690296798373218,0.0028793969671036743,-0.0014261215951112578,-0.0017987826926568998,0.0081836903810356,0.0026652117001863453,0.0014316281214105317
2020-12-04,0.0019867302302212352,-0.0020116623157290757,0.0025944880160552117,-0.001506600853750882,-0.0011361945024054299,0.007800200170866797,0.004457036081534008,0.0017713196392226222
2020-12-07,0.0021074579932614827,-0.00253800298717404,0.0023537318131653766,-0.0017262116208251895,-0.0004962739917914938,0.007979106689373353,0.00521906399102272,0.0016887957686837433
2020-12-08,0.0019036142134632424,-0.002087969656561777,0.002431310391177898,-0.001979695219444759,-0.0007181265080020956,0.006047564389650227,0.006563903645695448,0.001050003482446312
2020-12-09,0.0018092676200553177,-0.001856877228503014,0.002422784097099337,-0.0014284218074114355,-0.00019593220363323116,0.005650536944964737,0.00683264345796581,0.0009581997438013537
2020-12-10,0.0011508338689195014,-0.0017375818323240853,0.0025219236364932376,-0.0007096197261733887,0.0015852541184664666,0.005852423104965953,0.007280314000823072,0.0004960467861614168
2020-12-11,-5.273380531507429e-07,0.0004631713372143828,0.0026298106102823496,0.0016316450142091678,0.0024726993703923566,0.006661581691956204,0.007195873120012904,0.0011000114799702178
2020-12-14,0.00010937049128398931,0.00013137305861736417,0.0016737749873418852,0.0005974534941653119,0.002279894501917541,0.005983378073037981,0.006694558178658683,0.0016101227828406515
2020-12-15,0.0007158543054482558,-0.00026060109488816336,0.0015509005800469558,0.00011534716738225651,0.0008040249694817288,0.006244441441069468,0.005943450676618695,0.0012568397925943513
2020-12-16,0.0001214305758886567,-0.00031724854435924606,0.0015788822180106553,-0.0002517229117219178,0.0008579780717771174,0.006008310367895356,0.007402980709195685,0.0008646410132310853
2020-12-17,-0.00045828090874652175,-8.851276875080933e-05,0.0010089456911960403,0.00047372333451528754,0.0008703430140629938,0.004329197439454782,0.006784030875744609,0.0009057592038449105
2020-12-18,-0.0014143852024469065,0.0012174858699818538,-0.0003623434606923343,0.0015600371426017544,0.001680653465292818,0.0041408449101893756,0.005694535667614523,0.0008633557664451358
2020-12-21,-0.0011285516139451798,0.0017186580928070998,-0.0013919377442628096,0.0008111602672348137,0.0010323249466208696,0.0026691579954273947,0.004681585198288575,-0.0007769483653327718
2020-12-22,-0.0015663138414029353,0.002465362059124716,-0.0014689503016130096,0.0018563585252265886,0.0005595100606075806,0.002767278291530335,0.004483603881897328,-0.0004132796873283378
2020-12-23,-0.001033577908571721,0.0020371990237675365,-0.00135916614340546,0.0015308481492733676,0.0010637091148017579,0.0027990895790763245,0.005637596681324507,-0.0017807031334485723
2020-12-24,-0.0014136703906153915,0.0015560316319762043,-0.0019864436327894927,0.0014855092272184041,0.0008322043155647683,0.0023945272796870344,0.00454076839437577,-0.0013229899067118763
2020-12-28,-0.0009460748655405597,0.0013656466222084023,-0.001860457130092346,0.00120191979410011,0.00036077533488896316,0.0028291479926586074,0.005689280378952754,-0.0018559118787987096
2020-12-29,-0.0005724329687425552,0.0016414977098987648,-0.0018701052031904473,0.0006848109559648278,0.00024083129654275037,0.0007799904943117078,0.005453571053135093,-0.0017614578710322504
2020-12-30,-0.0009320804772795324,0.001724022552571956,-0.0021402905369976343,0.0002233145980383702,0.0001631384257462609,0.0011428893298833288,0.004582758062897608,-0.0015819910279367515
2020-12-31,-0.0008137338810993242,0.0012019782234248952,-0.001988057213386847,0.0002546156066514744,0.0005058810113829386,0.0012242830946713069,0.004114933118346314,-0.0017938711751295281
2021-01-01,-0.00041003329911902704,0.0011773683874746273,-0.002657226797412685,0.0002914260000909004,0.00022554321379208249,-8.757243068190264e-05,0.002616061029549152,-0.002549720422873959
2021-01-04,-0.0007211049960627559,0.0023699100444154473,-0.002609836490673996,5.201524542220283e-05,0.00039223713216379004,0.0008518912329497233,0.0024527595187875265,-0.002835161745641235
2021-01-05,-0.0006899216042175224,0.003599420773859546,-0.0026856872910980805,-0.0002308249718516401,9.220455276821903e-05,-0.00013322363949835707,0.0019726556695910465,-0.002853120332929885
2021-01-06,-0.0003012669115547207,0.003195955740578735,-0.002389428372452638,-0.0006525863695195123,-0.0006679111566673303,0.0010060871255676224,0.002996774384414702,-0.0024609919310327128
2021-01-07,1.8033945599509483e-05,0.0026696366473185646,-0.0019055174675702406,-0.00013167542165856477,-0.0008917798813148825,0.0035426975031992445,0.0034030372475267294,-0.002365218527460572
2021-01-08,-0.0007105008970729153,0.0037474324013529446,-0.000554268437378777,0.0002703172988894622,-0.0011691186059428866,0.0032882053121245547,0.003159332047762312,-0.0023317406760971398
2021-01-11,-0.0011609412365667384,0.004763373986081171,0.0005158917567524767,0.00015215273117637164,-0.002561296249053408,0.0020666758385373164,0.002617620396251427,-0.0029342234640396436
2021-01-12,-0.0009373548273872798,0.0047426659085947585,0.001033199259345625,-0.00029300981320804073,-0.0033906651488810695,0.001648760740726383,0.0034144056603606825,-0.003215656627089059
2021-01-13,-0.0006593083179186848,0.0047596620185166374,0.0020993595520702813,-0.0009431715729866915,-0.0031264785514205093,0.0013284048023561998,0.0038429796374791396,-0.0031948569730393932
2021-01-14,-0.0007209812949068284,0.004691103718482377,0.0018758058440078015,-0.0005075917583253326,-0.002207429817971703,0.0004084022069905822,0.0038964462864740316,-0.0024195525051884832
2021-01-15,-0.00020119929974328488,0.004148127037977084,0.0020657171218237584,-0.0008052390413491957,-0.001943619088200346,-3.0033461037175507e-05,0.0015669385876518633,-0.0026599185133709615
2021-01-18,-0.0003711481934597703,0.004070620481219209,0.0020240582890876813,-0.0016448655196249003,-0.001157416792896646,-0.0006601718733837806,0.0010195335099285308,-0.002176315939067602
2021-01-19,1.832883302872474e-05,0.0028275631033160323,0.0022181810749112656,-0.0021765619732488366,-0.001790237207044472,0.00015134682996152497,0.0025390271509950833,-0.0017764407234342901
2021-01-20,0.00026140384790649535,0.0027978753837677173,0.003627676420520592,-0.002201608325276172,-0.0024404280233636306,0.001387424942193581,0.0032194140503424363,-0.0010665755152243347
2021-01-21,0.00013041862015183894,0.0015882701512210783,0.0038888987092137286,-0.0032661360330792618,-0.0021810731707254654,0.0003616489516502274,0.0024390074902715065,-0.0010401731092556403
2021-01-22,-0.0006217244180157853,0.001743546219661498,0.004452059193924513,-0.0034199753456304574,-0.001889874899387605,0.0007197258679778685,0.0017903051142351043,-1.7351546169188086e-05
2021-01-25,-0.0004353117564217005,0.0021695115118870144,0.005487889969526807,-0.002231130817741124,-0.001578562886750182,-0.0002923109391032052,0.001212576105086618,-0.0019166698644094366
2021-01-27,-0.00125123782610027,0.003043035453529079,0.00533299947402571,-0.0017433606913341783,-0.00018306117969075846,-0.0013683626946220974,0.00029385227649584574,-0.0018089325883996886
2021-01-28,-0.001094041579974555,0.0023684653153554333,0.005680525103385704,-0.001295586575277178,-0.00038622193108257043,-0.0003840233966482119,9.052359461192937e-05,-0.0008602499552056006
2021-01-29,6.25195579464818e-05,0.0018118477583819793,0.004452852392449559,-0.0012933154132241812,-0.0004866208567567893,-0.0011191816556115385,0.0005173179122045294,-0.001073711938824916
2021-02-01,0.0016924996745348846,0.0002912209862331286,0.004068399166086702,-0.004102450084815457,-0.0016931593139692957,-0.0014116868790316024,0.0006459564201592826,-0.0019610823429697883
2021-02-02,0.002335576085486685,-0.00019838029092285694,0.004860785357216001,-0.00449638965783368,-0.00271707781655919,-0.0015898269836321153,0.0013330312571061607,-0.0020124961886677627
2021-02-03,0.00296015483118574,-0.0010934821080999494,0.004131751693286173,-0.003796356867461922,-0.0034710153740412433,-0.003292376090158658,0.000512041682055576,-0.0020383658131000824
2021-02-04,0.002870024308606654,-0.002648513211446093,0.004545794449053673,-0.0038502255441843843,-0.0025716473543856487,-0.0018117995975366515,0.0010137330938816734,-0.0011969452774116453
2021-02-05,0.002901774488522135,-0.0027137173804482684,0.003829046383048098,-0.0031611786448215076,-0.0021114909824247272,-0.002225390374774005,0.0007279794310190812,-0.0016728534732243674
2021-02-08,0.0024659203771841137,-0.0019499474895200157,0.004412364034351184,-0.0035150376613875683,-0.0026027437700696784,-0.0031598660716319936,0.0003985908193220931,-0.0014816041052923192
2021-02-09,0.0030938745604995664,-0.00316711374977133,0.002920864897642994,-0.004139529750146594,-0.0025275703752834053,-0.002674666488189175,0.00012477779686167383,-0.0012915885187975425
2021-02-10,0.0033212143737014364,-0.004057980415424909,0.0026051149904743115,-0.003835581039991389,-0.002683487272561568,-0.0017709097417514814,0.0010624140458355869,-0.0003657594734822098
2021-02-11,0.002824420086039198,-0.0036395102113945975,0.0018671459825830676,-0.003099290013381986,-0.0019878335654417325,-0.0014567739080085366,-0.00030886217073633894,-0.0002893625705589998
2021-02-12,0.0029875256385248745,-0.0035507300106996753,0.0012568318666093953,-0.003155609373960571,-0.0028752251354757195,-0.0024201979046608855,-0.0001182260844279138,-0.001043384213005056
2021-02-15,0.004248582254519146,-0.004024495338527412,0.0007455887013215028,-0.004077424416018187,-0.00361526480251715,-0.0023058505942669875,-0.000462678079362767,-0.002065240637763489
2021-02-16,0.003856630123069066,-0.004189649379844848,0.0006404699954443648,-0.0035924437894641935,-0.0040791916602715686,-0.0011755232116891603,0.0007207720451503693,-0.0007006136844342867
2021-02-17,0.004082983102625053,-0.004174752070253573,0.0014883966185182669,-0.003257606776855609,-0.00408320149581642,0.0006277541380982675,0.0015145696968578326,-0.0004930173064730354
2021-02-18,0.003829770445600525,-0.002704485262300853,0.0012156173591745803,-0.0032289086353219855,-0.003721456837961895,0.0010318982272734208,7.827513448538251e-05,0.0013662587554562344
2021-02-19,0.003512913922977344,-0.003123899765491763,-0.00030420325607512233,-0.003098935146021535,-0.002861938537564194,0.00048503440073192775,0.0002553913214336913,0.0017662260570184079
2021-02-22,0.004060831230686482,-0.0034097483108007838,-0.0005899469036688146,-0.0028388409033214415,-0.0025433037007682995,0.0030973850499372802,0.0009412140265731528,0.0017723812572465769
2021-02-23,0.0045815735588672826,-0.004223939426941433,-0.0010459778512984126,-0.00308723816109803,-0.0031717318043455235,0.004092962426989373,0.0013896666525688092,0.0019283803062748366
2021-02-24,0.004988858460214619,-0.0047548304413681745,-0.002550431807757862,-0.005192508425726801,-0.003961385151368556,0.0049547046720997325,0.0022194967513602796,0.0029676058082763863
2021-02-25,0.005249051156987226,-0.005567981046062811,-0.00238086202710919,-0.005073371447997448,-0.005515560088403072,0.006741525316706111,0.0027778331138397683,0.003946542966637224
2021-02-26,0.004115874802506818,-0.004311205159297107,-0.0020892745391418977,-0.0042241471186104124,-0.004096348470546663,0.007005182265095142,0.004267764431931287,0.003922264874083803
2021-03-01,0.0030705984467141157,-0.003954817265663604,-0.0009618460096442291,-0.004086077677426851,-0.004248923794596318,0.007460843057652048,0.0032719774860760806,0.004327288388571899
2021-03-02,0.001160354752387867,-0.0013618927451690267,0.00026331725871212106,-0.001479779253231407,-0.0027050990056848192,0.007271426256446837,0.0024117269237633153,0.005139550522725867
2021-03-03,0.0009278242484467047,-0.001300610930037068,-0.0017504623680489227,-0.0018351561313643718,-0.0022965235824400137,0.008106035187847012,0.001526890546407144,0.0051810719655894216
2021-03-04,0.0004820834395285222,-0.0010182392099622082,-0.0014770287760256357,-0.0022761401239064704,-0.0012656549058538608,0.007320552870173344,0.0027620308296614593,0.0050075716422640516
2021-03-05,-0.00029293461564476044,-0.0007737905821779312,-0.0016613881994301514,-0.002222679561905913,-0.0017457199757304647,0.005889208527044831,0.0024213739596979657,0.00494278141723294
2021-03-08,-0.0006103884243980886,-7.11105044000766e-05,-0.0010734827104277595,-0.0027898836090448735,-0.0021437286030570666,0.005840781677914256,0.0016312066036974194,0.005647427610060812
2021-03-09,-0.00010156935234422517,-0.0005614621883100532,-0.0025867895612330647,-0.0031221582578370268,-0.0016854929068529302,0.0032964558573820874,0.00032081805658929754,0.0044822629477105705
2021-03-10,-0.0003623475659482591,0.00021872186753893808,-0.0017513570250831667,-0.0020997355587432233,-0.0013727585795069409,0.004438863110133906,0.0006740430363484649,0.004031323136054538
2021-03-12,-0.00014399414520984848,0.0002441724149963858,-0.002552897828322145,-0.0024999813847436585,-0.0013466592655408944,0.004508567987461972,-4.664251392778418e-05,0.004387637548651932
2021-03-15,6.632594508512962e-06,0.0007504954390388278,-0.002047008581478937,-0.0026852525953271135,-0.0012105011010304068,0.00504898299385805,0.0004168419814237604,0.0042917815698712385
2021-03-16,-0.0009511485748760986,0.0012910318982173297,-0.0017145961721996852,-0.0021679130257030886,-1.5407306054716343e-05,0.005492745078140201,0.0001718325904999815,0.004762427848275662
2021-03-17,-0.0022172664807304657,0.002214684021263387,-0.0015237353067032197,-0.0018375929784072466,0.0008407387906834384,0.005388888609141829,-0.00017911436362964654,0.00434096557209412
2021-03-18,-0.00194441819870221,0.0019601666920220076,-0.0012092829696458735,-0.002645970598756867,0.0016955732297792236,0.0048051813859760146,-0.0011933447853070727,0.0031267395411922983
2021-03-19,-0.0022076864689583474,0.0020024084394697017,-0.0019412251266920238,-0.002125546561241148,0.0019054313604401423,0.00485496835869569,-0.0023771952646748475,0.0036754959217561263
2021-03-22,-0.002830284253838935,0.001988893941079527,-0.0018991586875146654,-0.0013861057976532227,0.0029494783526965848,0.004328924916624957,-0.0008071318059889581,0.0017780219314083418
2021-03-23,-0.0017204964760575898,0.0016456778624241411,-0.0010869040001613892,-0.0011948944312328734,0.0021307493865812543,0.004269072367603008,-0.0003709021871192795,0.0013527067200264364
2021-03-24,-0.0023177025970925577,0.002363914695109118,-0.0013532659290115372,-4.972353543306366e-05,0.0019716218965411137,0.001821414143198362,-0.0005625113634847813,0.001286193109490645
2021-03-25,-0.0016953481449801854,0.0020731242973838744,-0.002207671472926601,0.0004066146588279926,0.0015252802548448407,0.000857589756981459,-0.0021964556709343393,-0.00025369092242459633
2021-03-26,-0.0027477770364665154,0.002683200795947852,-0.001460333526162853,0.0009254054152369583,0.0025676923514511224,0.0024895039761304704,-0.001532349077495084,7.943651647645796e-05
2021-03-30,-0.0028154360967113587,0.003134859798856181,-0.0021589281635466225,0.0010562057097929507,0.0030252155841617463,0.001217502320716781,-0.0030727231165959684,-0.00156000900580383
2021-03-31,-0.00262400019774257,0.002424303235238153,-0.0019883538111598606,0.0008300583875036371,0.0029927483052864714,0.0013607865380877043,-0.0027061525097309925,-0.0020932456094663477
2021-04-01,-0.002320764765929453,0.0023443931982869023,-0.0021542356522925563,0.0007668707326283032,0.0025837546294057694,0.0031029499782564735,-0.0029139672202099483,-0.00196540423711022
2021-04-05,-0.0029288120639317386,0.0030941762379655237,-0.00362858213584527,0.0011938255584211365,0.0023919651514031264,0.004397952427055342,-0.003659493267514819,-0.0018122387283018803
2021-04-06,-0.00356393093378874,0.003171985228287055,-0.0023658358337496884,0.0024345545838556485,0.0034195470528038154,0.004395426482858122,-0.002930693210512891,-0.0018651065576438105
2021-04-07,-0.0030605344273619568,0.0030108488526854136,-0.002357597251599154,0.001842923878319023,0.0027747816875109384,0.004834845104369297,-0.0034837077118267043,-0.00212197219850187
2021-04-08,-0.003220295292420491,0.0036959019805461206,-0.0024224253052727938,0.0018141506923214216,0.002467180688140011,0.007341374482893334,-0.0030447907351424898,-0.002707034648857161
2021-04-09,-0.0035908833110870893,0.00403756009326923,-0.0023370415614537574,0.0032400670201063117,0.003259101018349867,0.006845205202222369,-0.0026534926179437096,-0.003585693908157475
2021-04-12,-0.004711937465613068,0.004636948888190139,-0.0024770059710312515,0.0056945563197906834,0.004442054890413119,0.007237842053569964,-0.0036813484362581187,-0.0029245295113358685
2021-04-13,-0.0037178220889115027,0.0018586923661078555,-0.001314403312171915,0.004024359392128741,0.003992586296114661,0.007540460784940847,-0.0030738398356850035,-0.0021209357165211727
2021-04-15,-0.0033247975706706297,0.001670751484839128,-0.001840536110566336,0.004484275873217945,0.0036821906611703686,0.007898174827103633,-0.0035660927291487135,-0.0025011709352366455
2021-04-16,-0.00354397544266813,0.0015372636377498576,-0.001483562553226223,0.0055694140224912215,0.0035214231077578847,0.007359515327156587,-0.004028579988831608,-0.0027949120063347644
2021-04-19,-0.0034003917292952657,0.00156319713402483,-0.002130448053702709,0.006482561402180039,0.003431128532759469,0.0078174106659483,-0.004952513993511037,-0.003240929635055256
2021-04-20,-0.00315127701922824,0.0008350428502953647,-0.0011488694014580181,0.007595626915411291,0.0029496988426123425,0.008803086804683948,-0.003768510661465467,-0.002180046126074887
2021-04-22,-0.002511703707587028,0.0013421204473622868,-0.0019052097549627288,0.007645472376947382,0.0016605058663158286,0.00871002086342866,-0.003344541567535404,-0.0022531165507411388
2021-04-23,-0.0022091915454375017,0.0014048001293912407,-0.0015204133153532034,0.007626870917380114,0.0008936806011486098,0.008398473578910317,-0.002797899872027953,-0.0024584858926652454
2021-04-26,-0.001101147432936564,0.00016552358548868997,-0.0015835163710335785,0.005967823155702892,-0.00021310336566532904,0.008415395956201128,-0.002977503836523071,-0.0026022116058010596
2021-04-27,-0.0015399522182003645,-9.24124164673832e-06,-0.0017728817566268638,0.005778627780668272,-0.00012322940987951822,0.00970710799923653,-0.0034297599782611397,-0.0023865850504713624
2021-04-28,-0.00040999237557578605,-0.0007276388998257624,-0.0012790278804298153,0.004042076267730451,-0.0008218410798834199,0.009586087820449937,-0.0038315189510006896,-0.0028028307208152843
2021-04-29,-0.0008473590082525241,-0.000670689523543743,-0.0012582012593193583,0.003767654038601397,-0.0007304870946482278,0.010846889247296331,-0.0034996254906287695,-0.0020429138449521308
2021-04-30,-0.0011775119189260338,0.00011652129120894711,-0.0010456268058066198,0.005561249490022093,-0.0006800089240491686,0.010505224851448487,-0.003240832317768596,-0.0008947770770499929
2021-05-03,-0.0013420286216214998,-0.00013679846293389634,-0.00030391341356191806,0.0055036474012296315,-0.000130496041624298,0.011294908657508125,-0.00244105388701667,-0.00045791655794661756
2021-05-04,-0.0008675341128985713,-4.5219355770921934e-05,-0.000761415399120756,0.004227821696888786,-0.00090255420040853,0.010779675775043173,-0.003518133381086105,8.341223130777019e-06
2021-05-05,-0.0007295126949468071,0.0004500117278243001,-0.001356231182186217,0.005917747550703264,-0.0006523598592915785,0.00847953063828577,-0.0035804665352717905,-0.0006786440170469928
2021-05-06,-6.563409813853941e-05,-0.0007023217610741459,-5.3370588311866277e-05,0.004894870805551001,-0.0006389507434294404,0.008618247607078399,-0.003171367723692034,-0.00042343385485007514
2021-05-07,0.00013628646628264878,-0.0009246753715339727,-0.0002656237479763783,0.003893001431729079,-0.0011384154988327826,0.009971756465773645,-0.003537072366190994,-0.00024612699764447733
2021-05-10,-0.00017683110431545259,-0.001394522694114089,-0.00022212685062341056,0.005007218654924464,-0.0012651091676185028,0.011074040672848545,-0.0035656421963774295,0.0002675625738748943
2021-05-11,0.000203459858952803,-0.0017892989036816468,0.00013931237677621054,0.005272985668817301,-0.0009982324617191115,0.009712062922975802,-0.003483616116814664,0.0008863468302769379
2021-05-12,0.00045241511788264056,-0.002259458922393865,0.0008794605415875316,0.0042129122763830285,-0.001196975070120205,0.008499473129064277,-0.002772145940888949,0.002103552758063588
2021-05-14,0.0008782771928037638,-0.0032806964688868578,0.0007501558306332397,0.0020720514814292134,-0.0009034317248114308,0.00800427135270549,-0.00225602228089497,0.002436415624715013
2021-05-17,0.0011105389858301516,-0.0016269468572763725,-0.0004727134444203647,0.002402293453435243,-0.0012347695921133333,0.007348735911632516,-0.0030430732298099127,0.00170931222687174
2021-05-18,0.0009208782082999641,-0.0017859560540648333,0.0013212569782397724,0.0013133424246595756,-0.0015758700826849028,0.007149712200348366,-0.002800328116632887,0.001968723111026383
2021-05-19,0.0011529887066290228,-0.0019473959642467929,0.0007657025159003221,0.001358605128963309,-0.0014934819661858983,0.006682829741997496,-0.0012105682658186923,0.0024384666314011916
2021-05-20,0.0013594416919196295,-0.0024045296595719967,0.0016743161965146998,0.0007189753407680225,-0.0014892177607485836,0.006963205762579345,0.0003149992860047835,0.0032917477221094493
2021-05-21,0.002227411760355378,-0.0024238397311026386,0.00041570718900528405,-0.0008721072751033255,-0.0022970132691938414,0.0043504651115302394,0.0001308749124511498,0.002317823307695514
2021-05-24,0.001967977191377317,-0.001965255199024717,0.0006566665332409906,-0.0002686751814985626,-0.0018122020172398824,0.003534536166782506,0.0004539455110675818,0.003161993077560399
2021-05-25,0.0014247535848498408,-0.0013580507470923936,0.0006439158093284724,-0.00011808391864178737,-0.0016151313240827258,0.0034364000372320296,0.000731257853578761,0.002458709597571535
2021-05-26,0.0008167940422292778,-0.00047707886404572486,0.001168014493692061,0.0006077693114857619,-0.0012937259217447035,0.0020686583822785007,0.0008321705449992624,0.0016289237525667442
2021-05-27,0.0011395019768323349,0.00025057918725104053,0.0014950005814814466,0.0006182653598903755,-0.0010638023955694916,0.0015967136864838303,0.0003549518070848443,0.001454810432037803
2021-05-28,0.0001669724446606651,0.0002874447679625256,0.0011904061827004474,0.0005913446325611642,-0.0007446595360763159,0.0022392138542717123,0.0010373486746099764,0.002204013846078721
2021-05-31,0.00034315065906749195,8.047115169868479e-05,0.0013098579119059303,0.00047312175483364824,-0.0009314019172667329,-0.00022349870463859328,0.0007207887544632362,0.001657823811873827
2021-06-01,0.0005978447407311888,-0.00030685679256692907,0.0008969324515151517,-0.000939151108943919,-0.0007388534137058311,-0.00036130366801258567,0.0006927936322777347,0.0019031229033953283
2021-06-02,0.0011141948774513032,-0.0006831306306532554,0.0016506353238406038,-0.0007515392924040852,-0.001502626796107302,-0.0003441277017702457,0.0016851566561161364,0.0026195193848355166
2021-06-03,0.000973031136107395,-0.001047474404208736,0.0012744352071675977,-0.0007042368336879542,-0.0017780359987219106,-0.000529628099372455,0.0028749939911373655,0.0021623821748759614
2021-06-04,0.00019973017306055977,-0.0011272706501629305,0.0021248162592056347,-0.002211069266758355,-0.0014938637802891584,0.0005667606360469988,0.003562349192026132,0.0027131701824289873
2021-06-07,0.00044078107841836285,-0.001365808688109005,0.0013723059374961054,-0.0021101615054265124,-0.0013896522540545635,-0.001192599932292592,0.0036681236773569025,0.0030771217436733806
2021-06-08,0.00019769014468531054,-0.00046429934271379836,0.001998996603093452,-0.0013486842261520892,-0.0007442396840079456,-0.0035498929471845554,0.0040659328774080225,0.0031249182955335143
2021-06-09,0.00016587869698072178,8.139874588969278e-05,0.0013443916452740945,-0.0022024594705590296,-0.00026903072353127457,-0.004772267062473932,0.003598996771393426,0.002889675430139074
2021-06-10,0.0004023983305697118,0.00022667635130980014,0.0006887931720342085,-0.0019327414637151483,-0.0006826068556435236,-0.004869036316744627,0.004561580672789136,0.002386355007445234
2021-06-11,0.000217650597760897,0.000717217504050344,1.8081092271978773e-06,-0.0021136257618277997,-0.001273482300110072,-0.002409779326351511,0.003335895413801508,0.0015716822041518287
2021-06-14,0.0004043703220729497,0.0012764344510492296,0.0008248754973889222,-0.00164771066869336,-0.002356235579353178,-0.0009924145683514428,0.004050570762046587,0.0018785967563189538
2021-06-15,-0.0004474330738629055,0.0017862001285491253,0.0005281124589073816,-0.001359072884795626,-0.0014268338431071468,-0.0014754788284485271,0.004630604160808411,0.001996568131592301
2021-06-16,-0.0005404979249534715,0.0023283440861826318,-0.0004671317246612984,-0.0007328435012852557,-0.0001665883093423478,-0.002743021671888957,0.004522398108071441,0.0017122300243399597
2021-06-17,-0.0007668329269571623,0.0025387648170220206,-0.0007943394143686059,-0.0017780656887414826,-9.739026795959563e-05,-0.0034396038831970327,0.002704459574974206,0.0009517621312932286
2021-06-18,-0.0007041831940958129,0.0020538299615802335,-0.001524695372699085,-0.0022151585775169935,-0.00033162012181977814,-0.004246094454082543,0.0019341559365737442,-0.00035468657668376617
2021-06-21,-0.0013970440121248507,0.002197099230077595,-0.0013514144346309257,-0.0014567337005135306,0.0005017562069461322,-0.001703009464520152,0.0026621797182026447,0.0009073035747292652
2021-06-22,-0.0020399671043054885,0.002379195071101104,-0.0007424405877251156,-0.0015642299599398282,0.0005528492335713456,-0.0012936710977065756,0.0016855089752690153,0.0003883877758048544
2021-06-23,-0.001596191559911564,0.001775399902727461,-0.00023244327101677926,-0.001719266004731034,0.0007005603336948849,-0.0015390720771731627,0.0018082818273890645,0.0003613072632501523
2021-06-24,-0.001302337012467103,0.002235828132339204,-0.0006808796387395774,-0.0020379930612173967,0.0004146533856465341,-0.0006852657046570612,-8.539840735186251e-05,0.0003343640507147839
2021-06-25,-0.0012307669108166115,0.0018623462180617193,-0.0006028882854626581,-0.0016981224373554542,1.1020845841530538e-05,8.069580347913564e-05,0.0005262577327368283,2.000688659295935e-05
2021-06-28,-0.0008607473865144444,0.0021439059085411544,-0.00025916632343993685,-9.574791979198539e-05,0.0004074087201821244,0.0010087196046160358,0.0009652543378562016,-0.000450584307343737
2021-06-29,-0.0012007108757695595,0.00267420932051038,-4.362895361475453e-05,0.000430858958972828,0.0012963946894765728,0.0010740598582320306,0.0014449656104640707,0.00017869912252257243
2021-06-30,-0.0012137987767154872,0.0029776022086909354,0.00019820637134924636,0.00039594207024136707,0.000691277914206669,0.00042114360113212657,0.000894603663626098,-0.0008157524677956227
2021-07-01,-0.0012539730286017276,0.0031981723649571253,-0.00013794907360128707,0.0006516464794005696,0.001255229229842282,-0.0005525351858962208,0.00017942658430050934,-0.0015445046335667268
2021-07-02,-0.0012308217747417577,0.0033406372188334228,7.240690917335238e-05,0.0012841878874697665,0.0011694724791902866,-0.0013606076341147113,-0.0011218472204205,-0.0016302689931886485
2021-07-05,-0.00060366839714358,0.0028312776874394995,-0.0007194860688063101,0.0009242826248280125,0.0009437883348159092,-0.0023985082954757903,-0.0017507143472508917,-0.002122568926683299
2021-07-06,-1.9217861586877556e-05,0.0021040933694239407,-0.0013012722231580077,0.0009294169969741498,0.0009470288214128885,-0.0014976874923505862,-0.00020091382206898338,-0.00259684064954686
2021-07-07,0.0005017519680406909,0.0014571004032726152,-0.0018490251506215712,0.00045533788561727504,0.0006026197651466518,-0.00017151187036530712,9.879882068324682e-05,-0.0028965817713856737
2021-07-08,0.0003626400288948533,0.0017665677821201652,-0.0015323560323410833,0.00022353003997525726,0.0005021235225538385,-0.0006384192670290028,0.0007621703225790189,-0.0028165283157035336
2021-07-09,6.493382838700314e-05,0.0016031693427145134,-0.0012169391541426114,0.00029908866243822215,0.0007453544732679322,0.00022121756056584074,0.0007407571935950855,-0.00272497450819017
2021-07-12,0.000528232223314229,0.0008512238659456548,-0.0011473746473413169,1.948038795090458e-05,0.0010252290030526943,-0.0009648659529763625,0.0031011853850951587,-0.002823933963191957
2021-07-13,0.0009732373218275019,0.00020934729117592728,-0.0011457132060517482,3.292067606818199e-05,0.00059611214711438,-0.0006800547493646457,0.003689322512605038,-0.003137214336087831
2021-07-14,0.0006106594788982029,0.001633444327780717,-0.0012398551892185228,0.0006549354998550037,0.0002466078653039333,-0.0005700185790405707,0.0026602081336240995,-0.0031955453295535873
2021-07-15,0.0007436319928628102,0.0016076642205813513,-0.0015698956329769055,0.00036515961010731324,-0.00040267184646532433,0.00060517507519939,0.004707543757293947,-0.0036382911175814226
2021-07-16,0.0008530503234638029,0.0005963221713068354,-0.0011286954456242904,0.0011368303259345867,-0.0006068676991232722,0.001991917178310652,0.005811413758522878,-0.003064415868634477
2021-07-19,0.0005036278778622205,0.0011414985621257712,-0.0008188205536450485,0.001912572714626794,-0.00034949013127229977,0.0022645285220442195,0.00690424330098609,-0.0017619318370195698
2021-07-20,-0.00027937482590649634,0.0018109615864991084,-0.00047918660381220986,0.0016685686443933788,0.0001539434580124202,0.0011651757746353503,0.005145311566223316,-0.0023598659819560578
2021-07-22,-0.00024750178163969276,0.0018980037151502492,-0.001551240469812454,0.001441329693705226,-0.00020193736402859057,0.0019340921947173081,0.00579429961193574,-0.002271464905795941
2021-07-23,0.00011935850464344635,0.0021691240921940173,-0.00228430619131586,0.0014193576275119942,-2.630805553548919e-05,0.002160118586239632,0.006218431681213391,-0.0025413320702480134
2021-07-26,6.505096062097758e-05,0.0013384872636418436,-0.002307530024261516,0.0021760976001369767,0.00021735386364665044,0.0025932084406471594,0.006531036301846947,-0.0019863139076017455
2021-07-27,-0.0004267322137229591,0.0014422211169406248,-0.0024617099391385892,0.0001704525776952344,0.0008094146995835739,0.0024991533541665356,0.006490106703388343,-0.0017162886625568339
2021-07-28,-0.0008082214127042705,0.0017472212904840482,-0.002945849387664352,-0.0006367395855333237,0.0007204418815223063,0.0024478652560449943,0.00606855699475051,-0.0017568715506141635
2021-07-29,-0.0005262265391655302,0.00213222248219667,-0.0031272106000233566,-0.0014724085303156656,-0.00041303377515223026,0.004959562659450088,0.00659256412312797,-0.0022344568631511024
2021-07-30,-0.0003836344520436513,0.0019695619045042327,-0.0026715710425720047,0.0002601175398398821,-0.00018020550754031537,0.004685758683843678,0.006902291011315922,-0.0023088009267123993
2021-08-02,-0.0005833031984581525,0.0022482051829014445,-0.0029204006350800936,-0.000511949413682744,-0.0006649382788298876,0.004359483083226465,0.008797014102181502,-0.0017916159251028874
2021-08-03,-0.0006808441496323894,0.002195208504739278,-0.0027747657806145914,-0.0008357869172401338,-0.00042706999899651916,0.0044439634344375974,0.008070232563861595,-0.0019499878929402875
2021-08-04,-0.00016865455569137905,0.001962202397811341,-0.003255948669862478,-0.0010443085378554567,-0.0009115094143914003,0.004254859350583215,0.007229628377318991,-0.001939182607715863
2021-08-05,-0.0010719564315738606,0.002665479128715247,-0.0029470633811013894,-0.0008447492753352309,-0.0008083452817223056,0.004319389448694111,0.005433432778629603,-0.002126915800456625
2021-08-06,-0.001012754188609407,0.00301389332080738,-0.002450568479758877,-0.0008518619945275947,-0.0007730979911190322,0.0036898527562925863,0.004402578409791712,-0.0017500380734870795
2021-08-09,-0.0005709753791866849,0.0026831213106415434,-0.002577917135571226,-0.0007057953399970235,-0.0009090433177092192,0.0033300415335846705,0.0038092708048512816,-0.0023748322317283157
2021-08-10,-0.00046993216435933186,0.003058451940808087,-0.0029691941282812776,-0.0012878342934339575,-0.0012965917732814963,0.0008733986394840187,0.001538379594015418,-0.0026595390761667745
2021-08-11,-0.0009416439103250571,0.0032116678251010115,-0.0031348098816404058,-0.0020257916877370694,-0.0014295918198271194,0.0024477211077012367,-1.8646214856509087e-05,-0.0019195604068621653
2021-08-12,-0.0012834993453617605,0.004345774055798961,-0.0030954136561817712,-0.002723364791423495,-0.0010944963049770663,0.0024451796149071404,0.0004934828313130054,-0.001564966503898794
2021-08-13,-0.0013215534046304403,0.0031464847285194155,-0.0033218682113954926,-0.0035133464252132423,-0.0009816217110707665,0.0023017150583825316,0.00015554826669120225,-0.0016158865302138069
2021-08-16,-0.001625911557585527,0.0025022210782839264,-0.0034386280463575575,-0.0035548963272224086,-0.000868652936304168,0.0027948338325136123,-0.0018791222971947636,-0.0010242828179243381
2021-08-17,-0.0018696470067873943,0.004071532769781699,-0.003602543006918291,-0.003995807175051993,-0.00044098058631026303,0.001038901150791052,-0.002905960744579938,-0.001648809557322013
2021-08-18,-0.0017653960886920448,0.003958529488700825,-0.0035417209080449664,-0.004389936097268597,-0.0003987438797828555,0.0009200704816707543,-0.003859473871645074,-0.0019988576611932414
2021-08-20,-0.0015819147759757943,0.003814469218111301,-0.003932468461305183,-0.005025388373200106,0.0005821976270100207,-0.001142816015496257,-0.004397335591436553,-0.002334508463265488
2021-08-23,-0.0013716012808347561,0.004216637098886996,-0.004252392868680928,-0.0049290400249761565,0.0008550816089338189,-0.0024980971533035846,-0.005248109958056427,-0.002636993352050877
2021-08-24,-0.0013415792062524954,0.0036474271073956496,-0.004006128289848075,-0.0046686807822873145,-0.00012173119772861899,-0.001451330844659936,-0.005268247267260857,-0.0021108225759766544
2021-08-25,-0.0015182007161984087,0.0037945788550271227,-0.003950133630114762,-0.005127130391819658,0.0001156414971305933,-0.0016178968943679995,-0.005307315545341345,-0.0012629244062934745
2021-08-26,-0.001510176593426921,0.003569103066926395,-0.004208289416435402,-0.0035110831936307563,0.0003134622091057037,-0.0031556181442075615,-0.005072780712540255,-0.0007895138268637194
2021-08-27,-0.001440327703763415,0.003538211470417408,-0.003920535749526332,-0.0029814612685817353,0.00018966867795587247,-0.0032730821431801132,-0.004655789951459642,-0.0006508257106143623
2021-08-30,-0.0011366363093814765,0.002169669354480014,-0.003351363177552728,-0.0023347959829598417,0.0006504197559674503,-0.0048781851734824985,-0.004934538543472471,-0.0002763679762444373
2021-08-31,-0.0014975216519867202,0.0020299991348822653,-0.004032870690728582,-0.004232889579482086,0.00041912561211974574,-0.004428549545619259,-0.005403199929905206,-0.0006735698979708073
2021-09-01,-0.0009517106947414637,0.0014136973469543344,-0.004100105848972226,-0.003956037974167543,0.0008855076055082163,-0.004854525335486907,-0.004526779847899925,-0.0007299278786070864
2021-09-02,-0.0010035794743364426,0.001937303736948464,-0.004648055669061411,-0.003770313254310686,0.001137670707765198,-0.00419135015718056,-0.003768655827773296,-0.0005674109251176964
2021-09-03,-0.0020615089818509405,0.0026452073789467656,-0.003591330660220009,-0.003376730099820403,0.0016310973065494713,-0.0033571590181697367,-0.00233200531849426,0.0005903894174758093
2021-09-06,-0.002068507335494422,0.002952453017194576,-0.0033340011276076433,-0.00338689683923456,0.0012343210297985495,-0.00381913013443101,-0.0003718357761155655,0.0006488281955367727
2021-09-07,-0.0023177269088192573,0.0020623330523645853,-0.0036386842229957223,-0.0036156495770016082,0.001296329603172569,-0.004283574424529847,-0.0011591859451434085,0.00040924775844029815
2021-09-08,-0.0021372934520317603,0.0015621289689524906,-0.0037534588475566654,-0.0037111913316145682,0.001318779407573252,-0.0031980160567639596,-0.0007613090380739493,0.0009933457614150773
2021-09-09,-0.002233562976496813,0.0013422028486695524,-0.0033005329993247004,-0.003655325321359115,0.0019111707563507084,-0.001472098566719988,-0.00011978968157180499,0.001678363530097995
2021-09-13,-0.0021623641988079024,0.0018977067147548897,-0.0031343515241404004,-0.0027537972913859047,0.0021180243106781373,-0.0022912216476649837,0.00010439352903352482,0.0007069174572391567
2021-09-14,-0.001979805421251572,0.0016201581470122795,-0.002731545448037274,-0.0019399769926311643,0.0020203453373928847,-0.0025291959466275686,-9.726252744110282e-05,0.0004995235136766234
2021-09-15,-0.0018802212627750017,0.0019376117145071632,-0.002218790508499681,-0.0013061964832694719,0.0017420949761427062,-0.0022828073016869024,0.0005108421405970419,0.0011161892039481688
2021-09-16,-0.000938710165271021,0.0015893786049078827,-0.0017475490601582444,-0.0012109645049294794,0.001984643574122076,-0.0034790136281940996,0.0005878392797363276,0.0013491968430496665
2021-09-17,-0.0001894306151893929,0.00037526339675300396,-0.0014772717382591566,-0.0016506500308828354,0.0013387274796155557,-0.003249507717952571,5.7991547575864284e-05,0.001283079014701196
2021-09-20,-0.00023744809286840038,0.00037746434557046297,-0.0016893928875232063,-0.002234699697710714,0.0018218745892527137,-0.005727923032238284,-0.0002234307721274073,0.001238609727888364
2021-09-21,-0.00021068506497497934,0.0006393563099985006,-0.0019205360412173217,-0.0011811697858235385,0.0004784779012669627,-0.002154847754930636,0.0023903341289909755,0.0015166594292137518
2021-09-22,-0.0005330029532423018,0.00045087960605421284,-0.00044169836171014396,-0.0007859872568268512,0.0006554629557785989,-0.0008834545441325941,0.006899908613003463,0.0021205050291170533
2021-09-23,-0.0006444229006543527,0.0007027297186597363,-0.0007678879632943372,-0.0016140286857658354,0.0006462593436102906,-0.0018398028613144013,0.009616399058630877,0.0020457378857144785
2021-09-24,-0.00045446656025162563,0.0006753887344679234,-0.0004459216134019943,-0.0018128852528714965,-0.00020083333941278833,-0.0031567968984957586,0.010647231809246252,0.0011359362836133725
2021-09-27,-6.771231990039669e-05,-0.0006552707616528084,0.0012875310348323173,-0.0020067641468039374,-0.0009054313450884348,-0.002494195543727779,0.01192524518569826,0.0015090232899063524
2021-09-28,0.00011546961474029425,-0.0016113003092025635,0.0013106652141204448,-0.002130143319971225,-0.000652392727284094,-0.0025232036089336703,0.010595829997087037,0.002753544790182564
2021-09-29,-0.00035157638707173874,-0.0005348070814355358,0.0010788718064651654,-0.0015384259138048625,-0.0005640525715604717,-0.001865754594204952,0.0109571769739739,0.00365204234788433
2021-09-30,-4.155845621276475e-05,-0.0007055094595281148,0.0012720778905350363,-0.0009294449843168067,-0.0002635931609159994,-0.002200988772379617,0.012188398771354431,0.004344856030825106
2021-10-01,-0.0004134853162134516,-0.00032797712416591694,0.0012980308823429185,-0.0003720677165178493,-0.00035687083178490497,-0.0010313431755848825,0.008960415235218174,0.004559906759701355
2021-10-04,-0.0002886975678808557,-0.0006382507603555611,0.001605892255193651,-9.500221981268266e-05,-0.0010707250830988134,3.369993696683061e-05,0.009401222687320989,0.004999761158196516
2021-10-05,-9.882506911624645e-05,-0.0004683625254912906,0.0012443839102972733,-0.0005282471840610034,-0.0011138255218256226,-0.000682208942692336,0.008138446658727826,0.00516926750142921
2021-10-06,0.0004647920036203898,-0.001187734524307446,0.0011095543718269234,-0.0007938043010309611,-0.0007312107452476958,-0.0016955435876697773,0.006502969954439495,0.005407127820159143
2021-10-07,0.0004879370539174598,-0.00014588680027168336,0.002794085142769128,-0.0005850801809746861,-0.001235364935955126,-0.001565783136750017,0.010041202565147792,0.004957401517655748
2021-10-08,-0.00017702175253051194,0.0008463919817022797,0.0029414120349461233,-0.000918146863329204,-0.0017842439247765425,-0.001791983862180207,0.008709516683703847,0.0046900130781215585
2021-10-11,0.0004907676508025807,-0.0010414390920966319,0.004048626091088589,-0.0006159735810243273,-0.0018613588224343446,-0.0015450581543851156,0.009785775553007366,0.004787508162094681
2021-10-12,0.0008881308153184391,-0.002069087866204243,0.004271982925907369,-0.0008876208977384899,-0.0014623598311341486,-0.0017967517395440177,0.009663449505782537,0.00519372735300668
2021-10-13,0.000465506949626035,-0.002291613158713899,0.005080389448494918,-0.001216227863633635,-0.0013018173748229986,-0.0012479111229167514,0.008969887788057558,0.005368795650354618
2021-10-14,0.0009359153076149624,-0.0026139608037798927,0.004313264344487623,-0.001391097074811019,-0.0011608042790588345,-0.0008917545197452362,0.0094201310667093,0.004890945824289712
2021-10-18,0.0002469302815684077,-0.0016369053118173152,0.004060500594531157,-0.0018861654465146792,-0.001594062031356328,0.001161514531533681,0.009494645931843656,0.004863845302361393
2021-10-19,-7.685902455090935e-05,-0.00029415041050789284,0.00332743191481516,-0.002108683646941261,-0.002865475515602116,0.001154239882381038,0.008343226277415447,0.004689300371150873
2021-10-20,0.000625292168151801,-0.0004155542610457957,0.003349263274521456,-0.002053158672662054,-0.0040583537626576295,0.003296716372142492,0.008215770201186981,0.004305782238193467
2021-10-21,0.0018039075555569982,-0.001870017275085934,0.004513624951315356,-0.002006808285061839,-0.004307173284083983,0.0019288169607839481,0.006551901341024211,0.00459061835104129
2021-10-22,0.002649788256497445,-0.002880782930173646,0.003527031874659502,-0.002812813665020535,-0.004637791415786082,-0.0001125616338889157,0.004019374771542989,0.004275416829039225
2021-10-25,0.003326959411901398,-0.0032039060930781817,0.0029714110053500626,-0.0022696181688704824,-0.004441504441084426,-0.000265063013909797,-0.0005560780616446202,0.0038905174539394225
2021-10-26,0.003012713814740539,-0.0036532717661716327,0.003361950569147251,-0.0021681856906117843,-0.003793556308905905,0.0017008369352984139,0.00013363942361039314,0.0043996795000110535
2021-10-27,0.0023183951858376972,-0.001645968933144509,0.0017685667008147457,-0.0011502366692008258,-0.0030613964293747064,0.0010713999390986975,-0.0009719972291680933,0.0035559560984292225
2021-10-28,0.0016326886358702197,-0.000733659421603879,0.002160401385105245,-0.0016229108277687606,-0.0032787002008094297,-0.00020508839908627864,-0.00069174432843038,0.0020509672183901834
2021-10-29,0.001807742809307992,-0.0010875804537315921,0.0028924799252872595,-0.0016632666582422542,-0.0026170907629716016,-0.0007235279000863813,-0.0006181994961890228,0.0008743139051855282
2021-11-01,0.002051804614181559,-0.0004797261898124037,0.0027247541721906856,-0.002227548316188992,-0.002957765282646607,0.00019381475247517554,-0.0003734180008467414,0.0004924040574096741
2021-11-02,0.002389633972015848,-0.0004195158130269114,0.0030225920453353953,-0.0029407750905591193,-0.0031088407594840463,-0.0009229200200491938,0.0018094739016281019,-9.48785210767943e-05
2021-11-03,0.0018851389198837954,-0.0003008489287725826,0.002915365756023015,-0.003437395284257743,-0.0028782349484253443,-0.0012963847860854685,0.0022897499881233793,-5.491532133233769e-05
2021-11-04,0.0020061574581369777,-0.0005340674800860179,0.0035054334308945905,-0.00287542910628563,-0.002318952189170406,-0.0010995928161188114,0.003174639900238285,-0.001096558683137475
2021-11-08,0.0012455714885898723,-0.0001771633263723155,0.0034995032289533174,-0.0031813984272537543,-0.002415834864097021,0.00015138761005131156,0.0037277527112761118,-0.0010456161693893108
2021-11-09,0.0013205944349950743,-0.0005266597631149335,0.0023943975888650864,-0.0029640361816615016,-0.0021928485504385292,0.00017281986334999344,0.0013810748130513237,-0.0002765886384416864
2021-11-10,0.0012242442396506383,-0.0012202256050754937,0.0027947400043363425,-0.0023457950779324256,-0.0016222552205912295,-0.0004998773521312968,0.0021436697784707644,-4.7421004514380805e-05
2021-11-11,0.0005224889933846375,0.000735695246260607,0.001491429493913401,-0.002825637951292046,-0.0019522264553447786,-0.0005181429170825822,0.0007196312370822714,-0.0003363862959067511
2021-11-12,-3.118595385793294e-05,0.0016641911858436191,0.0006541998571520814,-0.0031585256293560128,-0.0025578108094190697,-0.001121729706818729,0.0006703046950585594,-0.0004036514295292583
2021-11-15,0.00021934496557540756,0.001703334654668923,-0.0005998843145616113,-0.0022065629910305107,-0.0020787242375866362,-0.002259617645654772,0.0013209059261308873,-0.0005165623739813884
2021-11-16,-0.00037862783755537193,0.0020723267192199815,0.0015984005768290353,-0.0022159433480716203,-0.0019102206643518758,-0.002664289419244822,0.0014032432904025032,-0.0007172739496131165
2021-11-17,-0.0004992902847436385,0.0019772476264763796,0.0024997429645984707,-0.0017816797872901183,-0.0015013042834673724,-0.004010443111076921,0.00101529818893705,-0.0010345359972360913
2021-11-18,-0.00020068154335986218,0.00028930286197970784,0.002212824742638792,-0.0013656973346167865,7.087636867155866e-05,-0.0038674750496071305,0.002707641805206714,-0.00022221805236872735
2021-11-22,-0.0007007123252889451,0.00046781091076520233,0.0017964050479393056,-0.0009688471138231658,0.0006281673071418736,-0.0023510686251784056,0.002283347082069042,-0.00026481693942655626
2021-11-23,-0.0015973823247507114,0.0012555130281727326,0.0013803220955688643,-0.0005406322939136771,0.000830207133945823,-0.00042470089684586696,0.0035063432796196368,0.00037043505351876506
2021-11-24,-0.0016545878037123904,0.0012963181794566439,0.001352312349628378,-9.307985295597997e-06,0.001015162456120209,0.0011382361497998639,0.002344846533007113,0.0006234147104886485
2021-11-25,-0.00307056215029253,0.001972946636351378,0.0016563687744649551,0.00026710094405208384,0.0012865764753380775,0.0011046516452090749,0.004299621759087034,0.0016878088714548684
2021-11-26,-0.0030826449427855426,0.0025933455110036577,0.00038176033594702766,0.002757357604859159,0.0017566770640478008,-0.0009783660067157643,0.0013098575403670304,0.0013106086616454793
2021-11-29,-0.0029522367535804186,0.0022689085380136974,0.00014690041186898265,0.001596471169125537,0.0011010430212748793,-0.0006455083889690921,0.00014072151101617025,0.000841613599452052
2021-11-30,-0.002443956121986492,0.0025669434341172117,-0.0004744160368046332,0.001980953967578793,0.0013546368210712984,-0.0006497562481454465,0.001528425749239524,0.0008351700310491347
2021-12-01,-0.0020923281776336986,0.0027713500046724904,-0.0009492791362095499,-0.0001443811071147529,0.00041814133708525827,-0.0007306703529494682,0.0009916305327689198,0.0011224541119858745
2021-12-02,-0.002644131637882766,0.0025802484959755656,-0.0009174545468619002,-0.00027569080061472955,0.00046413233127494305,-0.0013878744868837793,-0.0005873179021307425,0.001397225653885752
2021-12-03,-0.002804451023533656,0.0027786876503459856,-0.0012487395795824133,-2.7813682671485977e-05,0.00048019761827086476,-0.0002850555050669195,-0.0018162204249732674,0.0015460467352076492
2021-12-06,-0.002136323968878789,0.002109538693346571,-0.0010013365462201748,6.58142086443856e-05,0.0005529627456028353,-0.0006624376837615709,-0.002752756674178723,0.001305080994916843
2021-12-07,-0.0016870865615461065,0.0019252534270263995,-0.001450977595516116,-0.0004928425694985393,8.304312637020866e-05,0.0002770060508611124,-0.002317794683732852,0.0011705074537234426
2021-12-08,-0.001069098908933817,0.0018394333964166121,-0.001078293981096068,0.00014781990785333547,-0.00017566308257725293,5.123667918005082e-05,-0.0025619171446470967,0.0004450727791776364
2021-12-09,-0.0014364766622987888,0.0015867513671595686,-0.0015404510531129764,-8.366468775547844e-05,0.00047133001794803255,0.00031059399694236445,-0.0029324782030363513,0.00021530962561053875
2021-12-10,-0.0010432381610921925,0.0016441361898269881,-0.0017590618331498784,-0.000263428140768197,0.0004572435269402954,0.0013431649196687576,-0.0012483240655087253,0.00012963096710849414
2021-12-13,-0.0006973385227329858,0.001986516109744015,-0.0013282482653701197,0.0003663628880984434,0.0004690482994351437,0.0010444763452083542,-0.0007606857828465151,-8.582678505460032e-05
2021-12-14,-0.00022545002829992998,0.0017893053401236403,-0.000993566596044077,0.001399299087831392,0.0005111206526829527,0.001574045328560238,-0.0011134988507312616,0.00039368000445487265
2021-12-15,-1.930622180616173e-05,0.0014339064503207256,-0.0003807429937924935,0.0007923536296092464,9.230248564391598e-05,0.0022230032430746627,-0.0018216827804485723,0.00022014742141519437
2021-12-16,-0.0002087264465332069,0.0013963229459772368,-0.0022597172107593337,0.0006098564934156271,-0.00018233420424549913,0.0021209163500529545,-0.0025236120803391764,0.00047350135557378903
2021-12-17,-0.0006393671509838661,0.0024775389554666117,-0.003305427518243563,0.0011068601585282594,-0.0007576795291345754,0.001707144530569285,-0.003177057317502747,0.0002820988308718207
2021-12-20,-0.001465963321160196,0.003068730142765561,-0.0025885537381751026,0.002128021141928506,-0.0003478029659788012,0.001814318663088777,-0.004044301246636194,-0.0003927264692575542
2021-12-21,-0.0015492252953567933,0.0033156617438074316,-0.0021055221105162262,0.0019336139780320048,-0.0007708464821390383,0.00182532859899789,-0.0026599959835839782,0.0001377434389420104
2021-12-22,-0.0014414409983915884,0.0034652854557989422,-0.0019469123391674108,0.0017178488698429046,-0.0010928942630963289,0.0008353393349351935,-0.0025786597135227605,-0.0005625086508696234
2021-12-23,-0.0020065332295397687,0.004102553807078375,-0.0015516274724813248,0.001777978126256751,-0.000553292119512302,0.00023756841840361922,-0.0020263825069345614,-0.0006521208378062749
2021-12-24,-0.0018398144380818774,0.00463540271257225,-0.001262962608251372,0.0012035270261937393,-0.00023705049057498205,0.00034347990666997027,-0.0031309177868529417,-0.0018482770325619735
2021-12-27,-0.0014634355365742958,0.0042736209748415535,-0.0006918492534247625,-0.0004680004288521387,-0.0010162841447391862,0.0012925755517543282,-0.0014598584123771728,-0.0018016531755904823
2021-12-28,-0.0015589361288417996,0.0040405092290940765,-0.00014479997533403384,0.00015115783619979416,-0.0007053653367471416,0.001557511427706044,-0.0006161057112997828,-0.000987123239432335
2021-12-29,-0.0015166616460014848,0.003557871581364231,0.0003625945879753927,0.0007666200395538413,-0.001100171325807009,0.001844986677876729,-0.001088116174370611,-0.0008049020215380899
2021-12-30,-0.0018379140511508713,0.004051806216837155,-0.00011372563174166712,0.0022924757413846377,-0.0005910378133483681,0.0007349955922893177,-0.0016982649454780115,-0.0014090322273702111
2021-12-31,-0.0012277201335342798,0.003367225277393808,0.0004088115932650067,0.0024141167468416168,-0.0002641020336432119,0.0011476319817752003,-0.0011504835346087307,-0.0016448193050155248
2022-01-03,-0.0008786015508652107,0.002990535380817076,0.00024335991721256096,0.0012859315483568913,-0.0010364716473130293,0.0008638489353165481,-0.0018157276512534612,-0.002018402708777861
2022-01-04,-0.0010010821159276869,0.0033176365009392394,-4.0856824189456405e-05,0.000517716165573218,-0.0012013430686116553,-2.0152868864027878e-05,-0.002689183144096935,-0.0014831324953612256
2022-01-05,-0.0006502882369773435,0.0022730816408496183,0.00012274377824456582,0.0006463966680875359,-0.001098856931959239,-0.00041492901975095204,-0.002755141967350635,-0.0013265099977293677
2022-01-06,-0.00048504222289891984,0.0018932595005550696,0.0005710420280949593,0.0009194487353959827,-0.000794219555961474,-0.0002296301901743939,-0.002987702087230115,-0.0007309501581969826
2022-01-07,3.894270256628047e-05,0.00202303457246553,0.00019175079402881955,0.0006274369134675877,-0.0012197333623531472,-0.00033416731880600613,-0.002892553330374075,-0.0004541793536914554
2022-01-10,0.00024865719300389477,0.001600301639187339,0.000459047848564653,0.00012064232903456632,-0.0015763937844405118,-0.0008180589112254733,-0.0035962999032212893,-0.0007489418353520135
2022-01-11,6.85657717466176e-05,0.0014119490122864512,-1.964777099607495e-05,-0.0003778701360751188,-0.0018154293054721633,-0.0021232192792556225,-0.0032107756963077917,-0.00018116691585111952
2022-01-12,-6.91132279536902e-05,0.0008122231407046263,0.00045899153321178523,-0.001483030986440933,-0.0019376643806437565,-0.002226121009112542,-0.0025427524306026717,-8.201824805614301e-05
2022-01-13,-0.0006560035093580688,0.0008953264948022167,-1.3872209497040218e-05,-0.0009198668702056401,-0.0019471221712906678,-0.0004720838125967402,-0.002384193350464229,0.0004559909742827728
2022-01-14,-0.0003865983512164194,0.0006852149332834461,0.00023797499667975192,-0.0007165749923948267,-0.001977556887113239,-0.000425005869061672,-0.00135714662850128,0.0006540236836103234
2022-01-17,-0.00021963968802422374,-0.0008480724997626484,0.0015101827017265893,-0.0013503511679178871,-0.0015866403986740268,-0.00012085184310405396,0.0002850682197305275,0.001257601538499156
2022-01-18,0.0008340793717766136,-0.0013129845017252097,0.001057478524193421,-0.002294882138917371,-0.0022770308473973534,8.407621693808445e-05,0.0008761853593198575,0.001926514074334357
2022-01-19,0.0012996075337663327,-0.0023613623138848197,0.0019455062425551917,-0.0017925178990199262,-0.0022068121540036977,-9.431507671710943e-06,0.0009515056567140157,0.002739300395653099
2022-01-20,0.0014891578861136868,-0.0026223280155495006,0.0017888558658234349,-0.0025268551914111974,-0.00197071845747076,0.0004022167555420247,0.0006831951172079618,0.003159688070735638
2022-01-21,0.0016251279503132503,-0.0031924048971835738,0.002055370499157827,-0.0029172239769960934,-0.0017302521024041445,0.00019677643203570784,-0.0008362340762113988,0.00285231101179269
2022-01-24,0.0023681994064261866,-0.00422243231161655,0.0023829432460368153,-0.0021767362481555975,-0.0016765422377701933,-0.0010358506167787137,-0.0019361541687061322,0.0033166316916086146
2022-01-25,0.0029371972670239645,-0.004832674948457448,0.003256701328290268,-0.0027278346798747886,-0.001181953363247401,-0.0005686053071664387,-0.0014333798568783355,0.0038127292074484793
2022-01-27,0.003985622928714159,-0.00614232042942919,0.0036575428369603003,-0.0031874084057484106,-0.0012162122316138426,-0.00046324084048797063,-0.0018044926101340214,0.0038417810297957863
2022-01-28,0.003773419579697642,-0.005537327365064542,0.0031429428878544698,-0.0035285259272635817,-0.0007833372776481466,0.00018371780431891536,-0.0014370750895827478,0.004191343997963898
2022-01-31,0.0034240635144986513,-0.005348579451010566,0.003647065385103279,-0.0037078441590477516,-0.0011625769182824488,0.00012206219369507033,-0.00018591563324123585,0.004642810728118317
2022-02-01,0.003287015405262349,-0.004891088738293716,0.00226156595024188,-0.0031712125604680132,-0.0011121027932340624,0.0010672537692146497,-0.00016690517533444484,0.003918309490641122
2022-02-02,0.0032435167937010863,-0.004657790924266003,0.001753480394937346,-0.0021718483751990217,-0.0004461554587383839,0.0008506512895342334,0.0001504907561797561,0.003866632785805535
2022-02-03,0.003385155014453666,-0.0048663721440438765,0.0029304324128536655,-0.0007969167681486884,0.00023837542825991183,0.001956408256755688,0.000645257759827595,0.0033507098454462914
2022-02-04,0.0024606147036808994,-0.003465560908385798,0.002366873641885568,-0.0003499036074658083,0.0005906338607120451,0.0023013363627024954,-0.0008181691579892017,0.0034324368237360747
2022-02-07,0.002087634633889242,-0.00299526378206613,0.0018301551123804504,-0.0004012786421289118,0.0003522584619979302,0.0028849194972167835,-0.00029227748472065843,0.004325103974089414
2022-02-08,0.0018454048326668965,-0.0032641411225060053,0.0020645615211927005,4.070747330687315e-05,8.040107878148277e-05,0.003053923601126109,-0.0006783255176772212,0.003311309805768374
2022-02-09,0.001773473440974332,-0.002755194418000522,0.002181947226103216,0.00044653454401719734,9.121395639917918e-06,0.0036153469534868643,-0.0013384081399219919,0.003032740832454404
2022-02-10,0.0019009291889778113,-0.003004409381779505,0.0020010057389753836,0.0003652292848713223,9.766128201740181e-05,0.004868520387921792,-0.0014278120968871588,0.0025361768104108476
2022-02-11,0.001982704161918686,-0.003278382136297303,0.0018602005863564601,0.0011155521791369697,0.0005564404674508836,0.004998525755647694,-0.002241720029387586,0.002307793997285568
2022-02-14,0.001868328866742631,-0.0023771657965887343,0.001421608739066198,0.0010535561305260429,0.0007073429168455133,0.0024970829470694804,-0.0028886727995655055,0.0020470544920234354
2022-02-15,0.0021672674035487964,-0.0026427501388475204,0.002043883469584773,0.0002993434550933056,0.0006497866125811298,0.0022059753316418375,-0.0034322724919819345,0.0014413859268259633
2022-02-16,0.0023079145748221615,-0.002548557412024734,0.0011230162189701613,0.0011093806159648092,0.0006808124593721851,0.0020152825099437597,-0.0032805578589685407,0.0011152424268406553
2022-02-17,0.0013209417203004243,-0.0023570740823223722,0.0017375291310606064,0.000858892393853645,0.0009766754605413613,0.0024897432912344424,-0.002599801261154547,0.0016064577586404507
2022-02-18,0.0012340774047172533,-0.0019250072127788335,0.0007150372090442034,0.00011233366130205462,0.0010045345570907568,0.001604155344350099,-0.003512855895434607,0.0003512261445958575
2022-02-21,0.00129088187108787,-0.0014339767673655708,0.0005793937803522184,-2.918046871850776e-05,0.0008705476351840508,7.18105754408014e-05,-0.004564842983524752,-0.0006116085887689863
2022-02-22,0.0011829893577063645,-0.0011723900210839477,0.0005311274610601617,0.00039147878866626685,0.00021801540685174284,0.00039975146017777376,-0.004895975466575238,-0.00028073599605635594
2022-02-23,0.0008084501158208083,-0.0007382195873809174,0.0004815085444350311,0.00015721979314310631,0.0002280512540213727,0.0018663987570508294,-0.001722313024097615,-0.0002716109661421835
2022-02-24,-0.00031098770859373055,-0.00013224564235093765,-0.0010038542994866345,0.0007234269462501959,0.0007199458437393449,0.001414231335421154,-0.003434657254046407,-0.0006494987300776729
2022-02-25,-0.0007116446399652743,0.0012768557496541028,-0.0015524039137412085,0.00146630996117132,0.0003729935016523931,0.0027616476890903394,-0.0017407494992911043,-0.0006376845047086034
2022-02-28,-0.0010474597220964943,0.0008597925809573299,-0.0020071051321586975,0.0006617420423558232,-2.8229743027656713e-05,0.0044780393009836664,-0.002223729903352592,-4.011646405861161e-05
2022-03-02,-0.0013213243896248038,0.0005245139670638319,-0.003105882378099782,0.00025391017725112696,0.0005970828133288709,0.007505918303685272,-0.0030653596601788948,0.001168015649087243
2022-03-03,-0.001605010775433425,0.00131501912690591,-0.0028900757713065024,-2.4674894150880644e-05,0.00016072283001953343,0.006937033271726199,-0.003183291511126706,0.0031686496344118277
2022-03-04,-0.002069019674684624,0.0021051096996094107,-0.003396687905569462,0.0005096213926139501,0.0004006642298285965,0.006160258025008155,-0.003977779901202093,0.0033216059739220984
2022-03-07,-0.003313501855769065,0.0035721925877590936,-0.005109579098437131,0.0009401267175927932,-0.0002664456384645648,0.007838969623014244,-0.005283832253653203,0.003825148858266449
2022-03-08,-0.0031978978337656562,0.004238229527002251,-0.004776766184586353,0.0016202684692539046,-0.0003951691759970684,0.006002512343336815,-0.00299440341448792,0.00335639672410389
2022-03-09,-0.0030853501152502136,0.003578348975903439,-0.004610231961170525,0.0013030902594615482,-0.000581316114920784,0.004036283872231419,-0.002839351853228032,0.0017574964739391547
2022-03-10,-0.0027807375986471294,0.003085233092485879,-0.0043818349708358625,0.0005695725560150666,0.0002619521788247987,0.004155826788237933,-0.0019593119766746227,0.0024996281503137712
2022-03-11,-0.0029678040341410473,0.0028231273218241697,-0.005163947500467617,0.0017234008048180598,0.0006995645353864387,0.003932461906688738,-0.0015801955269179034,0.0032706715847180667
2022-03-14,-0.002714194829737154,0.002945036514429755,-0.004988742605381544,0.0011070028649797893,0.00020089557794181136,0.0028212060939172595,-0.00311483092402513,0.0024217733218803196
2022-03-15,-0.0025373270957614793,0.0029771352333999705,-0.004260932798881441,0.0013121553799581441,0.000646242778541903,0.001084372456292062,-0.002338984583458605,0.001598825376388822
2022-03-16,-0.0018943253903923774,0.002157041290852351,-0.003734852053160615,6.433901873315962e-05,0.00043745834809460257,0.0024293839385396135,-0.0004114035147056366,0.0013562459731319236
2022-03-17,-0.002043983918830572,0.0011656063773497621,-0.0040248238584058285,0.000849418728222744,0.0006272466557449478,0.0028588930231436605,0.00018508836199591762,0.001984363145612665
2022-03-21,-0.001926438590502779,0.0013472101816382751,-0.004040931497313917,0.0010051895985118172,0.00015735195736334444,0.004224752344625086,-0.00029868477879646483,0.0016155342869826686
2022-03-22,-0.0015552316571781485,0.0019050211118945936,-0.004002886804111505,0.0006398395008155019,-0.0009298991690607531,0.0041407368789178976,-0.0012605766805382232,0.0011131943185472414
2022-03-23,-0.0017905737581052309,0.002242877936073032,-0.004082936637322007,0.0013680074118504126,-0.0008493590434934532,0.004949481065918089,-0.0007121879327464896,0.002040608817141322
2022-03-24,-0.0028532162267606836,0.00269937911608192,-0.004198904643408088,0.002428599323926572,-0.0005778292661337298,0.006540553514815104,4.676757493139444e-05,0.0030344021028884875
2022-03-25,-0.0027364815395269746,0.0025726704332345814,-0.004512793959005392,0.0021711379168389004,-0.0006454036129183134,0.006964185446641016,0.0019057511122370903,0.003007714259928379
2022-03-28,-0.0026320942873560406,0.0021554774855847723,-0.004373157751359613,0.0016621422876397138,-0.0008050171928520695,0.007013519416812832,0.00035220113363865067,0.00302520842675525
2022-03-29,-0.002227346255424233,0.0019368110424816919,-0.003933911629903984,0.0015550593411702484,-0.0018324036714399616,0.007062632409236013,0.0017408868631071349,0.0027281176083489332
2022-03-30,-0.0024684413110307502,0.001727132151150299,-0.003911247630576101,0.0006817539334822427,-0.00158497658657364,0.0040726021094559485,0.0006984572949996362,0.0020245627347456373
2022-03-31,-0.001644334295198297,0.0014879568298642402,-0.003061478378990525,0.000493648408605931,-0.0008407122763638365,0.0022098649606313563,0.0010088653537608937,0.00120026354115902
2022-04-01,-0.0006263123488460393,0.0006089882105031726,-0.002165381582206123,0.00027044245361802647,-0.0011777155549704118,-0.0003872148908429019,0.0015974429356396171,0.0006560928419094779
2022-04-04,0.0004912644658122672,-0.001168132444537233,-0.0018356813019908525,-0.00016026351023525152,-0.0014244191307543996,-0.001347594679227064,0.0006754373344524372,-0.0008460125414881323
2022-04-05,4.249653680162349e-05,-0.001684455064177152,-1.36264114892308e-05,-0.00040789096388784384,-0.0007781126287585913,-2.2168893656167657e-05,0.0014829613782629874,0.00013740025938330062
2022-04-06,0.0009356337079406063,-0.003144561453325616,0.0011678713196197716,-0.0011164638157780925,-0.00024547527820170407,-0.0011072227763091582,0.0033087015885197137,0.0005177717667576038
2022-04-07,0.0013270237079808078,-0.0041085791555579175,0.0012932704424728015,-0.0011382162876791223,0.00012890076888923997,-0.0002928355916032672,0.0027007285972105296,0.0005601315317289371
2022-04-08,0.0012260331732003261,-0.004079860310644015,0.0008660172861605338,-0.0012576352359386844,0.0010040328419878494,0.0014351357725839722,0.0019225398613099947,0.0015842839627627893
2022-04-11,0.0011460140676872563,-0.003684287483248334,0.0009308629221188272,-0.00030971920753206875,0.0004926308106889448,0.0015132561220576363,0.0024204889132276954,0.003143023180567778
2022-04-12,0.0017105741251258666,-0.003833175687081348,0.0012028542901502733,-0.0012964734703716724,0.0004930821420777087,0.0004667071000652805,0.0013584083799914578,0.002979421577117119
2022-04-13,0.0011401379485646368,-0.003940435728269098,0.0011858437595571873,-0.00019815379848600752,0.0016841912212422123,0.001795739106292031,0.002745312179847085,0.004259328696677456
2022-04-18,0.0008279108511456703,-0.004690731413002308,0.001366435359081047,-3.3717267520815344e-05,0.002128550977939072,0.004171935522801377,0.0025155259225175335,0.0059320237158522506
2022-04-19,0.000830762307696667,-0.005495156332825953,0.0012509684117308405,0.0005707423979981379,0.0014233063807057398,0.0039078562434659335,0.0011081658471722073,0.006600973828508536
2022-04-20,0.00026758444338392643,-0.0044612170751280175,0.0016286689789555115,0.0008175497534826947,0.0016181504151448066,0.0032003356065304508,0.00026825248229694833,0.006396329800143888
2022-04-21,0.0002840416615142752,-0.00463584309182405,0.0020812775204879876,0.00018666140633133617,0.001625938280750811,0.001419906261245343,-4.0942423476744206e-05,0.006472176225394508
2022-04-22,-3.2495773131480067e-06,-0.0046746168816639835,0.0024038966962446127,0.0005958065652128066,0.0028384634801002966,0.0012690381784890516,0.0009307525914905705,0.006582828607218446
2022-04-25,0.0007266397450914195,-0.005287201593285169,0.0028307769882214943,-0.00015509067516886947,0.002610798814133471,-0.00026486694259699774,-0.00031162411686744274,0.0053989355185532365
2022-04-26,0.001222863662137919,-0.0064652790038403785,0.0036253172752750153,-0.0009222377775100509,0.0027370992432344593,-0.0011365802893132544,0.0003709133420385359,0.005488327645414208
2022-04-27,0.0011441114177085426,-0.0060980407134985475,0.0038832794766336864,-0.0005598985474348512,0.0030691089912858746,-0.0010078634822007961,-9.072699757249316e-05,0.00504292396406121
2022-04-28,0.0008760072129978043,-0.0058344821292946585,0.0033326473645423215,-0.0003533641557862292,0.003536834220529967,-0.0015157631411014648,-0.00026472860109744774,0.005231509991727353
2022-04-29,0.0009349466585140318,-0.005751476840090252,0.003549683316817356,-0.00046284332402570167,0.003924363105128267,-0.001189596738315936,-0.0006178340133025296,0.005347029425234645
2022-05-02,0.0009583832572428446,-0.0063346385872160614,0.00293904368098647,0.00018348764699458093,0.00430111677565009,0.0006921678360270548,-0.0006710086087159241,0.005941222779717429
2022-05-04,0.0007215716936037992,-0.005658762568612068,0.0026850215852344725,0.0005000889841787635,0.003915312246750679,0.00018881466563944746,-0.0013648652996044266,0.006393470464285733
2022-05-05,0.00021809502652485628,-0.004173684496893716,0.002867759361470015,0.0006922205196555559,0.003633459545940196,0.0006303261896892362,-0.002714172543079097,0.005925059955124564
2022-05-06,-0.0007236900511581592,-0.003594459577237504,0.0032664447500415777,0.0010740170608387499,0.004653250016476808,0.00047966233039823964,-0.0027967238007630454,0.0071273979835046195
2022-05-09,-0.0003914196130863218,-0.0035392812903254365,0.0025914527299076783,0.0009360802345805574,0.003421832087360008,-0.000679793243611445,-0.003217523522896307,0.005336191663356452
2022-05-10,0.0002251400248874172,-0.003450401339861882,0.0024528261292043607,0.00018560334262100481,0.003522521816242216,-0.004077824791587666,-0.00473634179351879,0.002818496924240541
2022-05-11,0.00037325826268233726,-0.0036824813495452647,0.0021587958754384355,-0.0003933138183146003,0.002991569360242573,-0.00351593036328144,-0.00464292879324735,0.003188068211351028
2022-05-12,-3.488249656974276e-05,-0.0026520460735024436,0.0023071170027191223,0.0004765359268109762,0.002924828419894382,-0.004827519045692483,-0.0042817967112679135,0.002399565336033656
2022-05-13,-0.0006630558762803062,-0.0024041436493214014,0.0032924819961201992,0.0010426925544901643,0.0036832357359480863,-0.006180467196780996,-0.0051614778634920915,0.0002563619550697595
2022-05-16,-0.0007245057352947386,-0.0026237833474657447,0.004200671204798932,0.0007118555726642571,0.003326893479261351,-0.005011312322919988,-0.003171711478442517,0.0005603852224963738
2022-05-17,-0.0007628709899257708,-0.002673129140925199,0.004373517662558722,-0.0002540451372045373,0.0025892359323083252,-0.0035113480230973336,-0.0033812898421144567,0.00040582071959578475
2022-05-18,-0.0007867900068728143,-0.0014359835880187713,0.0033809302927535426,-0.00033244267142878677,0.002121218334661104,-0.00459730305158762,-0.004388567274003875,-0.0010090424941173255
2022-05-19,-0.0007982188787467735,-0.0021296250726892834,0.003354368475616902,-1.970066818789487e-05,0.0038528717174548233,-0.005387469571116519,-0.0037765643721291947,-0.0012256736982736356
2022-05-20,-0.000268747371043702,-0.002809780446945028,0.0027706381489288594,0.00036109867527090106,0.003510672213311375,-0.004128045350139891,-0.0029327933698274186,-0.0014196898353315535
2022-05-23,-0.00010438877140757623,-0.0021197560909501085,0.0034450827369501254,1.4545519392978202e-05,0.003967806081001703,-0.007418615885442891,-0.0031151882680581166,-0.0018081373173979673
2022-05-24,0.0006187549280038851,-0.003098875684818531,0.00337420741892799,-0.00019109812937494674,0.0032909185858953677,-0.007374738839585202,-0.003374171031696473,-0.0023266163121041595
2022-05-25,0.0003234901950591382,-0.004038861941694203,0.0030936029852484262,-9.468011439933656e-05,0.0036493465506190837,-0.007247825743771506,-0.0032559707294274195,-0.0015193425731527392
2022-05-26,0.00119733804945,-0.003292537465851814,0.002410640953650626,-0.0003063455598086239,0.00292031958718921,-0.006338176221731152,-0.004007092446373484,-0.002538201790961744
2022-05-27,0.0014043337203857428,-0.0027155335195270316,0.002429787552297037,-0.0005619882499484428,0.002720161291088597,-0.007238322862430634,-0.004620838294849156,-0.0033636711035823427
2022-05-30,0.0008548734138764592,-0.0016992934467888019,0.0028964655688971065,-0.0013070865734282951,0.0018250900084337948,-0.007384499673552527,-0.0034471804414258965,-0.003780781664213905
2022-05-31,0.0006651950126345158,-0.0015556319936374393,0.003601671797212882,-0.0016727635655312042,0.0020951900871610555,-0.006678594606086694,-0.0021052546510357947,-0.0037261720383016594
2022-06-01,0.0008287682747502699,-0.0014131456312944084,0.004193882879076195,-0.0021900399733801534,0.0017343977808224195,-0.0068274573805973664,-0.0026575945305275625,-0.003951632881255079
2022-06-02,0.0006109131645330603,-0.0014336923731109253,0.0037135808294701303,-0.0021213655221604616,0.0012372807498806004,-0.006138940995833031,-0.002049955507875417,-0.0037858629891073053
2022-06-03,0.00033856141333830014,-0.002092496016444688,0.0027789669543354036,-0.001927561112982504,0.0013711898552589104,-0.006902950762118184,-0.0015946456389750092,-0.003945339152486276
2022-06-06,0.0005225204855779235,-0.001872523613154881,0.002969093353959591,-0.0019990630156867936,0.0007525549640223624,-0.0060954372905208404,-0.0010027569844257324,-0.0048708786302770314
2022-06-07,0.0006574639986995246,-0.0025235968755334807,0.0034995376102505537,-0.002253730834965217,0.00084071189311055,-0.005418796503905203,-0.001071683187818653,-0.0029394457394591638
2022-06-08,0.000296303050262203,-0.001858135353604379,0.0036279129453413474,-0.0014041635921847487,0.00010024394023198935,-0.0028172693297271937,0.0012352626339684472,-0.001436040672437808
2022-06-09,-0.0003718866376675585,-0.0013670274386076231,0.0036483910246852976,-0.001256525659440021,9.811915768244384e-05,-0.0040150010626517465,0.0004452171832842513,-0.001226882596581529
2022-06-10,0.000160896439207809,-0.002211240444459652,0.004266392630751405,-0.0011918493965168123,0.00038913369948129716,-0.003197186318370825,0.0006400741968106444,-0.0010065792801771513
2022-06-13,0.00043067740610580623,-0.0028082145624544227,0.003349559705562796,-0.0016560239007652351,0.00026926252905912283,-0.0028684251146108286,0.0004426710069153593,-3.347311766368085e-05
2022-06-14,-7.50504281005078e-05,-0.0020760142952097986,0.002324951522998913,-0.0011628469349605223,0.0006418371842577082,-0.0028039577029322963,-9.196195018381747e-05,-0.0005663339920296032
2022-06-15,0.0003348393697223061,-0.0022606871441411295,0.002963593614572472,-0.00015510257542308207,0.0008095592791369659,-0.004946400878359535,5.264159547948579e-05,-0.0012394847971311754
2022-06-16,0.00044586199829801595,-0.002248388675340315,0.0028572669603257814,-0.00046002510249334386,0.0009056166779316886,-0.006393379885799378,0.0005011842499763183,-0.0010044016416683615
2022-06-17,0.0007543018571807587,-0.0012213286553161386,0.002525206903548568,-0.0015311038198459312,-0.0003197580103370514,-0.005447995335725126,0.000680523036899369,-0.0016304550892821065
2022-06-20,0.0004959105977650475,-0.0003553363076042402,0.0020572663690314645,-0.0018982611802395763,0.0007018023525544202,-0.008122404090675573,-0.0009808134462478725,-0.002435295200823534
2022-06-21,0.00023085981251205908,-0.00040210932880225853,0.0011141323590123733,-0.00129321248945221,0.00022350475971948482,-0.0032617081754263916,0.0001978275268330553,-0.0014835782378323228
2022-06-22,9.99991389824136e-05,0.0003764190680269439,0.0011329472497049534,-0.0007607797039643695,0.0008192043828757507,-0.004652084642192921,0.00015289158757615792,-0.001752907316336547
2022-06-23,-0.00028545482563333306,0.002205802200114987,0.0028964715867800077,-0.00019370992377612463,0.0006371377846803207,-0.004108401718120847,0.0015958655515982251,-0.002602335378870585
2022-06-24,-0.0006266242204048679,0.0011427856591746846,0.0034488461383948513,-5.2387627404296144e-05,0.0013187463931502385,-0.004600961620126173,0.0010606543864675282,-0.0019212065140876108
2022-06-27,-0.0009325832934127163,0.0010459682612277395,0.003265270784694012,-0.00017575721007198012,0.0013660460325537686,-0.0037219003135679552,0.0013740274471619874,-0.0008987518801709003
2022-06-28,-0.0006190060877459963,0.0003426573233384473,0.0037698946582297725,0.0006291724220891396,0.0018343833164284388,-0.0025765444883725014,0.000634507213258259,-0.00035105019002759034
2022-06-29,-0.0007621878001670668,-0.00022510523996799835,0.003382831954789801,0.0008000856661817336,0.0010325066390158388,-0.0031460773411258105,-0.00027417937236750385,0.0010525408841619668
2022-06-30,-0.0008401658031260569,-0.00017494389855292856,0.002755041752728815,0.0010885219621403865,0.0012257905016866385,-0.004258091353884579,-0.0004313137882150293,0.0015341131865100656
2022-07-01,-0.0002804340375277565,-0.0002685379962716751,0.0034822980716447327,0.0016560130821589708,0.0028588935740170725,-0.004048097238873433,0.00027338615649812525,-0.0009339538171927158
2022-07-04,0.0003645976466328843,-0.0011182054162978176,0.0039001550038027057,0.0014250940669095975,0.004009310615666657,-0.004288465372400839,0.0005027842396168971,-0.0012402203795763302
2022-07-05,0.00017283280563431527,-0.001287855937862372,0.003670373591403704,0.0015415644542014725,0.00400682009251236,-0.004647842564616237,0.0008368082647610322,-0.000815692714689687
2022-07-06,0.00033071864400042365,-0.0009784663215380988,0.0036642887324641014,0.001452948540689575,0.00501135059167062,-0.005185998889420155,0.0017313424274608747,-0.0025872857063540863
2022-07-07,0.0006194987203978989,-0.0014525639003661463,0.0036216930184504404,0.000931882907419008,0.004877259478533395,-0.004078166241891199,0.0014722476912438223,-0.0028972289731405867
2022-07-08,0.0008023666669895037,-0.001731572664542882,0.003604098768226419,0.0006871286010990094,0.004987640414958678,-0.0037768027193267775,0.0014150427884601596,-0.0029007419146468228
2022-07-11,0.0013005526605498817,-0.002965363210716072,0.0034174772721782395,0.0005134976174313423,0.0043480986316350115,-0.0029302671462415656,0.0018924319112894954,-0.0015468651613629327
2022-07-12,0.0015500425032980594,-0.00232343245143316,0.0030063379815870005,0.00015084561798974676,0.003442058211177005,-0.0024567032051921113,0.002652794433718301,-0.001263014371105687
2022-07-13,0.001415173748548481,-0.002445810697111001,0.00338255915181894,0.0008435651728719351,0.004131681291621025,-0.002108229917052891,0.002543297829801062,-0.0015644685970967183
2022-07-14,0.001096097643454545,-0.0030022143877152735,0.002969830272205072,0.0010102749958680543,0.0042447881660221546,-0.0018243885209712827,0.002690800212264795,-0.0005543213568222729
2022-07-15,0.0008356953307073916,-0.0032458081148927327,0.0036573208982397256,0.0004676083742879999,0.0038659703833423997,-0.0009974271973730094,0.0029667236666330965,-0.0009405382935564301
2022-07-18,0.0006874483475129522,-0.0019318329269663172,0.0035036829481469777,0.000562330884160198,0.0034037306134731896,-0.0007463635942707657,0.0026637765674320186,-0.0008064276435137087
2022-07-19,0.001251715794732384,-0.002311090512577024,0.004331832928575403,0.000263062669383017,0.0025735738262198543,0.0015268437232870452,0.00473691141111241,0.00026758880598292713
2022-07-20,0.0012178171235136706,-0.002041408937870593,0.0036293779335551226,-0.00025857878099453096,0.0029592706669296165,0.000566605485391542,0.003310193105573976,-0.0002253219602124882
2022-07-21,0.0010852338173216237,-0.0020893185746184272,0.003365353910205034,-0.0007860537358882185,0.002855781635820089,0.002418553344015637,0.0037336964768633287,0.00016255513490156213
2022-07-22,0.0014839521144803755,-0.0031947343970687232,0.0016318380604174493,-0.001545077803555683,0.0027642262395942787,0.002229671208422691,0.0032257186098589518,0.00029488505443959166
2022-07-25,0.0014522697724031605,-0.002000164709160329,0.0005900182007402125,-0.0015470085234411766,0.0027350269835256817,0.0028390353803887875,0.0035649592700009855,-0.00016142007126290162
2022-07-26,0.0016030486669648088,-0.0035046739205421683,0.0004260154232613993,-0.0014545475117153652,0.0024871736762664097,0.0028069291241570446,0.0034996218285957533,7.037501250260086e-05
2022-07-27,0.0019300975947037285,-0.003385346103502071,-0.0003738330917175954,-0.0007319787529619481,0.002269852885484136,0.0019914536345116947,0.003289336037480108,-0.0007880008422102064
2022-07-28,0.002253459952331561,-0.0024141581809753072,-0.001195216557043232,-0.0015688053113659768,0.0021740451241779564,0.0017110655272689875,0.0031896137314216966,-0.002192251967751048
2022-07-29,0.0014802057692087046,-0.001799059777188007,-0.0006775432712425077,-0.001628899725976339,0.00175086765319138,0.0037730670881976226,0.0035054441121412875,-0.0022915423122996793
2022-08-01,0.0012507043014105988,-0.0026519768958988953,0.00022473953965644177,-0.0026481823228306405,-0.00011535633965048964,0.0036186293079406642,0.0023495595377639334,0.00034256287520367714
2022-08-02,0.0010719715641901778,-0.002439593329716329,0.0007984846506082334,-0.002195204883207688,-0.0008254426629945291,0.004203644027195886,0.001628455412942766,0.0011842628946611622
2022-08-03,0.0010133161526067712,-0.0016561372918247595,0.00039754849921833525,-0.0028146397220266016,-0.0011326685471400567,0.003783471309470483,0.0011634669536532884,0.0007203497439563847
2022-08-04,0.0005617258601850698,-0.001048840610780984,-0.00017313608150133037,-0.0015248610319072349,-0.0015930289030307702,0.004893222694943806,9.909121546745371e-05,0.0011290122366243256
2022-08-05,0.0003314458049023445,-0.0006829999647576684,-0.0009548063376487535,-0.0015251122582528136,-0.001062658475263152,0.0032947732122155546,-0.0006036462164134343,0.0007625206616157115
2022-08-08,0.0003607561913621174,-0.0008731474864326961,-0.0006284222155037568,-0.0018421882643555737,-0.0013523496562575263,0.004236290359240863,-0.0005884507645618721,0.0007598113645821691
2022-08-10,-8.242271309732204e-05,0.0001507917029467021,-0.0010806186488400643,-0.0022828363444638788,-0.0017032117478684725,0.004032967428233482,-0.0017383894945995374,-0.000663788066191909
2022-08-11,0.00030175900536241924,0.0007496307443712481,-0.0014181519698715428,-0.0024167384980261744,-0.0023413746977475405,0.0038111191904837746,-0.001976245029589759,-0.0016474208018017016
2022-08-12,0.000536755779390277,2.1659496139012947e-05,-0.001763949332892156,-0.003999538239820973,-0.0031865843395902545,0.0038312357329551893,-0.0021780866514830837,-0.0004271934736675741
2022-08-16,0.0005945864358095554,0.0003936584412752731,-0.0010638351362193769,-0.0045369183581060865,-0.002979435020619477,0.003752297676977964,-0.0015633598341399978,-0.0008068632903375349
2022-08-17,0.0008323976477723335,0.001025926753118472,-0.0022108835392981347,-0.004398918766809999,-0.0033181173461498087,0.004390816136044918,-0.0017813902095533069,-0.0005197460618328459
2022-08-18,0.0007902182104549526,-0.00019079671972420213,-0.0019743042146979834,-0.0038463169050607384,-0.0023604686184941653,0.004297970711576357,-0.000981854159899308,-0.0004359898839019702
2022-08-19,0.00020328558556182742,0.0005053588000875847,-0.0024393279609158536,-0.0035223737787812496,-0.0023090985542566765,0.0038695886415949423,-0.002409676235458161,-0.00018390004351795733
2022-08-22,0.00026673273247619774,-0.0005137606599525516,-0.002019571384308097,-0.0031804441372253554,-0.0016606773732184069,0.0031478839179310846,-0.0022916477451028136,0.00021551901071494928
2022-08-23,0.0004662558157378918,-0.0016874297810597122,-0.0014235641210312271,-0.0025900213007373643,-0.001977945316798296,0.003418851710886482,-0.002400713317534419,0.0004642881019853622
2022-08-24,0.0004334971205922707,-0.0013022848132606553,-0.0014168195650447457,-0.0023577759340064537,-0.0019039553064496618,0.0039683387718187114,-0.0014550642760370153,0.0010178455450653222
2022-08-25,0.0003137019064552819,-0.0018283098699977832,-0.000776557517419185,-0.002089796120774213,-0.001991189703806307,0.003003265752472859,-0.0005716754973915023,0.0013955529393052863
2022-08-26,0.0002499947354030821,-0.0008479148358109599,-0.0005420123658103158,-0.002096945142704117,-0.001916245383596351,0.003455874202555859,-0.0007905787072322369,0.0013995991296393375
2022-08-29,1.1944944887233837e-05,-0.0022251744988269688,0.00023328785274000577,-0.0021973386450257547,-0.0008764820664286051,0.003476037673418679,-0.0008229639268476615,0.002227545016060372
2022-08-30,0.00039516539484061143,-0.002704161671974569,0.0008239715775780064,-0.0021328490628462803,-0.000564090000410068,0.003268098131951906,-0.0005618051205312285,0.002249016230053485
2022-09-01,0.0011895374947172663,-0.0032371570710685764,0.0016129742666791398,-0.0018884284717860615,6.323722190680506e-05,0.0022405124569299566,0.0007321209094177409,0.001695588613153822
2022-09-02,0.0013252150250471692,-0.0030096469467150214,0.00042708160556118036,-0.001526907984928768,0.0007150193268690788,0.0020273625912678272,0.0009774087213689,0.0005335540610398061
2022-09-05,0.0013092110322124096,-0.0028616298590940685,-6.496464833352677e-05,-0.0016787753919507691,0.00018199363976729391,0.0026125122727963706,0.001883066082243969,-1.0674702595403528e-05
2022-09-06,0.0013304641673341283,-0.003517079344417671,0.0003875014263903557,-0.001043315393797584,0.00027333632526376113,0.0034693220625079428,0.0025642676154810085,0.0007177442926379186
2022-09-07,0.0014381862905695644,-0.003884892019521198,-0.0001947881005020535,-0.0017204407251812564,0.0002050569153737807,0.002977249317639644,0.0032195746880327274,0.0009390461290773098
2022-09-08,0.001704443667946107,-0.0041553366044958465,0.00018769560603008298,-0.0020140630630865746,-0.00014614911477061113,0.0023260628581769074,0.002510296863629315,0.0013130465336167135
2022-09-09,0.0018080065356848697,-0.002848642472087519,0.00023203508411140242,-0.0017628412721690159,0.00011228610128066188,0.0020807026316542474,0.0024673826188363122,0.0008570565239573812
2022-09-12,0.0016833363142009189,-0.0020009891760807397,2.808757942072927e-05,-0.0019520251057024924,0.00012973987440247276,0.0015070566279221753,0.003670867544353365,0.0011575396241938962
2022-09-13,0.0012850319022267467,-0.0028881183747411204,0.00014301794580126137,-0.0020888260519597653,0.0008515240355723096,0.002102381378076837,0.0029597333956324842,0.0013174430423776237
2022-09-14,0.0019831259280911192,-0.003685628208901758,0.0002721133132507609,-0.0014930092674184522,0.001081586962420605,0.002354177492968501,0.002604240398580247,0.0005512619314460567
2022-09-15,0.0021929738232520325,-0.0037337671950714957,9.570676465955855e-05,-0.0016920844716286367,0.0010403991402830322,0.002764216138201033,0.00191254906009179,0.0010760263550733706
2022-09-16,0.0026709669442667025,-0.004833886903055998,0.00023646716592364415,-0.0012687345074936583,0.001018242499214936,0.002806676444128237,0.0013199607230211443,0.0013156341192897673
2022-09-19,0.0023705440771724087,-0.004488417921763105,0.0006843318591316087,-0.0012363390452232305,0.0010404317471334045,0.0019423411654731224,-7.923529542099809e-05,0.0008187772563318225
2022-09-20,0.0027846896744675447,-0.005192857245821618,0.0010972493683739624,-0.0003383161785954379,0.0009802593335896887,0.002385392782225001,0.0005588261022084842,0.0002875232204196609
2022-09-21,0.0028666311211847802,-0.005075805284736076,0.0013234740167029427,-0.0006714281321119925,0.0011384366938656499,0.002359299323241075,0.0006892167180436235,-0.0004837860160601414
2022-09-22,0.0021796016954213474,-0.0038599060863618974,0.0012919287035325433,-0.00040765617035568654,0.0021775526542946923,0.0023545974596889735,0.0008420449491676016,-0.0006095295937397575
2022-09-23,0.0013722094516313093,-0.0031397078041303216,0.0014165812762060954,0.000631087824635686,0.0027680009106687583,0.002341706215577312,-0.0005444718158020392,-0.0011132127088328112
2022-09-26,0.0009850601116930613,-0.0018143304526071435,0.0003355567927086371,0.0009484229560877887,0.0026112856181678204,0.0012160385839664139,-0.002667382600013366,-0.001882885079953362
2022-09-27,0.0007463523353024499,-0.0013667338727784586,2.560518815170401e-05,0.0015860206509776317,0.0031064451850396427,9.439890861095328e-05,-0.0024965664984669396,-0.002124164498722507
2022-09-28,0.0006188640019547419,0.00020276932363469196,-4.139725149937914e-05,0.0018683899827424298,0.0023959619455386537,-0.00035539656545281956,-0.002420919619648511,-0.0028389929572564575
2022-09-29,0.00026172914996017973,-0.0001476715254134526,-7.428753117594928e-05,0.0032443801972727063,0.003170989694631079,0.00021869358563318501,-0.0025476621123534816,-0.0028470533681344235
2022-09-30,0.00041518985759602593,-0.0002706629000675863,-0.0008463415226798044,0.0027886759124416127,0.002217252520996142,0.00032750365241905025,-0.00348887851158628,-0.002324694226941719
2022-10-03,9.310391524278085e-05,2.6482218930368173e-05,-0.0010900366804208258,0.004082142731807462,0.0015973517770521272,-0.0006329515953615919,-0.0034245992544747533,-0.002123903482374819
2022-10-04,0.0002275630938730703,0.0004825757955183059,-0.0009730864360533065,0.0035333105340182853,0.0016417948221931775,-0.0006866763841469699,-0.0035143450782520137,-0.002178560936364279
2022-10-06,0.00041862103249349036,0.0011995348014569177,-0.0007325842777401314,0.0030609159931808605,0.0014991049087461571,2.7786215243932075e-05,-0.0028919906851958624,-0.002699832840041483
2022-10-07,0.0005078270036484071,0.0006750084710457049,-0.00030108796650040555,0.0024608734362387345,0.0010604199865569847,-0.00022611725587409238,-0.0028170453661062046,-0.002416883482121211
2022-10-10,0.00017592673432105022,0.0013891757666923768,-0.00017106599779386378,0.002769486902203402,0.001016205979230774,0.0007567523712180334,-0.0024785780638596107,-0.0023415339095928713
2022-10-11,0.0002746631976313016,0.00019840588099300383,-0.00038473168572279596,0.0028382198559035337,0.0009216620628690708,0.0003947792311942578,-0.0029342276855221093,-0.002148667243736037
2022-10-12,0.00046862616724061804,-0.00019993895624365087,-0.0002154368403221741,0.0026706826202048026,0.0014155909612431497,-5.953950288001058e-05,-0.003325013414683905,-0.002237898277533649
2022-10-13,0.00017145347180495688,0.00015681936160895924,0.0002795229385020039,0.003318587192340467,0.00154097416075807,4.243169979968207e-05,-0.003057801635685553,-0.0020055766140305
2022-10-14,-0.0002638942171471542,0.0019026685674714534,-0.0005434007401350191,0.003211122525785936,0.001091592685576197,-0.0016618916449498743,-0.0037650824462049704,-0.00297783071072358
2022-10-17,1.7913239479181754e-05,0.0020174041888276037,-0.0012409356059168023,0.0032622913814337458,0.0005932781998216818,-0.002866183153310677,-0.004216132086908181,-0.00330956102674856
2022-10-18,-0.000418543090242942,0.002904808348944916,-0.0007029743942951638,0.002604293018367886,0.0006926411121035071,-0.0027803674416031145,-0.003010145647161647,-0.0033515581031033368
2022-10-19,-0.0003242717638698741,0.002468506872846528,-0.0010050365122364394,0.0027448043075245323,0.0005537165727272427,-0.002709202236858465,-0.0021886553885032316,-0.003035650909899766
2022-10-20,-0.0009191272433501944,0.00310405977804421,-0.001377188478914628,0.0019268471880291341,0.0010027684419795482,-0.0025256482623067155,-0.0026196017891260606,-0.0022317348279699235
2022-10-21,-0.00010387865680777116,0.002961978191361602,-0.0015563324736931898,0.0018960707259225397,0.00013552327233508723,-0.002257182343576902,-0.0022746396858519934,-0.0021272745290516655
2022-10-24,0.00051189810276083,0.0027448986370468714,-0.0021907404055499773,0.001391070878682095,-0.0012002415691083875,-0.0027692033364410313,-0.0026640566196828768,-0.0023584337115093615
2022-10-25,0.0009657797968934405,0.0027742894969235814,-0.0014101558287748473,0.0009615270930202022,-0.002079988210906508,-0.0026245034834480067,-0.0021551376046376643,-0.0021832780162015365
2022-10-27,0.0012235314397173484,0.0011742322431985484,-0.0005410947819733895,0.0008140287203040612,-0.0019565131209378778,-0.0004185858184383212,0.00022222496243072282,-0.0011553580418011073
2022-10-28,0.001026083569017368,0.0001291110287052078,0.0003147309222293411,-0.00046134836864678203,-0.002429761065916851,-0.0008648393484290335,-1.3318661795714594e-06,-0.0006533415326644644
2022-10-31,0.0011247094474994691,-0.00031758839620011714,-4.83874671061992e-05,-0.001289098794227334,-0.0027939557217741898,-0.0008461071986167437,-0.00042648643703161165,-0.0006006036812958742
2022-11-01,0.0007797528871551431,0.0005481615903829844,-0.00023632845360106172,-0.0013854235602824283,-0.0033937403380361023,-0.0004286190999071792,-0.0006320676746182372,-0.0002636207366661079
2022-11-02,0.00032604340062867805,0.0009862390254350363,-0.0004108362064294464,-0.0005764673797878498,-0.0025402035054659096,-0.00020375443867332943,-0.0010051621784015036,-0.0002517198096261184
2022-11-03,0.0007488601756462593,0.0003687878511652973,-0.00013238317991676185,-0.0016032177198738624,-0.0018976044353838314,0.0007017402168230198,-0.0006368358998940721,-0.0002866390162672714
2022-11-04,0.00027796394072544936,-0.0002409158377000434,-0.00013632262865533387,-0.0015943097795280648,-0.002029888972421234,0.0021040842227555362,-0.0006506507726438645,-0.00013510519226562698
2022-11-07,0.0004934090895390157,-0.0009692355267461302,5.979254736139441e-05,-0.0021834670889202368,-0.001678279106858019,0.0012584067590258375,-0.0011993067112631623,-0.00011011453259301843
2022-11-09,0.0008035506376167984,-0.000752593613991722,-0.00014758408766228984,-0.002462602560590166,-0.0011733334102147946,0.0010893444264901855,-0.001937416240908794,-0.0003550783810083681
2022-11-10,0.0008379689467971347,-0.001320513847991903,-0.000695385805803752,-0.002291905975105542,-0.000763503943816132,0.0010069703516820587,-0.0014023435091857943,-0.00014096932799155656
2022-11-11,0.0003522997018287938,-0.00014008896558059206,-0.001622546879228586,-0.002988195988838346,-0.0015448671959879803,0.0014688310050291619,-0.0006862884420241137,-0.0004955140749745976
2022-11-14,0.0002315908373733827,0.00032795444999632415,-0.0014843002501121656,-0.002574983875231188,-0.0024501098990416478,0.0026279966719049536,-0.0004715722193963973,-0.0006709656306890114
2022-11-15,0.0006739080844102218,0.0001813106376552841,-0.0015414641357260608,-0.0031129582278920684,-0.0027792569532901607,0.0023055359392624014,-0.0005458733793592685,-0.0006866309246170359
2022-11-16,0.000484278692097139,1.047049775159889e-05,-0.0009389617118728045,-0.0030997139587948357,-0.0024476947601807433,0.002137754505690977,-0.00019253077292314975,-0.00016360306369850698
2022-11-17,0.00017710358098770203,-1.3159008239907021e-05,-0.0013942738453555244,-0.0028829857455340687,-0.002032869721889019,0.00307574337713302,0.0005517205108646439,-0.0006797168773575958
2022-11-18,0.00025478251069867026,4.039227360784969e-05,-0.0020262588213882356,-0.0027246355450204107,-0.0021499806133046208,0.003038117051753448,0.00036027062792267717,-0.0008907070354937006
2022-11-21,0.0005429923742545886,0.0001819172664776882,-0.0018229142000154713,-0.0025674190843278316,-0.0020336943542269377,0.003427625796614903,1.6301231912661633e-05,-0.0009573227872530346
2022-11-22,0.0009109117130234583,-0.0001396352650228983,-0.0017500194482926393,-0.002738344528910145,-0.002270878131971606,0.003226290798540049,-0.0005862745357771728,-0.0018646341853977137
2022-11-23,0.000382415182101101,-7.324400456172608e-05,-0.0015403462102261873,-0.00221347617851642,-0.0022846224515628817,0.0034471759319722696,-0.0005157229148147785,-0.001519832254974693
2022-11-24,1.7166484828628082e-05,0.0006865415387633188,-0.0017922046217813353,-0.0026162125599777436,-0.0019473739659529718,0.003098030010749442,-0.000691774930143052,-0.0015146162129724566
2022-11-25,-0.0001475705596759606,0.0003443708920644662,-0.0022363248500854157,-0.0027803725570433886,-0.0018762966742477249,0.0027386585906678637,-0.0001155744593371844,-0.0010532735489806584
2022-11-28,-0.00022270888319640887,0.0006440510706110392,-0.001958330232990493,-0.0030172654730862827,-0.0018469092967340465,0.0010039996270943632,-0.0013851439971574505,-0.0009532187056208793
2022-11-29,0.00016278681732336637,0.001117536785800258,-0.0028411657480843676,-0.002032699347129064,-0.0009612759720138519,0.0021841874053001634,-0.0013577357203852134,-0.0014769947245817957
2022-11-30,0.00023401788294953748,0.0007486426904488731,-0.0024689202483001603,-0.0021787390988656005,-0.0006178835947553271,0.003176544604562766,-0.0007005081307492683,-0.0007316972906931223
2022-12-01,0.0005014048567258255,0.0011989052028378037,-0.0025251398659393402,-0.003048461418662749,-0.0008659794639263838,0.0029925750767074606,7.728893641591747e-06,-0.0012200197806567688
2022-12-02,0.0006245968892309751,0.0014404747595701964,-0.0025703750125790643,-0.0032681465523576314,-0.0009288605554854565,0.0030303848237581937,0.0009662249217511363,-0.0013936778184366666
2022-12-05,0.0006098199299349994,0.001665179017095099,-0.0026050666336677472,-0.003494987969179566,-0.001161356573102569,0.0038755077259832738,0.0009261773470362728,-0.0013925520156662448
2022-12-06,0.0007601369005641443,0.001457276988301245,-0.0024428735584186437,-0.0030474219948700403,-0.0005363465178123083,0.0018741567402532524,0.0007766519218439997,-0.0011410261646712884
2022-12-07,0.0006595487893741027,0.001410367385116296,-0.0030017209630042708,-0.002241128912323773,0.00014244828264515358,0.0011436551218794067,0.0001460580234771304,-0.0016130538928775043
2022-12-08,0.0008515520982897659,0.0012415265192782742,-0.002743859381349886,-0.002466417980020016,-0.00018305517075769455,0.0016808922361599464,0.0001889829999722145,-0.0017021703338183317
2022-12-09,0.0010468562918419801,-0.00012704559128432044,-0.0019970956196444316,-0.001991979471888838,0.0004291893515423668,0.0014370861208003896,-0.0005085522611583418,-0.001834665773929408
2022-12-12,0.0013627312734161652,-0.0012604832329374707,-0.0009931989162756203,-0.0013330278207720134,0.0013978795184267545,0.0015082727584292792,-0.00023791926636468073,-0.001282329128600412
2022-12-13,0.0013514230282279768,-0.0014792160610649125,-0.001233239226549253,-0.0015383141669575674,0.0016357740335424665,0.0004535678701890574,-0.0014920983215887759,-0.0014044366352121526
2022-12-14,0.0011875154063060462,-0.0009021522621825181,-0.0012115194572889188,-0.0012234065084568767,0.0015005171104683678,0.0008778407903369456,-0.0006969560048191002,-0.0012761211709483233
2022-12-15,0.001052387852169425,-0.001406693829971564,-0.0007202206846535098,-0.0006865209280510003,0.001726519742920093,0.0017724136673917513,-0.00018389386921689054,-0.0004980961990647496
2022-12-16,0.001041268973654019,-0.0014026367328907087,-0.00036894921668738004,-0.0009668303193788278,0.0017711172613173894,0.0016620046792483838,-0.0007220314066399135,-0.0003133600919834394
2022-12-19,0.0007906000915280441,-0.00211289260578612,0.0004615481770551309,-0.001095068599779016,0.0020796479432884157,0.0018604512561579635,-0.0009065293110783008,-0.0001320564326286186
2022-12-20,0.0005383788953423758,-0.0015707119040166639,9.530662993829117e-05,-0.0012474300081122677,0.0016352376335606418,0.002007985828587046,-0.0011711722767993671,0.0002748440935900877
2022-12-21,0.00029797725373577794,-0.0009990619244328069,-6.950159815089612e-05,0.000428646951608644,0.0016464260924020557,0.0011752510486755323,-0.000660910254858417,0.000255035222402072
2022-12-22,7.795253441384039e-06,-0.0006846519364904559,-0.0004613066802597836,0.0004244878303298725,0.0016847309056752702,0.0010754948636018849,-0.0012116038908440777,-2.325504605072857e-06
2022-12-23,0.00019585946662432777,-0.0013890156828475528,-0.0005375453477291492,0.0013929390636042995,0.0018563069626619606,0.00017849643041199076,-0.0015754618273063486,-0.000888977412782405
2022-12-26,0.0009053381510895685,-0.001863158442476056,-0.0014311317332416358,0.00021689766956402854,0.0015275866970381852,-0.0004069441613122186,-0.0026086240362382033,-0.0016197640581035741
2022-12-27,0.0009387465566856876,-0.0015871807456031028,-0.0007969772137629667,7.933606752173576e-06,0.0014479019502156793,0.002965843195628609,-0.0010883287310773358,-0.0009951971400320898
2022-12-28,0.0010342892572722158,-0.00156419136004236,-0.00021100372885735075,-0.00043128980131680985,0.000764823901576931,0.002512442049503967,-0.000525530407390632,-0.0008139918843089507
2022-12-29,0.00148598943138975,-0.0012860245991136287,-0.0007369391284397023,-0.0004215852308553751,0.00037455383157026676,0.0023457923677631313,-0.0009680921290085476,-0.0012054386312783812
2022-12-30,0.0015218249857497452,-0.0021611826504207487,-0.0003166608529239245,-0.00011258475510157046,0.0005490493134219436,0.0022411089670060906,-0.0010895159008107525,-0.000533444823232798
2023-01-02,0.0013974943535193956,-0.0024017607160775607,-0.0001150230419193995,-0.0007023727390413443,0.00026253613239618284,0.0026348543129131718,-0.0015989351780390099,-0.000502553115488092
2023-01-03,0.0013100291947211176,-0.001862611486310569,-0.00025199838863511565,-0.00031592000056018376,-6.891680510456334e-06,0.0014192534013426322,-0.0019458100913659663,-0.0004585992024466086
2023-01-04,0.0013589726549601742,-0.0012871620975035641,-0.00016844822491783335,0.0003187756410936661,-0.00011664740853921363,0.0011119724555053562,-0.0022602956168444877,-0.0010049865866401844
2023-01-05,0.0009370151404792739,-0.0012112218718566595,0.0006825398644845636,0.0010475648954242174,8.270787947231811e-05,0.0018479007969680354,-0.0016568243322222123,-0.00032957655844809467
2023-01-06,0.0003958523350030183,-0.0015830517521040633,0.0009130084588720865,0.0016819305775550965,0.0005283736018724698,0.0015363896506018313,-0.001126155629392069,0.0002957319707607357
2023-01-09,-0.0001311638664137256,0.0003378348128664615,0.0007082119710994908,0.0010136987986673752,-0.00039813077417891825,0.0018160326854378124,-0.001047878257169587,0.0006546268004479382
2023-01-10,-0.0003566754048587176,0.0006185171182947718,0.0013202403985242649,0.001556937499085584,-0.00014119916869087795,0.0017626056769670365,-0.0011376436457660414,0.0008772139917836634
2023-01-11,-3.507302134223532e-05,0.0005768328060506034,0.0011987663315154633,0.0014269134640778104,-0.0002756276749183372,0.0023529985141625123,-0.0004436299734438098,0.0007567519347582837
2023-01-12,-8.246338477669929e-05,0.00047261074529599575,0.001224886841662355,0.0013015173303540508,-8.550532100876345e-06,0.001936586264478566,-0.0008714134153010636,0.00036651824127119674
2023-01-13,-4.930771632522283e-05,0.0009470089866497719,0.0009023256340088236,0.0006496441460455696,-0.0004908804173801109,0.0023311709179877488,-0.0009986220542393188,6.0064782683914505e-05
2023-01-16,-0.00018744963513841572,0.001909488710010248,0.00088667252705736,0.0010727152976143137,-0.00041567902545311007,0.0018469076998475745,-0.0005551253497010223,0.0004846831371126668
2023-01-17,-0.0003514885375143351,0.0025034544298137024,0.0003793502673231715,0.0009645439210297637,-0.0005621440335243042,0.0013178935530356517,-0.00037646689229573285,0.0005130239407561811
2023-01-18,-0.00042682328938139895,0.002217496952297719,0.00034407585192893305,0.0010090649815212003,-0.00046272066230019376,0.0016576311186411574,-0.00016695746235676455,-5.160806383848113e-05
2023-01-19,-8.420700226357441e-05,0.0016552360312038663,0.0004920609320090402,-0.0005835104387090723,-0.0007795264458996946,0.0021757397180934574,0.00023383000934144475,0.0003080272403451511
2023-01-20,0.0003730902365139699,0.0015137537242760814,0.000779440608177697,-0.0008067343211337426,-0.0010067359749475011,0.002307149922404215,0.0005924028178484258,0.0007310924776112135
2023-01-23,0.0004740745136085488,0.0021937669729010945,0.0013083983951239565,-0.0010729410094924303,-0.0008834556937820152,0.003202325485210369,0.0008739827998061221,0.001521477491222983
2023-01-24,-0.00015752903323301766,0.0028609454372148973,0.0024671817603770267,-0.0005870770793572641,-0.0002631765457451856,0.0033302717454793598,0.0009425875963465567,0.0017543491077732763
2023-01-25,-0.000729841764532915,0.002920492124204227,0.0022592796843442994,-0.0003294930334074237,0.0003403699271120982,0.001134197222049578,-0.0007628868351810556,0.00027865397190337675
2023-01-27,-0.001461443306296276,0.003312490201058905,0.003176412023423196,0.0009413807664377504,0.0012717542847913885,-0.0002775251157214819,-0.0008553989968899331,-0.001588501256649939
2023-01-30,-0.0018223885724050514,0.0037216077998086473,0.0030788156742112428,0.0008706295831199384,0.0011317569728090107,-0.0008605307394282285,-0.0009273813480120631,-0.0032556211465222936
2023-01-31,-0.0014747342333976596,0.0030057311762987276,0.003795965554896496,0.00027429485945337404,0.0014867767891038346,-0.0006611616435108711,-0.001107199892884685,-0.002964422587377436
2023-02-01,-0.0015158381215021634,0.0036222071247948703,0.0035301423037010357,0.0007976240797686293,0.002363292452348901,-0.003632723038566526,-0.0016611034185566563,-0.003522753398337493
2023-02-02,-0.001468985695582341,0.004220792758222929,0.003860580574883153,0.0003726344894548581,0.003736157655474909,-0.005390277674694018,-0.001432708873883964,-0.00445622175264607
2023-02-03,-0.0011443232907062668,0.003586878872746508,0.003687630758191761,-0.0011811117982277746,0.002956544685643384,-0.005579661428261599,-0.0019900318335596945,-0.005363666295169134
2023-02-06,-0.0007934390682751558,0.0036503926221248453,0.0031819765497303892,-0.0015325794076816975,0.0025932564772110684,-0.006923076856875011,-0.0017505878737872427,-0.0058056235038010965
2023-02-07,-0.0004250164144771838,0.004219380471565684,0.0025734181941742293,-0.0014077855614138385,0.0017901965078921905,-0.006832046196586173,-0.0012514772705301909,-0.006257174864194157
2023-02-08,-0.0005756788390634781,0.003850389316808251,0.002342652465861297,-0.0009589942331430166,0.0016328714022211294,-0.005500427147999963,-0.0012971826604668791,-0.006450147829669909
2023-02-09,-0.0004696894217728384,0.004040449501543884,0.0014055214538564972,-0.001708267451750464,0.001157497860786345,-0.006451431772561968,-0.0017599796425640162,-0.007000134232033529
2023-02-10,-0.000660869673939585,0.0037478594092251348,0.0018709992703923198,-0.001248503343959616,0.0015553537362244607,-0.007632327153942395,-0.001046774641607254,-0.006923859933687943
2023-02-13,-0.0006806765931206727,0.002766776124482634,0.0016476757628410507,-0.0013070784940940657,0.0018748913595329044,-0.008015033186349338,-0.0017448631447604134,-0.006610992372798065
2023-02-14,-0.0007484506198850846,0.002719732103722227,0.0010776024234167476,-0.0015344519883803965,0.002211948169833295,-0.008295809078740949,-0.0029308507180912428,-0.0070424697992056235
2023-02-15,-0.0008164036116833557,0.0023213297052997782,0.0014620887322550184,-0.0019365108705580824,0.0015802195825609711,-0.007834934128938861,-0.002641168931335418,-0.007575299583703478
2023-02-16,-0.000639515338904222,0.0030743708509658276,0.0014519734003319647,-0.0012879324878662982,0.0013351417564126532,-0.006986741727289041,-0.002200248570756987,-0.007594715738824063
2023-02-17,-0.000927905250126386,0.0028394493982213196,0.0017662299740433362,-0.001638257232167456,0.0015384026949506477,-0.007663235267353117,-0.002533092347503468,-0.006863344640665114
2023-02-20,-0.001169260827742491,0.0031862914293158376,0.0022189293069595248,-0.0017795163153170868,0.001943368041672876,-0.007651278685440648,-0.0027062628712873843,-0.0070191546642869775
2023-02-21,-0.0015654946329876867,0.0027666051476403232,0.0022184698878042544,-0.0017366118982513295,0.002293218770918143,-0.007538239144996409,-0.0030994044512010327,-0.006939709659566337
2023-02-22,-0.0017438202429435987,0.0023259673296282335,0.0022189845738507115,-0.0012947214706043309,0.002728964395582756,-0.007649142880199296,-0.0026251381921777632,-0.006880681968280385
2023-02-23,-0.0015230836156251897,0.0020629236146810946,0.0017013706488137532,-0.000803639575382044,0.002900878387754712,-0.006941927843897682,-0.0028818072964456806,-0.006693904763557455
2023-02-24,-0.0008822353069190421,0.0018886458507703222,0.0008232089894009544,-0.0005823345567221604,0.0023040725824661178,-0.008767988404843014,-0.0027324365986997456,-0.005905091230555224
2023-02-27,0.0005308676058941867,0.0008197128537545358,-0.0009559523108731633,-0.0017870706648258376,0.001165428661139349,-0.008201124502459096,-0.0016729359870654003,-0.004119076308204497
2023-02-28,0.0008002677471593805,0.00025332966551021145,-0.00033329441407239696,-0.00195714108467211,0.0017092681065281003,-0.008107493601102873,-0.0007025368027726047,-0.0027610642785555434
2023-03-01,0.0006234394306445134,0.0011418299972792935,-0.0011541626721729465,-0.0017789514672260985,0.001217338328166863,-0.0073433675636695945,-0.0010511482970037658,-0.00327074616261497
2023-03-02,0.0006574962686808842,0.00032294732163731994,-0.0009157205349983277,-0.0015464331254081906,0.0006681384108397806,-0.004956993648907323,0.0005976868728964199,-0.0023576926909177317
2023-03-03,0.000720104920988958,-0.0011390742809518515,-0.0015178731439179824,-0.0020306431404178856,-0.0005521927492444823,-0.001933844514276283,0.0003623326819278117,-0.0012335567030863778
2023-03-06,0.00021023884327251656,-0.0002729958901422624,-0.0013154872068784648,-0.001113564625727378,-0.00012256429532848527,-0.0014472252379141163,0.0008430277717410917,0.0005081135389359839
2023-03-08,0.00025978725454251346,-0.0005165101834334107,-0.001202566415433978,-0.00173475474788243,-0.0005642798727202147,-0.0007473544467494504,-8.36609454348827e-05,0.0008874674860009624
2023-03-09,8.620090656107977e-05,-0.0005456200554885544,-0.0012734382265254924,-0.0016017599485479608,-0.00016497611006079208,-0.0002652976307714432,-0.0007325321218436792,0.0009805231322793687
2023-03-10,1.6642995916137408e-05,-0.000701585743686093,-0.0006510860329740078,-0.0014297030820678072,0.0007817657215287246,-0.0015467004079180817,-0.0003494083992460449,0.0015266297913409704
2023-03-13,-0.00032752256428322454,-0.0007164581785734248,-0.0007098915797546157,-0.0008019114219161368,0.0012546499148122074,-0.0004457560732314754,-0.00025489966732648384,0.0021396735891066276
2023-03-14,-0.0003075352155123231,-0.001111283142529563,-0.0010934553907104242,-0.0006834869635895329,0.0014032128396084358,5.772608095749605e-05,-0.0011700872246376394,0.0023844523332579915
2023-03-15,-0.0004553136162823812,-0.00034979480101009165,-0.0010775797703809534,-0.00033744188219400357,0.0010847338713678898,0.0014475264083566408,-0.0008036173290782329,0.0024773341052783102
2023-03-16,-0.0003907082724761441,-0.0007629585864695333,-0.00042921451994471296,0.0005689240895149438,0.0015230046288856286,0.00010796799243187154,0.0009920141039598367,0.003313419185009758
2023-03-17,-1.399175485212404e-05,-0.0008301206243559096,-0.001214962123727435,0.0002498340658664269,0.0014958340282796231,0.000920449544676357,0.0017089403625391473,0.0031399661259304446
2023-03-20,0.00017984323847809042,-0.0019136284498302873,-0.0011915487875912992,0.0003234467127574475,0.0022783536508092393,-0.000429186929353531,0.0009640392175388288,0.0031834751886119926
2023-03-21,0.0008196699816479863,-0.0023776340483911986,-0.0014878410784882144,0.00019037431291791867,0.001533287824380602,-0.00036605378383487404,0.0012060856398275466,0.0029549328041219005
2023-03-22,0.0010560868607774026,-0.0029331593795456487,-0.0017792742472771443,0.0006824949821740184,0.0014736251148858644,-0.0004048264485234292,0.0011007925878878826,0.0031247564936363508
2023-03-23,0.0007927179699868403,-0.0027207535441886857,-0.0014977634124563825,0.001091217210459265,0.0017478758016542468,-4.0676688605122916e-05,0.0013192887292393712,0.003064313923453184
2023-03-24,0.0009616236033588676,-0.002668622842801771,-0.001644786177073763,0.0007335418972544903,0.0013106177485186072,-0.0002237932403080622,0.0006312296676430009,0.0031727802001866355
2023-03-27,0.0007673084766587196,-0.002862071093777288,-0.002156377528229019,0.0011098278052921403,0.0010918880368085077,-0.0006210101328420175,0.000704472323203083,0.0029829044987929538
2023-03-28,0.0010134737220710865,-0.003181187250246089,-0.002233653582287395,0.0009319274677491479,0.001076942640074275,0.00042111955372723287,0.00035312903365159994,0.0023726273184928605
2023-03-29,0.000390684531048442,-0.0022757596635884425,-0.0012661702510931314,0.0010217338975108455,0.0012629810152928276,0.0021566219930576795,-7.81939723951459e-05,0.0018783112488305778
2023-03-31,0.0002465858184428172,-0.00172874782086374,-0.0020144128215440916,0.0009285969457691389,0.0008578102026326883,0.0018669162457913297,-0.0008671086046465573,0.0022705031052123793
2023-04-03,0.0002786844584995638,-0.0022313071221334987,-0.0014513000726301506,0.0013567273709912191,0.0008533719787740019,0.0001457350146311598,-0.0006888917705176778,0.002129820609177386
2023-04-05,7.095217982774698e-05,-0.0018432907559702144,-0.0020886241166731276,0.0010316981435917758,0.0009555568822873892,-0.0004428466153725655,-0.0022041027585936093,0.0010828542599148239
2023-04-06,-0.0002564348762258325,-0.0017242605929149342,-0.0012110545192774316,0.0019372816153924812,0.0007145814680965603,-0.00120225189933419,-0.0009467282586224082,0.0011431951190774966
2023-04-10,-0.00036211055279893327,-0.0015950052453071165,-0.0008567328625193381,0.0021750279639982033,0.0006078727892299691,-0.0006897735953804576,0.0015533043251536598,0.000988079146700385
2023-04-11,-0.00015564672056302747,-0.0021678674008894934,-0.0009395754449898202,0.002263944739014022,0.0006532065085708208,-6.149370727083931e-06,0.0015945426032180912,0.0009305205742858849
2023-04-12,-0.0002529993159671164,-0.0018352862912725998,-0.0002985539950615131,0.00283033232130563,0.00028883953082369396,-0.0004922479251362908,0.0015019274705447632,0.0005434576480259797
2023-04-13,0.0007770984204257688,-0.0031008244080616104,-0.0004647184826656292,0.0020125812214897352,-0.00020925536388674277,-0.0004977416118919673,0.0020081880950789757,-4.542986633690525e-05
2023-04-17,0.0016314976696471348,-0.005334416117523413,0.0005118154079621531,0.0016908333236265907,0.00029364494402153414,-0.00025386967454931906,0.003042794291611188,0.000153879267622643
2023-04-18,0.0016359742122072027,-0.004447444628122762,0.0007853523420225273,0.00228086049852798,0.00020820859592357425,0.0002654636104682843,0.003834815603213487,-4.709408323057317e-06
2023-04-19,0.0018599239903620264,-0.005269922369480344,0.000934324460303979,0.0021135842756451724,0.0002706644257786711,-0.0004169272026566563,0.004232671815917366,-0.00017946473299280193
2023-04-20,0.0019137462728941819,-0.005005880458788456,0.0009769482963576006,0.0011596374445437916,-0.00041672282564516336,0.0006613413061632657,0.00352633339111162,-0.0005856679833108652
2023-04-21,0.0015005222995302986,-0.004915290370498719,0.0010358125580941264,0.001983360565685573,0.0004477812989134922,-0.0008015439035511083,0.0014004304526260235,-0.0003435851731638034
2023-04-24,0.0017338406106572153,-0.004525754646088216,0.0008289004783266643,0.00105428230975325,-0.0002825454450072406,-8.914054435361571e-05,0.0017502178131507265,-0.0007775511666736604
2023-04-25,0.0014047307463213347,-0.0038436368328242767,0.001093383852764779,0.0014470354088343556,0.0004076947837298166,0.0002597248774692648,0.0022828223294384907,-0.0005845100026309205
2023-04-26,0.0014536898004613031,-0.003788462562231202,0.0011167249101049746,0.0009640250744253934,0.0005434477306068724,7.475606280285085e-05,0.0029791602282043667,-0.000709859682124628
2023-04-27,0.0016214130682400416,-0.003389702234145207,0.000982841049994296,0.0006136013401917863,-0.00012959897550842868,-0.00011522846294815094,0.0037370022515654574,-0.0010013729535277142
2023-04-28,0.0013798324849828023,-0.003436945598634663,0.0010042490965468378,0.0003092559174957929,-0.0002226138077822369,0.0005898144070407667,0.004363345812129073,-0.0007434002627904179
2023-05-02,0.0013631387789393708,-0.003021182694709345,0.0015476031722269066,-0.0003966875047059673,-0.0005246502614986107,0.0011604284903951518,0.004797228854427104,-1.5380683289400055e-05
2023-05-03,0.0012116583002409632,-0.0030240875203681695,0.0020535759908463826,-0.00031514542320748313,5.157706114201433e-05,0.0011257067836946957,0.005566216517783855,1.8125401878757615e-05
2023-05-04,0.0011357468242343513,-0.0033865454447250735,0.001224082788093089,-0.00041011685787378186,-0.0004822601189503721,0.00048065583474412015,0.004356602848092658,0.0002584788063851075
2023-05-05,0.00044120521819180475,-0.003559020934043643,0.0021970756657809405,0.0003804451875432512,0.0004026817749589464,0.0007021345049608677,0.0047054505056490165,0.00039976608830653956
2023-05-08,0.0004850235168986062,-0.003513251390068161,0.001930306153910899,-2.1744198787874373e-05,0.0005153005719975667,0.0007804484121003647,0.004644604960913672,0.0003726878051703484
2023-05-09,0.00060301582837996,-0.0033055073229984033,0.0028462516356651917,0.00016123779073314872,0.00013401077919390574,0.0009777703057604022,0.00442370482474059,0.0009465988287759286
2023-05-10,0.0006867958004555209,-0.00302585817567433,0.002759609656939881,-0.0002121450636502029,0.0006489788336264597,0.0005686493909927925,0.0034841021299607277,0.0010408688635055413
2023-05-11,0.0011994957217126288,-0.0033505306828703367,0.002497256049927183,-0.0007946670013112664,0.001186355813666614,0.0001180809943424285,0.001821973133150935,0.0007419425798093715
2023-05-12,0.0011490213541976875,-0.002653298248338973,0.0026119370058511043,-0.000848614762792487,0.0011162689116785338,-0.001376084693461912,0.002008277147527749,-7.102346098069603e-05
2023-05-15,0.0012545175796429679,-0.0029008089533125257,0.0025205614710705924,-0.0018723914052999036,0.0018393075665083507,-0.0014907268641128732,0.00401014648720855,8.36262803073412e-05
2023-05-16,0.0007516730450412646,-0.001422699614372703,0.0022008756092717226,-0.0013023844548874747,0.0019734617441169214,-0.0014315284058922643,0.0037732541760526783,0.0004281933901928764
2023-05-17,0.00033096049786446443,0.00035988636073049844,0.001906761913710284,-0.0012797144032243204,0.0014605521013394442,-0.00211199096015615,0.002614317360564085,-0.00017742286006609126
2023-05-18,0.0003964597139125951,4.952909202029111e-06,0.001463295820692818,-0.002653091705043013,0.001098585743580147,-0.0024866314122123792,0.0009902113480514173,-0.0002749349501041357
2023-05-19,0.00045331368478153237,0.00124536484863526,0.0014987079610273978,-0.0034828513307560618,0.0008973484501698231,-0.002904916756197789,0.0010209860963010149,-0.0004088437705163969
2023-05-22,-4.245020190767751e-05,0.002230481807999048,0.001208090310729764,-0.0027569588051383144,0.000966343554038002,-0.0014943630064741412,0.0012862596342579343,-0.0003863690379171192
2023-05-23,0.00011536019172045929,0.0015928034883359846,0.0019251037252737207,-0.002804045942000838,0.0005186032628417714,0.0002936718243553365,0.0021851965930677437,-0.0002163079276411501
2023-05-24,-0.00028291760039395,0.001766267301621328,0.00245301016394022,-0.0014859982331526798,0.000953316709752669,-0.00018155390671758154,0.0021608503634115944,0.00033519519025091934
2023-05-25,-0.00035045953933276054,0.0018542077818393214,0.0025235996250785545,-0.001460714064416181,0.001109639662431978,-0.00035486111867887786,0.0024324861390175615,-7.984450159664739e-05
2023-05-26,-0.0004957697997688255,0.0020704187923479946,0.0022717936618350783,-0.0012525949913769472,0.001124818286236163,1.817610985100455e-05,0.0020401220522550047,-5.1811339816094665e-05
2023-05-29,-0.0003530725551708076,0.001389911828103451,0.0022245814670482037,-0.0013860774773872431,0.0013925805033107872,0.00014248139427371705,0.0017011278645748897,-0.0001507142221034072
2023-05-30,-0.00017002113724357741,0.001179786555192428,0.0019654915508558884,-0.0015112865584202054,0.0015272907254909578,-0.00036332176469277373,0.001639684303359124,-0.0005158519450446192
2023-05-31,-0.00015927163326742266,0.0011465234630928102,0.0021708479415455655,-0.000672107642776367,0.0021710899600505553,-0.000939036923602546,0.002487315035969338,-0.0013447890532235546
2023-06-01,-0.0005139624277325956,0.0017999339635145044,0.0023493791473575727,-0.00018863518722520738,0.001730299896465632,-0.0005484178405259645,0.0028362015557036623,-0.0011874229476963613
2023-06-02,-0.00044610870867232413,0.0016854339548931386,0.0030525290003155245,0.000196173675847152,0.002378330988861763,-0.0002306307035968738,0.003799705722258424,-0.0012316097444880214
2023-06-05,0.0002178209721299222,0.0011766402276412388,0.0028165222613951327,-0.00014734280797206682,0.0013935878548263364,1.3779802840619294e-06,0.003465535637959306,-0.0014531504281396765
2023-06-06,9.454345766356958e-05,0.00042782307241770576,0.0029898698910538614,0.0004330950998602394,0.0015270487738904001,0.00011752240772836757,0.003752035276749051,-0.0013850486387045006
2023-06-07,-1.2682981848815113e-05,0.0001306276389046806,0.00273405758146684,3.0618262206178045e-05,0.001902233243716678,0.0005834035173389845,0.004586904176776851,-0.0011340611348740013
2023-06-08,-9.901924470258209e-05,1.561602065225029e-05,0.002329091638964808,-0.00010079526475466154,0.0015632702272837962,0.0011441439537736684,0.0037787684554993596,-0.0009293828109927201
2023-06-09,-0.0001289612065414526,-0.0002609450649877299,0.0020669363415801913,0.00045077591564528674,0.0010435028590894987,0.0012594923286355772,0.0037071707164184993,-0.0009770682792560276
2023-06-12,-0.000576125638904069,0.0005270798862056021,0.0018043008092017137,0.000648462150386436,0.0009910237596875125,0.0023807062593240525,0.004492571312527117,-0.0002884853440651608
2023-06-13,-0.000805849247545484,0.0004106878724570222,0.0013471518471824036,0.0010785542125217457,0.0010311234025574883,0.002616166084688709,0.0038163556952809687,-0.00010836908049938708
2023-06-14,-0.0011155723556142345,-0.00014045012461519324,0.0014781612471924809,0.0007493248377757884,0.00101671419885104,0.003048653052168703,0.0035913714990550593,-1.1549073889269073e-05
2023-06-15,-0.0015868260678505658,-3.672465478457543e-05,0.0014167028496903235,0.0015323514443294677,0.0011442635475526742,0.003283663522549386,0.003768398448906751,0.0001288578917273593
2023-06-16,-0.0015921401132860803,-0.0006199173971594811,0.0015473432998053596,0.0019474587074827237,0.0015448197117887863,0.00328010596212174,0.004324511689374482,0.0002536671154999453
2023-06-19,-0.0017875663015109904,-0.0007466858350268533,0.0012915339065705158,0.0028580537292143683,0.0016426690795619705,0.0032977681498580374,0.003937403526628384,0.0001872402496592724
2023-06-20,-0.0014172990792588182,-0.0014141821767062858,0.0016854720999619503,0.002430772042672825,0.0016410892633062083,0.0022648304462887575,0.0039667722276583795,0.00020389337688731554
2023-06-21,-0.0014059530073421771,-0.0010526260602582,0.001330951605945676,0.0021769160786120284,0.0013514752529327234,0.0005814886866311333,0.003831463099327873,0.00032786191451694485
2023-06-22,-0.0011975244627615653,-0.0013802023456409704,0.001116792867963578,0.0014535955286785719,0.0008302802354791387,0.0014068326289517683,0.0035092798463895267,-0.00022645570933689215
2023-06-23,-0.0009505185245784836,-0.0015070997058129936,0.0008486546904304046,0.001828350285887865,0.0006482772290837956,0.0004300330259943805,0.003047919320684522,-0.00037414518231155007
2023-06-26,-0.0009008385690572145,-0.0017500132849087053,0.0014481786340210464,0.0023936454669965567,0.0006728322754041296,0.0006791826918205093,0.0030048938861603766,-0.0005153676934616372
2023-06-27,-0.0007618577511353929,-0.0012788959564914927,0.0011221535697568982,0.002378647055285406,0.0003489736233417914,0.0005155507337424306,0.003159267284276594,-0.0005106101626989402
2023-06-28,-0.000973118385511279,-0.001601412012829824,0.001318703129826588,0.0028419882580478493,3.832274354457609e-05,0.0012958165984039423,0.0031809934658403724,-0.00019995045535637528
2023-06-30,-0.000989379237279088,-0.0012594823591900082,0.0014267872388345443,0.0022714092699966807,-0.0005901409699867492,0.0008590553147495065,0.002277833561640628,-4.308480362187747e-05
2023-07-03,-0.0006383251112882539,-0.0021377705847907573,0.0006540831344077885,0.0007852153105774814,-0.0005031859292993423,0.0009623763519923958,0.001669117562363473,0.00022851998434195164
2023-07-04,-0.000691942132655416,-0.0014995179955138603,-5.455750480674133e-05,0.0006302304663288578,-0.0007510294189542173,0.00033869694938394243,0.000869221361153701,0.00010965542078044104
2023-07-05,-0.0008967562584085457,-0.0010451433468909393,0.00025345166173040574,0.0009702143704760306,0.0004521927106986177,0.00043938339271056915,0.0011023947563051193,0.00018821195685477876
2023-07-06,-0.0009953934473889057,-0.0004286149549572423,3.9426917301895424e-05,0.0007968635503536902,0.000232775224176134,0.0005274967905384018,0.0013725044875999523,0.0010451197279731585
2023-07-07,-0.0008214133062976262,-0.00046168316112497735,0.0006194355759579107,0.0010546561273357014,-0.00030073673160385737,0.00019499845763827563,0.0007889804488210204,0.0008082253497826042
2023-07-10,-0.0008807637262505802,-0.0008136402200147827,0.000442489927522738,0.0011944330909050783,-0.0005292290027031346,0.0006194113003722016,0.0008537613414980555,0.0006478447298095592
2023-07-11,-0.0013842282999849214,-0.0005948639643679275,0.0009275281584218511,0.0014878331542264992,0.00010596640869278522,0.0003357975259492903,0.00044297574157176186,0.000765390747785707
2023-07-12,-0.0012154251210564034,-0.001413460539422565,0.0009970172582839257,0.0018804705839707107,0.0003414986034160567,0.0002343833053110706,0.00012884317916345448,0.0007663386985584477
2023-07-13,-0.0011145825151930885,-0.0005564564666861885,0.00097660538670092,0.0013874813752158654,-0.00031405686690200683,0.00017690644801714476,-0.0005772573471728717,4.848043002965538e-05
2023-07-14,-0.0011183957560974495,0.001320677887522164,0.0008028290827764659,0.0014188675193323383,-0.00048393813930803164,-9.727050544418997e-05,-0.0004268847998122496,-0.0006873550361133067
2023-07-17,-0.00038899856253344885,0.0011977733360080747,4.15954031810317e-05,0.0005878820731874232,-0.001252313419225359,-0.00030795358152646427,-0.000607293997997999,-0.0008522179805543759
2023-07-18,-0.0007099263224756946,0.002142714777652353,6.476919934159282e-05,0.0004292928373675151,-0.001469114539372479,-0.0006627413929172639,-0.0006548893975232895,-0.0006157530149322062
2023-07-19,-0.0004892895849681611,0.0015367024668555863,-2.1123985892474925e-05,0.00022270062340108698,-0.0014041967348965409,-0.000624049362459769,-0.0005911558395379694,-0.0002362736647468838
2023-07-20,-0.0002912870348687072,0.0006587085543914221,-0.0003717234441728691,0.000813948150984913,-0.0009970202449013116,-0.0010694978251142022,-0.001003181544265484,-0.0003273593748245392
2023-07-21,0.00015553665886534679,-0.0008245657034845863,0.00035755879875260356,0.001361507666681785,-0.0006017651423304261,-0.00027190545569440606,-0.00020088124821999835,-0.0003552240483024648
2023-07-24,0.00010299656688188318,-0.000556416768062299,0.0006436820278161817,0.0018051602051535683,-0.001124576613424662,-0.000684466999993912,0.00023243150934024051,-7.259139832390066e-05
2023-07-25,-0.00015583445286194118,-0.0005504837745875552,0.0012985292778169041,0.0016156894798131532,-0.0015728150430196583,0.0016044032522879244,4.74549741137204e-05,0.0007792287387749686
2023-07-26,-0.00012071072320919392,-0.0007176806942586433,0.0005756015046866707,0.001034200011922472,-0.001570723184792522,0.0012272530211216203,0.0002842774311673183,0.0012069215135502333
2023-07-27,-0.0004333803471496826,-0.0005485053343514505,0.0005617099051192223,0.0029352388829748176,-0.0012610661515576897,0.0013171379336707006,0.0013053366908930305,0.0013426391060543498
2023-07-28,-0.00045275731180741477,-0.0006054528896403488,0.0005243837238634939,0.0028048727852028167,-0.000689765228850689,0.0015235997471421418,0.0023694113134315508,0.0018495110116173643
2023-07-31,-0.000429075978126516,-0.0007961974003877282,0.00034865734633031083,0.0026766638946536794,-0.000979595882271173,0.002654026894263339,0.0027182573769951226,0.002606388599430778
2023-08-01,-0.0005463759740158772,0.00037560764993000697,0.0007973827885683852,0.0036186072176802417,-0.0012197619985642775,0.0026109798911079685,0.0018894390335890653,0.0022392959359984715
2023-08-02,-0.0006591111578031774,0.00016327835420711637,0.0008947165428123238,0.0038856316702888874,-0.0007405534573015677,0.002307164243217521,0.0019261851726178965,0.002286061384204437
2023-08-03,-0.0006366575788210674,0.00024726137468611306,0.00034546578352221135,0.004422533853550001,-0.0015009488388615974,0.002330728808259171,0.0011820908965074258,0.0022473862293413594
2023-08-04,-0.0005341014694984082,0.0009493664857904844,-0.0004357606305419354,0.00443503630332843,-0.0015917786445658313,0.0021408616724342576,7.572649180412794e-05,0.0011956751376283586
2023-08-07,-0.000742380120037852,0.0012744321963156727,-0.0009823687655751705,0.004925730295411893,-0.0014385178178048484,0.0018823398372518991,0.00031732663614672605,0.0010762684478169333
2023-08-08,-0.00041605918997377703,0.002061505307873292,-0.0007103548186424362,0.005413245547897012,-0.0010836467353560386,0.0006504644486325335,0.0007624409294098886,0.0007233627140770114
2023-08-09,-0.0003266661478919067,0.002082423665960754,-0.0008726934460683987,0.005334055417548353,-0.0013548015461556247,0.0017833770488437828,0.00022902632184478152,0.0006417613732887076
2023-08-10,-0.0004927928872514373,0.0023890764686497227,-0.0009100957026119392,0.004921359823443174,-0.001795173712666647,0.0022324314602949406,6.459865660311673e-05,0.0009241173769194853
2023-08-11,-0.0005350523884396496,0.0018409738217478539,-0.0004721443608226261,0.0047868636529091865,-0.001567049291018121,0.0022176972562377457,-0.00025481733153119075,0.0018680606082985408
2023-08-14,-0.00046286143023816114,0.00044550940289126545,-0.00044895535515725236,0.004747729642853675,-0.0013592707036707927,0.0008771280779875526,-0.0007667236770862615,0.0022388294555619145
2023-08-16,-0.0010026181723864738,0.0008599649673880458,0.0002858897010536471,0.004951691233216138,-0.0008991268739353997,0.0004784736767826139,4.8866975625377744e-05,0.002465871343059918
2023-08-17,-0.0006856431892959279,0.00046065865030010556,0.0005821029662342249,0.005286643298752494,-0.0008726390594106782,0.0011836587238538566,0.0008503884355702634,0.0021360230471767425
2023-08-18,-0.0006620819056460572,0.00012041764990504281,0.0008984519174342108,0.005098212011140177,-0.0005897122959433905,0.0014132068795542157,0.0007411530419076605,0.0021523812292911777
2023-08-21,-0.000891187243013961,0.0010968675765389067,0.0009575607234154086,0.004742058866680233,-0.0007760047355984355,0.0020955870016872765,0.0013409528166506298,0.0022503424779290143
2023-08-22,-0.0013537304236950994,0.0024644918439399614,0.0005956078106592426,0.0041615856147034,-0.0005519619435322891,0.002247281234380934,0.0008925001230077908,0.0020830944149402286
2023-08-23,-0.0009653971339156737,0.002249808617168469,0.00019036565007696655,0.0036136021864910132,-0.0002479125513702356,0.0022384042777058013,0.0007108655800210672,0.001689492086213915
2023-08-24,-0.0007055348251512042,0.002830509587385728,-0.00021778284096646,0.0033250711644444214,0.00046166924929987214,0.0008551541098341975,0.0011594537202917214,0.0008851785410553114
2023-08-25,-0.0006812389433474828,0.0029980483589701163,2.731624477319834e-05,0.0030156320963130928,1.0501996615552454e-05,0.0006290079978379653,0.0005055015301305982,0.00068148497816122
2023-08-28,-0.00038637366115301436,0.0024837431228165014,0.0005680968156160335,0.0016305869755324305,-0.0001518839242231118,0.0005144945112229325,-0.000436121035677843,0.0007152098681551343
2023-08-29,-0.00028879791052694977,0.002912429379301058,0.0008666214945882405,0.0012430719807140587,-0.0008504732118983513,0.0005680092628114446,-0.0006231826100866493,5.700784479240387e-05
2023-08-30,-0.0005133475366018527,0.0028242404229469175,0.0008988967530293727,0.001411458779553574,-3.744045114175429e-05,0.00041987054361442965,-2.501395062706052e-05,-0.0006236242945225124
2023-08-31,-0.0005327840082558655,0.0025300568732910395,0.0011159560908726763,0.0014713403195401793,-0.00012298264938898312,0.00038621219447285355,0.0013171841003638408,-0.000751846812856005
2023-09-01,-0.00037288559250085095,0.0024989245651268126,0.001739955579006491,0.0004405174336564397,-0.0008140360559050711,0.0017596973460091729,0.0015291723873461433,0.00018789333759620304
2023-09-04,-0.0002908447068017342,0.0030022568461691526,0.001354235530182976,-0.0005073640087370333,-0.0011818106469352852,0.0024738201925475606,0.002346185499873455,0.00038077907358799543
2023-09-05,-0.0005110489432209658,0.002785486747361184,0.0017302174009871652,-0.00021219390396802154,-0.0006027332671321274,0.002761514857696928,0.003023747648186997,0.0007412558692807737
2023-09-06,-0.0004905612139584067,0.0022812306675544457,0.0015798506027044274,-0.00041624380927955847,-4.039393099290147e-05,0.002497973007381718,0.0023931139158829234,0.0009598097232379109
2023-09-07,-0.0004698221503910198,0.002065502147178664,0.0016037104966321607,-0.0012184123912582466,-0.0004439842491025026,0.0026949142219364806,0.0028314057994501605,0.001210518504332823
2023-09-08,-0.00016075618176989483,0.0017661825035181894,0.0014071458545384095,-0.0018259285308625567,-0.0008442910988406117,0.001640565710120555,0.004351440567218122,0.0015139055678798855
2023-09-11,-4.315098205339221e-06,0.0015718670574522927,0.0016929952927283928,-0.001926547579939689,-0.0006242341125122971,0.0015337021853496428,0.004253761876752531,0.0011915474797023068
2023-09-12,2.8378430276909065e-05,0.0018590456961234513,0.0007310245017403039,-0.0014481635541440732,-0.0007071049189688099,0.00021545298878267193,0.002598550694562926,-0.00019223779091573465
2023-09-13,0.0003925104895328537,0.0012369306395512505,0.0005007863547803195,-0.001087542523459126,-0.0009640569079888046,0.0012765370707967674,0.003066761763647242,6.525292191276013e-05
2023-09-14,0.000639676335809737,0.0011819270050514496,0.0007090691030653894,-0.0012569596573553973,-0.0012356970901655148,0.0024275579533938113,0.0032013877028757532,1.5131633526621396e-05
2023-09-15,0.00048192898606037827,0.0014027809153652157,0.0010814729697143084,-0.0012987401616532013,-0.0014922015656211383,0.0019233394238142702,0.002501573276113125,-8.818409586751536e-05
2023-09-18,0.0002695378379840782,0.0017879728883870875,0.001507127888586121,-0.0012700032687222851,-0.0013136055984791636,0.0012993563495743415,0.002196721979469931,0.00019545730031887048
2023-09-20,0.00024241816199414043,0.0017689376981369605,0.0019106751986183203,-0.0008384849063085148,-0.0011158990637230011,0.0006543374883239569,0.0019260330352066884,0.0004972764227710313
2023-09-21,-0.0001639878086268651,0.0021699492578374524,0.0012385869197603459,-0.000828957365264393,-0.001271974345012807,0.0003784994865021188,0.0016351992032158551,0.00040666923270696255
2023-09-22,-0.00041840118568452043,0.002397915001646379,0.0016495142009518562,-0.0012302025829216254,-0.0008180520779821627,0.0004087431022359552,0.0013956937610837073,0.0007436004392265804
2023-09-25,-0.00041387246128229776,0.0015935616522301701,0.0015900525390550324,-0.001255898937693752,-0.0010640449809971042,0.0003777051975766409,0.0018769608035061694,0.0009683095490042768
2023-09-26,-0.0005549203931479543,0.001363183071747651,0.0017778687832521358,-0.0011141060084974832,-0.0006019542127366726,0.0008578741926773337,0.0023746694210430635,0.0010914363427686634
2023-09-27,-0.0009015298151257326,0.0017360140612148953,0.001422358101699923,-0.0010079349268752099,-0.00013969676327985308,0.0007443763718267635,0.002252728793412617,0.001173035075196931
2023-09-28,-0.0006516802233219655,0.0010952594369417084,0.0011003946822686827,-0.0007527461686620454,-0.0003447959389705038,0.0002376779400845627,0.0015470848392374257,0.0013607746667790759
2023-09-29,-0.0003331380276768407,0.00032005697186473353,0.0008029446103780049,0.00021621130381023457,-0.0006282424284702407,0.0004274096413903768,0.0010462390305564983,0.0017257889683921467
2023-10-03,-0.00023353052329713292,0.0001613794541793428,0.0002884647883295747,-9.39341949821262e-05,-0.00046298772306340667,0.00030606190952113565,0.0009922806937320357,0.0015845445174465476
2023-10-04,-0.0005105269576017272,0.00044494158577697323,-0.00043954512050290074,0.00017329793601456278,0.0001791485682011923,-0.0008791676001485463,0.0003892757593231807,0.0007258262527073067
2023-10-05,-0.0004327584983520142,-9.841722017230427e-05,-0.0001235167486119483,-0.00014011253179363494,0.00015630497351981913,-0.0021104505359448807,-5.8019059235748984e-05,5.728124448899437e-05
2023-10-06,-0.00037461562219764434,-0.00022556078634496202,-4.796503928471699e-05,-0.000472645799233387,-0.00016362653927267195,-0.0022277228651894345,0.0007340055210575544,-0.000211036754329769
2023-10-09,-0.00032343040779717633,0.00023474203335425086,-2.486569968678323e-05,-0.0005459705683652486,-0.00027653649439683084,-0.002111669964805893,0.0012475886193048912,-0.0003797662905735326
2023-10-10,-0.00046316412928946446,0.0002672714927308903,0.00018757922174623,-0.0005347043682644823,4.472430896875852e-05,-0.0012802137606968004,0.002267734663973402,-0.00046042074075296685
2023-10-11,-0.0006585308083612604,0.00021476765776168904,0.00023575536118977927,-0.0002108015353511074,0.0004565648939588425,-0.001124107096213419,0.0015966261462327645,-0.0007413014119020665
2023-10-12,-0.0005418175704483974,-0.0004573089415910432,0.0002708354625968473,9.785966180397691e-05,0.0005980439987304576,-0.001161499994787723,0.001557658905638555,-0.0004535486776285707
2023-10-13,-0.00071731827291244,-0.001139803627151461,0.0016784093015467922,0.0002885958229197438,0.0009944119732767003,-6.979227701821614e-05,0.003426125375762842,0.000889810635251918
2023-10-16,-0.0009696789014324074,-0.0008650386516013709,0.002342569967090563,-7.477369252774054e-05,0.0009716910122841585,0.00039024323876774773,0.003171146114764185,0.00077917708102508
2023-10-17,-0.0009807172671824926,-0.0011411894761798043,0.0017244572409123747,-0.0001646047100666275,0.0011702133354348301,-0.0002935776121258258,0.002414010153505976,0.0008513017687514012
2023-10-18,-0.0012310119630137032,-0.0013184946667678284,0.001562071935400213,0.00046828029375749214,0.0017446059678548024,6.403927787897602e-05,0.0029271763802725,0.0010853098338647021
2023-10-19,-0.0011439316208986168,-0.001122841438855702,0.0013736693100946037,0.0005064975598348099,0.0015073874869829338,0.0001490818023108522,0.0033891173959424608,0.00043878114615621675
2023-10-20,-0.0009098385726037555,-0.00132200428004982,0.0009186474607617204,-0.00023380956122349343,0.0007737002033287912,-5.619552633325366e-05,0.003077870498905295,1.7752789086212606e-05
2023-10-23,-0.0004738711150940539,-0.0019708063512419993,0.0013512527916528143,-0.00012099232918569985,0.0008922697101699914,-0.0011146223006320757,0.0027106958356791556,-0.0002544990348847143
2023-10-25,-0.0005835822825025949,-0.002213079232790954,0.0012852413821805816,0.000497827777279309,0.000992644146567943,-0.0004982024030337623,0.002800404961736452,-2.4142471725592616e-05
2023-10-26,-0.0007002387089166933,-0.0016515496426746826,0.0012256159482663016,0.0008362044305495159,0.00136926700995294,-0.000559533510261835,0.00217052992482175,0.00011988850604164073
2023-10-27,-0.0004884031223545771,-0.0013073727395532461,0.0011989354884626125,0.0007399690013154232,0.0010417565061881854,-0.0008009804978161734,0.002442871624884493,0.00043329361655536857
2023-10-30,-0.0002731206771541168,-0.0015325404406920735,0.0006444249653099942,0.00018837220599644908,0.00035371775196952173,-0.0008139845915977062,0.002992172752786487,0.000722865583608264
2023-10-31,-0.0004949147160925951,-0.0008830824280854062,0.0005716459189587876,6.860667476733199e-06,0.0010335898542922404,-0.0007826308093446944,0.0037419558608817885,0.0006041652320360985
2023-11-01,-0.0004548693866388714,-0.0006064197856378128,0.000563329027888617,-0.000570814889369542,0.0011231778994687284,-0.001859939196755132,0.004543718666229051,0.00046738642586595163
2023-11-02,-0.0005313330170799166,-0.0007602139478856446,0.0008492030940043947,-0.0004389321257096217,0.0012224484840194214,-0.0015357626015751137,0.004885188590702961,0.0009526580633181092
2023-11-03,-0.00019851650114350206,-0.0010635704552875258,0.00129255177783507,-8.150385509934845e-05,0.0009354112845596802,-0.0012740234841474869,0.006442401268074256,0.0011207838311896431
2023-11-06,-0.00031645365017509433,-0.001412070014143022,0.0010893283254421629,0.0004886690833586794,0.0009638178118041513,-0.0006911028616089453,0.006695621720487445,0.0016658111214874038
2023-11-07,-7.141159169492576e-05,-0.0014441340635026334,0.0010555185474374503,0.0010507018552819232,0.0011087835901482665,-0.0005961657998376017,0.004885451492538674,0.0019656391420386004
2023-11-08,-7.955272222139596e-05,-0.001927834893066911,0.0013210590842726126,0.001392747186485076,0.001040811201220749,1.8720348144586358e-05,0.005547270422003468,0.0021930781718137223
2023-11-09,-1.410864478633921e-05,-0.002069678688333639,0.0016782647649556625,0.0019165777509837774,0.0008820381760025091,-0.000588215864725913,0.004810044618319122,0.0021034195854794046
2023-11-10,0.00018570889039982584,-0.0019412393471136043,0.0012623162740680528,0.0019916820813216623,0.0007741055957899532,-0.00023852439415730645,0.004738325717268516,0.002216664380708491
2023-11-13,8.869072489332982e-05,-0.00122931743579466,0.0010360592660477778,0.0018158311157933933,0.0005419523040414124,-0.00019422323226536177,0.0048347688028119295,0.002385481579336372
2023-11-15,8.979461303022428e-05,-0.00038757184023379657,0.0007684189825030919,0.0010535356364374045,5.801867380827815e-05,-1.606403024273406e-05,0.005350691190571115,0.0021563660805117737
2023-11-16,-0.0001499904218921845,0.0006972715058406268,0.0006900865259769347,0.001422559946163176,-0.00016815449293802905,-0.0007102359218546893,0.005688069830104356,0.001953722612270792
2023-11-17,-0.0007015940495195233,0.0007820404294978868,0.001282465891643758,0.002011637317692204,0.0002739816996629002,-0.0004897272264819623,0.006175937767386828,0.0015610020296944194
2023-11-20,-0.00038611732019626,0.0011004145098340548,0.0006361800391591996,0.0013989094894617134,4.260845516060121e-05,-0.0006969731208962104,0.006034249585488324,0.0017297368640845575
2023-11-21,-0.0004547141785198647,0.000788098994278661,0.00030519669018170273,0.0017369543566409633,-0.0004290345922838562,-2.859110287027622e-05,0.006409299033214514,0.0017935030261831094
2023-11-22,-0.0009502241133807455,0.0009773661007157412,0.0006983653563933271,0.0022901241554558003,0.00013936412590486325,-8.802473205033509e-05,0.006327299443433735,0.0020091214100614752
2023-11-23,-0.0007996731856361491,0.0010258748719576645,0.000893134309836867,0.0015403366900057737,1.259588811363798e-05,0.001122881607467994,0.007401946844541825,0.0024457041689103054
2023-11-24,-0.0006154370629488149,0.0006745175676090593,0.0007314816150074562,0.0019303220308685783,-0.0003980283862878356,0.0009929613211264218,0.007607713953286534,0.002225930959643528
2023-11-28,-0.0007686628417619963,0.0003541313504467616,0.001053081823758292,0.0013662908753962902,-0.0011124504577035698,0.0017546705010212421,0.0075608936946322,0.002992860485986388
2023-11-29,-0.0006078109526627368,0.00047389826293076087,0.0011649739582207121,0.0013275593208051262,-0.0013366922855669815,0.0014315099304938747,0.006389606615812616,0.0022078507267400726
2023-11-30,-0.0008367352377340596,0.0005184199613396511,0.001931702207384615,0.0020901035683068246,-0.0007309772970691267,0.0014762089570023599,0.0062126096160232385,0.0017593472492725606
2023-12-01,-0.0007383220267443949,0.00016351995205231024,0.0016104215582384597,0.0019701571582472184,-0.0005309927896247546,0.0015896901852491723,0.005768689068030145,0.001816715306290493
2023-12-04,-8.920469382130841e-05,-0.0005682782412817682,0.001188200924876084,0.0005186745683149899,-0.0012284562725519048,0.0018476846392584565,0.004793950940283424,0.002030549100292968
2023-12-05,0.0001255878010087098,-0.0012385053409942025,0.0011052124421476956,0.00017699066432925493,-0.001830652414983576,0.0025975694419105968,0.0033615833960669757,0.003021114124551713
2023-12-06,-0.00033340064717351245,-0.0007009447688840461,0.0008607508822976347,-9.97463524844951e-05,-0.001581782389031497,0.0024410445958196417,0.0020806990935155027,0.0035867423562906094
2023-12-07,-0.00012667728721164982,-0.0005569795229325848,0.0012248394612278017,0.00019166532757683343,-0.0016399377163077895,0.0019713985526269243,0.002209299662952236,0.0040650873554073244
2023-12-08,2.17613027340708e-06,-0.00011886358771402185,0.0008800985745176363,-0.0009865074414416343,-0.0023314039809583104,0.0016881913160990652,0.0029339220176766516,0.0033596639742127445
2023-12-11,0.0001685063883177019,0.0001803139560954156,0.0009031689336195087,-0.0020216517541826653,-0.002298799958332042,0.0018529767512152511,0.002645613435542806,0.0033781512102734495
2023-12-12,1.0651236303526636e-05,0.0005476063751491452,0.0002611505361306472,-0.0021444633174972673,-0.0019038248019819619,0.002279178457413421,0.0013113906846287564,0.0029775683639000376
2023-12-13,-0.0001149726515301177,8.664723392982432e-05,0.0010010086385084838,-0.0016611817497386768,-0.001627203591760039,0.0023906244647894904,0.0019900457766470017,0.0029815798232419688
2023-12-14,-8.45708500172692e-05,0.0011937137143177455,0.0005732803032786771,-0.0020977408953720576,-0.001988096418734125,0.0016607233875744068,0.0031701841048960167,0.002279273857863598
2023-12-15,-5.900266370848124e-05,0.0020501122752178066,-0.0003089824687289712,-0.002132730292729897,-0.0025155928862163274,0.002063495520933693,0.0013962340034257932,0.002492397300223064
2023-12-18,1.1768593401451349e-05,0.0009602279371588771,-0.00032861917626831336,-0.0017973750159439015,-0.0022926588441350153,0.0025685667109995734,0.0008016793039438024,0.0025468374016242097
2023-12-19,0.0004848225876866409,0.00046769605054903726,-0.0011738450580847494,-0.002246885977124918,-0.0021930852356152357,0.002011752608061526,0.00015922685235939156,0.003364576301387547
2023-12-20,0.0006444095390160135,-5.003493417022947e-05,-0.0013244804281469513,-0.0024586562764356574,-0.0015764111170990481,0.0009678535945251794,-0.00030847479227175166,0.002700944324345253
2023-12-21,0.0009054348422025955,0.00015837742851506622,-0.0015399909228407894,-0.002620523719435285,-0.001341430545671095,0.001023092899582048,-0.0004257375325254181,0.0033995601243503953
2023-12-22,0.0006768113288340943,0.000735418303276785,-0.0013479863427773272,-0.00260706729701836,-0.0014296708646772622,0.0021174961296904714,0.0009609611345858487,0.003139390230102532
2023-12-26,0.0005415694053976755,0.0005979833599914449,-0.0012826382723464024,-0.0015954759603005754,-0.001446863380521449,0.002178781194305124,0.000359823958847818,0.0033893819545954555
2023-12-27,0.0003963894087156963,0.0009061893254373107,-0.0010766026898552873,-0.002227814397505537,-0.00148589323719966,0.0020301750249780643,6.780560298603761e-05,0.0029121597974341024
2023-12-28,0.00045378087146980255,0.0007025768777583034,-0.001094369085786614,-0.0015273353770218602,-0.0008106328639955495,0.0015864962578506295,0.00020307947477827843,0.0024486564851861825
2023-12-29,9.915075682287401e-05,0.000341790306674561,-0.0007269300509895743,-0.0012813031272462137,-2.2818523547347373e-05,0.002391899584624576,0.0013805765242929885,0.0025900860861360875
2024-01-01,0.00019608795548639157,0.0006855298476981914,-0.0008520639481261619,-0.0018768273965282512,-0.00021900794870008964,0.002448298037858528,0.0007619250284902688,0.0026811552521249786
2024-01-02,-0.00014279504939226136,0.0005921481064059806,-0.0009153645585156778,-0.00028587615498731987,-0.0002955233508113251,0.00273646726062053,0.00033951314956125926,0.0030713008699574398
2024-01-03,-0.00058592790219923,0.0005828343330244966,-0.00020718422841538818,0.001389624978852648,0.000668879213117904,0.00239614404024174,0.0012633029149558938,0.003271179781828725
2024-01-04,-0.0006161589580443516,0.000948918960648155,-0.0003903265566708948,0.0015516462772500615,0.0012611922599324568,0.00106064846149363,0.004674214135105253,0.00238614073600132
2024-01-05,-0.0003986525019076463,0.0008405992466514025,-9.88979660837266e-05,0.0016523648760960147,0.0008216091772538419,0.0010537309155401599,0.005059752866534297,0.0017647312855078182
2024-01-08,-0.0007589906505885078,0.0008184441838005609,-0.00010417978728995028,0.0011910197042437,0.0007741292735132799,0.0010026238898797344,0.005305595437893353,0.00143210111920686
2024-01-09,-0.0013086703166688644,0.00048767382220014227,0.000681283835940506,0.002074892775528271,0.0012492407585666027,0.0015076591413752485,0.006323149694970028,0.0020688109750142685
2024-01-10,-0.0013423751425540348,0.0004504267542262651,0.00045968991036329115,0.002491699778100009,0.0006587197229112108,0.0013647260594573702,0.005769641527560077,0.0019241992784871354
2024-01-11,-0.0013147962805322429,7.480983603821447e-05,0.0010278224126855186,0.0023917245126456217,0.0004115693773225173,0.0009102177372275293,0.006319841229384616,0.0028985006862038334
2024-01-12,-0.00153334625658705,0.0025787017819174744,-8.06152447894665e-05,0.0012746395376899574,-0.00020020880378472834,0.00013186774177899926,0.005916568986016658,0.002353034253708243
2024-01-15,-0.0015901059202698955,0.0019607402375420766,-0.00014962404943987917,0.001848494137048989,-4.341915073959295e-05,-0.00022493491482622517,0.004366226483815856,0.0027495134127548822
2024-01-16,-0.0012789638659823459,-1.98827740218305e-05,0.00048728274456907774,0.0019824805974465076,0.0009455980070718129,-6.163888879997387e-06,0.004659798311821851,0.0024013227504096233
2024-01-17,-0.002168153363449868,0.0013318758447429797,0.0006489183903313468,0.0019982873064943256,0.001597304590711588,-0.0008015706624926275,0.005360255515393381,0.002958138117719368
2024-01-18,-0.0022161638391475077,0.0018106711382063503,0.0014531310211997888,0.0026351016882977165,0.0009921032279808094,-0.000563660130619562,0.006277636738880574,0.0021552919604112056
2024-01-19,-0.002835089227706198,0.002037283870893823,0.0020288637984371537,0.0025504390154029804,0.0006974318509086015,0.0009020056735347874,0.00674713909215868,0.0029706178702170625
2024-01-23,-0.0028620714384359207,0.0022724795301452927,0.002220585062587488,0.0036553158933801634,0.0001844233292130355,-0.00019928254805352653,0.0044375050707466815,0.0023156591164923404
2024-01-24,-0.0027119688165415734,0.0016694958429143397,0.001901204862646477,0.0035873894814759237,0.0004176857484969463,0.00011457120571490377,0.0030845675276415926,0.0027011192955983393
2024-01-25,-0.002743852033181916,0.0015241791601510368,0.0019201063997365045,0.0029076127879279793,-3.503331707090099e-05,7.337999646352193e-05,0.0037155666549910336,0.002921966943578954
2024-01-29,-0.0030684311736503627,0.0008604136862630761,0.001618953548379609,0.0025072759804713836,-0.0007068207993477038,-0.0002061172522216455,0.0036083115906845337,0.0049923146082122595
2024-01-30,-0.0026231662346940573,0.0014765772859505672,0.0017642815557603064,0.002254832635030097,-0.0010906744847426425,0.0001883244906566837,0.004087645462693017,0.004202634297402771
2024-01-31,-0.0023065173737892753,0.001495431773577789,0.0015450566499551235,0.003045238360921264,-0.001615894720188577,-1.67611357946655e-05,0.004265231155045102,0.004464519441937327
2024-02-01,-0.0019661787199327417,0.001203295397436173,0.001880858515626287,0.002789286461181559,-0.0014062344244684204,-0.00042438029296722283,0.0039003612682923434,0.004759720261426493
2024-02-02,-0.0022311030464908506,0.0022653560995513724,0.0022180268549678154,0.001474323898442993,-0.002184582708468829,-8.995950516838702e-05,0.004121875734520587,0.005399111869494714
2024-02-05,-0.0024735568556323376,0.0031245288346845707,0.0027000795049770035,0.0018788420302275361,-0.0027001585548643422,0.0008174368163751784,0.0037559769040968953,0.005628989287936865
2024-02-06,-0.003133409632069817,0.004442451077449826,0.003339323126245517,0.002260499587313406,-0.0032169196580788743,0.0015070213699748779,0.0007999817402751576,0.005335975111615421
2024-02-07,-0.0028518376374144488,0.00334684377591906,0.0032435212317450364,0.0027196883383849074,-0.0029318846923724264,0.0019087201346541826,0.001606027246311558,0.0056855728729061986
2024-02-08,-0.0029635400414948876,0.003943228479452301,0.0028061806493547324,0.0030815217341209037,-0.003065063481189747,0.002381326542828568,0.0012415447887046513,0.006313284266257782
2024-02-09,-0.0021715254954979783,0.0034768166691983536,0.0021187499785436876,0.0028443388400250886,-0.0028563718224548116,0.0011982555428425076,-1.9603015726656612e-05,0.00574049534498585
2024-02-12,-0.0025538601474514896,0.004145334632885484,0.0021640545597831078,0.003354142498049115,-0.0026493829054889916,0.0001204748094881099,-0.0008739937154669731,0.004962963019367428
2024-02-13,-0.002194916836494408,0.0043218055191642174,0.0014801088391016794,0.003410726694406621,-0.0026400555193316307,-0.0010544092542769299,-0.0010461926685864525,0.004501626037164798
2024-02-14,-0.00171421862920912,0.0017258942728674983,0.0025993718922438236,0.00339841134517517,-0.0021665253366680366,-2.3515211306766634e-05,-0.0009775025079887957,0.0056211343026105216
2024-02-15,-0.001553330863400063,0.0014141894181224795,0.0033949932544866,0.003168549635605626,-0.0024856768256118654,0.0006847776748100108,-0.00035127311262487984,0.0060856119220011815
2024-02-16,-0.0017720041368239493,0.0021983771608061094,0.004147628637133402,0.004064956866698159,-0.002814790043383618,0.0001888620026461393,0.0007486475715485842,0.0057097767401079
2024-02-19,-0.0007150518878611507,0.0005743596906357751,0.003646587542264164,0.0037618921045370667,-0.0035778902586727484,0.0005200532745217152,0.00024640819676704216,0.004979584260163504
2024-02-20,-0.00018591496537627493,5.2412444924996747e-05,0.0029553546444651413,0.002757141948771349,-0.0033988729918372155,0.0003939058686266109,-0.00026902121523262896,0.005276586554142133
2024-02-21,0.000411019767116482,-0.0005129135400863604,0.0028682978724170315,0.003068559802929874,-0.0033117863471146124,0.0005366110400158877,0.0010037749127373345,0.004574087370837042
2024-02-22,-0.00017168401918638563,-9.238303228731575e-05,0.0032989644200144192,0.001639107112151603,-0.002628082233769068,0.0014229861909244791,0.003019690422322289,0.004650637465411138
2024-02-23,0.00013747271363167548,-0.00044381434081959006,0.003273749297702883,0.0016700334673173775,-0.002969595125391058,0.00039495552089547584,0.0038701943252972023,0.004321583596161076
2024-02-26,9.576923231879343e-05,-0.00026863859026518945,0.0032373088287052584,0.002032553038279322,-0.002465570617076261,-0.00015554103010766672,0.0035543444036636434,0.0041084185686677275
2024-02-27,0.0001869086232320395,0.0007145501211877172,0.0034678679612149257,0.0027428008016646584,-0.0017233620871666103,-5.6250170363753797e-05,0.004151533975028018,0.002274734560230851
2024-02-28,-0.0003190855917130416,0.0008073764755899042,0.0026868369660825787,0.0029132272045742256,-0.001598434102453793,-0.0010226907302482743,0.003010106559022962,0.0020383510412921814
2024-02-29,-0.00043191331020781996,0.0008256992064700494,0.002288319339853247,0.0021848876855030935,-0.0014820039728312773,-0.0008669920772735942,0.002370489611780494,0.0020738493839072506
2024-03-01,-0.00026804414776022967,-0.0001246514226042215,0.0022708087984524804,0.0011674288949246859,-0.002249166510883674,0.0004910899589273968,0.002334801081066818,0.0020906240404580936
2024-03-04,0.00032663775537275595,-0.0011982123856578777,0.0022704912089516953,0.0013612102596336712,-0.001968452660298878,0.00021070231133440455,0.0026189921379759997,0.0017101017966841482
2024-03-05,0.0005283066167627473,-0.0018307622766499702,0.0022604787892584483,0.0005904391709741573,-0.002180591503790575,-0.00015323196976401105,0.0023304095791416048,0.0013444395004235758
2024-03-06,0.0011452275380943104,-0.002743494653446443,0.0017939270548657555,0.0004820305424288675,-0.0018083916463538245,-0.0010562369976079792,0.0015870131677119337,0.0009132486788894435
2024-03-07,0.0008445769330076372,-0.002056743141784717,0.001632449141679963,0.0003801266078550618,-0.0015266857757775267,-0.0006656882298939397,0.0006118883732568121,0.000422983107279235
2024-03-11,0.0010599595299763084,-0.002427728762052556,0.0018387926133695842,0.0003923302728354207,-0.0009390064298083892,-0.0011619890907685426,0.00030058763134374177,-0.0007293809928044807
2024-03-12,0.0004949339447849327,-0.0017980540426984042,0.001994676783995305,-0.00032842711987597065,-0.0013989008637004007,-0.001119025338541262,-0.0013603505268622205,-0.0005140815002433503
2024-03-13,0.0013431207959058804,-0.0021697960653330748,0.0013675603750350827,-0.0009198370813167859,-0.0005028867794812531,-0.002390838786237272,-0.0021656837043092445,-0.0016626836725082202
2024-03-14,0.00045335645145474373,-0.0015335353990376713,0.0017029335699989645,-0.0005132762564765578,-0.00024348770897002984,-0.000494734857817475,-0.0019427779960134017,-0.0011669243907660037
2024-03-15,0.0003081071998994495,-0.0007455351192725116,0.0007387206227712808,-5.5616253545244184e-05,-0.00011896261407800228,-0.0008362912418430057,-0.002135515621503214,-0.00246875475095161
2024-03-18,5.241820903145722e-05,-0.0017302161258489436,0.0007812439192946571,0.00031441587359969385,0.00020693527362687257,0.0002026979653584099,-0.0022906505319993317,-0.0029069036828135403
2024-03-19,0.00048474007060517427,-0.0029297314165529663,0.00032282241184070526,-0.0007036883349275499,-0.0002122587601734994,0.00016822960873292045,-0.00249254163371833,-0.0025502740207037798
2024-03-20,0.0003830392697529197,-0.0027474868875665935,0.0005737734702738129,-0.001108979066366669,0.00014390211082996305,-8.14484523076111e-05,-0.002069070975712888,-0.0019145511047277306
2024-03-21,-1.712816713041231e-05,-0.0021778514567075097,0.0012012117543925807,-0.0006416879809309141,-8.479672829074915e-05,0.0009753264179087858,-0.0011067179961395813,-0.0015808694897364718
2024-03-22,-0.0002481473131331105,-0.0030000413634997387,0.0017409471290443406,-0.00034449920030551784,-0.00019313297346516665,0.0008227103819105747,-0.0017092986111657603,-0.001158396231932659
2024-03-26,0.0001327137112068778,-0.0036627837203927426,0.00149577254694475,5.483628448828444e-05,-0.00018624563717428087,0.0009968605966987692,-0.0006781443235930448,-0.0009592329946186875
2024-03-27,0.00016503143609684586,-0.004131082244808062,0.001388106091542117,-0.0005138824387002278,-0.000509850888527782,0.000821407238493456,-0.0010159867558819967,-0.0008691981790891052
2024-03-28,0.0001181764620749877,-0.003988175835136182,0.0013199254387030136,-0.0003392960576826941,-0.0007627288292582923,0.0012363888349878965,-0.0014174991952773416,-0.0013314898711532502
2024-04-01,0.00043926611645838396,-0.00425727132971404,0.0007853329406166418,-0.00020464595273261496,-0.0009295670676432824,0.002671346216145008,-1.4464368575344347e-05,-0.000766557408160361
2024-04-02,0.000534668618146155,-0.00494959494673999,0.0017407697853256737,-0.000471060797519949,-0.0008369736838009176,0.0037664042925426907,0.0009649729742584182,7.12004142449723e-05
2024-04-03,0.0005585532614894881,-0.0044688535949399056,0.0016254837074981866,-0.000594716854657256,-0.0011003215280923192,0.0034444612904471743,-0.00022683592811443643,8.19224012108548e-05
2024-04-04,0.0003995350776158198,-0.003102214205484916,0.001373399099734201,0.0003867157405827232,-0.0008950766845111505,0.002310500127972761,9.198701031535965e-06,-0.0005859366044795772
2024-04-05,0.0008001109906891108,-0.002942724331559501,0.0014780073511160916,0.0002718497056380256,-0.0004896853660902656,0.0018983174048234504,0.0002967344385133563,-0.0014388901179303926
2024-04-08,0.000335347615344527,-0.0028539939446274305,0.0014322846176042583,-0.00015674860136591741,-0.0003788189392475002,0.002097656830639066,0.0003520569420292429,-0.0014768593778129808
2024-04-09,0.000397519384798136,-0.0028967745607901842,0.0014483699298750343,-0.0002509873239285018,-0.0005778000945691783,0.0031811167170217834,0.0015482426271089468,-0.0012569488567920307
2024-04-10,0.0005842348176338317,-0.0029251878477094284,0.001348631759361691,-0.0007394519436401683,-0.0006489017272647192,0.002898445724348966,0.0017049876590303496,-0.0007629628745369614
2024-04-12,0.0008317847738918398,-0.0030030466093461023,0.0014931337531255704,-0.0014329298330057229,-0.0007376452563627345,0.003484153307753082,0.001952930537754889,-0.0005127088846636717
2024-04-15,0.0006267279000695269,-0.003534436381861269,0.0018078891931176786,-0.0007294897482205546,-0.00027625929509071407,0.004569074647523013,0.003765277891581992,0.00017099190222456004
2024-04-16,0.0001835797558132918,-0.004880673833468833,0.002768793120208491,-0.00017122416421769566,-0.0005570050649732485,0.006641297771116669,0.005689458910337257,0.0024830417206299377
2024-04-18,0.000608962579068592,-0.00527530013458124,0.002606204718653571,-0.0006197292648040773,-0.0008501863882597464,0.006200892601328072,0.0057942036847385275,0.001799267758181337
2024-04-19,0.0007246069388751198,-0.005826286592715335,0.0029639075605541326,-0.0010718012057821537,-0.0012438015575510373,0.006047608759082604,0.004949472815201722,0.00193057870647286
2024-04-22,0.000757397502699704,-0.005132241278336697,0.002477577476896889,-0.0010378919533440335,-0.0009643520594305871,0.004659534100325255,0.004741542683821259,0.0015450061736032579
2024-04-23,0.0004139071572113475,-0.004064226638091094,0.0023302755841649817,-0.00103664986158854,-0.0001468424633531613,0.004349281205960135,0.0056490323789770485,0.0015645366768565932
2024-04-24,0.0006803461126766591,-0.0043884086258500505,0.0021441863334365364,-0.0006332151674930934,-0.000376294758313666,0.005966857249634744,0.005751707721383323,0.0011704254118395908
2024-04-25,0.0006184421787523845,-0.004578346996654547,0.0020821578800976487,-0.00044152748415377625,-0.00034937292482126214,0.005366335045220308,0.004244316177928597,0.0008271032135893457
2024-04-26,0.000648369143624934,-0.0027972000158286658,0.0016595226346160495,-0.00024045356431349628,-0.00022877392861648453,0.005308692754412737,0.004197299492070674,0.0012003728453251128
2024-04-29,0.0014390448974328934,-0.0032935488804368123,0.0009361228399421878,-0.0006402727382158411,-0.0007942957635076851,0.004697631180041195,0.002306980245998613,0.0009634142998206886
2024-04-30,0.00156116319404248,-0.003188372638057124,0.0018878158388314172,-0.0005143576967013944,-0.00040870951097525467,0.004591769310173722,0.0029267786810131084,0.0009953754764587437
2024-05-02,0.0014019642851037966,-0.0030510023803228935,0.0021556419705853246,-0.0003598506855973406,-0.00020493519757060137,0.004878065022381558,0.0029818800623878485,0.0014443443437825727
2024-05-03,0.0012984180024557673,-0.0030218422150348795,0.002477788640094526,-0.0002144068196151783,0.00030942381592744623,0.00378241743003099,0.0011095248292154875,0.00125707281833269
2024-05-06,0.0013555945773800148,-0.0021859507060355246,0.001991250879226236,6.751854038382394e-05,0.0005156845449027976,0.002680490544142974,0.001980538373915212,0.00024791277749865257
2024-05-07,0.0009378107322382789,-0.0019073507810535599,0.0014997495681479769,-0.0004874993698583311,0.0019310344659770819,0.0017843526475478395,0.0017939765845548434,-0.0005282309536053774
2024-05-08,0.0004114801852669414,-0.00244695029210454,0.002192972424848241,-0.00023720787365235073,0.0025135576308263014,0.0026888539243259363,0.0022872704346221335,0.0005768478040177268
2024-05-09,0.0001937912056760103,-0.0016506945295636881,0.0034144057322879288,-0.0006422111970885676,0.001804615679993051,0.001963318038840396,0.0012774491887023532,-2.3400406848590434e-05
2024-05-10,0.0001500627437148465,-0.0016813266347540574,0.0029533367427987765,-0.00023291264976666478,0.0024439815161616694,0.0022811038545650685,0.0005488840412509877,0.00026302556347983404
2024-05-13,0.00018274417724152016,-0.0016556281886545353,0.002139042140735596,0.0005387664701501853,0.0026424245075453044,0.002207605638398172,0.0007260442698907532,0.00014608425641887213
2024-05-14,2.656892844742206e-05,-0.0018871061740430447,0.0030240407321140755,0.0004926918732841343,0.0017999802360346403,0.0029394111319512497,0.0008542339102067869,0.0003863098962236808
2024-05-15,-0.0001888349550151036,-0.0019783933196454847,0.0026189346768373555,0.0009265316055963259,0.001430847721627313,0.002890980336822317,0.0013049066587636805,0.0009103206314719157
2024-05-16,-7.729236234258987e-05,-0.0013915540052995,0.002298970216911864,0.0006783906231953062,0.00132434114971768,0.002351732174036577,0.0016371037276047215,0.00025452913411637006
2024-05-17,-5.080991542603713e-05,-0.0009539348337240977,0.0026723657447067974,4.367141255022923e-05,0.0007805321862817304,0.002974795527390747,0.002242993566768178,2.268664093138127e-05
2024-05-21,-0.00016053987311738255,-0.0013098811889071197,0.0027518163816367116,0.0005746446684067217,0.0007537175481422691,0.004725852339035597,0.00239786798699024,0.0007702494750630453
2024-05-22,-0.000752005748770605,-0.0006114760159868246,0.002675921351572491,0.0013454813520518989,0.0014028196597839489,0.004156426205776018,0.003580199832845048,0.0013704818808233758
2024-05-23,-0.0004960734978928788,-0.0006167618402800117,0.002923398487625975,0.00011531663899624791,0.000762193482902064,0.0038620006509750768,0.0033962361937256757,0.0010085005831566112
2024-05-24,-0.00025426316643382073,-0.0010831376044986467,0.0028754914496171026,0.00042397773781255115,0.00010674594155034452,0.003966744930228382,0.0019581776940264155,0.0013328068478045255
2024-05-27,-4.5748069684022194e-05,-0.0003330022038816543,0.003009146109178125,0.00021474450235713354,4.4776777296760654e-05,0.002527571936608048,0.0020620580967101658,0.0009254466675481941
2024-05-28,-3.451483569351756e-05,-0.0002048433710147045,0.0027323416092425554,0.00017822953373646205,0.00018632741372599825,0.0021988735180378653,0.001586028386600903,0.0002839510727254915
2024-05-29,-0.000305234328461171,-0.0007760659791301065,0.002818870580778403,0.00021107315752106996,-1.3995698919749594e-05,0.002490212045325142,0.0009413275334400614,0.00011312665839135864
2024-05-30,-0.00039347185778190746,-0.0007819413881381796,0.0032384614371519307,1.1578087086788562e-05,0.0002809182464881256,0.0017260680665831423,0.002114246649766314,-0.00010643363931168179
2024-05-31,-0.00024315601423613057,-0.0010268324442147267,0.0021065403192288175,-0.00028307759290369366,3.933378425269128e-05,0.0029177141217964745,0.002362581625584138,2.5102426854310326e-05
2024-06-03,0.00038501854321650237,-0.0022801184760566696,0.0012898810357119196,-0.0019298447486774052,-0.0011349841552858748,0.0025139436803858282,0.003710278792339011,0.0012022621332103871
2024-06-04,-0.000712800106675436,0.0004039725825329697,0.002627373948201653,-6.865803769988779e-05,0.0020516180717945333,-0.0002753976906186449,0.0019303738100833487,-0.0023212940431933046
2024-06-05,-0.00022056499378371368,-0.0005610325949262408,0.0032012390324900907,-0.00018255360539749089,0.002092235480775194,0.0011885952043046407,0.0001797062903277412,-0.0017930236568566107
2024-06-06,-0.00011278229944316868,-0.0003180366941464923,0.0035827154072289166,-0.00013027816522323706,0.00025847884116962346,0.002298490317954047,0.003333485212322431,-0.0007253398671766111
2024-06-07,-0.00032824134558145967,0.00048792611359837644,0.0030798022844131085,-0.0002611075966040767,-0.0004381996684648887,0.0016162244204119703,0.0030379277704097557,-0.0012909466524772487
2024-06-10,-0.0004969293427555693,-0.0008856266799207046,0.002036531921796375,0.0005928134129847868,0.00010549019410269244,0.0021399316697008077,0.004057319582791295,-0.0002670751551430064
2024-06-11,-0.0003019973526615818,-0.00028881920952965106,0.002183561374274699,0.00014432798871890024,-0.00042276311796032385,0.0015811579135484037,0.0049985502454887,-0.0007127416382248369
2024-06-12,-0.00046757442006800567,-0.0004813752614682503,0.0029529173728448732,-0.0005856573060832797,-0.0007370465711210551,0.0011861065894503762,0.004381163905680364,-1.8386639537736147e-05
2024-06-13,-0.0005290153059428189,2.5197060786128107e-05,0.002507260078083391,-5.9850351496610645e-05,-0.0007148198384237922,-1.8258841918126524e-05,0.0051061229965902915,-0.0007504700708236877
2024-06-14,-0.00038207825116176337,-0.0005554944915202261,0.003187339241655154,-0.00016034948156379725,-0.0003637820622963959,4.215727005884434e-06,0.004839505118617,-0.0013566014521947788
2024-06-18,-7.0905010028199204e-06,-0.0008136894580143869,0.0031569165487635937,-0.00035417958197614266,-0.0005487283518251426,1.519907891581098e-06,0.005201527554784459,-0.0009515746705633737
2024-06-19,0.0009675829574844531,-2.0136216270805543e-05,0.001929407228786466,-0.0005402961400763863,-0.0008262521765818776,-0.0011139372945276158,0.0032620783242117515,-0.0018236599023760147
2024-06-20,0.0014200130594879275,2.568759853263441e-05,0.0016063544871954272,-0.0013107774301006564,-0.0006941417935687349,-0.0022886717067896814,0.003883839080537276,-0.0023978474593809693
2024-06-21,0.0018509182168907723,0.00033067086201205584,0.0016132996334812114,-0.001349097573937381,-0.001665097080521092,-0.0015246380511922545,0.003141876157211128,-0.0028841654822946003
2024-06-24,0.0016154497419808985,0.00034786384950299563,0.0016626622395779836,-0.0004183796041012689,-0.0007490387291660482,-0.0013238917623477088,0.003450991706082666,-0.0024393708387111194
2024-06-25,0.0018496420259950757,0.000645033356675847,0.001074726820021747,-0.000542161093281771,-0.0008795881094974218,-0.001900857810845542,0.002532469901393935,-0.0031637961366850183
2024-06-26,0.0014414938803388013,3.13420526807137e-05,0.00031858611140767783,-0.0008378886658370981,-0.0008787217966423613,-0.002645493988021777,0.001095166777299587,-0.0024508517991070206
2024-06-27,0.0010819598643308963,0.0007053419114520483,0.0003300755815452347,-0.001611619852295517,-0.0011569952785029074,-0.0025787383776400335,0.001672278546308248,-0.0017121620893288498
2024-06-28,0.000966131113058663,0.0009115094796418549,0.00014414969976138305,-0.0016626300441365143,-0.0011434275459593953,-0.002793364521639343,0.0020355256029854127,-0.0012556493163325252
2024-07-01,0.00028472328545820803,0.0021810477184364763,0.00024003826138644865,-0.001441932176256884,-0.0009207760531180589,-0.0017232380894138162,0.001394378307188659,-0.0015293777252449864
2024-07-02,-0.0002544582424519066,0.003472334163104314,0.00010479643325094889,-0.0008089239665605287,-0.0010505427654109913,-0.002707590908944806,0.0008075594246058572,-0.0015580383564494633
2024-07-03,-0.00011789352720480996,0.004512827771146403,0.00025684986684335834,0.0005336753752121469,0.00010135318759567878,-0.002565195482701218,-0.000581082939362054,-0.0033938773282859848
2024-07-04,0.0008968116083886441,0.0023815257579156745,-0.0007248709410519133,-0.001085760814056712,-0.0033893133133562053,-0.00016942038364117177,0.0015374383181145758,7.646468269634915e-05
2024-07-05,-7.993206151067373e-05,0.0027825613651697727,-0.0013205970027866764,-0.0006461628320892474,-0.0033702233249714637,-0.0011385939813177075,0.001864876873650175,0.0010142911919916466
2024-07-08,-9.447042449348304e-05,0.0019093742465749438,-0.0013728061474144696,-0.00039584185433559366,-0.0020134046623355994,-0.0018343606972081599,-9.721684131018017e-05,0.00081204627805922
2024-07-09,0.0002919661613695291,0.0009869187282939692,-0.0007766124227298751,0.00024729380298538,-0.0012820140643279886,-0.0020482144174556243,0.0002142906381252343,0.0003914701730140949
2024-07-10,0.00011737604527791573,0.0015226636780141297,-0.0016022668571741786,0.00010485386478513133,-0.0010303151182926044,-0.002488877623489586,-0.00027941008612370334,0.0003472580122296973
2024-07-11,0.0002916912927210442,0.0016098876476377698,-0.0020543389829184924,5.186102765101109e-05,-0.0007046200376936639,-0.0024278288572498396,-0.0014975815646799582,0.0003362058391513504
2024-07-12,-0.00012633707930597479,0.0034521158661164806,-0.0024851560597626003,-0.0002866428774465379,-0.0005365419193449127,-0.002982863282815317,-0.002444454721498195,-0.0002461186801754902
2024-07-15,7.161531993695467e-05,0.0028201832253391393,-0.002308073684920018,-2.310411311432989e-06,4.303847952056086e-05,-0.002896426531256465,-0.00287093566535223,0.00031039857043542495
2024-07-16,-4.555834889917931e-05,0.003601534884686435,-0.002718196734682576,-0.00023570859842109377,0.0004902207787990647,-0.0031954329235224293,-0.0023936457147741156,0.00017398038975626091
2024-07-18,-0.00043378252852743077,0.004191456031073918,-0.0027057666378974203,-0.00023873863549459104,0.0008171853661592524,-0.0036836367904356914,-0.003604906625581277,-0.000274582097348779
2024-07-19,-0.001214968151188824,0.00435450158373436,-0.0028034381093512226,-0.00015574667353704906,0.0015823887183918773,-0.004600109561587278,-0.002936946304054238,-0.0003275695198787262
2024-07-22,-0.0014118284219854403,0.0043075323278031034,-0.0018990538979716998,0.0007336375461570639,0.0015472153723239755,-0.004830511996908526,-0.003975787210045531,-0.0004945124117232435
2024-07-23,-0.0018338643951516082,0.004198629214468109,-0.0015080867715911014,0.0009601771420779119,0.003304816836773756,-0.005543164941975985,-0.004800083494141478,-0.0004788152311945243
2024-07-24,-0.0020970759680957363,0.004560802202914809,-0.0017407687642136051,0.001530035754365289,0.002914524194189667,-0.005013987979261003,-0.004373558051643096,0.000299573278698149
2024-07-25,-0.002935617979946405,0.004492140216033096,-0.0006493145119155678,0.002333545291273246,0.0033895717285557167,-0.004911996740285992,-0.0035456689311303942,0.001530719650837522
2024-07-26,-0.0033290206828340057,0.005068834864321123,0.0003993036805211075,0.0028773202332088763,0.003120023142242295,-0.003337080997103924,-0.0028451646358779704,0.0008483387277336872
2024-07-29,-0.002826541969974311,0.004277788734613302,0.0007368852489310911,0.0034567639865588752,0.00313050608892188,-0.003114087023674228,-0.0017988133136206837,0.0008129214640560348
2024-07-30,-0.00242341780885549,0.004074370412687704,0.0008890883804154115,0.0025273242968014507,0.00241801233131166,-0.0033591423669585303,-0.0019508077897557132,0.0007052622941672183
2024-07-31,-0.0025041334876940886,0.0033137297083119374,0.0009235897218211602,0.003062913195342097,0.0023680341789679748,-0.003034873664830279,-0.0018867202745649818,0.0012294049817694267
2024-08-01,-0.002274202681274761,0.0024465573986780075,0.0007840029950871273,0.0028743598380106773,0.0026944001294947947,-0.0030077085364784576,-0.0032450351356036744,0.001842330763109565
2024-08-02,-0.002424073649525211,0.0021493911058921684,0.00015680444428369845,0.0036918815984018356,0.002821673235588427,-0.003933251576797018,-0.0042354659252599606,0.0019825306903045146
2024-08-05,-0.002294581443215986,0.0013734960878406459,-0.0007697142205522144,0.003656627510954466,0.004094233910586954,-0.004962813681087354,-0.005257853761384499,0.0013797176091618687
2024-08-06,-0.0020558374229224536,0.0017801237266727816,-0.001022721664524372,0.003166708405118038,0.003793048715435029,-0.004814659166890493,-0.004678845636638231,0.0005981987767191232
2024-08-07,-0.0020976397168275787,0.0018434375221237367,-0.0005674753410949235,0.0038941781292369825,0.0029689212610574363,-0.003709526014715388,-0.004214548185035679,0.0008813342082397014
2024-08-08,-0.0016164223056981907,0.001595819294257003,-0.0010807961449884834,0.0038921950274334698,0.002867519026452176,-0.003994139750617412,-0.004759513677706922,0.0007073129858238304
2024-08-09,-0.00166568769248158,0.0021155193817339853,-1.7522677017917435e-06,0.003207981861145392,0.0021169237465211935,-0.0035605158450228835,-0.0047148029161284645,0.000515232617092984
2024-08-12,-0.001628355248721883,0.002153503051477004,-1.9876079854454603e-05,0.003509275039576334,0.0016304453701222817,-0.0031826233772077528,-0.0033556486124675837,0.00011620427994774176
2024-08-13,-0.0015717311406151157,0.0008230052045486904,0.0005904581801598535,0.0042257586809993815,0.0021017576666347614,-0.003123174987620593,-0.0022126009824945834,0.000403316009390502
2024-08-14,-0.0016780298053726064,0.0018586703248329678,0.000250499377788933,0.0034622395470494355,0.0018344852495605593,-0.003677119832221583,-0.002923817086311761,-0.00025140976065612724
2024-08-16,-0.001600675741228965,0.002206585420623259,0.00035260015242173377,0.003119267375816459,0.0013546563804955616,-0.0035666263320187825,-0.00326030674966993,-0.0003500187679031662
2024-08-19,-0.0016429843642799884,0.0018779423812665074,5.143860302650699e-05,0.0036956885411916973,0.0012886668246769612,-0.0019667509541650705,-0.002738667617069938,0.0005454707388078251
2024-08-20,-0.0016763436063471746,0.0016029946851274842,0.0006879339920091642,0.004014685513459189,0.000565269300380948,-0.0005913643252145936,-0.002268903734505841,0.0013052128340633208
2024-08-21,-0.0019795868247110392,0.001600786997881755,0.0001251472487931362,0.003765467028742576,0.0011937248458766063,-0.0009471363102378752,-0.002846104682913956,0.0013285317519291877
2024-08-22,-0.0013769307375319751,0.001064614782286843,-0.00018951631783185765,0.0032984992839542706,9.264357818940196e-05,-0.00031882345858203837,-0.00165826020709968,0.0011515577709321067
2024-08-23,-0.001149650535783801,0.0003509110495975538,0.00021595886983411916,0.0027598136249315803,0.00013800400257258153,-0.0006725715074395449,-0.003348812655982672,0.0004361391510231831
2024-08-26,-0.0009230064404030744,0.000707583493734873,-0.0005849863918824051,0.001997819764596327,-1.5442151699204907e-05,0.0005864633123311891,-0.002495373869216901,-4.087034200434144e-05
2024-08-27,-0.00036538238617331016,0.0004936063618711371,-0.0009679984692911278,0.0020698646361289957,-0.0001582340144394528,-0.00030219059417045283,-0.002129921494663135,-3.6132154291688664e-05
2024-08-28,-0.000656517857993447,0.0013891523817761483,-0.0014091100655303662,0.002390171333938959,-0.0002609141898559683,-0.0005920458885589647,-0.0029562507586393958,-0.000457353773403959
2024-08-29,-0.0008826604754062904,0.001512952348815933,-0.0015760855956003328,0.002306915637221108,0.0004630108696965327,-0.001058606157051958,-0.003389233203369639,-0.0008300407226714589
2024-08-30,-0.000727685399636698,0.0016653131474278474,-0.0014637102525803278,0.0025096024587305584,0.00020360563867953953,-0.0014339096304474127,-0.0023303227551119523,-0.0008974952572532949
2024-09-02,-0.0006222273853477274,0.0020725331414108246,-0.0012610681376113114,0.00203956285703447,0.0005572650769981421,-0.001849283420440078,-0.0015935054214354701,-0.001764554795880933
2024-09-03,-0.0007575683314229804,0.002530180718670736,-0.0004815603769819461,0.0012862372674724613,0.00025295242745406615,-0.00137756215173593,-0.0006935735895768906,-0.0019999335570165997
2024-09-04,-0.0009830894950883984,0.002520043742206866,9.874040886953322e-05,0.0011974648336340057,-0.0005439973193211256,-0.0005060624538892112,0.0005804000396303498,-0.0015354581944126073
2024-09-05,-0.0006113121868737857,0.002481102573407319,0.0002538566202554848,0.0011622113783994453,-0.0006408585015661183,-0.000529450621393983,-0.000305977045741057,-0.001747232518849856
2024-09-06,-0.0006417621111965777,0.0024757076031839075,3.7861843405623046e-05,0.001051811314165041,-0.0004274283862023392,-0.0009045234067562519,-0.00046418945740565344,-0.00239639324613637
2024-09-09,-0.0006871863681051323,0.0025244895760575935,-0.0004992278594318817,0.00029852547144799805,0.00023350404001108846,-0.0009071026767980681,-0.0005152695816750357,-0.002446926980100507
2024-09-10,-0.0005611371455889208,0.0029024650917523227,-0.0009059556457398357,0.000895671505498898,0.0005259104234254788,-0.000681333208631024,-0.0005360092964755778,-0.0023824791743940407
2024-09-11,-0.0006997060060984718,0.002824244571267324,-0.0011770491399119244,0.001023185942912962,0.0012305562319628294,-0.001514656202838889,-0.0015226763909787354,-0.002557845005116898
2024-09-12,-0.0005847860411572852,0.0022735996920756818,-0.0010969756105512678,0.00018109743085207176,0.0006095368650792482,-0.0006621634782322918,-0.0020532491229448796,-0.002485133871920889
2024-09-13,-0.0002624750724425622,0.0018657948862190123,-0.0009731484993199325,0.000693695253653892,0.0004989093975525439,0.0004190373442135519,-0.0009350160861902874,-0.0024121514589275916
2024-09-16,-8.958283934733312e-05,0.00119103665475528,-0.0011773158276029828,0.0011994103095064915,0.00018314761038508887,0.0006345491740034103,-0.0011083681878685555,-0.0018233687431956026
2024-09-17,7.889401236597037e-05,0.00083940429023282,-0.0006313964316142387,0.0007807667129804609,0.00015843090205303425,-0.00045028397994447506,-0.0008916617888566498,-0.0023688357552364234
2024-09-18,0.0005002241993502679,-0.0007028973122229971,-0.0007257053544888371,7.477155520299594e-05,0.000491977865351277,-0.0007461417350681572,-0.0007777915322278688,-0.0025961756520037405
2024-09-19,0.0009347846435942141,-0.0007978777424330537,-0.0006317192765923263,-0.0004880326624824462,0.00017584588703956896,-0.001291322639134011,0.00015087157539406043,-0.0026270478031450743
2024-09-20,0.0007088331018519443,-0.0010492723998264076,-0.0003204869685157453,-0.0008836192119128281,-8.584755733088523e-05,-0.0014467792201104655,0.0007387996575354849,-0.0023643646112584057
2024-09-23,0.000783269333221431,-0.0010649194767911188,-0.0003670075933870766,-0.0008290945206878002,3.2654221125024124e-05,-0.001258926703042398,0.0027092262939220715,-0.002058412906506515
2024-09-24,0.0008178644600701033,-0.0010777449992033154,2.5821511153580057e-05,-0.0004192496943722676,-0.0001646285688317096,-0.0005262270352333869,0.002091047357486405,-0.0018298309978384635
2024-09-25,0.0007103636423295191,-0.00155495734464056,-7.999179544548093e-05,-0.000764290693973849,4.1682873588016296e-05,-0.00013381851800828293,0.00220417668703828,-0.0012531995926111314
2024-09-26,0.0007554497750303511,-0.0024251074051174037,0.0007237191758052378,-0.001622883062539663,0.0003831707831092124,0.0006412839130182989,0.0020191952534004375,-0.0013494811991631736
2024-09-27,0.0005273497617040448,-0.002218736315973664,0.0009192430125105578,-0.0005897788087960904,7.486992920143019e-05,0.001499822442716077,0.0017820984628366707,-0.0009513282246571393
2024-09-30,0.00041270990874195065,-0.0020188031952592693,0.00045693677923187696,-0.0009424662952408984,0.0007645707655639287,0.0027824061215108928,0.0009452520256477482,-0.0007913784606697217
2024-10-01,0.0003871866425264886,-0.0015693324864761182,0.000847220786094186,-0.0003302522945111637,0.00043034898823805497,0.0035028579132848903,0.0010715818189801734,-0.001068859727188099
2024-10-03,0.00019966201991993913,-0.0011693924758595861,0.0005427585996039478,0.00039512545136537826,0.0008123365101687723,0.004476513401087335,0.000219773256622143,-0.000970373883772985
2024-10-04,0.0004063979921893667,-0.00025818301751456157,0.0003345797521672987,0.00016458098476572694,7.73386094069492e-05,0.0049308620422082484,-0.000583120507919719,-0.0009558612977660825
2024-10-07,-0.0002624869131286153,0.0001564980067496833,0.0006143123754737332,0.0002969146735646548,0.0001611712378771572,0.0040252657100806255,-0.0003406403778950046,-0.001458097998324717
2024-10-08,0.00010885245236323942,-0.00012892842191035973,0.0009969659322625918,0.00023607812735312812,-0.00019392642437364877,0.0028755590859148488,-0.0004067974539081666,-0.000874560181719852
2024-10-09,-0.00019023066603982887,0.0007058484926473973,0.0016642150471626782,0.0014893776508316556,-0.0016879962354471446,0.0034509267725790055,0.0009379424749311623,-0.0007144979904776879
2024-10-10,0.00032074307319419155,-0.0005430903552217177,0.0018587901936163885,0.00017996929229340992,-0.0018206991246793342,0.0035106690715503716,0.0004965249087160262,-0.0007537311102526755
2024-10-11,6.382635733904363e-05,-0.0002419675318348297,0.0021171078736149577,0.0006488929088026768,-0.00210586671277691,0.004459190028274808,0.0005552384936218194,-0.00021396291603603007
2024-10-14,0.0005328812791778538,0.00018269765097603995,0.0017384961353113767,0.0009981900539478895,-0.0018475720644584065,0.0035400486671847108,0.0014771247636852299,-0.0005993788483878944
2024-10-15,0.0005357446915125584,-0.00016807942346701245,0.0013366507157508002,0.000763763677007012,-0.0012665134627130453,0.002513705658697256,0.0016994592939233223,-0.0005134920984013956
2024-10-16,0.00045751861314755364,-0.00046849336365663004,0.0009261588333358607,0.0008178522375518378,-0.0008880697002102627,0.002340261147547851,0.0019014316031614811,-0.00065601424483677
2024-10-17,0.00044129772344347646,0.0005170438143132632,-0.0004247812279108787,0.001004758281265702,-0.0012500906607241468,0.0023484910627018926,0.00027438769691827576,-0.000627712796809672
2024-10-18,0.00039649927090357835,0.0010120361922771248,-0.00023657505757313695,0.00167225775267834,-0.0017161592897938726,0.0032077765426435922,0.00025044174568130827,-0.000312749967344528
2024-10-21,0.0002292772165017736,0.0007675877271707234,-1.6623502164485673e-05,0.001602473247567449,-0.0023676464435852113,0.003000365490504719,-0.0004431183868307102,-0.0003301983348677625
2024-10-22,0.00019990414858584446,0.0013973849259369287,-0.0008006703751422691,0.0021316226932192876,-0.0019449938160556943,0.0020646086233382646,-0.0022155349332388724,-0.0007667848317399056
2024-10-23,0.0002510547530148368,0.003108841168837853,-0.0015336840829018377,0.0014595553003776223,-0.001837384140163302,0.0020327768257439676,-0.0029498195022602987,-0.001232786275357261
2024-10-24,0.0007155752449297188,0.00279884820388004,-0.0019116519108250897,0.001630855038360588,-0.002764907893849431,0.0006014185196975383,-0.003275669873053165,-0.0013735133085615724
2024-10-25,0.0004515142572495798,0.0035500960089164817,-0.0023495094245106632,0.0020599177785510145,-0.0016047041606230984,-0.00022391078451113695,-0.003601805588598659,-0.00227461286389028
2024-10-28,0.0007272282225868898,0.0035876471949421165,-0.003009167369420436,0.002724293489201754,-0.0017110963877184993,3.9082784797337105e-05,-0.00292416378258462,-0.002212944945066829
2024-10-29,0.0018627497650768612,0.0029033179415703892,-0.0042764363328800185,0.0013255012808685567,-0.0018422513401558597,-0.00034358898891506066,-0.0019941783957660286,-0.0026723049865364345
2024-10-30,0.0017283435481011825,0.00247625358182566,-0.0036767788955519003,0.0009016570676665557,-0.00161315784345636,-0.001381829268027152,-0.0016529666807149042,-0.0026096972139019762
2024-10-31,0.0017120601035788764,0.000701359387584843,-0.0036960194886062774,0.0018716750708660693,-0.0017596965121740734,-0.0013360589858820529,-0.0013910404182711149,-0.0020064684743252514
2024-11-01,0.0016602484603809278,0.0002778976611066263,-0.002931103252587574,0.0010482361808829734,-0.002079488984322188,-0.0019102001999979996,-2.8749479978067713e-05,-0.0015613290196021172
2024-11-04,0.001752013083106465,0.00025641640107714283,-0.002549899702418153,0.0010304604778582998,-0.0016364600978555563,-0.0023041045514458863,-0.0004961116788242104,-0.0021244313599300562
2024-11-05,0.002735054484749355,-0.0009042270937780392,-0.002644447001208173,0.0004713341536260533,-0.0023841254918345886,-0.000739032146090406,-0.0005087735206147281,-0.0013870059900550412
2024-11-06,0.00221292639669584,0.0006254634370578399,-0.0029511090198532136,0.00021954570332654243,-0.0025500968842083007,0.00034237964620858824,0.00013614085288231998,-0.0015017364855100402
2024-11-07,0.002357216961238442,0.0005331678398656432,-0.0034870086426803427,-0.0010697427751300873,-0.0017685208352833722,-0.0005086865585554846,-0.001065185222188142,-0.0013141628199574075
2024-11-08,0.001675800951005899,0.0016040574628912753,-0.0035100778337462976,6.290114772684115e-05,-0.001277031114696806,-0.0009940807126373025,-0.002143868752520216,-0.002055172534895829
2024-11-11,0.0022472871414479876,0.0018817412004436336,-0.0035481827009566855,-0.0009716471811208212,-0.0017694061308601548,-0.001968734829935671,-0.0019362456336076697,-0.0023084058665656442
2024-11-12,0.0018092234083372908,0.002125572500293348,-0.0037070017630251814,-0.0007583845434986796,-0.001951718389172075,-0.0017302702776547702,-0.0017878840259893292,-0.0021871566631469475
2024-11-13,0.001238628591227164,0.0025311517251117763,-0.003833042679732715,-0.0007321029784857821,-0.0018274802730311843,-0.0018060058965162014,-0.0037728180712160377,-0.0021331677484717
2024-11-14,0.0013111162355777424,0.0030057825870144755,-0.0030230578156984003,-0.0007889563241079423,-0.002492211404237463,-0.0018605511105482852,-0.0036526925703619364,-0.002354119819213833
2024-11-18,0.0016946242472245894,0.0010582317771298403,-0.0013018083526144084,-0.0010755225480888328,-0.0015192252067730062,-0.0005460756762583267,-0.001825904937193736,-0.0026207805888734718
2024-11-19,0.0012692835478844717,0.002223392713895584,-0.0008808327307674385,-0.0007213812404539121,-0.001154363414341491,-0.0016237477286554416,-0.0012030006643825126,-0.0030344352403149184
2024-11-21,0.0013531283085216853,0.003277648367011942,-0.001313961766290056,-0.00010322808401206631,-0.0009356651698810433,-0.0017934074134826534,0.00011190566650722553,-0.003621966070214589
2024-11-22,0.000998753003166665,0.003469813007594658,-0.001009607147110852,-0.0007299363435531126,-0.0013676923066293113,-0.0013663769886829425,0.001515952465120293,-0.003228829040799206
2024-11-25,0.0013097617199505506,0.001967108994732072,-0.0010349883196143694,-0.00021021297653497993,-0.001803577029970846,-0.0017421135704643498,0.001892155658813292,-0.0030627869725741294
2024-11-26,0.0010079247976884464,0.002551450343703092,-0.0014177999336265701,-0.0009010258593397493,-5.615403452102573e-05,-0.0014664919790619924,0.002448455062726142,-0.0036012495783373176
2024-11-27,0.001214171054848792,0.0020064928250929236,-0.0007524628550456677,-0.0017850538156755594,-0.0009015867575060358,-0.000510224262954191,0.0022236116214912464,-0.002441231902776333
2024-11-28,0.0014366450814131718,0.001692419054882657,-0.0008391427476837835,-0.001572532178116131,-0.0004206006366719489,-0.0007981903742753153,0.002617879731947493,-0.00184532892443862
2024-11-29,0.000416095816368403,0.0019045263780543193,0.00021168010058420633,-0.00010917934266933588,-0.00036652803035288456,-0.0009218808450429099,0.0015199575276371056,-0.0016698986889576058
2024-12-02,0.0004032592939403716,0.002226601074861258,0.00013823794302096564,0.0002868184033299131,-0.0013559100120664389,-0.0009496657014569938,0.0024546942093746724,-0.001981226444106686
2024-12-03,0.0006229889887189927,0.003297100365116123,-1.386121589402314e-05,-0.0011037973591476334,-0.0017262478372113785,-0.0009061041514652449,0.0020601277499242053,-0.0020793915719579275
2024-12-04,0.0011273336820483558,0.003651663735727506,-0.0007638388076744156,-0.0011276011991146868,-0.0020837245157458335,-0.0011378895561916375,0.00278912220733283,-0.0026572064266824004
2024-12-05,0.0007759397732700919,0.0035094500696946037,-0.0010662029638818264,-0.0017637665959987902,-0.002326395685405792,-0.0011895776040852417,0.003011364837878045,-0.0022910117699817103
2024-12-06,0.00026837379136611167,0.00389961816036686,-0.0006644678274992732,-0.0013832050370700428,-0.0015583417177116679,-0.001450266207649105,0.003180934814761006,-0.0022473969118873417
2024-12-09,0.0007204904362435382,0.0028007586737847693,-0.0009830036518119053,-0.0015489086299336759,-0.002158398722742414,-0.001264407085158251,0.002742885609308738,-0.002571825012843106
2024-12-10,0.0006984329877272443,0.002976451805388685,-0.0008923630021964458,-0.0013018259238592126,-0.002171391792561339,-0.0003849639175400335,0.0035694344275208666,-0.0027190657767908726
2024-12-11,0.0006973777021438685,0.002634314450341425,-0.0008703168642090245,-0.0014724994726978689,-0.0022811030047438195,-7.790848274222338e-05,0.0048957595553233615,-0.0023407747387442887
2024-12-12,0.000417241082223705,0.0025606215800994254,-0.00093585987977125,-0.0010425005890019271,-0.002215034676532432,0.000685916973038725,0.004937604531884542,-0.00234379290920042
2024-12-13,0.0004739469483972477,0.0019091788823248587,-0.000711930189629603,-0.0017199705852043571,-0.0017600814025204503,0.0001235190431594646,0.0037058106505932936,-0.002382667550413025
2024-12-16,0.0010193184999879685,0.0013641339130667524,-9.302864917077247e-05,-0.0012262853548465824,-0.002149341528224558,0.0004861708344966269,0.006234329676835515,-0.0023768215248884585
2024-12-17,0.0008569840535344732,0.001681739203803041,-0.0005637749080781909,-0.000897435054058625,-0.0010173926089095731,0.00033718169455044123,0.0062917454427264125,-0.002470256675030827
2024-12-18,0.00016088481149257672,0.0030281268156397523,-0.0010829867498243868,0.00018390941531854854,-0.0013595890565076159,-0.0011030276529659182,0.005913095509563676,-0.002504445716818564
2024-12-19,1.5406529663867814e-05,0.0026539183284418825,-0.001461122762197864,0.0011209748115006898,-0.0010558746325937856,-0.000566619652560948,0.005442351968220037,-0.002130043767279809
2024-12-20,-0.00011831555523408139,0.0015382509451416868,-0.001660824270748949,0.0011578502213010857,-0.0005616004478934491,3.8619297715322925e-05,0.003488057298681727,-0.0016658394102879355
2024-12-23,0.00047670607734605835,0.0008495799066636864,-0.0017508185122682009,0.0016119266886992232,-0.0003844051643178923,0.0005500267159646087,0.0034832672847311514,-0.001521013056437775
2024-12-24,8.446859241533194e-05,0.0010370941744641028,-0.0011345013049792996,0.001794658370831282,0.0002126706794496223,0.0006298328358941977,0.0030763235132615172,-0.0015567463256668437
2024-12-26,-5.800681106393323e-05,0.0004249040774373261,-0.0002221108234418224,0.002483322939876925,-0.0004365548723205757,0.00028364788649942307,0.003057746236668173,-0.0011881306292847158
2024-12-27,3.5552739379077604e-06,0.0005913128608095785,5.94067572571511e-05,0.003420504990864753,-0.00040419748032319975,-0.0005201909679966784,0.0030247089973551777,-0.0020069266997394795
2024-12-30,-0.00034424650230025205,0.0016376343578930206,-0.00022112917258103825,0.0037437129030911277,-0.0003669121054980436,-0.001384837780427068,0.0018898784083840859,-0.002309069546879769
2024-12-31,-0.00013683490446332407,0.0011803781894256919,-0.00013248968010248817,0.003415055276224168,1.9833257488566735e-05,-0.0010994873202683942,0.0024492492537141566,-0.002037573557030668
2025-01-01,8.963140924301823e-05,0.0008669237923528135,-0.0005129689523383123,0.0031520687441291976,0.00012980619054097937,-0.0015335870637766705,0.001109531335005584,-0.0020921950753129835
2025-01-02,-0.0004698321666855372,0.0011707870034933794,0.001051622252713803,0.0028195365553668763,0.0005109365590848845,-0.0022464608852740954,0.0003922832972124815,-0.002443849195009074
2025-01-03,-0.0011722464897167524,0.0006672300599324131,0.0017516918763204586,0.0026616541245965937,0.0013615089731393987,-0.0017437272435136182,-0.0005292491534835565,-0.001473924899524426
2025-01-06,-0.001235087645023138,0.0009351518922481067,0.0016407582143437222,0.0034283167645696166,0.001411046440235568,-0.0022916208573211267,-0.0006959147004377093,-0.00198541420628521
2025-01-07,-0.0011288400752764106,0.00046029042388582024,0.0009494261049839318,0.003565086020390355,0.001056668990701697,-0.0025307777363509634,-0.0005381201682604119,-0.0015857549600055987
2025-01-08,-0.001463212298954387,0.0005442887196680354,0.0010158419156454396,0.0033091372667485956,0.0022594988570898526,-0.003219891226363346,-0.0008212270714984984,-0.001477806073520914
2025-01-09,-0.0016220031217263962,-9.179016874746176e-05,0.001209702858839667,0.0033603442786749984,0.0029504780786015496,-0.003598639082035514,-0.0025070160321460128,-0.0018408695840556179
2025-01-10,-0.0019478973375074062,0.0016138981325880737,0.0007031828586362039,0.002565017507513622,0.00269168212248838,-0.004163079309162611,-0.00367561955223777,-0.002385460414800222
2025-01-13,-0.0019463253913565778,0.0011175971860049201,0.0002811598680236391,0.0022220474286904486,0.003156816020774651,-0.0055871820633298765,-0.00613597032106672,-0.0031017466602728076
2025-01-14,-0.001358296518170377,2.4639344725614718e-05,0.001242838035819265,0.003263995436064764,0.0021123848815734515,-0.003147830885679818,-0.005308170050334973,-0.001721039991523956
2025-01-15,-0.0016030996853659395,0.0004857945909842857,0.0006874305913742553,0.0022859633458940944,0.0019215225643591277,-0.0028753338094713093,-0.006370706142092312,-0.001343888320578461
2025-01-16,-0.001270529728055577,-0.00034454735746378444,0.0009020913849755814,0.001690637069758707,0.0010009527758107883,-0.0021338133307068573,-0.006854012660053281,-0.0007845932652407201
2025-01-17,-0.0014051557517223592,-0.001802447371042089,0.0010693477776094564,0.0014580476011762985,0.0014349276633502804,-0.0009681180332318097,-0.00605612053086165,0.0002543203479459745
2025-01-20,-0.0008775939699953337,-0.00179654366389134,0.00039128315960491357,0.0001282820648067786,0.0008648982889863508,-0.0007479819555336051,-0.006133014008783115,0.00033504830318116963
2025-01-21,-0.0009484190640089382,-0.001160437954111266,0.0005627183214723813,-0.00017811763646566206,0.001168779675739653,-0.00039377538044325726,-0.006308869048959829,0.0003216236512092335
2025-01-22,-0.0012548567971928475,-0.0001496709980926428,0.0006123332766248966,6.758359970407239e-05,0.0007549368003073643,-0.001096315499218256,-0.00916148692148423,-0.000640194257348063
2025-01-23,-0.0014632607282397494,0.0007128162647374174,0.0007089124978580368,0.0006026220689093689,0.0005019114122804146,-0.0005998850626289188,-0.008802288645667854,-0.0006230811750687201
2025-01-24,-0.0013446054221472308,0.0011848194449737698,-0.0001528193834508017,-0.0004569537802975685,0.001177959350252458,-0.0006862849989467436,-0.009746029224040775,-0.0013018102705853328
2025-01-27,-0.0011025642984840481,0.00016601733533579827,-0.00037537967875279606,-0.0016810198208808322,0.0013390347731785102,-0.000980945715501222,-0.009314355212366097,-0.001693472024761895
2025-01-28,-0.0005850369340445153,-0.000982698569840859,0.0003392585759003288,-0.0038867269317493895,0.0004055329921447033,-0.0011648349814447282,-0.00815911057763321,-0.0026834570106303145
2025-01-29,-0.00063317189727247,0.0005127278590851608,0.0004608496790262216,-0.00382760470817204,-0.00041209546073142276,-0.000936564058581089,-0.0071060237662661915,-0.002646495371714093
2025-01-30,-0.0006593731161544743,-5.0613102580999384e-05,0.0002892104903466085,-0.0033322626206386497,-5.1695363068951245e-05,-0.0009677372871781671,-0.006246333450938615,-0.002019791617189874
2025-01-31,-0.0005414671192520968,-0.0004904896353275655,-0.0009753245385783654,-0.0031214986968768057,0.000542732304255304,-0.000441979484621143,-0.004940475806237866,-0.0011326169126404408
2025-02-01,-0.000279149675857518,-0.0001246742890732256,-0.001263330703337999,-0.0028419732669277917,0.0001124054391077842,-0.0007882141864429607,-0.004953177058080363,-0.001679769241661566
2025-02-03,-0.0001665371617424453,-0.0009900994711323921,0.00020120445646932379,-0.0031530449802298936,0.0011053900841960953,-0.0012052876176976528,-0.0025109821854284366,-0.003119815200193856
2025-02-04,-0.00010486984151349024,-0.0006324136429629877,4.4331731959146905e-05,-0.0032299092884873265,0.0004008838340888115,-0.001526459512796531,-0.003205636900415542,-0.0032377756846554565
2025-02-05,0.0004681778531482168,-0.0008358858009212482,0.00028371079519616603,-0.002439987384264881,-0.0005053335830762042,-0.0004428675376279706,-0.003971101714631759,-0.0025344790095368237
2025-02-06,0.0006824486173342985,-0.00027192765894066775,-0.00016827051984544448,-0.0019785871664462977,-0.0015450920284204722,-0.00035528347538648513,-0.0038468396581702287,-0.0021098587421094443
2025-02-07,0.0011118135163713744,-0.002097021381664893,0.0006458137518732042,-0.0009112502313784602,-0.0019614233019977483,0.001564810969476193,-0.0025695836375080913,-0.0015849562689860363
2025-02-10,0.0012789389682178692,-0.002148625251208345,0.0009231748354118967,-0.001125557060372468,-0.0019441973283302052,0.0017762749657353426,-0.0011748564171673629,-0.0013610193561267713
2025-02-11,0.0008690552234242798,-0.001009496490994409,-0.00032887465996604833,-0.00187744170799686,-0.0013808269962656986,-9.70778555294154e-05,-0.0022162674216061125,-0.002908565177757515
2025-02-12,0.001051368464093527,-0.0015206993099346421,-0.00029864802619547286,-0.0014893037432914542,-0.0012324035599065974,0.000273558179325419,-0.0040670477174661514,-0.0033169400937068227
2025-02-13,0.0006546016016205753,-0.0015353452616544117,-0.0005128982456633054,-0.00048448100016936033,-0.0011130055122010787,8.948945398699995e-05,-0.0037718869634020486,-0.003767699802189126
2025-02-14,0.0011106667751707927,-0.00025841869986856865,-0.0009669416858122211,-0.0022122905226442903,-0.001762365884116594,-0.0013395473799689456,-0.0052397012764636,-0.0054460905313566755
2025-02-17,0.0007036363398538198,-0.0004882600951625109,-0.0007442938121939548,-0.0016439962713395732,-0.00165567083327309,-0.0012588327858865473,-0.005315403038507973,-0.0053514721999829845
2025-02-18,0.0006680023357213439,-0.00010312604894255445,-0.0008810145123718176,-0.0018666013806992122,-0.002604597653015394,-0.0014043582444273226,-0.003911236884837396,-0.004896900679826532
2025-02-19,0.0012791058264512477,-0.0014409449361805532,-0.0005453756944771382,-0.0022410699921376867,-0.0023955899281593983,-0.0001687624460445344,-0.0006035125374328394,-0.003361492203115569
2025-02-20,0.0013285397641205814,-0.0022084786926675993,-0.0003449556194848202,-0.0028374780444208854,-0.002431738109764802,0.0006450643165342891,-0.00040457223073189004,-0.0024402876274765397
2025-02-21,0.001215065134636218,-0.002761871560515201,-0.0008355206101898058,-0.002737152038446941,-0.0028831325623938347,0.001569693048829715,0.00010737046170260602,-0.0018401976387983766
2025-02-24,0.0011571226527233866,-0.0024767260674003165,-0.0003358031003934339,-0.001483859987658091,-0.0023944499743635134,0.0019146422168141435,0.00018532936119953233,-0.0011819219131906228
2025-02-25,0.0006049246690169227,-0.0023076275038013973,-0.00044670657654659785,-0.0004128244217513335,-0.0017811874702096477,0.001644846171974555,-0.0011861940839257385,-0.000575772973855419
2025-02-27,0.000877221194925173,-0.00333200615839727,-0.0014255003335967237,-0.0009289295600508128,-0.001473559130231256,0.0014374868338637838,-0.0031283525112321144,-0.00164636760027754
2025-02-28,0.0014180563463015014,-0.0037477995975182523,-0.002065644894103962,-0.0013502947355586875,-0.00200698335086348,0.0018972666866400297,-0.0035731307762735896,-0.0021859726505029193
2025-03-03,0.0014644752909295713,-0.003096697859593148,-0.0022156970651868186,-0.0006943610678860454,-0.002337688702682145,0.002425174358098324,-0.003353929235871733,-0.0029021725551216567
2025-03-04,0.001619615681148944,-0.003500128441592395,-0.002817631706910399,-0.000810492830108939,-0.002558593706684147,0.0026306834274927708,-0.0032810375612346873,-0.0025094989761610506
2025-03-05,0.0014314606542265072,-0.002896415594468483,-0.0033334564910562146,-0.0007014487188997521,-0.0032518753283553603,0.005132524272769109,-0.004422117491022006,0.0005113300600443262
2025-03-06,0.0009831488880978154,-0.0030910114010248243,-0.003059976067627856,-0.0005031836725886141,-0.002242726709365085,0.005713087146556748,-0.0044406088191232245,0.000738826993662195
2025-03-07,0.0005773659553219477,-0.003632195832411726,-0.0030128845053789205,-0.0010049319743079639,-0.0015974844568248095,0.005099504912671157,-0.004223200372975127,7.879571791682277e-05
2025-03-10,0.00027194444995374536,-0.0039935110197539345,-0.0031468322814321085,-0.0015874398961076724,-0.0010246026437359043,0.005056935560452395,-0.00414349364602434,-0.00023756567720736345
2025-03-11,-4.357801340996569e-05,-0.004360794749922436,-0.0038034886041737096,-0.0017242490190917128,-0.0006169167833468912,0.0038935428295579872,-0.0026612436212088363,0.00018911979850442075
2025-03-12,2.3028158739817756e-05,-0.005710295479409634,-0.0031650038961461794,-0.000917683877425995,-0.0006931472307071147,0.0046324056299486185,-0.0023125233847129103,0.0010328193252609344
2025-03-13,0.00010069118226662972,-0.005729687613695205,-0.0030505304229707635,-0.0005603852114263428,-0.0003129748086793398,0.004576131765209994,-0.002187630487386758,0.0014831112923230653
2025-03-17,2.619782167583712e-05,-0.005733992701429259,-0.0025580113108038126,0.0001245729659224233,-0.0006529427626645835,0.004333098882607319,-0.0013377186154299842,0.0016401748150099726
2025-03-18,0.00036549888745145256,-0.005336544566728806,-0.0020156297160413787,-0.00045593114709651126,-0.00034673662408438616,0.004233506932536402,-0.0009522241447879162,0.0017282302284684398
2025-03-19,0.0006263872272434547,-0.0062133166713321366,-0.0016009866248957942,0.0008033686845075455,-0.0008181007430317885,0.0053300688756378846,0.000834486028638374,0.0032998413953290472
2025-03-20,0.00029389591491766855,-0.005868235919368576,-0.001195661523521387,0.00011709467665532404,-0.0005554233556685857,0.004991037398652662,0.0008138418815819594,0.0029065209690181783
2025-03-21,0.0006058465255072844,-0.00664199841154176,-0.0009708560845354475,0.000635050312197132,-0.0003768552709340623,0.0043426939318664,0.000891974605496873,0.0030568310840552644
2025-03-24,0.0005248629393231371,-0.0060047290550979985,-0.001200999205645857,0.000644196653309653,-0.0006962493266801387,0.003405021834917494,0.00017643957652580802,0.002548694188254672
2025-03-25,0.0006005069944060866,-0.005375929728250089,-0.002278008461712223,0.00015807937081221968,-0.0008277860636807957,0.0017464059047140473,-0.0011125334202523262,0.0009840562860321878
2025-03-26,0.0006961334148675579,-0.005346886365828063,-0.0009002186258293399,0.0008027087198433159,-0.0006149743661771447,0.001203437972116443,-0.0009980714803285071,0.0009499324377591999
2025-03-27,0.0006352272999596239,-0.0044924617048267765,-0.0022229542951492064,-0.000119619639213581,-0.0012499772190765167,0.0018504813823871573,-0.0006938342053003405,0.0014402319472535071
2025-03-28,0.000802280351532601,-0.004823028642443189,-0.002823373209967793,3.5069162043612455e-05,-0.0009886899831261006,0.0023708002362053757,-0.0006101839390859707,0.0017574341514263458
2025-04-01,0.0007001134486206975,-0.005065171840499122,-0.0015171383253150263,3.308157816163957e-05,-0.0003452836886861004,0.0024523033406578533,-0.0003898591700020307,0.002625710545085701
2025-04-02,0.0003392474810340611,-0.0038698546733264886,-0.00046182852875135266,0.00013166363731108473,0.0002193488243906051,0.002212119854330956,0.0007410739681342885,0.0026434684492327217
2025-04-03,0.0009539070478603168,-0.006136139588582817,-0.0009448274598431985,0.0011870376288115473,0.00037650378956171444,0.0014152575232988444,0.00025418662404267387,0.0029541769000346026
2025-04-04,0.0013713791823146424,-0.006810806416505461,-0.0009848985456658089,4.007935906630939e-06,0.0012786462918573912,-0.0013609753779535412,-0.0009053256751389489,0.001412683813664543
2025-04-07,0.0017029280588937907,-0.006912836578720749,-0.0019253706671940112,6.437462748316608e-05,0.002164056670206834,-0.004460717338784264,-0.00267439813902921,0.0008560950137315785
2025-04-08,0.0018281160109637903,-0.006529698792599801,-0.0018853738296176939,-8.739153984538598e-05,0.0021804549671996126,-0.005202396683889362,-0.0017875527605284338,0.000223709227276412
2025-04-09,0.002005958185593715,-0.006869203073363554,-0.0016873112284067774,-0.0006238639117964223,0.003323684375848854,-0.005811968037629236,-0.0018258006566749243,-2.0137884888967372e-05
2025-04-11,0.0019000751304626559,-0.007420156201772957,-0.0012451709217099175,-0.0002941064725645032,0.0025280184639792386,-0.00459300897377904,-0.0013464990281367324,0.0008833308699009079
2025-04-15,0.0025764604111656025,-0.00729114254600401,-0.0004463410163192433,-0.0003868663010595506,0.0017592482112688175,-0.004296423001026944,-0.0013800914634528364,0.000698764484941537
2025-04-16,0.0027623582876369957,-0.006133805875872204,-0.001160761143985718,-0.0009672875117191428,0.0018553230577138375,-0.004204286800680399,-0.0005246082621307648,0.0008109183842649166
2025-04-17,0.0028079856764524646,-0.006766937037562357,-0.001135353983890459,-0.0012984549281378668,0.0012134603090315243,-0.004658506254833376,-0.00039341921355724296,0.0003819819096779718
2025-04-21,0.0030921383996149886,-0.006017400014694656,-0.0008754811232965284,-0.0018376602370859573,0.0005445227847417494,-0.004346861102827984,0.0005400480483138915,0.0009811702541456745
2025-04-22,0.0030513813024477406,-0.00631839036900576,-0.0012251152790571686,-0.0018121132521156645,0.0013987649384555926,-0.004659897239511244,0.0007975134632412259,0.000657339778611773
2025-04-23,0.002275396187057733,-0.0039419427733687114,-0.0004604072017139146,-0.0015489015956827812,0.0017510603102250354,-0.005056782443396412,-5.5802307979051745e-05,-1.5225546675918297e-05
2025-04-24,0.002532273491064623,-0.003932735498236635,-0.0005085678622681149,-0.000726448411802074,0.0013780037320177355,-0.004769866710798491,-0.0004906682882412047,0.00030664686365019416
2025-04-25,0.0023002023680859796,-0.002887919485413751,-0.0008654801391487666,-0.0017013618062507539,0.0017003075590859837,-0.004782315275199021,-0.001572696396659553,-0.0007046684916870212
2025-04-28,0.0019850277594577405,-0.0036022444838483807,-0.0004393474992639132,-0.0010315097199664219,0.0016076848829369422,-0.004370602799507892,-0.0015726457913445477,-0.0005182712787646315
2025-04-29,0.0020448894824531827,-0.0036352842414898545,-0.0001096473813306405,-0.001028348115928368,0.0015818924298521848,-0.004147298438174706,-0.0009913762789315302,-1.1328199163160042e-05
2025-04-30,0.0017885279837305348,-0.0036958094656662673,-0.00046483144117293995,-0.0007783226105927779,0.0013217128322312818,-0.004467621885418108,0.00016477854811697604,-0.00022443829556744095
2025-05-02,0.0016611406916405263,-0.0036480284226149177,0.00017422127573498282,-0.0007174858979823645,0.0010884778555013265,-0.004956500620826129,-0.0005171830182544627,-0.0008594959177740053
2025-05-05,0.0011316912818147967,-0.003039187466246483,0.0011700558902536997,-0.00045295415029374185,0.0010147558225534522,-0.004520614198267195,0.00010534267824998376,-0.00045540867797747605
2025-05-06,0.0006898005181416055,-0.0025798229564851843,0.0008230185546423859,-0.0007152865251651259,0.0008437927856415101,-0.005104816632542204,-0.0006891700793347473,-0.0017476198105921509
2025-05-07,0.0007749593556787607,-0.0026377533665819125,0.001490766146218602,-0.001014387702112016,0.0003353770026246509,-0.004700677794928209,-0.0015772129384349883,-0.0013343240941870661
2025-05-08,0.0004368548442362061,-0.0003756861245613958,0.001230271714178876,-0.0027425201245198857,-0.00013170799545967954,-0.005203708216252042,-0.002612841431974366,-0.0020873774298750293
2025-05-09,-0.000344271475481368,0.001011418676940871,0.0022459443212308507,-0.0010700041506007797,-0.0006725380441696407,-0.002206252051003041,-0.0022002751879083744,-0.0007482981346199785
2025-05-12,-0.0005928243954191337,0.00195597508459932,0.002323332981828189,-0.0030287854946851743,-0.0022619600652483275,0.0004811641635823049,-2.0533640986942006e-05,-0.0008115093768649691
2025-05-13,-0.00012821690368688618,0.001419581867595855,0.0025411903300012048,-0.0018905376474609333,-0.0023803112652373403,0.0007995547923563716,-6.53576050813117e-05,-0.0002826621516530247
2025-05-14,-0.000454276038206412,0.002643416939944661,0.002463012769349537,-0.0011352530377654354,-0.003664863284425662,0.0022077367366968945,0.001187615705829803,0.00039120088603211874
2025-05-15,-0.0005446968356781086,0.003015226302844314,0.0025594910108892397,-0.0017558997009753537,-0.0036445791889991603,0.0012709392155075255,0.0016450866608639161,-0.00029487244993335344
2025-05-16,-0.0007018912198420626,0.0029549201988025237,0.0023777266511259216,-0.0017187202169111958,-0.0023506892871528622,0.0008398095071722109,0.0009105242620640842,0.00021159435752940957
2025-05-19,-0.000948806212864636,0.0026647422188975037,0.0031410479460623414,-0.0010338651978910594,-0.0024570172381214194,0.001108096983066199,0.0019951813799715893,0.00010806958861969392
2025-05-20,-0.001120990726073527,0.0036440618348431977,0.0029474405665156278,-0.0008964993160315796,-0.0020280436960468475,0.0020390191203854087,0.0025552270023807633,0.0006199797450089377
2025-05-21,-0.001536708518302681,0.0031890791412348216,0.002583952155271783,-0.0005149402228951021,-0.0010993359350357954,0.0016195621142964672,0.002604435316460216,2.489381535614589e-05
2025-05-22,-0.0014718391786370166,0.0033097574889126803,0.0024045156691400405,-0.0006783617576302176,-0.002211409685508036,0.0018588461671655036,0.0017226076957087303,0.000282088731017617
2025-05-23,-0.0009908760375229079,0.0015867883207608853,0.0012466546005414259,-0.0016872852486018541,-0.0018470960642795057,0.0016981674465993482,0.0010680232351385488,0.00017938919796860252
2025-05-26,-0.0011404836044954225,0.0017719289854040178,0.001423021387885718,-0.002494851439957047,-0.0013235746645039047,0.001612096163656639,0.0016599076678711212,0.00010004345395406701
2025-05-27,-0.0009374518174870089,0.000994639771325556,0.00181502290676771,-0.0014397992280830295,-0.0015208447721430285,0.0023345353047463666,0.0030559956486377526,0.0010913010645460426
2025-05-28,-0.0008362392553556538,0.0017666173838250434,0.0014325680281753524,-0.0019549775261311648,-0.001599725662153162,0.002097635957821111,0.003027967753712499,0.001002741065499967
2025-05-29,-0.0008310537557863325,0.0014070055223134267,0.0016468061894989194,-0.0011561168214446376,-0.0016810200005132796,0.0029865062463662836,0.00355097084831895,0.001132365921343401
2025-05-30,-0.0002388303241854995,0.001180879178551328,0.0013151020364655674,-0.0015363044373731354,-0.001798976078056885,0.002469278879508998,0.002488519142262384,0.001416250142109706
2025-06-02,-4.199519401920887e-05,0.0008094811825535049,0.0014549413657365426,-0.0012346153563689375,-0.001160021506556022,0.0025761659831341323,0.0038963529319792117,0.0017222139758405787
2025-06-03,0.00042826968054811634,0.0009193624193859908,0.0010218705320331426,-0.001088986104115557,-0.0014083332347846942,0.0026486716927841825,0.004711799858015644,0.0011537701913274967
2025-06-04,0.000749838183682109,0.0009306715605548968,0.0007624319731191492,-0.0008286784556110899,-0.001613843278027314,0.003045505541464232,0.005801863156010026,0.002222963174080548
2025-06-05,0.00034046860609885385,0.0008971364123575966,-0.0002577213128135595,-0.0002502907482669724,-0.001464704211616449,0.002677858570160468,0.005916175199354578,0.0017704912144996515
2025-06-06,0.0004902157308411372,0.000269908676464235,0.0006197653190265836,-0.00014253354527359843,-0.0015952022446892602,0.003818495515821279,0.008527407473977462,0.001867836078568415
2025-06-09,0.0006745076122590334,0.00019293843265085668,0.00023512332113246204,-0.0004477552996434292,-0.0017889075088975985,0.0035040237192841637,0.008891443374492394,0.0019989833258896514
2025-06-10,0.0007178619767088585,-0.00032010519989244266,0.00038229906257558085,0.0015284359831657904,-0.0011005283484392216,0.0027373011792453704,0.0073838233012782075,0.0020392562623462486
2025-06-11,0.0002200413067588627,0.0007099758824423953,0.0002149724237021102,0.00045136062504714993,-0.0015146589346263348,0.0023580044730014005,0.007036162186137116,0.001699384070886058
2025-06-12,0.0006752053064493384,0.00033191852203548326,-0.000313408024064486,0.0007908225301209408,-0.001491415582567664,0.0011089374474451004,0.00591406993107071,0.000752628387259861
2025-06-13,0.0008046958127716933,0.0008748545547349555,-0.00030761545566499414,0.0013872617357620692,-0.0011917575403686373,0.0009085676180996094,0.006117470433952615,0.0011634902914330267
2025-06-16,0.0006445764823086168,0.0015004141625488854,-0.0010375038702214413,0.001025660435577375,-0.0017225708683654254,0.000942276651548107,0.005454434021367084,0.0005989968269621481
2025-06-17,0.00042751427326316366,0.0025047177515571833,-0.0014865670588165973,-8.235073109727362e-05,-0.0017406318666257385,0.0002465590011640854,0.004116170042635182,0.00036930510648381916
2025-06-18,0.0005719055924682593,0.001934500088939488,-0.0006915309206446767,4.6027954195580485e-05,-0.001756156786378896,-0.0002351408536097995,0.004001199517172055,6.470875254104686e-05
2025-06-19,0.00047115082417328164,0.0014446725129386153,-0.0004975792083535285,-0.0005829795503210148,-0.0017936938866749995,-0.0008364597943757246,0.002704632968706073,-0.0004624536081085443
2025-06-20,0.00016048839376808213,0.0014689948549508267,-0.0005195416507239,-0.0007614374942493648,-0.0017985098225414293,-0.0011763372935959852,0.002913677219351218,-0.0006366263019012265
2025-06-23,0.00033791840266324735,0.0010424901058970943,-0.00033666457761047223,0.0001975575708994854,-0.0021841628579204533,-0.0004905290937540639,0.003477910224816516,-0.00026568253367642363
2025-06-24,0.0006742938707254462,0.0007077335230861493,-0.00041380568190455897,0.00029345780695966235,-0.0023939358982584267,-0.00031407632145640836,0.0033358160849619903,-0.0002890863434773168
2025-06-25,0.0002826955198253372,0.0011261840844688624,-0.0003324315543611478,-0.00018101066237589784,-0.002336873690388415,-0.0006209844463744675,0.002761210908521817,-0.0008762857958980766
2025-06-26,5.279540993096202e-06,0.0003983128986604892,-0.0004540562693643134,-0.0005935976126994646,-0.0020110551147741428,3.851354176520518e-05,0.0016431948471423235,-0.0011243053405210408
2025-06-27,8.219406821190342e-05,-0.00018829103718386747,-0.0006121550137969175,-0.0007751767898383589,-0.0019660930092648384,-0.00037778252557702494,0.000351073837636026,-0.0007903108922174899
2025-06-30,-0.00013533571481437055,0.0005813980365624678,-0.0003483478106996972,-0.00014510320146970696,-0.0017970751200328708,0.00028502747408041943,0.000378254045098441,-0.0005454978639608675
2025-07-01,-0.0002565235592469218,0.0006592739391445897,-0.0005600704033333118,-0.00014479793331616578,-0.002626230765927871,0.0006578762767628103,-0.0009331452554484554,-0.0008453675586778584
2025-07-02,-0.0005518145287029365,0.0008624391977885728,-0.000460949807347211,-7.739185253548666e-05,-0.002620279158946066,0.0011846880016613609,-0.0023620401216704456,-0.0006997015254044208
2025-07-03,-0.0005505011713078955,0.0009135504742174725,-0.000142005380799346,0.00032502379308863797,-0.0023730626210824706,0.0007651539953324325,-0.002125906195962044,-0.0006644060938786146
2025-07-04,-0.000273681291819178,0.0012240891873012796,1.1021826617585093e-05,0.00025474852436118377,-0.002120871571084988,0.000419611180989022,-0.0023720459924597053,-0.00044535950865155923
2025-07-07,-0.0005537840462289776,0.0011012919699710016,-0.00029947899967478636,0.0006068831954004368,-0.0009928932482255158,-0.0002827035526071235,-0.004029809606769723,-6.520706675357409e-05
2025-07-08,-0.000440986611159487,0.0008440087563313051,-0.0006373500674937955,-5.469704398873066e-05,-0.0012346528751766982,-0.0005862469675002803,-0.00341966995831263,-0.0004584887683720074
2025-07-09,-0.00021123003684519624,-0.00022899038977623065,-0.00033002388635365614,-0.00013830993497803757,-0.0009146907368887303,-0.0013312641266880385,-0.003497391747083027,-0.0006972367488202302
2025-07-10,1.338767263385336e-05,-0.0009064899328350782,-0.00018050953169791159,-0.0003609245339604203,-0.0005677455186378251,-0.0007670297281170438,-0.002903846085139712,-0.0006340865290648574
2025-07-11,6.931331255577086e-05,-0.0014573180967681343,-0.00033151261595043026,-8.972208908814884e-05,0.00019359152304006147,-0.00032335914478911647,-0.002604435327727338,-0.00026062633390769893
2025-07-14,0.00035447348687728936,-0.002198939336688529,-0.00023925609036091534,0.00021662746234330562,0.0005954083117721132,6.543806551518e-05,-0.002174680905298416,-8.591634489629036e-05
2025-07-15,0.000421754155088595,-0.0025261200114767087,0.0006083820712433966,0.0008607108096439762,0.000857780563910325,-0.00020104481586441514,-0.0022009850823388063,-8.100437849140155e-05
2025-07-16,0.0005452034785752738,-0.002779051883002385,0.0008982129249478857,0.0014097199984850152,0.001008008375398434,1.620949441735449e-05,-0.0018641511116272306,-2.931464468188807e-06
2025-07-17,0.000274278618615574,-0.0029377379954827016,0.0008181101294952598,0.0017784909316919655,0.0014748878819457489,0.0007876697754187779,-0.0009407482921061064,0.00044682289447400055
2025-07-18,0.00026549543099954853,-0.002248924602519289,0.0005898427465002591,0.002154516880460125,0.0015763243472421236,0.0018158826167029407,6.515528588464897e-06,0.0009405457292751872
2025-07-21,0.0006299894118608912,-0.002414389681308288,0.0007906698346181189,0.002023780769865175,0.001408788265168871,0.0021654420008523187,-0.000307743670136419,0.0009006049224990811
2025-07-22,0.00041870137883092757,-0.0021373915944180857,0.0006649487293863374,0.0013069659493834794,0.0013661113378261665,0.0015327333613323077,-0.0009564850124100417,0.000612524896447029
2025-07-23,0.0002945414430268912,-0.0021858894907084755,0.0006285247309541374,0.0012775616321556358,0.0008478229965142373,0.0011207784651174981,-0.002447028429176816,0.0004288435011879335
2025-07-24,0.0007184906632386283,-0.0033429796246423264,0.0008615832430403023,0.0019271164390575954,0.0006393928889788232,0.0016204677685582492,-0.002522135857575805,0.0006476594021852088
2025-07-25,0.0007783177876970355,-0.002961392251940448,0.0009865292008261301,0.0031760979429342542,0.0008780673826175231,0.0007461767393794322,-0.0015191864424748591,0.00010770316413375174
2025-07-28,0.0006712365950058829,-0.0026241872913255037,0.0011825155879254692,0.0035857916063209688,0.0014852867919973147,0.0004919117605064918,-0.002291351414854089,-0.00021318871568609872
2025-07-29,0.00040180152204993325,-0.0032700039474086737,0.0013483040316868053,0.0034996224965984984,0.0013230901405936243,0.0006878883104645628,-0.0016736736033563778,-0.0002154503004063598
2025-07-30,0.00020071616730992295,-0.0030000857486450934,0.0011413144495948562,0.0034781810261110694,0.0017478360280987794,0.0004702348610460357,-0.0020360802942762136,-0.00010366885120685946
2025-07-31,0.00042464260182429334,-0.0032973561208576195,0.0008105233685736259,0.002700311732816916,0.002484792328240034,-0.0007767626693098359,-0.0016210100153357507,-0.0003206869675725988
2025-08-01,0.0006060045877570963,-0.0038529333028326845,0.0004078451721810656,0.0011862537895491658,0.0030474083081328193,-0.0010499677436819216,-0.0018324002114412745,-0.0003692264454514063
2025-08-04,0.00020687879381639128,-0.0036789426629112417,0.0010165420763987734,0.0009076127108901164,0.0026072360484126677,0.00012900565452381965,-0.001627884681897517,-0.0007139421062562999
2025-08-05,0.0001953907184447227,-0.0034004741983277844,0.0014082744752874012,0.0006945824168230686,0.0016120317154730106,0.000603025312217727,-0.0017450935943736287,-0.0006142467589883239
2025-08-06,0.0002431643288688869,-0.004116636960043753,0.0015948384740141043,0.0004031058487212382,0.0015680489697368703,0.0006962654751808274,-0.002676701242100763,-0.0007659514698936019
2025-08-07,0.00024400137731648078,-0.0034610543022626887,0.0014020071455649666,0.0005374900834097883,0.001119337267033076,0.00129763600083791,-0.002154114697935073,-0.0008756347033577717
2025-08-08,0.00024052758670133523,-0.0033108727028820523,0.0010117044049188398,0.000422474249430968,0.001273726710494618,0.00048251749095261256,-0.0032842788010305586,-0.0008641220716218911
2025-08-11,2.626607245116556e-05,-0.0030721446668160227,0.0015454007925481028,-0.0002683978729623789,0.0005675005545142308,0.00011752013419689164,-0.002645971992322318,-0.0009222468693458469
2025-08-12,-0.00032357129220890023,-0.00229930611138438,0.001754946830449727,-0.0002735471624270222,0.00029306263401128354,0.0002321525195650571,-0.003589095510376306,-0.0008167112230643527
2025-08-13,-0.0004474488875355416,-0.002507008022250791,0.0015332281422262525,-3.620699112247619e-05,-0.00011056112783757724,0.0007670275128731466,-0.0038884326089914578,-0.0010016255579928068
2025-08-14,-0.0004370195821203728,-0.002606830633802363,0.0013227329478628736,0.00016881349448520135,-0.0006262275441408808,0.00036915226851338186,-0.004478837831425052,-0.0014215721503252423
2025-08-18,-0.0004787863734898096,-0.002876667793420058,0.0026273879921441417,-0.0006989886702161883,-0.0008600938116718857,0.0002652691728322657,-0.004704825442735547,-0.0021792654785698614
2025-08-19,-0.0003782053561999304,-0.0031839920688868394,0.0029926869603159336,-0.0011451241652658223,-0.0005489391618612035,-2.6882526871262785e-05,-0.004808792760582119,-0.0019868170607524284
2025-08-20,-0.0009841593457911625,-0.001681060885494567,0.0027966848022827665,-0.0011273002283448729,0.0004486105923171704,-0.00021240774514788742,-0.004510380828516785,-0.0018003095729915246
2025-08-21,-0.0008903607690016864,-0.0015327869437096117,0.00286114930038893,-0.00032064594738754525,0.00021024589085339568,-0.00024186023121493017,-0.003962844788712745,-0.00208189035278444
2025-08-22,-0.0010820764077051422,-0.0013225700158430956,0.003075148478247308,0.0003401627658952503,0.0006882572467304391,-0.00035793772909556605,-0.002403580643335378,-0.001750106231088305
2025-08-25,-0.001455948605703326,0.00036938459485322364,0.002750333295498818,-0.00019845189948526013,0.0006918786934342,-0.0005492499010486182,-0.0020361028278904594,-0.001918752919295711
2025-08-26,-0.0015436865911917861,0.0008239928188466306,0.0032257066607537513,-0.0011947188507712347,0.0016220140392522008,-0.0004983772360068145,-0.0025792976541958402,-0.0015415320901843931
2025-08-28,-0.0016140521571037549,0.0005081690613551089,0.0032537707504266536,-0.0016877348977877879,0.001108095086692889,-0.000196082130565577,-0.0012119885449539962,-0.0015073782386919921
2025-08-29,-0.0014623919874681643,0.0005032641177586959,0.0028537555586425397,-0.0019301096194084537,0.0018352670333823052,-0.0005453152991666804,-0.002192760736262462,-0.0016822473438960546
2025-09-01,-0.0014149047122062116,0.0007889684555383382,0.004134494616938983,-0.0023079092712736528,0.0014318143195718887,-3.820240266395544e-05,-0.00156308345066013,-0.0012914286537881712
2025-09-02,-0.001635033472204987,0.0009491354165416886,0.004097315727208754,-0.001886146267011138,0.0012052753330372462,0.0008687849800082855,-0.0010232190294328263,-0.0004917796363999294
2025-09-03,-0.0016352868922560407,0.0008316695727842477,0.004292529812538336,-0.0004021530871607084,0.00036052261820035267,0.002622947082487144,-0.0006359612583074071,-0.0006488037727927895
2025-09-04,-0.0013627626086886399,-0.00010381212191054538,0.004203385252427674,-0.0005374559173831664,0.0007888401822722758,0.0014282439841770804,-0.0015771365937416603,-0.000901258893879879
2025-09-05,-0.0012600869881366852,-0.000721289639267579,0.004464876655277103,-0.00027473285157886176,0.00029838792235106857,0.0015545734243688559,-0.0020675998013801834,-0.0010246826017558672
2025-09-08,-0.0014478569859997397,-0.0005444164712261482,0.006058208297366287,0.00036552279378542103,0.00042008764445227754,0.0017152874774344997,-0.0013306276480118482,-0.000926212091002785
2025-09-09,-0.0016572412031659845,0.00019554934473907154,0.0057872160043811625,0.000276438009017348,0.0004966750343197049,0.0015938344905334014,-0.0015514003058126594,-0.0010281987754760854
2025-09-10,-0.0015848812340585653,0.0012322510219039263,0.005191686637628003,0.000398199297840737,0.0004897523052039875,0.0019084725583734404,-0.0006544062331899998,-0.0009973359492732425
2025-09-11,-0.0015345764346686793,0.001162203654031062,0.004899669315596901,0.0005384268743037071,0.0005928907691229883,0.002193687575406281,-0.0011617753699017565,-0.0005107494357042027
2025-09-12,-0.001406392535228773,0.0007297647524610595,0.004455148510955898,6.624115909339284e-05,9.645338411685815e-05,0.002056355611024152,-0.0011789438801086247,-0.0009313955703073099
2025-09-15,-0.0011162884530640043,0.0007692768011564132,0.004079715409241801,-0.0007153008917119917,0.00045353098683578177,0.0018368986129671935,0.0001796337926810804,-0.0003311124584475713
2025-09-16,-0.001328215075706906,0.0006879705678062428,0.004470307774659861,-0.0009191225954526774,0.00033354060792528347,0.0025991433922231974,0.0007498651643349991,0.00016352499260162217
2025-09-17,-0.0010667561873968462,0.001568679275209104,0.0030801018952980727,-0.0006448775000638334,7.619767398109952e-06,0.0017825590634135394,0.00022219717545893247,0.0006151364537526488
2025-09-18,-0.0009544863432523406,0.0018188748250073518,0.0025431401281557826,0.00024600084007365497,-0.00029836485190656,0.0016050307901635755,-9.761860439758238e-05,7.732181714432767e-05
2025-09-19,-0.0007280521394242032,0.0006478395382927574,0.002642211469319917,0.0010067659974750077,-0.0008524498401882932,0.001882975353902601,-2.2515650772460087e-05,0.0006886991886758475
2025-09-22,-0.0006283357121624924,-0.0005238101690402254,0.0029978802279908377,0.00017745352616029366,-0.0004758811883621209,0.002388125260219408,-7.096808534366034e-06,0.0015423034767155712
2025-09-23,-0.00025970656721676467,-0.0008281806386979917,0.003035999012825366,-0.0004969675431411132,-0.0009609384582926487,0.0031117257701265364,-0.0003765469529208274,0.0012158634083070197
2025-09-24,-0.00018510224898732805,-0.0018880225444072838,0.002708762194776696,-0.0005590788105209909,-0.0004293018950085395,0.0028762458448216488,-0.0015322104978247517,0.0012076923365162955
2025-09-25,0.00011428622898649801,-0.0023868478773649542,0.0022874506499258743,-0.0003699417630138825,-0.00126665509812474,0.0036061920939997926,-0.0014210430598138337,0.0014452225063216464
2025-09-26,0.00020281244824902706,-0.00275798311737474,0.002100709664504122,-0.0009601348612125614,-0.000957913978483324,0.00308311397491069,-0.0011335448066890263,0.0012967895123229727
2025-09-29,0.000305565291215334,-0.002461970794193595,0.0023313208907168124,-0.0011273107497915863,-0.0014293106652151296,0.0034336091001668494,-0.00018561949718125766,0.0015792806460934432
2025-09-30,0.0005822662992055246,-0.0028360617672729097,0.0016369000523916875,-0.0006880872411981952,-0.0012309224562438578,0.0036369270649564537,-0.000637959037991316,0.0011898536533063928
2025-10-01,0.0009792198681907215,-0.0030015640039752233,0.0016589368768159265,-0.0004650389298364836,-0.0019426293848488567,0.002971633509710601,-0.0009808442975486175,0.00044829996685362286
2025-10-03,0.000977675256028859,-0.0024366549071777395,0.0014287347609248696,-0.0007868183065134747,-0.0018716656122964883,0.0025239837007140758,-0.0010748759175436698,0.0006754325494355783
2025-10-06,0.001097902826923831,-0.0012297637378320086,0.0008975921421313721,-0.0009519258228567818,-0.002394300819917239,0.0020816359613708164,-0.0006915564346461166,0.0008268196415221885
2025-10-07,0.0011322330342989316,-0.000600669982609786,0.000394483300762461,-0.0008093801455516579,-0.0020124101633409884,0.0015790288958064638,0.00033478092338563414,0.0008984034843659106
2025-10-08,0.001060888569916231,0.0007405804314408507,-0.0017042786076186109,-0.0008669104192663326,-0.001969282622020672,0.0014868383985184063,-0.0005844047038391406,0.0005696509946202569
2025-10-09,0.0011086555240759374,-9.542868544028975e-05,-0.001650790664780157,-0.0008481039897565447,-0.0021289369370391343,0.0023535390783404686,-0.00016476551245074122,0.0007670294789554118
2025-10-10,0.0011854412635151541,-0.0013541722255312736,-0.0007922166859819836,-0.0003850853340913876,-0.0022018894911168996,0.0017972325604427046,9.566254639209839e-05,0.000595962110374172
2025-10-13,0.0012528500799407068,-0.0013187588747790829,-0.0005031220958013933,-0.0004611294604805376,-0.002546282704178862,0.0016000664629669164,0.0002747224748083277,0.00020598780781205464
2025-10-14,0.0013840187678546263,-0.001256008879123703,-0.0004621299587787832,-0.0007076672570977907,-0.00207478723543396,0.0010508150547015281,0.0001552096760495131,0.00011362137613957538
2025-10-15,0.0011498877531494927,-0.0011490818401603355,-0.0005733283699018149,-0.0007849951882426107,-0.002023349836010731,0.0010681316346634168,2.9207436691395183e-05,-0.00022027656412577972
2025-10-16,0.0012762003356704254,-0.0015529192916328843,-0.0008203474408899549,-0.0009950970456555173,-0.0011109287527916816,0.0008264308613117916,0.0002505089959412745,-0.0006115420644841231
2025-10-17,0.001159590384622742,-0.0027047422173938048,-0.0008236994067822132,-0.0006817836074246993,-0.00045922081713108874,0.000598751556126768,4.471402709926853e-05,-0.0009396333932060315
2025-10-20,0.001151175592214533,-0.002706638253949441,-0.001030812213838742,-0.0010638750681987307,-0.0007164423478819588,0.000339550906588038,0.0002337118827721856,-0.0006159852503002247
2025-10-21,0.0011318551101465377,-0.0027016551056009523,-0.0009894546496301787,-0.0013675453882096172,-0.0007239038571735033,0.00013628103953422185,-0.0002960726484117581,-0.001143010679866036
2025-10-23,0.0010627168276127817,-0.000514728436122534,-0.0011715724578000694,-0.0010391807659061456,-0.0006378435133887497,-0.0002848691741797289,-0.0003810577791927355,-0.0017811900240018008
2025-10-24,0.0006732393471373776,-0.00018351709095817243,-0.001542345712274159,-0.0010449882702879834,-0.0002592496825089669,-0.00015337824686678138,0.0002459141474138568,-0.0014348610351407325
2025-10-27,0.0008204937882359418,-0.00017748698497927363,-0.0012478408232602207,-0.001419535358071859,-0.0008027582870815775,0.00019162196983627325,0.0016099404730108245,-0.0013320477290517346
2025-10-28,0.0007660892578361818,-0.0001840087761176717,-0.0012702532847728874,-0.0013707232547408626,-0.0011009208169753702,0.0004071372130960791,0.001636675181287231,-0.0014183187231127249
2025-10-29,0.000747377809208086,0.0006314993302849723,-0.0018009068091474772,-0.0006265318633860441,-0.0011179675867730148,0.0014720704757293095,0.0017417236902820999,-0.0005972030339286699
2025-10-30,0.000679572795683855,0.0006856748238964565,-0.0016412787397230898,-0.000553370189267778,-0.0011477904026307574,0.0013752599458920459,0.0016308369618413675,-0.0005799764109986579
2025-10-31,0.000558870265894745,0.0007228083483702507,-0.0016250094136549794,-0.0005281981680562591,-0.0008163943808652341,0.0005454166720296944,0.002095045607346781,-0.0003969540777455042
2025-11-03,0.0005668761751069634,0.0006486272113461194,-0.001615125633386249,-0.00021621561709872657,-0.0008476607638544423,0.0008256652533173367,0.00297993959292492,-6.31421353173994e-05
2025-11-04,0.0005525296669537955,0.000496026673316854,-0.0015821456707241313,-7.805090703723945e-05,-0.0007733578747208484,-0.0003093826344630734,0.0030825958130119746,-0.00012723742591286107
2025-11-06,0.00040114177574996723,2.2691819923671306e-05,-0.0012242222116785272,0.0002047540691706085,-0.0002510203844457297,-0.0003648451907333273,0.002547117929530713,-0.00018473850303718932
2025-11-07,0.0006439015609323876,-0.0001660061720090317,-0.0009958172010614697,-8.595814605710827e-05,-0.0001408321597932739,0.0005272722640114878,0.0021122664326360123,-0.00029468173950731533
2025-11-10,0.0006104022482268405,-0.0003814331178718115,-0.0003917535123803532,0.0004590640961463254,-0.00026118203374955946,0.0006133595063970371,0.0026063991878354817,0.00012733438768555662
2025-11-11,0.0006606592637790511,-0.00031228212112493874,3.415768184317181e-05,-2.896331187399908e-05,-0.0002559295779650632,-3.668020957830239e-05,0.0022090661080507107,0.00014214115225704164
2025-11-12,0.00028108963044204513,0.0005390107890115559,0.00024312411627577628,-0.00030186741444280065,-0.0006141442108533793,0.00018726244751049188,0.0010451425755051516,8.859008652664451e-05
2025-11-13,0.00024034462870780888,0.0005692360326438931,-8.95780898567595e-06,-0.00019274357008871755,-0.0005466211715421995,0.0004843771175661515,0.0011217784415371876,-1.563927719189077e-05
2025-11-14,0.00024747293902734817,2.0583930623154292e-05,-0.00036701681074510295,0.0002336397535824676,-0.00025755409538703476,0.0003202734628140339,0.0013230845392941254,0.00016729178218418891
2025-11-17,0.0004996014968657394,1.1697888303595578e-05,6.307727106774933e-05,0.0004380256161993824,-0.000479174609458832,-2.372639917754254e-06,0.00025310430118788093,0.00020680847439396959
2025-11-18,0.0006084906698550755,-9.054750216148304e-06,-4.143653580238548e-05,0.0006967032064732951,-0.0010206031676644814,-0.00015623489313486467,-0.0008822206669124858,0.00040231267070598776
2025-11-19,0.0005932741200738818,0.002140004344424606,-0.0002720817329846689,0.00037268546054579506,-0.0016814773620202265,0.00022458274931904114,-0.0011279952681207085,0.0003500746807718737
2025-11-20,0.0004278064299734289,0.0016666663534779047,2.4604196204153737e-06,-0.00011611729764929692,-0.0016338743715194107,0.0002600488556328465,-0.0014268960797691223,0.0002483509632421613
2025-11-21,0.0003352856114969915,0.0017263904342458341,0.00016967663737124785,-0.00022812513385969563,-0.00130415867938869,-0.0007875404374463362,-0.0020093736079593943,-8.852105149291978e-05
2025-11-24,0.0004918253972376839,0.0011245265865287145,0.00026424395811330836,-0.00010136737052835799,-0.0015160039182051043,-0.0011778783951859227,-0.0028481061281139977,-0.00038151626369816794
2025-11-25,0.0007508252104816302,0.0009342534069720306,0.00030672287663338204,0.0003297519673247447,-0.0012732362366338972,-0.001443393117767493,-0.002210129843721268,-0.0005362875370662882
2025-11-26,0.0007078560958878276,0.0011644443479847755,0.0003131601391276395,0.0007269864807395428,-0.0012764664717918703,-0.0012926292062206894,-0.0026418961876665606,-0.00019143517122537063
2025-11-27,0.0007198037566530083,0.0015505342231291377,0.0002818399054342318,0.0007821085111888198,-0.0010559914881179727,-0.0019817379076134565,-0.0025547711480198576,-0.00037945617264819
2025-11-28,0.00083078998122765,0.001433077794359935,0.001165473298705165,0.0009183488928799704,-0.001136999548562584,-0.0024617248745660725,-0.002704950870106266,-0.0013309482662063042
2025-12-01,0.0007902127387874704,0.0015859608114126768,0.0014764058802536927,0.0006976131410598931,-0.001262899424390159,-0.002243779976438408,-0.0034886202430027,-0.0016749435701771493
2025-12-02,0.000647817949971714,0.0018076211149359246,0.0014628134533458599,0.0009708556877845714,-0.0012683550488771294,-0.001919132014983809,-0.003444818852819169,-0.00165477636558259
2025-12-03,0.000601286675845647,0.0024064627787320297,0.000992194729495643,0.0005673191049792132,-0.0014423922218101,-0.0021746763967582243,-0.004691683929450295,-0.002193799263460598
2025-12-04,0.00038423037469664583,0.003188895085249491,0.0011633330159640238,0.0005087763172819796,-0.0013245335338833626,-0.0018480830893052489,-0.0044589454954555505,-0.002531657279745525
2025-12-05,0.0005577615618842934,0.00308585443627647,0.0010446112743409623,0.00022112714657272943,-0.0016837997969763767,-0.0009768931522431243,-0.004014540698345399,-0.0024139010737973367
2025-12-08,0.00024067937769233156,0.003624088297192108,0.000564745469174557,0.00013411751108358453,-0.0016432819629994934,-0.0021864547473334486,-0.005334180291329289,-0.0026872347113302067
2025-12-09,0.0005530020356189527,0.0026607323407052768,0.0004553704990497016,-0.00018813900722979948,-0.0011964919911035621,-0.002211004298468209,-0.004394504334033452,-0.0021846008793373673
2025-12-10,0.0005520544417856408,0.00203953137598509,0.0002502250858536242,0.00029005822167972383,-0.0009970614715759548,-0.001956133933649092,-0.004114280604806129,-0.0020493449714944277
2025-12-11,0.0007162844721387221,0.0015359342747652723,0.0002618472508095455,0.0003570334194401765,-0.0008282918342100286,-0.0013037154350230174,-0.0034481347911606325,-0.002101307610541863
2025-12-12,0.0005073926247296547,0.001719494544315663,0.0004479814015682248,-5.258536393855633e-05,-0.000961038120245873,-0.000542868073657498,-0.0031916492637847856,-0.0018428785241565082
2025-12-15,0.0005472532101328043,0.0024444479439504683,0.0003554791676425305,-0.00042758334877620837,-0.0008121633832281494,4.924932173968241e-05,-0.0030824455405338777,-0.0018623175131264468
2025-12-16,0.00033957945417763534,0.0024407047574353407,0.0004019439865906838,-0.0002968980200277616,-0.00041952323567082014,0.00013841703959063464,-0.003414505500186161,-0.001955811913395576
2025-12-17,0.00019068992468955183,0.0029910238486213965,0.00037853024594535774,-4.480925905598593e-05,-0.0004897996649505948,0.0006541509295523264,-0.003011388890332706,-0.001827232445679841
2025-12-18,0.00019090848676136808,0.002434975500387488,0.00023959761474602172,7.772429611242423e-05,-0.00028751941945816956,0.001036857941473855,-0.0024156341103407854,-0.001815273512772433
2025-12-19,0.0001882201718493245,0.0024853045555472365,0.000590311284140854,0.0005457186414604077,-0.00014548686138122428,0.0010274066437002155,-0.0015848327793166407,-0.0015138934929204775
2025-12-22,0.0001615742751894665,0.003056722617780079,0.0004070062268419039,0.0005360368123548297,-0.0005708212375384826,0.002219607424931041,-0.0012776994496171243,-0.0013012717492473977
2025-12-23,-2.3354151459571834e-05,0.00227206024936536,0.00037669082817405716,0.0004057155499414101,-0.0002161362786903788,0.00285932200878516,-0.000577770216527159,-0.0006855583036502557
2025-12-24,-0.00017779126040413836,0.002228367469318449,0.00040265955538375486,-0.00012143034643833625,-0.0004177085384670259,0.0025924624156167357,-0.0013346445362483596,-0.0008160879060723544
2025-12-26,-0.00011801320426751451,0.0018119137954093457,0.00037176569477915237,-7.444728674924826e-05,2.964250055284502e-05,0.0026707916031081793,-0.001204862905713284,-0.0009178328002999632
2025-12-29,-0.00014670320251929212,0.0015512289719760842,0.00048007769101679595,-9.737720831496754e-05,0.0002599785901596924,0.0028299947568356516,-0.000981132263023916,-0.0006974079358408372
2025-12-30,1.6740823751876558e-05,0.0012315117092303906,0.0006792326957893491,-0.00047602058629352297,-1.991908465276762e-06,0.003678655721416647,-0.001309297772288327,-0.0005116918766892532
