Date,BANK,IT,AUTO,PHARMA,FMCG,METAL,REALTY,ENERGY,NIFTY50,INDIAVIX
2012-01-02,7994.95703125,6217.7001953125,3356.10009765625,4567.60009765625,10103.9501953125,2495.10009765625,183.10000610351562,7037.0498046875,4765.2998046875,27.530000686645508
2012-01-03,8340.203125,6356.14990234375,3414.050048828125,4634.5,10215.7001953125,2618.64990234375,191.4499969482422,7197.10009765625,4765.2998046875,26.15999984741211
2012-01-04,8408.302734375,6325.10009765625,3386.10009765625,4655.75,10151.5,2626.64990234375,190.8000030517578,7165.75,4749.64990234375,26.40999984741211
2012-01-05,8454.8017578125,6301.5498046875,3426.75,4648.5498046875,10130.7998046875,2610.10009765625,187.25,7054.39990234375,4749.9501953125,25.90999984741211
2012-01-06,8488.1513671875,6281.10009765625,3416.0,4658.60009765625,10206.75,2601.949951171875,185.85000610351562,7114.60009765625,4754.10009765625,25.459999084472656
2012-01-09,8481.2509765625,6287.89990234375,3395.85009765625,4699.39990234375,10183.2001953125,2603.89990234375,190.25,7074.75,4742.7998046875,25.68000030517578
2012-01-10,8734.9482421875,6331.75,3493.550048828125,4747.2998046875,10298.0,2686.35009765625,199.75,7263.4501953125,4849.5498046875,24.0
2012-01-11,8839.59765625,6249.2998046875,3503.949951171875,4756.75,10241.150390625,2748.5,208.9499969482422,7315.25,4860.9501953125,24.540000915527344
2012-01-12,8930.146484375,5872.75,3529.85009765625,4755.0498046875,10314.0,2780.949951171875,209.35000610351562,7275.0498046875,4831.25,24.030000686645508
2012-01-13,8974.9453125,5872.60009765625,3531.699951171875,4752.0498046875,10354.75,2872.300048828125,213.75,7293.0498046875,4866.0,23.479999542236328
2012-01-16,8940.146484375,5990.2998046875,3557.800048828125,4708.14990234375,10415.599609375,2882.39990234375,212.60000610351562,7165.75,4873.89990234375,24.06999969482422
2012-01-17,9056.5947265625,6041.0,3643.14990234375,4745.2001953125,10483.0498046875,2984.89990234375,220.35000610351562,7369.2001953125,4967.2998046875,22.610000610351562
2012-01-18,9023.2958984375,5912.0,3600.14990234375,4742.35009765625,10465.400390625,2927.050048828125,222.0500030517578,7558.7998046875,4955.7998046875,22.68000030517578
2012-01-19,9199.2939453125,5893.2001953125,3637.5,4813.5498046875,10451.150390625,3006.85009765625,229.89999389648438,7672.7998046875,5018.39990234375,21.68000030517578
2012-01-20,9516.7392578125,5897.9501953125,3664.199951171875,4790.9501953125,10211.650390625,3002.449951171875,231.6999969482422,7752.35009765625,5048.60009765625,21.959999084472656
2012-01-23,9520.189453125,5910.5498046875,3677.949951171875,4782.25,10315.7998046875,2936.14990234375,233.64999389648438,7644.7001953125,5046.25,22.139999389648438
2012-01-24,9833.8857421875,5964.25,3730.449951171875,4791.60009765625,10331.349609375,2985.60009765625,236.5,7721.14990234375,5127.35009765625,21.420000076293945
2012-01-25,9856.4853515625,6038.10009765625,3775.39990234375,4806.75,10389.4501953125,3042.35009765625,236.0,7745.5,5158.2998046875,21.020000457763672
2012-01-27,9813.5361328125,6136.2998046875,3818.550048828125,4824.14990234375,10257.849609375,3101.64990234375,230.25,7931.4501953125,5204.7001953125,21.700000762939453
2012-01-30,9536.98828125,6103.7998046875,3749.75,4823.5498046875,10188.75,3008.300048828125,223.0500030517578,7750.14990234375,5087.2998046875,23.459999084472656
2012-01-31,9919.3349609375,6193.85009765625,3836.5,4890.35009765625,10327.7001953125,3073.800048828125,231.4499969482422,7890.0498046875,5199.25,22.65999984741211
2012-02-01,9948.984375,6192.39990234375,3910.0,4888.2001953125,10326.099609375,3164.64990234375,233.64999389648438,7959.75,5235.7001953125,22.889999389648438
2012-02-02,9991.93359375,6280.5498046875,3922.5,4832.0,10309.150390625,3215.300048828125,235.85000610351562,7993.39990234375,5269.89990234375,23.690000534057617
2012-02-03,10133.5322265625,6339.9501953125,3944.39990234375,4906.35009765625,10466.099609375,3179.25,240.4499969482422,8098.75,5325.85009765625,24.09000015258789
2012-02-06,10269.130859375,6370.89990234375,3985.300048828125,4904.5498046875,10451.7998046875,3222.85009765625,250.4499969482422,8078.89990234375,5361.64990234375,24.6200008392334
2012-02-07,10324.4794921875,6308.5498046875,3940.949951171875,4902.14990234375,10484.099609375,3171.550048828125,244.5,8120.75,5335.14990234375,24.90999984741211
2012-02-08,10319.9794921875,6414.64990234375,3969.14990234375,4892.85009765625,10498.5498046875,3222.949951171875,251.75,8217.5,5368.14990234375,24.270000457763672
2012-02-09,10507.4775390625,6492.5498046875,4040.800048828125,4882.14990234375,10528.5498046875,3286.89990234375,256.6499938964844,8240.5,5412.35009765625,23.299999237060547
2012-02-10,10442.529296875,6484.35009765625,4031.199951171875,4837.9501953125,10496.150390625,3310.5,254.35000610351562,8170.0498046875,5381.60009765625,23.829999923706055
2012-02-13,10473.4775390625,6461.14990234375,4068.64990234375,4847.2001953125,10479.5498046875,3346.85009765625,254.5,8194.7998046875,5390.2001953125,23.709999084472656
2012-02-14,10556.52734375,6465.7001953125,4154.2001953125,4795.9501953125,10485.4501953125,3358.449951171875,260.3999938964844,8167.4501953125,5416.0498046875,22.709999084472656
2012-02-15,10930.5732421875,6575.39990234375,4293.9501953125,4835.4501953125,10505.2998046875,3429.35009765625,272.70001220703125,8195.9501953125,5531.9501953125,22.100000381469727
2012-02-16,10921.7734375,6621.9501953125,4296.4501953125,4832.75,10499.5,3367.5,277.75,8111.14990234375,5521.9501953125,23.329999923706055
2012-02-17,11074.771484375,6703.0498046875,4277.9501953125,4833.9501953125,10545.5498046875,3369.39990234375,280.75,8173.0498046875,5564.2998046875,24.18000030517578
2012-02-21,11170.2705078125,6703.89990234375,4290.4501953125,4841.89990234375,10589.099609375,3398.449951171875,293.8500061035156,8318.2998046875,5607.14990234375,26.25
2012-02-22,10747.025390625,6718.7001953125,4229.2998046875,4804.0498046875,10528.0498046875,3248.39990234375,273.29998779296875,8220.7998046875,5505.35009765625,26.799999237060547
2012-02-23,10713.224609375,6704.5,4189.25,4794.7001953125,10604.4501953125,3211.699951171875,266.6499938964844,8270.7001953125,5483.2998046875,24.329999923706055
2012-02-24,10506.677734375,6747.2001953125,4169.85009765625,4781.10009765625,10629.5,3247.10009765625,259.75,8160.85009765625,5429.2998046875,24.81999969482422
2012-02-27,10103.8330078125,6608.89990234375,4034.10009765625,4771.2998046875,10654.900390625,3083.199951171875,245.5,7899.0,5281.2001953125,27.3799991607666
2012-02-28,10483.8779296875,6572.4501953125,4160.0498046875,4815.35009765625,10642.75,3189.39990234375,260.70001220703125,7994.25,5375.5,25.850000381469727
2012-02-29,10414.0791015625,6606.85009765625,4159.39990234375,4811.7001953125,10560.2998046875,3236.64990234375,263.79998779296875,8182.85009765625,5385.2001953125,26.93000030517578
2012-03-01,10288.78125,6553.2001953125,4115.7001953125,4827.25,10517.5498046875,3205.699951171875,254.35000610351562,8110.14990234375,5339.75,27.670000076293945
2012-03-02,10434.1787109375,6532.39990234375,4114.60009765625,4873.4501953125,10482.2001953125,3210.14990234375,248.5500030517578,8092.64990234375,5359.35009765625,27.84000015258789
2012-03-05,10178.7314453125,6471.39990234375,4089.800048828125,4835.75,10494.5498046875,3107.75,239.0500030517578,7993.14990234375,5280.35009765625,28.920000076293945
2012-03-06,10058.033203125,6511.7001953125,4066.89990234375,4823.0,10574.900390625,2981.10009765625,236.60000610351562,7840.0498046875,5222.39990234375,27.34000015258789
2012-03-07,10132.7314453125,6563.25,4071.949951171875,4846.39990234375,10580.5,2939.14990234375,239.25,7726.39990234375,5220.4501953125,26.329999923706055
2012-03-09,10505.5283203125,6558.4501953125,4165.0,4889.35009765625,10561.599609375,3090.5,246.4499969482422,7838.35009765625,5333.5498046875,25.469999313354492
2012-03-12,10625.52734375,6492.7001953125,4193.89990234375,4872.64990234375,10570.7001953125,3121.949951171875,249.1999969482422,7928.7001953125,5359.5498046875,26.270000457763672
2012-03-13,10686.076171875,6546.75,4194.35009765625,4902.35009765625,10692.599609375,3213.949951171875,254.89999389648438,8111.14990234375,5429.5,24.75
2012-03-14,10889.5732421875,6515.2001953125,4237.25,4911.39990234375,10784.0,3212.10009765625,252.5500030517578,8150.85009765625,5463.89990234375,24.719999313354492
2012-03-15,10594.876953125,6519.0,4209.0,4893.7001953125,10692.099609375,3170.85009765625,245.25,8012.89990234375,5380.5,25.420000076293945
2012-03-16,10391.228515625,6501.25,4215.39990234375,4805.10009765625,10894.599609375,3106.449951171875,242.0,7746.5498046875,5317.89990234375,23.1299991607666
2012-03-19,10188.7314453125,6404.39990234375,4197.0498046875,4810.35009765625,11020.400390625,3082.550048828125,235.64999389648438,7645.5,5257.0498046875,22.969999313354492
2012-03-20,10281.48046875,6423.39990234375,4132.10009765625,4865.7998046875,11136.849609375,3083.75,239.10000610351562,7691.39990234375,5274.85009765625,21.940000534057617
2012-03-21,10524.328125,6523.89990234375,4192.2001953125,4909.4501953125,11241.599609375,3141.949951171875,247.8000030517578,7750.14990234375,5364.9501953125,21.0
2012-03-22,10173.431640625,6437.14990234375,4118.75,4845.5,11053.400390625,3033.949951171875,237.0500030517578,7511.2001953125,5228.4501953125,24.770000457763672
2012-03-23,10294.4296875,6532.14990234375,4147.75,4878.7001953125,11165.900390625,3018.39990234375,240.75,7562.25,5278.2001953125,23.34000015258789
2012-03-26,10043.3828125,6436.75,4093.0,4836.5,11165.349609375,2954.25,232.10000610351562,7396.85009765625,5184.25,26.739999771118164
2012-03-27,10148.7314453125,6507.2998046875,4106.9501953125,4883.64990234375,11359.7998046875,2996.35009765625,235.75,7424.5498046875,5243.14990234375,25.049999237060547
2012-03-28,9960.2841796875,6450.64990234375,4083.949951171875,4898.25,11371.150390625,2967.14990234375,231.64999389648438,7335.14990234375,5194.75,24.8700008392334
2012-03-29,9927.53515625,6366.35009765625,4105.9501953125,4923.64990234375,11292.0,2974.25,232.10000610351562,7352.5,5178.85009765625,24.329999923706055
2012-03-30,10212.630859375,6516.0,4207.0,5036.60009765625,11426.0498046875,3054.75,239.0500030517578,7557.2001953125,5295.5498046875,22.3799991607666
2012-04-02,10305.2294921875,6548.0,4216.2998046875,5028.2001953125,11438.7001953125,3042.25,243.10000610351562,7542.39990234375,5317.89990234375,20.8799991607666
2012-04-03,10432.478515625,6550.89990234375,4209.9501953125,5002.4501953125,11461.0,3092.14990234375,245.1999969482422,7658.64990234375,5358.5,20.010000228881836
2012-04-04,10339.9794921875,6539.89990234375,4188.7998046875,4991.85009765625,11431.349609375,3059.85009765625,241.5500030517578,7620.2998046875,5322.89990234375,20.6299991607666
2012-04-09,10131.4814453125,6466.64990234375,4139.35009765625,5024.5,11377.349609375,2954.25,239.8000030517578,7505.5498046875,5234.39990234375,22.329999923706055
2012-04-10,10195.931640625,6396.25,4184.10009765625,5020.4501953125,11578.25,2926.64990234375,240.10000610351562,7499.60009765625,5243.60009765625,21.920000076293945
2012-04-11,10214.130859375,6413.7998046875,4168.2998046875,5053.4501953125,11590.2001953125,2886.39990234375,238.0500030517578,7439.39990234375,5226.85009765625,22.290000915527344
2012-04-12,10400.5791015625,6343.85009765625,4214.89990234375,5047.85009765625,11764.5498046875,2959.75,238.64999389648438,7491.5498046875,5276.85009765625,21.780000686645508
2012-04-13,10306.1298828125,5782.85009765625,4229.75,5116.85009765625,11822.400390625,2945.550048828125,235.8000030517578,7528.64990234375,5207.4501953125,22.75
2012-04-16,10432.5791015625,5751.10009765625,4284.9501953125,5115.7998046875,11955.5498046875,2952.800048828125,238.4499969482422,7501.4501953125,5226.2001953125,22.229999542236328
2012-04-17,10519.427734375,5801.7001953125,4325.9501953125,5127.25,12125.849609375,3010.35009765625,244.3000030517578,7579.14990234375,5289.7001953125,20.309999465942383
2012-04-18,10512.328125,5815.0,4389.60009765625,5166.35009765625,12041.7001953125,3038.60009765625,241.6999969482422,7632.35009765625,5300.0,20.030000686645508
2012-04-19,10567.77734375,5861.75,4471.2998046875,5216.35009765625,12155.849609375,3060.39990234375,240.35000610351562,7602.35009765625,5332.39990234375,19.350000381469727
2012-04-20,10456.37890625,5849.4501953125,4472.39990234375,5195.2998046875,12175.0498046875,3033.199951171875,236.5,7499.7001953125,5290.85009765625,20.09000015258789
2012-04-23,10243.03125,5680.14990234375,4396.2998046875,5177.7001953125,12057.849609375,2941.0,228.85000610351562,7470.14990234375,5200.60009765625,21.56999969482422
2012-04-24,10215.03125,5928.39990234375,4395.64990234375,5149.0498046875,12098.2998046875,2962.449951171875,229.35000610351562,7482.4501953125,5222.64990234375,19.25
2012-04-25,10159.7314453125,5850.7001953125,4416.4501953125,5160.85009765625,12152.7001953125,2949.85009765625,226.39999389648438,7442.5498046875,5202.0,18.940000534057617
2012-04-26,10127.8818359375,5871.89990234375,4377.0498046875,5130.89990234375,12215.150390625,2947.949951171875,224.39999389648438,7409.75,5189.0,18.739999771118164
2012-04-27,10148.58203125,5940.35009765625,4384.39990234375,5137.60009765625,12115.650390625,2922.800048828125,221.8000030517578,7402.75,5190.60009765625,17.889999389648438
2012-04-30,10276.6806640625,6085.39990234375,4433.14990234375,5155.39990234375,12139.849609375,2970.25,226.6999969482422,7503.2998046875,5248.14990234375,17.81999969482422
2012-05-02,10306.4794921875,6124.89990234375,4356.89990234375,5163.4501953125,12168.5498046875,2957.0,226.1999969482422,7441.85009765625,5239.14990234375,18.540000915527344
2012-05-03,10126.431640625,6161.10009765625,4250.39990234375,5151.89990234375,12115.5498046875,2902.14990234375,222.4499969482422,7376.7998046875,5188.39990234375,19.25
2012-05-04,9802.2353515625,6100.35009765625,4174.64990234375,5184.5,11990.650390625,2828.5,216.8000030517578,7246.85009765625,5086.85009765625,21.1200008392334
2012-05-07,9876.234375,6089.2001953125,4228.89990234375,5161.25,11879.400390625,2871.800048828125,217.5500030517578,7225.2001953125,5114.14990234375,20.219999313354492
2012-05-08,9588.638671875,5901.4501953125,4142.25,5112.0,11580.5,2825.199951171875,213.9499969482422,7153.10009765625,4999.9501953125,22.15999984741211
2012-05-09,9404.6904296875,5898.7998046875,4105.39990234375,5113.75,11944.9501953125,2767.5,207.8000030517578,7044.60009765625,4974.7998046875,23.040000915527344
2012-05-10,9410.791015625,5890.0,4072.75,5090.0,11940.099609375,2733.550048828125,207.10000610351562,7058.2998046875,4965.7001953125,22.719999313354492
2012-05-11,9397.990234375,5830.7998046875,4094.10009765625,4970.64990234375,11769.400390625,2700.89990234375,206.5500030517578,7006.0498046875,4928.89990234375,22.479999542236328
2012-05-14,9257.54296875,5855.85009765625,4073.5,5047.25,11795.5498046875,2686.60009765625,202.89999389648438,6911.2998046875,4907.7998046875,23.260000228881836
2012-05-15,9319.591796875,5956.2998046875,4076.050048828125,5087.5498046875,11701.099609375,2741.199951171875,204.85000610351562,6915.25,4942.7998046875,22.280000686645508
2012-05-16,9164.1435546875,5870.25,3973.800048828125,5048.75,11564.849609375,2665.35009765625,203.5500030517578,6875.7998046875,4858.25,23.709999084472656
2012-05-17,9154.09375,5869.10009765625,3952.550048828125,5033.60009765625,11794.599609375,2675.800048828125,205.3000030517578,6905.75,4870.2001953125,23.59000015258789
2012-05-18,9310.1416015625,5865.4501953125,3875.85009765625,5022.0498046875,11935.650390625,2687.25,205.39999389648438,6949.10009765625,4891.4501953125,23.549999237060547
2012-05-21,9411.890625,5796.5498046875,3903.10009765625,5052.7001953125,11764.599609375,2704.85009765625,209.75,6993.2998046875,4891.4501953125,23.920000076293945
2012-05-22,9268.6923828125,5822.4501953125,3878.050048828125,5017.2001953125,11677.0498046875,2654.5,207.0500030517578,6923.25,4860.5,24.389999389648438
2012-05-23,9209.79296875,5832.14990234375,3853.699951171875,5016.89990234375,11666.5,2630.949951171875,204.85000610351562,6894.2001953125,4835.64990234375,27.1299991607666
2012-05-24,9437.490234375,5886.10009765625,3893.300048828125,5049.25,11714.0498046875,2667.75,206.4499969482422,7016.25,4921.39990234375,25.489999771118164
2012-05-25,9456.189453125,5879.85009765625,3884.14990234375,5041.2001953125,11668.7001953125,2690.550048828125,208.14999389648438,7010.39990234375,4920.39990234375,25.139999389648438
2012-05-28,9698.1875,5916.2998046875,3946.89990234375,5064.25,11783.349609375,2716.699951171875,210.60000610351562,7062.5,4985.64990234375,23.68000030517578
2012-05-29,9707.986328125,5983.25,3958.85009765625,5051.89990234375,11661.150390625,2731.60009765625,212.10000610351562,7087.5498046875,4990.10009765625,24.030000686645508
2012-05-30,9533.939453125,6012.35009765625,3814.14990234375,5047.5498046875,11668.25,2706.10009765625,206.3000030517578,7066.89990234375,4950.75,25.299999237060547
2012-05-31,9440.890625,6008.7998046875,3739.75,5047.64990234375,11646.150390625,2698.550048828125,208.0,7073.5498046875,4924.25,25.25
2012-06-01,9267.4921875,5902.75,3670.800048828125,4978.2001953125,11687.400390625,2654.64990234375,204.64999389648438,6915.10009765625,4841.60009765625,26.770000457763672
2012-06-04,9362.19140625,5884.0,3695.25,4942.75,11502.599609375,2635.5,208.3000030517578,6960.5,4848.14990234375,25.600000381469727
2012-06-05,9460.0400390625,5904.89990234375,3685.5,4954.25,11377.9501953125,2626.800048828125,205.89999389648438,7021.89990234375,4863.2998046875,26.260000228881836
2012-06-06,9742.6865234375,5999.25,3821.550048828125,5007.2998046875,11720.650390625,2705.64990234375,211.35000610351562,7181.0,4997.10009765625,24.899999618530273
2012-06-07,9950.78515625,6021.7998046875,3871.449951171875,5017.14990234375,11813.0,2739.64990234375,215.85000610351562,7228.7001953125,5049.64990234375,23.639999389648438
2012-06-08,9998.7333984375,5975.5,3872.75,5024.14990234375,11909.9501953125,2752.050048828125,219.5,7255.0,5068.35009765625,23.469999313354492
2012-06-11,9969.083984375,5965.4501953125,3846.699951171875,4947.85009765625,11944.25,2749.60009765625,217.39999389648438,7217.85009765625,5054.10009765625,25.020000457763672
2012-06-12,10139.08203125,6017.9501953125,3914.300048828125,4936.4501953125,12030.599609375,2780.25,221.8000030517578,7270.85009765625,5115.89990234375,24.200000762939453
2012-06-13,10128.0322265625,6040.7998046875,3851.699951171875,4960.35009765625,12177.4501953125,2770.050048828125,218.4499969482422,7254.0,5121.4501953125,24.360000610351562
2012-06-14,9836.8359375,6065.25,3778.949951171875,4937.5,12137.0,2737.39990234375,212.10000610351562,7206.2998046875,5054.75,25.709999084472656
2012-06-15,10064.6826171875,6134.4501953125,3876.699951171875,4985.9501953125,12289.7998046875,2775.85009765625,216.14999389648438,7267.5,5139.0498046875,25.540000915527344
2012-06-18,9749.787109375,6082.0,3850.0,4947.0,12094.599609375,2750.699951171875,210.0,7202.85009765625,5064.25,22.600000381469727
2012-06-19,9786.3369140625,6069.14990234375,3850.39990234375,5004.4501953125,12274.2001953125,2748.300048828125,210.35000610351562,7328.39990234375,5103.85009765625,21.43000030517578
2012-06-20,9831.685546875,6051.4501953125,3889.5,5065.7998046875,12245.9501953125,2778.25,210.10000610351562,7375.10009765625,5120.5498046875,21.030000686645508
2012-06-21,10033.5341796875,6043.35009765625,3917.85009765625,5081.14990234375,12435.9501953125,2798.85009765625,216.8000030517578,7323.64990234375,5165.0,19.940000534057617
2012-06-22,10038.2333984375,6028.5498046875,3920.800048828125,5075.2998046875,12395.7998046875,2755.89990234375,217.5500030517578,7319.5498046875,5146.0498046875,20.579999923706055
2012-06-25,9925.634765625,5997.0498046875,3895.35009765625,5049.9501953125,12383.25,2736.050048828125,216.10000610351562,7297.4501953125,5114.64990234375,21.56999969482422
2012-06-26,9969.9833984375,5988.60009765625,3907.050048828125,5095.9501953125,12282.9501953125,2726.949951171875,217.0,7385.75,5120.7998046875,20.229999542236328
2012-06-27,10017.68359375,6042.39990234375,3880.89990234375,5113.5498046875,12346.599609375,2772.39990234375,217.6999969482422,7396.35009765625,5141.89990234375,20.3700008392334
2012-06-28,10003.7333984375,6055.64990234375,3886.89990234375,5111.5498046875,12462.9501953125,2776.5,217.75,7385.64990234375,5149.14990234375,20.6200008392334
2012-06-29,10340.5302734375,6144.60009765625,3966.39990234375,5216.0,12729.099609375,2870.35009765625,222.9499969482422,7543.5,5278.89990234375,19.079999923706055
2012-07-02,10412.0791015625,6120.89990234375,3943.949951171875,5233.75,12455.9501953125,2882.89990234375,228.0,7560.35009765625,5278.60009765625,19.010000228881836
2012-07-03,10481.177734375,6087.5,3949.449951171875,5237.14990234375,12347.0498046875,2905.800048828125,232.5500030517578,7588.2998046875,5287.9501953125,18.559999465942383
2012-07-04,10529.328125,6074.75,3969.85009765625,5235.5498046875,12316.150390625,2965.60009765625,236.89999389648438,7561.0,5302.5498046875,18.270000457763672
2012-07-05,10641.7763671875,6077.35009765625,3999.14990234375,5253.39990234375,12465.9501953125,2956.14990234375,236.14999389648438,7565.85009765625,5327.2998046875,18.350000381469727
2012-07-06,10655.2255859375,6027.25,3983.64990234375,5259.60009765625,12548.7001953125,2924.949951171875,233.0500030517578,7530.0498046875,5316.9501953125,18.040000915527344
2012-07-09,10587.9267578125,6018.2001953125,3945.050048828125,5219.25,12465.099609375,2882.35009765625,230.39999389648438,7479.0498046875,5275.14990234375,18.719999313354492
2012-07-10,10751.4248046875,6056.5,4006.5,5271.25,12673.7998046875,2926.39990234375,234.14999389648438,7544.60009765625,5345.35009765625,17.829999923706055
2012-07-11,10713.1748046875,6049.35009765625,3960.89990234375,5255.64990234375,12499.150390625,2898.0,231.8000030517578,7466.85009765625,5306.2998046875,18.389999389648438
2012-07-12,10616.1767578125,5737.64990234375,3921.550048828125,5251.10009765625,12484.75,2864.60009765625,234.0500030517578,7474.7998046875,5235.25,18.709999084472656
2012-07-13,10594.3271484375,5713.89990234375,3919.35009765625,5247.4501953125,12523.349609375,2831.75,230.89999389648438,7465.4501953125,5227.25,18.260000228881836
2012-07-16,10568.0771484375,5576.75,3888.800048828125,5312.5,12476.099609375,2770.14990234375,227.10000610351562,7463.5498046875,5197.25,18.770000457763672
2012-07-17,10557.9267578125,5555.35009765625,3836.699951171875,5345.2001953125,12605.7998046875,2767.39990234375,223.9499969482422,7427.85009765625,5192.85009765625,17.780000686645508
2012-07-18,10606.9765625,5582.25,3861.550048828125,5312.5498046875,12614.75,2808.39990234375,225.8000030517578,7419.89990234375,5216.2998046875,17.440000534057617
2012-07-19,10621.9267578125,5682.25,3845.89990234375,5318.85009765625,12603.7998046875,2832.35009765625,227.14999389648438,7506.64990234375,5242.7001953125,16.3799991607666
2012-07-20,10481.4775390625,5674.2001953125,3856.64990234375,5264.60009765625,12589.349609375,2834.39990234375,224.85000610351562,7451.14990234375,5205.10009765625,16.889999389648438
2012-07-23,10274.48046875,5609.2001953125,3763.199951171875,5257.5,12450.5498046875,2740.5,218.4499969482422,7370.7998046875,5117.9501953125,18.65999984741211
2012-07-24,10298.8798828125,5571.2998046875,3758.550048828125,5276.85009765625,12682.75,2745.25,217.89999389648438,7414.10009765625,5128.2001953125,16.969999313354492
2012-07-25,10267.73046875,5588.64990234375,3735.85009765625,5289.25,12754.150390625,2687.699951171875,217.8000030517578,7364.89990234375,5109.60009765625,16.75
2012-07-26,10083.6826171875,5489.60009765625,3701.14990234375,5273.85009765625,12555.900390625,2651.89990234375,210.10000610351562,7254.14990234375,5043.0,16.3700008392334
2012-07-27,10140.431640625,5562.0,3735.14990234375,5287.0,12724.650390625,2708.199951171875,208.25,7332.0498046875,5099.85009765625,16.440000534057617
2012-07-30,10412.029296875,5646.2998046875,3818.199951171875,5379.35009765625,12854.5,2760.25,215.85000610351562,7461.14990234375,5199.7998046875,16.600000381469727
2012-07-31,10383.978515625,5695.25,3829.75,5413.7998046875,12893.2998046875,2783.14990234375,218.3000030517578,7567.7001953125,5229.0,16.010000228881836
2012-08-01,10419.779296875,5670.7001953125,3823.5,5476.4501953125,12945.25,2762.800048828125,220.14999389648438,7565.75,5240.5,16.450000762939453
2012-08-02,10379.478515625,5670.39990234375,3804.10009765625,5468.39990234375,13036.75,2757.25,219.39999389648438,7508.7001953125,5227.75,16.770000457763672
2012-08-03,10315.4794921875,5697.14990234375,3778.699951171875,5506.14990234375,12987.25,2714.449951171875,217.9499969482422,7553.0,5215.7001953125,16.1200008392334
2012-08-06,10462.2783203125,5699.10009765625,3852.050048828125,5532.4501953125,12959.7998046875,2743.800048828125,220.8000030517578,7765.2001953125,5282.5498046875,16.219999313354492
2012-08-07,10591.8271484375,5799.7998046875,3910.550048828125,5529.5498046875,13036.400390625,2759.14990234375,224.10000610351562,7777.14990234375,5336.7001953125,16.209999084472656
2012-08-08,10529.1279296875,5828.2998046875,3951.199951171875,5530.75,13076.400390625,2779.699951171875,219.10000610351562,7792.64990234375,5338.0,16.3700008392334
2012-08-09,10445.779296875,5827.60009765625,3969.25,5524.89990234375,13269.4501953125,2796.199951171875,218.39999389648438,7733.60009765625,5322.9501953125,16.329999923706055
2012-08-10,10358.830078125,5905.14990234375,3930.199951171875,5502.85009765625,13359.650390625,2797.0,217.14999389648438,7755.14990234375,5320.39990234375,16.06999969482422
2012-08-13,10401.1787109375,5912.35009765625,3924.64990234375,5516.14990234375,13376.7998046875,2797.75,223.10000610351562,7810.2998046875,5347.89990234375,16.010000228881836
2012-08-14,10519.0283203125,5936.35009765625,3954.949951171875,5496.0498046875,13406.150390625,2822.449951171875,221.3000030517578,7892.64990234375,5380.35009765625,15.640000343322754
2012-08-16,10426.62890625,5915.89990234375,3988.449951171875,5500.7001953125,13136.0,2786.050048828125,220.8000030517578,7947.35009765625,5362.9501953125,15.6899995803833
2012-08-17,10417.779296875,5980.64990234375,4014.35009765625,5524.9501953125,13306.2001953125,2741.25,216.35000610351562,7885.2998046875,5366.2998046875,15.729999542236328
2012-08-21,10469.3779296875,6085.2998046875,4067.699951171875,5528.4501953125,13350.9501953125,2762.64990234375,219.75,7947.5498046875,5421.0,16.299999237060547
2012-08-22,10472.078125,6099.10009765625,4077.699951171875,5551.5,13357.849609375,2756.64990234375,217.35000610351562,7902.39990234375,5412.85009765625,16.0
2012-08-23,10457.5791015625,6207.60009765625,4042.25,5603.2998046875,13466.7998046875,2771.85009765625,216.85000610351562,7824.5498046875,5415.35009765625,16.1200008392334
2012-08-24,10332.7294921875,6170.7001953125,4040.10009765625,5601.2998046875,13490.75,2760.449951171875,211.60000610351562,7781.35009765625,5386.7001953125,16.15999984741211
2012-08-27,10150.2822265625,6112.9501953125,4024.60009765625,5600.5,13530.0,2722.949951171875,206.3000030517578,7804.60009765625,5350.25,16.469999313354492
2012-08-28,10059.283203125,6159.89990234375,3984.5,5613.14990234375,13629.7001953125,2647.0,205.60000610351562,7807.4501953125,5350.25,16.350000381469727
2012-08-29,10011.7841796875,6099.14990234375,3927.199951171875,5618.0,13698.650390625,2600.89990234375,198.60000610351562,7729.75,5287.7998046875,16.739999771118164
2012-08-30,10085.0830078125,6144.5498046875,3931.199951171875,5650.2998046875,13793.599609375,2590.0,201.75,7737.2998046875,5315.0498046875,16.670000076293945
2012-08-31,9990.3837890625,6072.35009765625,3889.25,5648.9501953125,13641.599609375,2554.800048828125,199.0,7620.2001953125,5258.5,17.299999237060547
2012-09-03,9962.8837890625,6083.2001953125,3905.300048828125,5644.5498046875,13670.400390625,2544.050048828125,198.1999969482422,7589.35009765625,5253.75,17.280000686645508
2012-09-04,10020.5341796875,6084.0498046875,3931.0,5645.0,13703.4501953125,2561.050048828125,201.5500030517578,7688.0498046875,5274.0,16.59000015258789
2012-09-05,9827.7861328125,6083.75,3893.10009765625,5578.14990234375,13794.7001953125,2497.60009765625,199.14999389648438,7628.4501953125,5225.7001953125,17.010000228881836
2012-09-06,9893.03515625,6233.35009765625,3915.800048828125,5606.2001953125,13557.099609375,2508.60009765625,198.3000030517578,7634.10009765625,5238.39990234375,16.979999542236328
2012-09-07,10121.8828125,6342.7001953125,3994.85009765625,5680.85009765625,13660.75,2575.75,204.3000030517578,7766.75,5342.10009765625,15.260000228881836
2012-09-10,10069.732421875,6361.89990234375,4036.25,5799.25,13693.5,2618.75,203.39999389648438,7784.0,5363.4501953125,15.270000457763672
2012-09-11,10135.7822265625,6424.64990234375,4030.0,5801.89990234375,13738.7001953125,2582.39990234375,205.3000030517578,7793.5,5390.0,15.380000114440918
2012-09-12,10183.33203125,6485.9501953125,4089.60009765625,5789.85009765625,13827.7001953125,2633.14990234375,207.6999969482422,7823.85009765625,5431.0,15.039999961853027
2012-09-13,10207.681640625,6514.35009765625,4078.800048828125,5708.10009765625,13918.849609375,2628.5,206.60000610351562,7847.39990234375,5435.35009765625,15.670000076293945
2012-09-14,10642.7763671875,6599.39990234375,4191.2001953125,5632.5498046875,13857.2001953125,2740.89990234375,216.5,8048.5,5577.64990234375,15.380000114440918
2012-09-17,10981.5224609375,6398.2001953125,4264.25,5530.39990234375,13329.400390625,2775.550048828125,230.6999969482422,8200.7001953125,5610.0,17.780000686645508
2012-09-18,11043.3720703125,6370.60009765625,4267.39990234375,5527.14990234375,13350.25,2771.800048828125,231.10000610351562,8106.35009765625,5600.0498046875,17.829999923706055
2012-09-20,10920.6728515625,6422.5,4248.5498046875,5514.89990234375,13368.400390625,2708.75,230.9499969482422,7990.5,5554.25,18.6200008392334
2012-09-21,11358.3681640625,6379.5498046875,4318.0498046875,5506.14990234375,13575.150390625,2817.699951171875,236.10000610351562,8200.2998046875,5691.14990234375,18.93000030517578
2012-09-24,11423.3671875,6364.0,4352.25,5507.0498046875,13370.900390625,2827.75,239.5,8083.64990234375,5669.60009765625,18.829999923706055
2012-09-25,11420.6171875,6367.9501953125,4318.0,5526.60009765625,13620.25,2788.550048828125,244.60000610351562,8062.9501953125,5673.89990234375,17.110000610351562
2012-09-26,11427.1171875,6348.7998046875,4302.64990234375,5541.85009765625,13720.900390625,2752.550048828125,244.89999389648438,8076.85009765625,5663.4501953125,16.969999313354492
2012-09-27,11419.3173828125,6285.2001953125,4297.60009765625,5538.7001953125,13940.349609375,2734.25,247.10000610351562,7964.7998046875,5649.5,16.90999984741211
2012-09-28,11456.6669921875,6313.7998046875,4369.5498046875,5623.0,14136.0,2768.39990234375,245.39999389648438,8071.64990234375,5703.2998046875,16.15999984741211
2012-10-01,11420.3173828125,6435.39990234375,4399.9501953125,5635.39990234375,14167.5498046875,2777.10009765625,246.0500030517578,8043.7998046875,5718.7998046875,16.34000015258789
2012-10-03,11414.8173828125,6422.5498046875,4390.64990234375,5673.39990234375,14197.650390625,2787.25,246.89999389648438,8103.75,5731.25,16.5
2012-10-04,11635.9150390625,6399.5,4383.2001953125,5617.60009765625,14343.4501953125,2790.75,259.29998779296875,8176.14990234375,5787.60009765625,16.440000534057617
2012-10-05,11511.2666015625,6292.4501953125,4406.9501953125,5532.10009765625,14419.25,2790.75,260.6499938964844,8208.650390625,5746.9501953125,16.780000686645508
2012-10-08,11362.068359375,6207.9501953125,4355.89990234375,5595.5498046875,14418.25,2759.699951171875,250.8000030517578,8003.9501953125,5676.0,17.170000076293945
2012-10-09,11445.966796875,6274.7998046875,4347.64990234375,5679.2001953125,14575.4501953125,2768.75,252.25,7975.2998046875,5704.60009765625,16.799999237060547
2012-10-10,11291.369140625,6225.7998046875,4314.39990234375,5637.0,14572.75,2743.25,240.0500030517578,7906.9501953125,5652.14990234375,16.829999923706055
2012-10-11,11431.1669921875,6268.7001953125,4337.85009765625,5598.60009765625,14694.2001953125,2787.60009765625,251.6999969482422,7965.75,5708.0498046875,16.489999771118164
2012-10-12,11388.3173828125,6106.14990234375,4314.64990234375,5622.2001953125,14710.5,2787.550048828125,249.0,7958.5498046875,5676.0498046875,16.489999771118164
2012-10-15,11441.6669921875,6060.4501953125,4303.14990234375,5643.75,14807.650390625,2786.10009765625,250.35000610351562,7991.4501953125,5687.25,15.899999618530273
2012-10-16,11347.8681640625,6050.85009765625,4258.35009765625,5606.2998046875,14793.099609375,2738.699951171875,242.25,7922.2998046875,5648.0,15.569999694824219
2012-10-17,11358.1181640625,6045.14990234375,4278.39990234375,5626.4501953125,14844.7001953125,2726.949951171875,240.89999389648438,7912.4501953125,5660.25,15.170000076293945
2012-10-18,11586.21484375,6088.85009765625,4334.4501953125,5613.0498046875,14945.5,2757.25,248.10000610351562,7949.2001953125,5718.7001953125,14.760000228881836
2012-10-19,11491.06640625,6067.0,4297.39990234375,5590.0498046875,15063.349609375,2720.800048828125,245.64999389648438,7870.9501953125,5684.25,14.539999961853027
2012-10-22,11607.265625,6112.7998046875,4295.39990234375,5642.5498046875,15006.150390625,2723.300048828125,246.64999389648438,7940.7001953125,5717.14990234375,13.039999961853027
2012-10-23,11578.015625,6063.14990234375,4263.4501953125,5631.4501953125,14890.349609375,2700.550048828125,245.0500030517578,7893.2001953125,5691.39990234375,13.710000038146973
2012-10-25,11614.365234375,6051.7001953125,4286.60009765625,5603.85009765625,14913.25,2685.64990234375,241.10000610351562,7897.10009765625,5705.2998046875,13.520000457763672
2012-10-29,11472.0166015625,6032.4501953125,4324.14990234375,5570.0498046875,14613.099609375,2676.5,236.35000610351562,7874.2001953125,5665.60009765625,15.119999885559082
2012-10-30,11202.8701171875,6066.10009765625,4263.7001953125,5566.4501953125,14550.5,2636.10009765625,230.9499969482422,7802.25,5597.89990234375,15.170000076293945
2012-10-31,11268.6689453125,6087.85009765625,4329.39990234375,5667.0498046875,14523.5,2665.75,234.14999389648438,7785.64990234375,5619.7001953125,14.399999618530273
2012-11-01,11314.91796875,6101.85009765625,4427.64990234375,5713.2998046875,14414.150390625,2690.0,238.0,7785.0,5645.0498046875,14.079999923706055
2012-11-02,11460.3173828125,6163.4501953125,4488.7001953125,5736.7998046875,14502.25,2707.050048828125,239.5,7828.2998046875,5697.7001953125,13.65999984741211
2012-11-05,11475.0166015625,6144.2001953125,4463.85009765625,5756.5,14670.150390625,2684.10009765625,238.89999389648438,7807.89990234375,5704.2001953125,14.630000114440918
2012-11-06,11538.916015625,6139.5,4445.0,5798.64990234375,14687.849609375,2681.550048828125,243.9499969482422,7837.10009765625,5724.39990234375,15.210000038146973
2012-11-07,11665.3642578125,6192.75,4478.0,5805.0,14753.0498046875,2690.14990234375,251.1999969482422,7811.14990234375,5760.10009765625,14.510000228881836
2012-11-08,11613.4150390625,6163.0498046875,4515.0,5766.64990234375,14782.2001953125,2691.300048828125,256.0,7758.7998046875,5738.75,14.220000267028809
2012-11-09,11475.4658203125,6110.4501953125,4495.25,5751.5498046875,14744.650390625,2653.0,252.14999389648438,7660.85009765625,5686.25,14.369999885559082
2012-11-12,11583.71484375,6138.64990234375,4490.85009765625,5750.89990234375,14838.9501953125,2633.699951171875,254.60000610351562,7640.85009765625,5683.7001953125,14.859999656677246
2012-11-15,11521.2666015625,6000.5,4441.0498046875,5683.85009765625,14713.9501953125,2601.550048828125,260.0,7631.85009765625,5631.0,15.529999732971191
2012-11-16,11335.3681640625,6030.5,4374.10009765625,5658.85009765625,14510.349609375,2588.050048828125,250.4499969482422,7575.5498046875,5574.0498046875,16.219999313354492
2012-11-19,11306.818359375,6013.85009765625,4413.7001953125,5624.5498046875,14644.849609375,2568.800048828125,250.39999389648438,7550.2998046875,5571.39990234375,16.68000030517578
2012-11-20,11318.16796875,5990.85009765625,4439.7998046875,5631.0498046875,14620.2998046875,2549.550048828125,242.39999389648438,7509.5498046875,5571.5498046875,15.8100004196167
2012-11-21,11465.216796875,6043.60009765625,4437.4501953125,5689.2998046875,14821.650390625,2567.800048828125,248.64999389648438,7518.25,5614.7998046875,15.460000038146973
2012-11-22,11508.2158203125,6087.9501953125,4428.9501953125,5694.4501953125,14905.900390625,2585.10009765625,249.3000030517578,7492.14990234375,5627.75,14.90999984741211
2012-11-23,11475.666015625,6099.10009765625,4443.5,5680.85009765625,14915.4501953125,2582.699951171875,247.89999389648438,7507.0498046875,5626.60009765625,14.680000305175781
2012-11-26,11432.3173828125,6174.4501953125,4434.5,5698.39990234375,15091.7001953125,2600.35009765625,248.75,7501.2998046875,5635.89990234375,14.670000076293945
2012-11-27,11657.2646484375,6252.2998046875,4480.64990234375,5748.0498046875,15417.650390625,2637.550048828125,257.6000061035156,7569.89990234375,5727.4501953125,13.960000038146973
2012-11-29,11992.66015625,6226.60009765625,4566.9501953125,5833.85009765625,15586.25,2657.25,266.8999938964844,7671.9501953125,5825.0,15.369999885559082
2012-11-30,12158.7587890625,6263.25,4556.0,5869.75,15551.849609375,2711.300048828125,266.54998779296875,7740.2998046875,5879.85009765625,15.149999618530273
2012-12-03,12103.759765625,6269.85009765625,4568.4501953125,5854.85009765625,15514.75,2728.39990234375,270.3999938964844,7763.25,5870.9501953125,15.619999885559082
2012-12-04,12197.0087890625,6233.85009765625,4550.64990234375,5870.0,15530.5498046875,2726.39990234375,272.70001220703125,7896.85009765625,5889.25,15.90999984741211
2012-12-05,12281.45703125,6149.4501953125,4554.39990234375,5870.7998046875,15550.0498046875,2763.14990234375,279.95001220703125,7932.35009765625,5900.5,16.6200008392334
2012-12-06,12427.4052734375,6063.7001953125,4592.10009765625,5875.5,15635.349609375,2778.050048828125,285.5,8007.25,5930.89990234375,15.239999771118164
2012-12-07,12363.556640625,6006.25,4618.14990234375,5887.14990234375,15610.2998046875,2765.10009765625,280.6499938964844,7954.75,5907.39990234375,14.960000038146973
2012-12-10,12381.5068359375,5969.4501953125,4604.2998046875,5955.0498046875,15679.25,2771.0,283.8500061035156,7896.9501953125,5908.89990234375,14.510000228881836
2012-12-11,12344.4560546875,5917.60009765625,4605.0,5973.2998046875,15795.7001953125,2752.0,277.8500061035156,7817.89990234375,5898.7998046875,14.670000076293945
2012-12-12,12301.5576171875,5935.9501953125,4647.39990234375,5984.9501953125,15778.099609375,2734.949951171875,278.1499938964844,7828.2001953125,5888.0,14.510000228881836
2012-12-13,12269.0078125,5909.5,4685.5498046875,5950.2001953125,15355.150390625,2704.35009765625,272.25,7828.64990234375,5851.5,14.710000038146973
2012-12-14,12424.5556640625,5947.75,4714.2998046875,5918.89990234375,15368.849609375,2755.550048828125,274.75,7851.2001953125,5879.60009765625,14.229999542236328
2012-12-17,12427.3056640625,5877.2001953125,4744.60009765625,5945.25,15283.599609375,2795.89990234375,276.3500061035156,7828.7998046875,5857.89990234375,14.920000076293945
2012-12-18,12477.0048828125,5902.2001953125,4769.39990234375,5985.0,15334.349609375,2856.699951171875,282.95001220703125,7822.75,5896.7998046875,14.4399995803833
2012-12-19,12510.1044921875,5976.25,4847.2998046875,6084.64990234375,15264.900390625,2904.10009765625,284.5,7900.4501953125,5929.60009765625,14.470000267028809
2012-12-20,12486.3544921875,5994.9501953125,4814.2001953125,6072.39990234375,15282.849609375,2941.050048828125,283.70001220703125,7879.5498046875,5916.39990234375,14.319999694824219
2012-12-21,12314.90625,5981.2998046875,4752.89990234375,5972.14990234375,15193.900390625,2894.85009765625,273.54998779296875,7763.0498046875,5847.7001953125,14.630000114440918
2012-12-24,12317.556640625,6037.25,4773.9501953125,6010.85009765625,15222.349609375,2881.449951171875,275.45001220703125,7735.4501953125,5855.75,14.489999771118164
2012-12-26,12479.3046875,6023.60009765625,4792.60009765625,6061.10009765625,15305.0498046875,2896.60009765625,279.70001220703125,7805.25,5905.60009765625,14.100000381469727
2012-12-27,12459.5556640625,5967.64990234375,4783.5498046875,6044.64990234375,15178.0,2880.35009765625,278.6000061035156,7741.14990234375,5870.10009765625,13.739999771118164
2012-12-28,12458.005859375,6044.25,4801.5,6035.5,15237.650390625,2889.35009765625,278.3500061035156,7902.75,5908.35009765625,13.630000114440918
2012-12-31,12474.10546875,6024.9501953125,4830.5498046875,6035.0,15175.25,2900.25,281.29998779296875,7927.39990234375,5905.10009765625,14.949999809265137
2013-01-01,12654.0029296875,6033.2998046875,4869.5,6056.60009765625,15259.2001953125,2959.35009765625,289.45001220703125,7932.4501953125,5905.10009765625,13.6899995803833
2013-01-02,12786.701171875,6031.0,4911.2998046875,6070.25,15225.4501953125,2973.89990234375,288.8999938964844,8022.9501953125,5993.25,13.710000038146973
2013-01-03,12778.001953125,6097.60009765625,4905.35009765625,6075.7998046875,15172.25,2983.75,292.70001220703125,8110.4501953125,6009.5,13.470000267028809
2013-01-04,12787.201171875,6153.2001953125,4892.89990234375,6080.39990234375,15134.349609375,2955.800048828125,293.3999938964844,8183.5,6016.14990234375,13.369999885559082
2013-01-07,12708.552734375,6175.4501953125,4913.2001953125,6104.4501953125,14966.900390625,2986.050048828125,291.5,8174.7001953125,5988.39990234375,13.920000076293945
2013-01-08,12725.3525390625,6147.89990234375,4915.2998046875,6156.5498046875,15148.599609375,2955.39990234375,295.54998779296875,8164.4501953125,6001.7001953125,13.270000457763672
2013-01-09,12717.8525390625,6101.0498046875,4951.75,6169.25,14918.849609375,2919.550048828125,292.6000061035156,8186.14990234375,5971.5,13.319999694824219
2013-01-10,12802.1015625,6073.10009765625,4970.89990234375,6117.10009765625,14947.599609375,2907.050048828125,293.25,8192.7001953125,5968.64990234375,13.270000457763672
2013-01-11,12617.703125,6639.85009765625,4908.35009765625,6056.10009765625,14582.75,2859.85009765625,287.1000061035156,8069.4501953125,5951.2998046875,13.229999542236328
2013-01-14,12758.6015625,6809.5,4882.10009765625,6031.35009765625,14737.5498046875,2901.0,301.6000061035156,8170.85009765625,6024.0498046875,13.699999809265137
2013-01-15,12855.2509765625,6791.5,4903.25,6032.2001953125,14852.349609375,2894.5,305.1499938964844,8213.0498046875,6056.60009765625,13.579999923706055
2013-01-16,12638.353515625,6777.9501953125,4784.0498046875,6018.2001953125,14815.2998046875,2827.60009765625,300.29998779296875,8244.0,6001.85009765625,13.989999771118164
2013-01-17,12649.4521484375,6869.4501953125,4806.60009765625,6001.89990234375,14806.0,2837.699951171875,306.45001220703125,8458.0498046875,6039.2001953125,14.010000228881836
2013-01-18,12679.8525390625,6798.7001953125,4778.25,5960.75,14818.849609375,2825.10009765625,310.1499938964844,8711.349609375,6064.39990234375,13.890000343322754
2013-01-21,12651.2021484375,6789.39990234375,4765.10009765625,5940.89990234375,14992.150390625,2818.300048828125,305.3500061035156,8798.0,6082.2998046875,13.65999984741211
2013-01-22,12574.203125,6739.64990234375,4739.2998046875,5926.25,14802.9501953125,2793.75,299.0,8756.25,6048.5,13.890000343322754
2013-01-23,12635.0537109375,6725.7998046875,4699.60009765625,5910.7998046875,14785.150390625,2780.800048828125,290.8500061035156,8726.25,6054.2998046875,13.670000076293945
2013-01-24,12561.25390625,6742.39990234375,4579.89990234375,5857.64990234375,14910.150390625,2730.85009765625,276.1000061035156,8638.5498046875,6019.35009765625,14.460000038146973
2013-01-25,12693.1025390625,6800.75,4679.0498046875,5949.4501953125,15056.599609375,2766.89990234375,289.54998779296875,8654.25,6074.64990234375,14.770000457763672
2013-01-28,12781.201171875,6822.7001953125,4723.25,5936.39990234375,15082.75,2773.10009765625,294.20001220703125,8565.900390625,6074.7998046875,15.170000076293945
2013-01-29,12722.65234375,6792.2998046875,4680.7998046875,5914.9501953125,15166.099609375,2759.050048828125,287.0,8470.849609375,6049.89990234375,14.470000267028809
2013-01-30,12767.3515625,6787.85009765625,4658.5498046875,5929.2998046875,15176.4501953125,2766.0,290.70001220703125,8532.599609375,6055.75,14.380000114440918
2013-01-31,12708.4521484375,6778.0,4649.89990234375,5935.25,15265.349609375,2773.25,294.79998779296875,8482.650390625,6034.75,14.130000114440918
2013-02-01,12606.103515625,6752.64990234375,4591.0498046875,5989.64990234375,15302.599609375,2754.35009765625,291.3500061035156,8505.400390625,5998.89990234375,13.760000228881836
2013-02-04,12548.2041015625,6750.25,4628.14990234375,5907.5,15257.7001953125,2730.89990234375,289.79998779296875,8410.5,5987.25,14.34000015258789
2013-02-05,12467.60546875,6728.7001953125,4611.9501953125,5963.75,15069.75,2713.10009765625,288.6499938964844,8344.0,5956.89990234375,14.609999656677246
2013-02-06,12417.5556640625,6766.7998046875,4605.5,5951.9501953125,15133.25,2718.300048828125,291.04998779296875,8329.25,5959.2001953125,14.260000228881836
2013-02-07,12349.15625,6799.0,4615.10009765625,5909.64990234375,15119.150390625,2691.199951171875,286.3999938964844,8261.5498046875,5938.7998046875,14.890000343322754
2013-02-08,12280.0078125,6852.7001953125,4566.0498046875,5837.35009765625,14989.5498046875,2654.050048828125,282.95001220703125,8166.25,5903.5,15.15999984741211
2013-02-11,12332.8564453125,6832.0498046875,4571.2001953125,5886.5498046875,14950.150390625,2647.199951171875,284.6499938964844,8170.64990234375,5897.85009765625,15.649999618530273
2013-02-12,12405.10546875,6791.89990234375,4611.75,5957.75,14997.7998046875,2642.550048828125,270.0,8261.4501953125,5922.5,15.3100004196167
2013-02-13,12384.9560546875,6884.14990234375,4628.0,5948.25,14916.0498046875,2612.64990234375,264.6000061035156,8252.7998046875,5932.9501953125,15.140000343322754
2013-02-14,12311.15625,6900.35009765625,4567.14990234375,5893.7998046875,14977.0498046875,2612.75,262.1499938964844,8124.39990234375,5896.9501953125,15.09000015258789
2013-02-15,12336.40625,6864.14990234375,4585.35009765625,5865.35009765625,14978.7998046875,2603.449951171875,262.3999938964844,8074.0498046875,5887.39990234375,15.239999771118164
2013-02-18,12347.056640625,6834.7001953125,4586.2001953125,5864.7001953125,15036.0,2610.550048828125,267.70001220703125,8080.89990234375,5898.2001953125,16.290000915527344
2013-02-19,12413.505859375,6936.25,4627.89990234375,5938.25,15150.900390625,2614.75,273.3500061035156,8151.89990234375,5939.7001953125,15.8100004196167
2013-02-20,12363.556640625,6972.0498046875,4619.64990234375,5924.39990234375,15089.150390625,2599.10009765625,275.20001220703125,8271.5498046875,5943.0498046875,15.600000381469727
2013-02-21,12055.3603515625,6939.85009765625,4550.7998046875,5907.35009765625,14882.900390625,2520.699951171875,268.1499938964844,8156.14990234375,5852.25,16.940000534057617
2013-02-22,12068.8095703125,6992.85009765625,4526.7998046875,5944.14990234375,14665.25,2508.64990234375,272.20001220703125,8189.5,5850.2998046875,16.790000915527344
2013-02-25,12037.16015625,7095.2001953125,4563.64990234375,5954.5498046875,14634.849609375,2476.550048828125,264.04998779296875,8128.2998046875,5854.75,16.729999542236328
2013-02-26,11844.7119140625,7156.75,4436.0498046875,5833.7998046875,14545.599609375,2410.550048828125,258.5,7912.7998046875,5761.35009765625,17.360000610351562
2013-02-27,11930.361328125,7072.5,4469.5498046875,5813.7998046875,14669.849609375,2431.800048828125,264.75,7991.5,5796.89990234375,16.229999542236328
2013-02-28,11487.2158203125,7106.64990234375,4424.7998046875,5778.2001953125,14594.25,2360.35009765625,257.1499938964844,7828.9501953125,5693.0498046875,14.859999656677246
2013-03-01,11539.916015625,7117.7001953125,4481.60009765625,5807.0,14631.4501953125,2378.75,246.8000030517578,7850.7998046875,5719.7001953125,14.0600004196167
2013-03-04,11575.46484375,7101.64990234375,4454.25,5817.89990234375,14580.599609375,2320.25,240.6999969482422,7838.0,5698.5,13.670000076293945
2013-03-05,11791.9130859375,7200.2001953125,4531.0498046875,5885.35009765625,14703.099609375,2376.10009765625,248.39999389648438,7948.4501953125,5784.25,13.390000343322754
2013-03-06,11876.0625,7305.89990234375,4546.60009765625,5891.0,14516.2001953125,2413.5,260.20001220703125,7995.39990234375,5818.60009765625,13.399999618530273
2013-03-07,11970.111328125,7410.25,4578.0,5919.2998046875,14645.150390625,2389.699951171875,265.04998779296875,8006.4501953125,5863.2998046875,13.069999694824219
2013-03-08,12197.1083984375,7357.0,4601.25,5973.5,14891.25,2445.35009765625,266.54998779296875,8150.7001953125,5945.7001953125,13.34000015258789
2013-03-11,12165.2587890625,7304.60009765625,4578.85009765625,6001.64990234375,14915.599609375,2432.050048828125,270.3500061035156,8138.5498046875,5942.35009765625,14.25
2013-03-12,12054.3603515625,7253.2001953125,4584.60009765625,5974.85009765625,14981.2001953125,2415.5,266.20001220703125,8106.0498046875,5914.10009765625,15.130000114440918
2013-03-13,11777.36328125,7170.39990234375,4520.85009765625,5985.89990234375,15052.150390625,2381.0,264.6499938964844,8037.0498046875,5851.2001953125,16.200000762939453
2013-03-14,12020.6103515625,7212.39990234375,4534.75,5989.64990234375,15117.099609375,2396.949951171875,270.04998779296875,8124.2001953125,5908.9501953125,14.65999984741211
2013-03-15,11816.412109375,7224.35009765625,4498.60009765625,6003.85009765625,15127.2998046875,2378.39990234375,261.79998779296875,8038.39990234375,5872.60009765625,15.15999984741211
2013-03-18,11735.36328125,7198.64990234375,4438.5498046875,6029.5498046875,15245.7998046875,2328.199951171875,257.3500061035156,7960.14990234375,5835.25,15.850000381469727
2013-03-19,11507.916015625,7152.5498046875,4375.4501953125,6020.25,15200.650390625,2268.25,247.9499969482422,7851.39990234375,5745.9501953125,16.709999084472656
2013-03-20,11254.71875,7158.25,4373.2001953125,6026.7998046875,15257.25,2237.699951171875,235.25,7744.5498046875,5694.39990234375,16.65999984741211
2013-03-21,11238.21875,7168.0498046875,4283.10009765625,5980.2998046875,15145.349609375,2214.699951171875,227.5500030517578,7629.89990234375,5658.75,16.510000228881836
2013-03-22,11203.919921875,7119.7998046875,4284.9501953125,5949.75,15128.0498046875,2218.39990234375,224.0500030517578,7617.14990234375,5651.35009765625,15.539999961853027
2013-03-25,11125.521484375,7105.9501953125,4247.89990234375,5939.75,15054.150390625,2193.39990234375,226.14999389648438,7659.9501953125,5633.85009765625,16.360000610351562
2013-03-26,11163.3203125,7137.0498046875,4258.64990234375,5953.75,15240.2001953125,2180.89990234375,221.0500030517578,7532.7001953125,5641.60009765625,15.800000190734863
2013-03-28,11361.7177734375,7219.0498046875,4224.60009765625,5953.0,15321.900390625,2232.10009765625,223.9499969482422,7551.5,5682.5498046875,15.220000267028809
2013-04-01,11425.4169921875,7264.35009765625,4195.0,6007.2998046875,15323.75,2219.699951171875,236.0500030517578,7595.5498046875,5704.39990234375,14.850000381469727
2013-04-02,11523.2666015625,7325.25,4210.85009765625,6135.7998046875,15321.900390625,2264.800048828125,237.9499969482422,7722.10009765625,5748.10009765625,14.100000381469727
2013-04-03,11343.9677734375,7271.89990234375,4111.5,6148.9501953125,15289.75,2218.449951171875,231.14999389648438,7616.64990234375,5672.89990234375,14.869999885559082
2013-04-04,11126.12109375,7072.7001953125,4092.89990234375,6119.60009765625,15051.2998046875,2183.300048828125,223.14999389648438,7534.7001953125,5574.75,15.850000381469727
2013-04-05,11098.8212890625,7047.35009765625,4116.4501953125,6132.0,14826.599609375,2187.550048828125,222.3000030517578,7611.4501953125,5553.25,16.15999984741211
2013-04-08,11012.5224609375,6977.10009765625,4134.10009765625,6185.35009765625,14945.599609375,2173.800048828125,222.14999389648438,7652.2001953125,5542.9501953125,16.770000457763672
2013-04-09,10929.0234375,6905.7001953125,4140.14990234375,6147.0,14717.5,2162.699951171875,219.35000610351562,7541.85009765625,5495.10009765625,16.81999969482422
2013-04-10,11122.12109375,7042.9501953125,4174.5,6167.9501953125,14634.25,2170.10009765625,222.10000610351562,7568.64990234375,5558.7001953125,16.489999771118164
2013-04-11,11306.3681640625,7200.35009765625,4206.89990234375,6231.25,14697.349609375,2150.300048828125,227.60000610351562,7526.7998046875,5594.0,16.969999313354492
2013-04-12,11409.966796875,6354.89990234375,4180.5498046875,6242.10009765625,14977.75,2150.949951171875,227.39999389648438,7579.2998046875,5528.5498046875,16.450000762939453
2013-04-15,11526.1162109375,6342.7001953125,4143.10009765625,6190.25,15162.0498046875,2129.5,227.5500030517578,7711.10009765625,5568.39990234375,16.610000610351562
2013-04-16,11871.4619140625,6301.10009765625,4245.0498046875,6287.10009765625,15455.7001953125,2157.449951171875,233.3000030517578,7869.75,5688.9501953125,16.25
2013-04-17,11980.91015625,6235.85009765625,4298.2001953125,6344.0498046875,15649.599609375,2175.699951171875,234.75,7714.7998046875,5688.7001953125,16.360000610351562
2013-04-18,12288.107421875,6232.60009765625,4397.75,6355.39990234375,15710.349609375,2179.0,239.4499969482422,7809.14990234375,5783.10009765625,15.359999656677246
2013-04-22,12576.0537109375,6118.25,4423.60009765625,6364.0,15788.650390625,2227.60009765625,248.1999969482422,7857.35009765625,5834.39990234375,16.219999313354492
2013-04-23,12543.2548828125,6156.89990234375,4424.2998046875,6403.0,15769.099609375,2224.699951171875,246.89999389648438,7896.7998046875,5836.89990234375,15.069999694824219
2013-04-25,12726.7021484375,6059.7998046875,4542.10009765625,6556.85009765625,15861.650390625,2247.050048828125,245.8000030517578,8027.5,5916.2998046875,14.199999809265137
2013-04-26,12533.0048828125,5972.7001953125,4574.75,6505.60009765625,15751.099609375,2213.85009765625,240.1999969482422,7903.2998046875,5871.4501953125,13.880000114440918
2013-04-29,12609.00390625,6015.4501953125,4605.14990234375,6492.9501953125,16115.2998046875,2186.10009765625,244.4499969482422,7950.4501953125,5904.10009765625,14.329999923706055
2013-04-30,12561.4033203125,6047.7001953125,4632.4501953125,6550.14990234375,16815.94921875,2199.300048828125,241.25,7935.10009765625,5930.2001953125,15.100000381469727
2013-05-02,12709.802734375,6205.89990234375,4647.7001953125,6574.5498046875,16988.400390625,2200.39990234375,244.4499969482422,8024.85009765625,5999.35009765625,16.280000686645508
2013-05-03,12393.455078125,6224.7001953125,4589.35009765625,6586.75,16903.650390625,2231.25,241.39999389648438,7939.0498046875,5944.0,15.550000190734863
2013-05-06,12396.255859375,6343.25,4658.2001953125,6610.0498046875,16779.55078125,2276.89990234375,241.6999969482422,8016.75,5971.0498046875,15.84000015258789
2013-05-07,12631.353515625,6372.75,4705.7001953125,6678.64990234375,17119.599609375,2277.35009765625,245.64999389648438,8060.5498046875,6043.5498046875,16.5
2013-05-08,12642.9033203125,6380.14990234375,4687.10009765625,6676.60009765625,17337.25,2266.550048828125,246.14999389648438,8065.0,6069.2998046875,16.760000228881836
2013-05-09,12596.1533203125,6426.4501953125,4675.64990234375,6560.2998046875,17347.19921875,2237.5,243.5,8017.7998046875,6050.14990234375,16.600000381469727
2013-05-10,12752.1513671875,6439.85009765625,4776.75,6596.4501953125,17625.849609375,2234.10009765625,244.25,8019.4501953125,6094.75,16.860000610351562
2013-05-13,12568.703125,6316.0,4675.0,6654.0,17133.75,2188.949951171875,240.0500030517578,7906.64990234375,5980.4501953125,17.510000228881836
2013-05-14,12583.453125,6328.0498046875,4675.89990234375,6703.39990234375,17124.5,2188.199951171875,238.89999389648438,7935.7001953125,5995.39990234375,17.170000076293945
2013-05-15,13077.748046875,6359.7001953125,4788.2998046875,6827.2998046875,17380.30078125,2230.35009765625,249.3000030517578,8090.64990234375,6146.75,18.1299991607666
2013-05-16,13239.2958984375,6292.14990234375,4765.10009765625,6912.35009765625,17233.099609375,2236.300048828125,253.89999389648438,8193.150390625,6169.89990234375,17.739999771118164
2013-05-17,13316.9453125,6331.0498046875,4761.0,6885.14990234375,17236.900390625,2231.449951171875,259.04998779296875,8217.150390625,6187.2998046875,17.56999969482422
2013-05-20,13181.3466796875,6358.75,4802.85009765625,6759.25,17152.849609375,2232.64990234375,257.3500061035156,8140.75,6156.89990234375,17.709999084472656
2013-05-21,13066.34765625,6421.0,4729.7998046875,6726.2001953125,17057.75,2220.5,251.3000030517578,8044.7001953125,6114.10009765625,17.8799991607666
2013-05-22,13008.0986328125,6420.2001953125,4711.85009765625,6778.7998046875,17220.349609375,2209.75,242.1999969482422,7979.25,6094.5,17.719999313354492
2013-05-23,12636.353515625,6378.4501953125,4637.60009765625,6725.60009765625,17070.150390625,2168.699951171875,227.39999389648438,7729.39990234375,5967.0498046875,18.729999542236328
2013-05-24,12769.201171875,6330.7998046875,4645.0,6664.14990234375,17093.80078125,2199.300048828125,228.85000610351562,7754.0498046875,5983.5498046875,17.700000762939453
2013-05-27,12961.3994140625,6410.9501953125,4669.35009765625,6745.10009765625,17293.25,2239.199951171875,233.10000610351562,7972.5,6083.14990234375,17.030000686645508
2013-05-28,12949.849609375,6431.60009765625,4736.14990234375,6698.35009765625,17424.30078125,2255.449951171875,233.85000610351562,8093.64990234375,6111.25,17.1200008392334
2013-05-29,12853.05078125,6396.25,4752.25,6856.0498046875,17547.44921875,2235.5,227.6999969482422,8098.4501953125,6104.2998046875,17.860000610351562
2013-05-30,12805.751953125,6390.39990234375,4855.39990234375,6814.85009765625,17884.55078125,2210.199951171875,221.75,8059.0,6124.0498046875,16.040000915527344
2013-05-31,12475.505859375,6472.0498046875,4769.0498046875,6729.25,17509.05078125,2155.10009765625,213.75,7852.10009765625,5985.9501953125,16.989999771118164
2013-06-03,12401.955078125,6551.64990234375,4726.7001953125,6715.25,17412.75,2167.25,214.60000610351562,7701.5,5939.2998046875,17.290000915527344
2013-06-04,12274.95703125,6516.64990234375,4706.75,6839.10009765625,17485.25,2162.050048828125,212.5500030517578,7701.35009765625,5919.4501953125,17.260000228881836
2013-06-05,12289.20703125,6474.0,4713.2998046875,6858.35009765625,17394.69921875,2171.300048828125,215.89999389648438,7825.5498046875,5923.85009765625,16.780000686645508
2013-06-06,12398.255859375,6451.5498046875,4713.14990234375,6774.75,17378.0,2163.14990234375,216.89999389648438,7750.0,5921.39990234375,17.350000381469727
2013-06-07,12231.357421875,6540.0498046875,4646.10009765625,6782.7001953125,17315.099609375,2137.0,213.89999389648438,7666.10009765625,5881.0,17.350000381469727
2013-06-10,12086.9091796875,6604.7001953125,4619.60009765625,6705.9501953125,17373.349609375,2119.60009765625,210.64999389648438,7690.4501953125,5878.0,18.110000610351562
2013-06-11,11820.3623046875,6550.9501953125,4564.5498046875,6686.2001953125,17251.94921875,2025.75,202.64999389648438,7576.14990234375,5788.7998046875,19.489999771118164
2013-06-12,11814.7119140625,6438.60009765625,4535.4501953125,6731.5,17066.900390625,1991.9000244140625,202.8000030517578,7599.39990234375,5760.2001953125,18.850000381469727
2013-06-13,11686.6142578125,6334.60009765625,4419.35009765625,6607.2998046875,16872.19921875,1971.199951171875,198.14999389648438,7551.89990234375,5699.10009765625,19.440000534057617
2013-06-14,11922.7109375,6370.39990234375,4543.2001953125,6656.89990234375,17037.75,2023.0,202.85000610351562,7721.85009765625,5808.39990234375,18.350000381469727
2013-06-17,11970.9111328125,6423.2001953125,4625.9501953125,6674.4501953125,17123.05078125,2021.1500244140625,202.85000610351562,7768.10009765625,5850.0498046875,18.18000030517578
2013-06-18,11820.8125,6451.9501953125,4617.89990234375,6671.25,17063.25,2035.550048828125,202.39999389648438,7710.5,5813.60009765625,18.290000915527344
2013-06-19,11852.5126953125,6435.10009765625,4591.0498046875,6647.5,17061.19921875,2060.85009765625,204.60000610351562,7740.14990234375,5822.25,18.459999084472656
2013-06-20,11375.2685546875,6290.14990234375,4512.7001953125,6617.10009765625,16747.19921875,1967.0,193.64999389648438,7487.75,5655.89990234375,19.190000534057617
2013-06-21,11340.0185546875,6381.85009765625,4505.64990234375,6597.85009765625,16696.349609375,1941.1500244140625,191.1999969482422,7521.75,5667.64990234375,19.030000686645508
2013-06-24,11178.169921875,6309.4501953125,4439.75,6552.7998046875,16341.7998046875,1920.25,182.25,7432.89990234375,5590.25,21.010000228881836
2013-06-25,11180.919921875,6268.85009765625,4457.0498046875,6515.75,16425.25,1912.8499755859375,183.0500030517578,7493.5,5609.10009765625,21.139999389648438
2013-06-26,11066.4208984375,6378.35009765625,4379.89990234375,6442.5498046875,16567.099609375,1886.4000244140625,182.1999969482422,7519.2998046875,5588.7001953125,21.06999969482422
2013-06-27,11235.619140625,6587.14990234375,4404.5498046875,6597.7001953125,16564.44921875,1887.949951171875,185.60000610351562,7708.85009765625,5682.35009765625,18.850000381469727
2013-06-28,11617.115234375,6634.14990234375,4539.4501953125,6756.2998046875,16688.19921875,1969.199951171875,192.25,7998.5,5842.2001953125,17.950000762939453
2013-07-01,11714.7646484375,6526.4501953125,4630.14990234375,6838.85009765625,16965.150390625,2008.25,202.85000610351562,8153.7998046875,5898.85009765625,18.09000015258789
2013-07-02,11614.115234375,6474.25,4589.35009765625,6880.9501953125,16938.75,1987.5999755859375,198.60000610351562,8048.5498046875,5857.5498046875,18.209999084472656
2013-07-03,11357.66796875,6451.2998046875,4556.75,6918.85009765625,16998.94921875,1932.3499755859375,188.8000030517578,7841.75,5770.89990234375,18.90999984741211
2013-07-04,11381.068359375,6633.2001953125,4588.25,6968.14990234375,17489.94921875,1929.199951171875,191.14999389648438,7906.9501953125,5836.9501953125,18.579999923706055
2013-07-05,11434.1669921875,6604.7001953125,4593.2001953125,6983.9501953125,17636.349609375,1938.3499755859375,191.8000030517578,8005.14990234375,5867.89990234375,18.670000076293945
2013-07-08,11283.1689453125,6607.9501953125,4524.60009765625,6979.35009765625,17748.30078125,1911.25,187.9499969482422,7848.14990234375,5811.5498046875,19.34000015258789
2013-07-09,11442.3173828125,6653.89990234375,4535.10009765625,7097.4501953125,17782.5,1917.75,191.5500030517578,7909.64990234375,5859.0,19.31999969482422
2013-07-10,11364.318359375,6690.9501953125,4470.64990234375,7117.0498046875,17666.25,1899.199951171875,189.0500030517578,7767.7998046875,5816.7001953125,19.979999542236328
2013-07-11,11655.1640625,6799.5,4489.7998046875,7174.2998046875,17953.69921875,1948.25,194.3000030517578,7920.4501953125,5935.10009765625,18.889999389648438
2013-07-12,11722.6630859375,7249.39990234375,4492.9501953125,7251.4501953125,17874.75,1948.949951171875,193.25,7992.89990234375,6009.0,18.690000534057617
2013-07-15,11790.11328125,7225.39990234375,4515.0,7272.10009765625,18067.349609375,1948.75,197.5,8013.10009765625,6030.7998046875,18.790000915527344
2013-07-16,11226.01953125,7208.7998046875,4485.5498046875,7235.89990234375,18362.099609375,1916.6500244140625,185.1999969482422,8062.0498046875,5955.25,18.989999771118164
2013-07-17,10971.4716796875,7272.0,4449.75,7234.2998046875,19001.150390625,1879.3499755859375,184.64999389648438,8140.4501953125,5973.2998046875,19.360000610351562
2013-07-18,11187.5703125,7306.35009765625,4462.2998046875,7301.60009765625,19133.55078125,1896.0,190.14999389648438,8238.2001953125,6038.0498046875,18.270000457763672
2013-07-19,10973.7724609375,7503.7001953125,4536.5,7241.2998046875,19100.849609375,1891.25,186.5,8276.4501953125,6029.2001953125,18.1299991607666
2013-07-22,11086.8212890625,7556.5498046875,4584.60009765625,7235.85009765625,19105.099609375,1885.300048828125,185.35000610351562,8162.89990234375,6031.7998046875,17.6299991607666
2013-07-23,11239.5693359375,7604.0,4600.10009765625,7240.60009765625,19407.849609375,1894.550048828125,187.9499969482422,8203.349609375,6077.7998046875,16.719999313354492
2013-07-24,10720.025390625,7669.25,4536.35009765625,7257.0,19344.19921875,1859.050048828125,185.5,8152.64990234375,5990.5,16.90999984741211
2013-07-25,10613.876953125,7678.14990234375,4547.5498046875,7129.9501953125,18685.80078125,1827.699951171875,184.60000610351562,8032.9501953125,5907.5,16.719999313354492
2013-07-26,10465.1279296875,7663.0,4527.75,7158.35009765625,18743.349609375,1768.5,182.10000610351562,8009.0,5886.2001953125,16.780000686645508
2013-07-29,10330.8798828125,7673.2998046875,4535.39990234375,7132.75,18258.849609375,1736.75,178.0,7934.64990234375,5831.64990234375,18.25
2013-07-30,10209.4306640625,7718.85009765625,4441.39990234375,7056.10009765625,17898.0,1704.699951171875,171.85000610351562,7641.4501953125,5755.0498046875,18.1200008392334
2013-07-31,10015.6337890625,7787.35009765625,4474.0,7107.85009765625,17480.94921875,1736.300048828125,167.5500030517578,7716.64990234375,5742.0,18.770000457763672
2013-08-01,10142.83203125,7777.10009765625,4411.5498046875,7102.4501953125,17435.150390625,1700.949951171875,160.25,7550.0,5727.85009765625,19.809999465942383
2013-08-02,9997.68359375,7858.35009765625,4390.35009765625,7036.10009765625,17148.150390625,1639.050048828125,153.75,7502.85009765625,5677.89990234375,20.889999389648438
2013-08-05,10094.783203125,7916.5,4369.4501953125,6995.9501953125,17262.44921875,1677.449951171875,154.0,7538.14990234375,5685.39990234375,20.799999237060547
2013-08-06,9702.9873046875,7877.14990234375,4329.75,6927.9501953125,16950.400390625,1628.199951171875,146.89999389648438,7338.85009765625,5542.25,22.729999542236328
2013-08-07,9757.13671875,7767.75,4268.75,6877.5498046875,16687.099609375,1679.699951171875,155.10000610351562,7550.0,5519.10009765625,22.040000915527344
2013-08-08,9816.2861328125,7801.4501953125,4344.75,6856.10009765625,16797.400390625,1725.5999755859375,158.60000610351562,7543.14990234375,5565.64990234375,21.190000534057617
2013-08-12,9711.287109375,7841.4501953125,4384.35009765625,6986.0,17198.94921875,1802.9000244140625,159.8000030517578,7493.7001953125,5612.39990234375,21.280000686645508
2013-08-13,9985.5341796875,7976.25,4480.60009765625,7101.85009765625,17325.349609375,1800.75,167.85000610351562,7555.7998046875,5699.2998046875,19.260000228881836
2013-08-14,10026.2841796875,7956.10009765625,4622.4501953125,7085.14990234375,17353.69921875,1849.4000244140625,172.6999969482422,7736.60009765625,5742.2998046875,18.700000762939453
2013-08-16,9450.740234375,7774.2001953125,4512.60009765625,6960.75,16684.650390625,1748.199951171875,161.1999969482422,7394.25,5507.85009765625,23.639999389648438
2013-08-19,9144.8935546875,7793.2001953125,4368.5498046875,6778.0498046875,16313.349609375,1777.5999755859375,161.5500030517578,7309.75,5414.75,25.59000015258789
2013-08-20,9218.8427734375,7693.5,4274.2001953125,6694.75,16336.9501953125,1840.699951171875,165.9499969482422,7320.7001953125,5401.4501953125,27.229999542236328
2013-08-21,9264.29296875,7594.0498046875,4210.2001953125,6497.2001953125,15805.0,1786.8499755859375,159.5,7058.25,5302.5498046875,28.09000015258789
2013-08-22,9268.79296875,7777.5,4281.75,6676.5,16050.7998046875,1921.5999755859375,158.64999389648438,7284.5,5408.4501953125,29.059999465942383
2013-08-23,9469.9892578125,7893.2001953125,4355.4501953125,6710.2001953125,16176.4501953125,1944.5999755859375,155.4499969482422,7377.85009765625,5471.75,25.75
2013-08-26,9373.4404296875,7958.64990234375,4357.75,6785.5,16210.349609375,1959.25,157.75,7374.64990234375,5476.5,26.3799991607666
2013-08-27,8870.396484375,7975.7998046875,4244.35009765625,6649.0498046875,15766.0,1891.449951171875,151.0,7152.5498046875,5287.4501953125,29.420000076293945
2013-08-28,8760.748046875,8175.2998046875,4249.39990234375,6727.25,15703.5,1921.1500244140625,149.14999389648438,7127.85009765625,5285.0,32.380001068115234
2013-08-29,8904.49609375,8246.900390625,4347.0,6849.2001953125,16059.25,1973.25,149.75,7339.75,5409.0498046875,29.40999984741211
2013-08-30,9049.0947265625,8382.400390625,4345.60009765625,6980.5498046875,16283.0498046875,1932.550048828125,149.5500030517578,7379.89990234375,5471.7998046875,27.809999465942383
2013-09-02,9139.3935546875,8396.900390625,4354.5498046875,7046.60009765625,16828.349609375,1993.4000244140625,154.75,7539.25,5550.75,27.549999237060547
2013-09-03,8664.099609375,8259.400390625,4291.39990234375,6871.4501953125,16048.75,1939.75,147.1999969482422,7255.2998046875,5341.4501953125,32.4900016784668
2013-09-04,8845.6474609375,8454.099609375,4398.9501953125,7046.2998046875,16126.400390625,1990.9000244140625,146.6999969482422,7404.7998046875,5448.10009765625,31.110000610351562
2013-09-05,9682.2880859375,8203.400390625,4443.0,7023.5,16606.30078125,2015.4000244140625,155.35000610351562,7535.5,5592.9501953125,28.530000686645508
2013-09-06,9961.2841796875,8216.5,4432.85009765625,7103.7998046875,16678.44921875,2019.1500244140625,155.1999969482422,7677.85009765625,5680.39990234375,28.649999618530273
2013-09-10,10188.1318359375,8411.0498046875,4697.9501953125,7192.7001953125,17576.30078125,2078.75,159.4499969482422,7822.5,5896.75,29.440000534057617
2013-09-11,10368.9794921875,8373.25,4706.10009765625,7266.64990234375,17376.900390625,2144.300048828125,164.3000030517578,7786.10009765625,5913.14990234375,29.75
2013-09-12,10158.431640625,8270.150390625,4627.75,7275.64990234375,17506.0,2088.25,165.14999389648438,7707.0,5850.7001953125,29.709999084472656
2013-09-13,10180.33203125,8172.64990234375,4662.0498046875,7287.89990234375,17306.400390625,2101.699951171875,169.8000030517578,7746.10009765625,5850.60009765625,28.290000915527344
2013-09-16,10368.2802734375,8017.2001953125,4683.10009765625,7107.0,17382.349609375,2076.39990234375,165.85000610351562,7729.2998046875,5840.5498046875,28.81999969482422
2013-09-17,10279.48046875,8154.25,4713.4501953125,7096.4501953125,17499.5,2094.050048828125,164.75,7671.5,5850.2001953125,27.93000030517578
2013-09-18,10447.728515625,8159.10009765625,4716.75,7152.60009765625,17748.900390625,2094.050048828125,168.1999969482422,7767.2001953125,5899.4501953125,27.690000534057617
2013-09-19,11148.5205078125,8156.9501953125,4847.25,7245.9501953125,18316.400390625,2172.10009765625,178.0500030517578,7988.25,6115.5498046875,24.5
2013-09-20,10686.67578125,8132.7998046875,4773.4501953125,7260.7001953125,18149.69921875,2142.25,164.75,7924.4501953125,6012.10009765625,24.729999542236328
2013-09-23,10211.5810546875,8200.7001953125,4714.39990234375,7185.60009765625,17907.94921875,2146.10009765625,157.35000610351562,7764.2001953125,5889.75,27.020000457763672
2013-09-24,10175.7822265625,8169.10009765625,4769.75,7205.0498046875,17905.94921875,2121.89990234375,157.0,7774.7998046875,5892.4501953125,26.719999313354492
2013-09-25,10081.5830078125,8187.5498046875,4769.14990234375,7299.85009765625,17726.099609375,2145.699951171875,156.60000610351562,7704.2998046875,5873.85009765625,25.68000030517578
2013-09-26,10098.1328125,8157.7998046875,4766.64990234375,7362.85009765625,17833.80078125,2156.39990234375,155.5,7637.2001953125,5882.25,24.0
2013-09-27,9899.634765625,8166.5498046875,4748.75,7364.60009765625,17872.80078125,2122.35009765625,153.4499969482422,7630.14990234375,5833.2001953125,24.059999465942383
2013-09-30,9617.6884765625,8167.7998046875,4681.9501953125,7361.0498046875,17637.400390625,2067.800048828125,149.64999389648438,7515.35009765625,5735.2998046875,26.649999618530273
2013-10-01,9883.1845703125,8181.64990234375,4727.10009765625,7382.5,17667.099609375,2064.300048828125,154.0,7446.5,5780.0498046875,25.770000457763672
2013-10-03,10222.8310546875,8360.849609375,4843.5498046875,7467.2998046875,17533.69921875,2145.60009765625,157.1999969482422,7624.0,5909.7001953125,25.170000076293945
2013-10-04,10197.0322265625,8352.349609375,4887.60009765625,7472.4501953125,17572.75,2160.550048828125,159.75,7633.64990234375,5907.2998046875,26.1299991607666
2013-10-07,10081.982421875,8461.5498046875,4888.2001953125,7552.64990234375,17602.650390625,2181.60009765625,159.14999389648438,7613.7001953125,5906.14990234375,26.829999923706055
2013-10-08,10141.33203125,8435.0,4889.7001953125,7565.85009765625,17793.75,2164.75,161.10000610351562,7641.5498046875,5928.39990234375,26.549999237060547
2013-10-09,10334.830078125,8564.4501953125,4917.0,7710.60009765625,17839.150390625,2183.199951171875,168.5500030517578,7744.0498046875,6007.4501953125,25.8700008392334
2013-10-10,10288.8310546875,8603.7998046875,5006.2998046875,7731.5498046875,17833.599609375,2195.949951171875,169.4499969482422,7744.64990234375,6020.9501953125,25.8799991607666
2013-10-11,10622.02734375,8870.150390625,5099.4501953125,7642.0498046875,17673.94921875,2164.449951171875,174.25,7741.2998046875,6096.2001953125,23.59000015258789
2013-10-14,10665.1259765625,9061.75,5116.0498046875,7612.85009765625,17558.5,2148.300048828125,173.85000610351562,7760.9501953125,6112.7001953125,22.850000381469727
2013-10-15,10389.12890625,9120.2998046875,5085.89990234375,7589.0,17545.69921875,2163.949951171875,171.10000610351562,7741.10009765625,6089.0498046875,23.239999771118164
2013-10-17,10336.4296875,8797.849609375,5024.9501953125,7546.9501953125,17722.44921875,2164.39990234375,169.14999389648438,7811.0,6045.85009765625,21.059999465942383
2013-10-18,10744.775390625,8893.849609375,5091.9501953125,7632.2001953125,18091.400390625,2236.64990234375,174.3000030517578,7969.0,6189.35009765625,20.1200008392334
2013-10-21,10797.423828125,8854.900390625,5122.85009765625,7634.2998046875,17839.5,2277.89990234375,179.6999969482422,8025.2001953125,6204.9501953125,20.18000030517578
2013-10-22,10808.9736328125,8915.150390625,5099.89990234375,7648.14990234375,17795.0,2283.35009765625,178.5,8030.39990234375,6202.7998046875,19.959999084472656
2013-10-23,10880.5244140625,8829.5498046875,5059.75,7582.64990234375,17842.80078125,2274.699951171875,176.14999389648438,7949.9501953125,6178.35009765625,20.350000381469727
2013-10-24,10902.3232421875,8681.650390625,5094.75,7542.89990234375,17889.400390625,2259.89990234375,174.0500030517578,7892.75,6164.35009765625,20.639999389648438
2013-10-25,10896.373046875,8812.5498046875,5039.35009765625,7473.2001953125,17723.94921875,2230.35009765625,170.0,7880.2998046875,6144.89990234375,20.420000076293945
2013-10-28,10773.0751953125,8783.2001953125,5034.85009765625,7397.5498046875,17268.900390625,2195.5,165.9499969482422,7882.2998046875,6101.10009765625,21.290000915527344
2013-10-29,11241.51953125,8822.099609375,5153.5498046875,7508.2998046875,17363.94921875,2244.949951171875,170.4499969482422,7968.25,6220.89990234375,19.760000228881836
2013-10-30,11249.21875,8835.150390625,5155.85009765625,7605.75,17568.19921875,2245.199951171875,171.0,7976.0498046875,6251.7001953125,19.530000686645508
2013-10-31,11473.0166015625,8852.7998046875,5163.89990234375,7495.9501953125,17617.0,2284.14990234375,172.10000610351562,8100.0498046875,6299.14990234375,18.389999389648438
2013-11-01,11628.515625,8799.5498046875,5228.85009765625,7502.7998046875,17385.80078125,2311.60009765625,176.89999389648438,8029.35009765625,6307.2001953125,18.639999389648438
2013-11-05,11498.7666015625,8724.099609375,5248.0498046875,7413.2998046875,17040.25,2325.25,178.25,8032.10009765625,6253.14990234375,19.940000534057617
2013-11-06,11292.4189453125,8843.0498046875,5216.75,7476.89990234375,16949.75,2295.89990234375,174.85000610351562,8002.35009765625,6215.14990234375,20.25
2013-11-07,11054.771484375,8956.5498046875,5167.85009765625,7481.75,16904.25,2313.14990234375,170.10000610351562,7914.4501953125,6187.25,19.8700008392334
2013-11-08,10913.0234375,8956.900390625,5137.39990234375,7491.5498046875,16835.5,2320.050048828125,172.64999389648438,7843.14990234375,6140.75,19.639999389648438
2013-11-11,10758.3251953125,8962.849609375,5083.5,7519.35009765625,16614.349609375,2294.199951171875,167.35000610351562,7733.0,6078.7998046875,19.979999542236328
2013-11-12,10582.9267578125,8914.400390625,5003.5498046875,7523.64990234375,16727.099609375,2253.550048828125,165.25,7638.89990234375,6018.0498046875,20.860000610351562
2013-11-13,10523.2275390625,8859.150390625,5027.2998046875,7518.75,16543.400390625,2257.5,163.10000610351562,7593.89990234375,5989.60009765625,20.450000762939453
2013-11-14,10811.07421875,8862.0,5177.89990234375,7461.5,16596.55078125,2288.75,167.14999389648438,7657.7998046875,6056.14990234375,19.260000228881836
2013-11-18,11142.169921875,8978.349609375,5233.7998046875,7517.7998046875,17059.650390625,2309.949951171875,171.6999969482422,7833.89990234375,6189.0,18.81999969482422
2013-11-19,11187.7197265625,9003.900390625,5250.39990234375,7497.10009765625,16976.900390625,2314.550048828125,174.25,7836.7998046875,6203.35009765625,19.299999237060547
2013-11-20,10967.0224609375,8915.349609375,5179.60009765625,7400.64990234375,16823.150390625,2316.800048828125,173.64999389648438,7746.0,6122.89990234375,20.829999923706055
2013-11-21,10706.7763671875,8767.099609375,5132.14990234375,7283.5498046875,16509.75,2278.25,169.5,7606.2998046875,5999.0498046875,21.139999389648438
2013-11-22,10677.2255859375,8785.4501953125,5071.60009765625,7293.2001953125,16414.80078125,2272.449951171875,168.14999389648438,7651.9501953125,5995.4501953125,20.040000915527344
2013-11-25,11083.271484375,8783.7998046875,5175.5,7337.2001953125,16763.55078125,2295.050048828125,172.39999389648438,7761.5,6115.35009765625,21.049999237060547
2013-11-26,10909.22265625,8758.2998046875,5201.10009765625,7272.64990234375,16606.400390625,2273.699951171875,170.64999389648438,7669.2998046875,6059.10009765625,21.59000015258789
2013-11-27,10899.1728515625,8702.400390625,5253.35009765625,7245.89990234375,16732.44921875,2282.5,169.6999969482422,7650.4501953125,6057.10009765625,21.139999389648438
2013-11-28,10906.623046875,8748.349609375,5275.9501953125,7268.10009765625,16765.849609375,2306.10009765625,171.6999969482422,7715.39990234375,6091.85009765625,20.709999084472656
2013-11-29,11153.8203125,8820.75,5283.14990234375,7351.7998046875,17004.0,2346.0,174.25,7799.0498046875,6176.10009765625,21.3799991607666
2013-12-02,11284.21875,8854.0,5310.9501953125,7502.10009765625,17013.5,2374.10009765625,175.25,7782.10009765625,6217.85009765625,23.360000610351562
2013-12-03,11211.169921875,8867.7998046875,5287.2998046875,7478.0498046875,16886.80078125,2380.199951171875,177.3000030517578,7802.35009765625,6201.85009765625,24.719999313354492
2013-12-04,11156.6201171875,8876.599609375,5230.0,7441.39990234375,16643.30078125,2386.60009765625,172.39999389648438,7764.10009765625,6160.9501953125,23.709999084472656
2013-12-05,11664.9638671875,8834.5498046875,5245.89990234375,7344.14990234375,16469.44921875,2412.75,174.89999389648438,7858.5,6241.10009765625,21.68000030517578
2013-12-06,11720.064453125,8827.7998046875,5273.5,7365.75,16505.44921875,2427.75,175.35000610351562,7928.2998046875,6259.89990234375,22.209999084472656
2013-12-09,12065.759765625,8877.099609375,5351.7001953125,7384.75,16571.0,2445.5,180.25,8074.9501953125,6363.89990234375,19.15999984741211
2013-12-10,11843.3125,9045.900390625,5347.5,7406.60009765625,16724.150390625,2460.449951171875,178.0,7946.64990234375,6332.85009765625,17.979999542236328
2013-12-11,11784.212890625,9028.2001953125,5293.85009765625,7386.9501953125,16829.150390625,2446.14990234375,176.85000610351562,7907.75,6307.89990234375,17.540000915527344
2013-12-12,11635.365234375,8964.9501953125,5180.89990234375,7319.25,16714.150390625,2412.85009765625,176.0,7829.0498046875,6237.0498046875,17.739999771118164
2013-12-13,11366.7685546875,8957.599609375,5180.2001953125,7276.89990234375,16622.94921875,2398.800048828125,172.5,7745.0498046875,6168.39990234375,17.84000015258789
2013-12-16,11372.818359375,9110.25,5150.7001953125,7313.75,16501.849609375,2401.050048828125,172.25,7656.10009765625,6154.7001953125,18.360000610351562
2013-12-17,11208.5205078125,9119.349609375,5140.85009765625,7442.5498046875,16612.19921875,2402.64990234375,171.25,7598.0,6139.0498046875,18.329999923706055
2013-12-18,11357.7685546875,9167.900390625,5228.89990234375,7517.2998046875,16675.19921875,2417.699951171875,177.0500030517578,7761.7001953125,6217.14990234375,17.540000915527344
2013-12-19,11087.3212890625,9329.0,5216.35009765625,7597.64990234375,16617.0,2421.949951171875,175.85000610351562,7661.14990234375,6166.64990234375,16.579999923706055
2013-12-20,11292.21875,9488.25,5320.5498046875,7646.60009765625,16750.69921875,2435.14990234375,180.85000610351562,7926.2998046875,6274.25,16.020000457763672
2013-12-23,11378.3681640625,9385.4501953125,5333.35009765625,7644.0498046875,16811.349609375,2473.35009765625,186.89999389648438,7951.75,6284.5,16.260000228881836
2013-12-24,11330.5185546875,9391.5,5331.89990234375,7641.0498046875,16811.94921875,2449.64990234375,186.9499969482422,7929.5,6268.39990234375,15.579999923706055
2013-12-26,11385.6171875,9430.099609375,5311.9501953125,7601.35009765625,16853.650390625,2461.050048828125,186.39999389648438,7932.10009765625,6278.89990234375,14.880000114440918
2013-12-27,11459.5673828125,9579.099609375,5309.0498046875,7661.2001953125,16975.75,2475.60009765625,187.25,7903.25,6313.7998046875,14.65999984741211
2013-12-30,11375.8681640625,9499.599609375,5278.85009765625,7620.9501953125,17020.150390625,2491.699951171875,184.14999389648438,7909.7998046875,6291.10009765625,15.079999923706055
2013-12-31,11385.1171875,9517.849609375,5285.0,7634.9501953125,17024.099609375,2486.60009765625,184.60000610351562,7961.2001953125,6304.0,15.119999885559082
2014-01-01,11385.466796875,9462.7998046875,5292.64990234375,7667.2998046875,17050.44921875,2493.800048828125,189.14999389648438,7931.7001953125,6304.0,15.579999923706055
2014-01-02,11183.0703125,9478.349609375,5253.5498046875,7625.10009765625,16719.599609375,2453.300048828125,183.75,7809.60009765625,6221.14990234375,16.549999237060547
2014-01-03,11181.5205078125,9673.2001953125,5194.89990234375,7663.10009765625,16768.400390625,2424.0,185.5500030517578,7689.5498046875,6211.14990234375,15.869999885559082
2014-01-06,11048.9208984375,9640.75,5204.7998046875,7697.25,16816.5,2428.800048828125,184.14999389648438,7660.75,6191.4501953125,16.5
2014-01-07,11036.6220703125,9522.75,5209.7001953125,7714.14990234375,16801.19921875,2386.14990234375,180.9499969482422,7552.2998046875,6162.25,16.31999969482422
2014-01-08,11053.5712890625,9531.5498046875,5251.60009765625,7806.60009765625,16837.0,2397.89990234375,179.85000610351562,7585.35009765625,6174.60009765625,16.31999969482422
2014-01-09,10970.322265625,9575.849609375,5219.10009765625,7861.85009765625,16745.349609375,2422.5,175.25,7649.7001953125,6168.35009765625,16.18000030517578
2014-01-10,10805.173828125,9782.7001953125,5165.64990234375,7880.35009765625,16969.69921875,2389.60009765625,172.39999389648438,7669.35009765625,6171.4501953125,15.579999923706055
2014-01-13,11021.4716796875,10060.150390625,5210.64990234375,7828.35009765625,16990.75,2388.550048828125,173.75,7812.9501953125,6272.75,15.949999809265137
2014-01-14,10948.7734375,9996.7998046875,5184.0,7884.7998046875,16942.75,2351.050048828125,171.10000610351562,7798.89990234375,6241.85009765625,15.739999771118164
2014-01-15,11125.271484375,10065.9501953125,5239.9501953125,7889.0,17087.099609375,2378.10009765625,173.3000030517578,7831.14990234375,6320.89990234375,15.420000076293945
2014-01-16,11092.4208984375,10127.75,5200.39990234375,7816.7998046875,16942.05078125,2421.800048828125,174.1999969482422,7823.39990234375,6318.89990234375,15.539999961853027
2014-01-17,10911.22265625,9884.349609375,5197.85009765625,7816.10009765625,16923.849609375,2404.75,169.6999969482422,7822.5,6261.64990234375,15.40999984741211
2014-01-20,11007.3720703125,10154.0,5239.4501953125,7812.60009765625,17122.0,2409.25,170.9499969482422,7764.14990234375,6303.9501953125,15.350000381469727
2014-01-21,11171.3701171875,10095.5498046875,5288.7001953125,7772.5498046875,17088.5,2424.89990234375,171.9499969482422,7711.2998046875,6313.7998046875,15.550000190734863
2014-01-22,11207.2197265625,10112.7998046875,5310.89990234375,7895.2001953125,17074.05078125,2447.89990234375,173.1999969482422,7775.5,6338.9501953125,15.850000381469727
2014-01-23,11198.8701171875,10086.349609375,5256.0498046875,7921.4501953125,17113.849609375,2436.85009765625,172.8000030517578,7733.60009765625,6345.64990234375,15.579999923706055
2014-01-24,10982.2724609375,10010.5,5168.25,7811.9501953125,16886.44921875,2393.60009765625,167.35000610351562,7724.7001953125,6266.75,15.829999923706055
2014-01-27,10540.2783203125,9938.650390625,4998.7001953125,7742.9501953125,16826.69921875,2301.10009765625,154.89999389648438,7543.0498046875,6135.85009765625,18.670000076293945
2014-01-28,10507.4775390625,9837.9501953125,5010.2001953125,7665.89990234375,16899.849609375,2343.800048828125,156.9499969482422,7543.4501953125,6126.25,17.719999313354492
2014-01-29,10437.62890625,9896.7001953125,5010.89990234375,7716.2001953125,16904.900390625,2312.699951171875,155.89999389648438,7522.85009765625,6120.25,18.040000915527344
2014-01-30,10153.0322265625,9878.75,5021.25,7683.4501953125,16763.349609375,2252.0,151.5,7450.2001953125,6073.7001953125,17.25
2014-01-31,10237.630859375,9957.4501953125,5009.85009765625,7701.2001953125,16861.19921875,2279.64990234375,154.5500030517578,7516.2998046875,6089.5,16.81999969482422
2014-02-03,10101.982421875,9792.099609375,4912.39990234375,7788.0,16709.900390625,2211.64990234375,151.3000030517578,7425.39990234375,6001.7998046875,18.270000457763672
2014-02-04,10191.08203125,9611.650390625,4938.60009765625,7737.0498046875,16849.75,2197.550048828125,152.35000610351562,7446.60009765625,6000.89990234375,18.690000534057617
2014-02-05,10231.53125,9718.4501953125,5021.85009765625,7741.0498046875,16679.400390625,2237.550048828125,155.0,7461.2998046875,6022.39990234375,18.93000030517578
2014-02-06,10205.08203125,9696.0498046875,5061.9501953125,7739.89990234375,16925.75,2258.60009765625,152.25,7468.75,6036.2998046875,18.940000534057617
2014-02-07,10263.0810546875,9648.400390625,5092.0498046875,7872.0,16852.75,2317.449951171875,153.6999969482422,7491.2001953125,6063.2001953125,18.549999237060547
2014-02-10,10213.78125,9619.25,5115.39990234375,7932.5,16827.55078125,2304.64990234375,155.6999969482422,7527.64990234375,6053.4501953125,19.049999237060547
2014-02-11,10245.3310546875,9710.25,5166.2001953125,7895.60009765625,16803.900390625,2313.14990234375,154.4499969482422,7459.0,6062.7001953125,18.6299991607666
2014-02-12,10348.6796875,9739.7998046875,5173.64990234375,7878.0,16663.19921875,2283.449951171875,153.64999389648438,7531.35009765625,6084.0,17.43000030517578
2014-02-13,10135.58203125,9721.349609375,5171.7001953125,7737.10009765625,16479.5,2238.949951171875,154.5500030517578,7405.9501953125,6001.10009765625,17.799999237060547
2014-02-14,10203.6318359375,9855.4501953125,5198.89990234375,7725.7001953125,16575.349609375,2254.89990234375,154.64999389648438,7501.0,6048.35009765625,16.65999984741211
2014-02-17,10326.4296875,9867.5,5236.2001953125,7773.4501953125,16569.5,2238.949951171875,152.85000610351562,7495.5498046875,6048.35009765625,15.829999923706055
2014-02-18,10575.0771484375,9884.849609375,5275.39990234375,7797.39990234375,16505.650390625,2263.89990234375,154.1999969482422,7498.14990234375,6127.10009765625,15.40999984741211
2014-02-19,10609.4765625,10033.0498046875,5275.35009765625,7888.14990234375,16500.69921875,2241.64990234375,154.9499969482422,7492.10009765625,6152.75,15.069999694824219
2014-02-20,10428.1787109375,9971.7001953125,5259.64990234375,7901.39990234375,16336.099609375,2214.64990234375,154.64999389648438,7435.4501953125,6091.4501953125,15.15999984741211
2014-02-21,10554.2265625,10101.0498046875,5285.75,7903.2998046875,16556.349609375,2235.949951171875,154.39999389648438,7490.75,6155.4501953125,14.039999961853027
2014-02-24,10683.3759765625,10067.650390625,5314.0,8004.64990234375,16630.19921875,2218.449951171875,154.35000610351562,7462.0498046875,6186.10009765625,14.359999656677246
2014-02-25,10666.6259765625,10162.900390625,5346.0,8001.75,16688.599609375,2178.35009765625,154.60000610351562,7437.4501953125,6200.0498046875,13.949999809265137
2014-02-26,10730.275390625,10200.849609375,5396.35009765625,8085.2998046875,16867.80078125,2142.550048828125,154.0,7452.2998046875,6238.7998046875,13.960000038146973
2014-02-28,10764.5751953125,10338.5498046875,5467.25,8276.5,16845.69921875,2163.64990234375,154.0500030517578,7424.14990234375,6276.9501953125,14.180000305175781
2014-03-03,10651.826171875,10209.099609375,5404.5,8122.9501953125,16837.05078125,2160.64990234375,153.6999969482422,7428.0498046875,6221.4501953125,15.279999732971191
2014-03-04,10928.9228515625,10196.5498046875,5437.85009765625,8081.25,16969.80078125,2228.39990234375,155.39999389648438,7542.60009765625,6297.9501953125,14.390000343322754
2014-03-05,11098.6708984375,10237.25,5434.64990234375,8065.85009765625,17038.900390625,2245.35009765625,158.75,7523.5,6328.64990234375,13.84000015258789
2014-03-06,11278.21875,10254.599609375,5478.9501953125,8046.10009765625,17084.44921875,2294.949951171875,165.5,7686.75,6401.14990234375,14.479999542236328
2014-03-07,11884.6123046875,10054.900390625,5530.2998046875,7897.85009765625,17190.55078125,2334.0,174.8000030517578,7942.14990234375,6526.64990234375,16.719999313354492
2014-03-10,12107.958984375,9809.5498046875,5552.85009765625,7751.7001953125,17116.05078125,2311.050048828125,179.39999389648438,8016.25,6537.25,17.780000686645508
2014-03-11,12043.0107421875,9828.599609375,5516.9501953125,7686.64990234375,17074.55078125,2234.64990234375,183.5500030517578,7990.85009765625,6511.89990234375,17.329999923706055
2014-03-12,12023.9599609375,9877.599609375,5482.39990234375,7786.60009765625,17299.349609375,2230.64990234375,183.60000610351562,7946.4501953125,6516.89990234375,17.040000915527344
2014-03-13,12141.30859375,9462.7001953125,5509.35009765625,7690.25,17352.05078125,2218.14990234375,176.8000030517578,8028.9501953125,6493.10009765625,16.81999969482422
2014-03-14,12055.7099609375,9439.0498046875,5555.60009765625,7767.2001953125,17416.0,2229.35009765625,178.5500030517578,8050.4501953125,6504.2001953125,16.450000762939453
2014-03-18,12114.708984375,9364.349609375,5549.4501953125,7772.0,17752.900390625,2242.25,177.4499969482422,8132.7998046875,6516.64990234375,17.1299991607666
2014-03-19,12186.408203125,9158.9501953125,5540.85009765625,7807.85009765625,17945.69921875,2286.35009765625,176.8000030517578,8081.89990234375,6524.0498046875,16.8799991607666
2014-03-20,12017.1103515625,9313.5,5493.64990234375,7820.9501953125,17888.400390625,2259.800048828125,172.14999389648438,8049.2001953125,6483.10009765625,16.90999984741211
2014-03-21,12092.208984375,9370.75,5542.39990234375,7787.10009765625,17993.30078125,2304.199951171875,175.9499969482422,7926.5498046875,6493.2001953125,16.18000030517578
2014-03-24,12408.005859375,9365.0498046875,5616.2998046875,7788.9501953125,18088.599609375,2323.300048828125,176.9499969482422,8124.0,6583.5,16.540000915527344
2014-03-25,12449.85546875,9300.599609375,5644.60009765625,7789.85009765625,18209.80078125,2329.949951171875,179.35000610351562,8045.14990234375,6589.75,16.920000076293945
2014-03-26,12518.2041015625,9222.900390625,5694.35009765625,7628.60009765625,18085.05078125,2391.550048828125,179.1999969482422,8117.64990234375,6601.39990234375,17.770000457763672
2014-03-27,12604.8037109375,9217.099609375,5719.5498046875,7556.85009765625,18175.30078125,2392.14990234375,181.3000030517578,8222.5,6641.75,18.3700008392334
2014-03-28,12754.5517578125,9275.349609375,5738.7998046875,7632.2998046875,18191.099609375,2429.449951171875,183.8000030517578,8336.25,6695.89990234375,18.6299991607666
2014-03-31,12741.9013671875,9298.0,5803.2001953125,7630.39990234375,18085.25,2520.64990234375,189.0500030517578,8329.4501953125,6704.2001953125,21.6200008392334
2014-04-01,12588.353515625,9439.75,5813.14990234375,7661.5,18102.30078125,2529.0,187.35000610351562,8426.099609375,6721.0498046875,20.690000534057617
2014-04-02,12715.15234375,9479.900390625,5879.0498046875,7761.2001953125,17821.69921875,2515.699951171875,191.60000610351562,8537.400390625,6752.5498046875,21.209999084472656
2014-04-03,12563.703125,9472.0,5869.0,7840.60009765625,17889.900390625,2520.60009765625,191.10000610351562,8475.2998046875,6736.10009765625,22.110000610351562
2014-04-04,12551.5546875,9389.400390625,5811.0498046875,7843.25,17824.5,2529.0,196.89999389648438,8403.2001953125,6694.35009765625,22.690000534057617
2014-04-07,12506.3046875,9374.4501953125,5824.2001953125,7825.4501953125,17828.400390625,2536.25,193.5,8396.0,6695.0498046875,24.950000762939453
2014-04-09,12937.25,9276.900390625,5927.7998046875,8029.25,17951.80078125,2594.300048828125,197.85000610351562,8497.5498046875,6796.2001953125,26.90999984741211
2014-04-10,12949.25,9179.2001953125,5956.0498046875,7877.5498046875,17868.94921875,2602.699951171875,200.85000610351562,8585.9501953125,6796.39990234375,28.719999313354492
2014-04-11,12840.05078125,9312.0,5887.60009765625,7964.7998046875,17817.599609375,2595.60009765625,201.10000610351562,8497.650390625,6776.2998046875,29.190000534057617
2014-04-15,12579.75390625,9491.599609375,5822.7001953125,7900.7998046875,17858.44921875,2523.949951171875,195.0500030517578,8466.7001953125,6733.10009765625,31.8799991607666
2014-04-16,12563.00390625,9273.150390625,5784.5,7877.14990234375,17983.349609375,2528.300048828125,187.25,8384.400390625,6675.2998046875,31.15999984741211
2014-04-17,12787.1015625,9390.2001953125,5915.2998046875,7941.60009765625,18241.400390625,2574.39990234375,192.1999969482422,8521.900390625,6779.39990234375,30.850000381469727
2014-04-21,12958.349609375,9330.25,5998.0,7920.25,18186.80078125,2631.199951171875,191.60000610351562,8529.9501953125,6817.64990234375,34.38999938964844
2014-04-22,12986.9482421875,9279.2001953125,5965.2001953125,7941.75,18104.19921875,2611.25,191.5,8598.900390625,6815.35009765625,33.349998474121094
2014-04-23,13121.947265625,9272.0498046875,5979.2001953125,7974.35009765625,18161.349609375,2620.300048828125,188.75,8562.75,6840.7998046875,31.1299991607666
2014-04-25,13034.3486328125,9275.0,5961.39990234375,7989.2998046875,17783.55078125,2618.800048828125,189.75,8395.849609375,6782.75,30.68000030517578
2014-04-28,13081.3974609375,9261.2998046875,5907.5498046875,8122.25,17715.5,2601.89990234375,191.0,8371.9501953125,6761.25,31.389999389648438
2014-04-29,12910.3994140625,9251.599609375,5844.25,8106.5,17557.099609375,2530.10009765625,189.5500030517578,8335.0,6715.25,31.049999237060547
2014-04-30,12855.7001953125,9227.9501953125,5866.5,8100.0,17573.25,2501.199951171875,179.1999969482422,8310.7998046875,6696.39990234375,30.59000015258789
2014-05-02,12841.8505859375,9319.5498046875,5849.0498046875,8157.0498046875,17538.099609375,2465.300048828125,179.60000610351562,8298.7998046875,6694.7998046875,33.060001373291016
2014-05-05,12880.5009765625,9223.5498046875,5862.39990234375,8078.5,17637.94921875,2498.5,178.25,8400.0,6699.35009765625,34.189998626708984
2014-05-06,12965.8994140625,9179.7001953125,5876.7998046875,8087.4501953125,17709.94921875,2504.050048828125,178.0,8456.9501953125,6715.2998046875,33.27000045776367
2014-05-07,12938.0498046875,8946.5498046875,5838.35009765625,8070.4501953125,17645.099609375,2483.60009765625,175.60000610351562,8443.2001953125,6652.5498046875,33.61000061035156
2014-05-08,13037.2490234375,8963.599609375,5875.89990234375,8047.9501953125,17491.44921875,2488.85009765625,174.10000610351562,8433.099609375,6659.85009765625,34.29999923706055
2014-05-09,13750.33984375,9048.5,6011.2001953125,8009.0,17633.30078125,2568.800048828125,182.5,8730.2998046875,6858.7998046875,37.709999084472656
2014-05-12,14084.8857421875,9132.349609375,6180.0498046875,7937.7001953125,18106.349609375,2619.550048828125,184.1999969482422,8996.2001953125,7014.25,37.099998474121094
2014-05-13,14165.384765625,9364.7998046875,6218.25,7870.35009765625,18261.19921875,2641.5,189.39999389648438,9249.099609375,7108.75,32.04999923706055
2014-05-14,14206.9345703125,9349.650390625,6213.2001953125,7836.5,18427.0,2727.85009765625,197.39999389648438,9181.900390625,7108.75,32.41999816894531
2014-05-15,14236.384765625,9314.400390625,6192.5498046875,7817.0,18510.80078125,2710.39990234375,195.1999969482422,9307.0,7123.14990234375,36.77000045776367
2014-05-16,14852.8271484375,9111.400390625,6246.2001953125,7699.4501953125,18140.55078125,2778.35009765625,207.35000610351562,9545.849609375,7203.0,24.290000915527344
2014-05-19,15221.9736328125,8675.099609375,6251.2001953125,7411.60009765625,17436.55078125,2960.25,221.35000610351562,10067.7001953125,7263.5498046875,20.6299991607666
2014-05-20,15111.0244140625,8878.900390625,6265.39990234375,7515.60009765625,17549.80078125,3022.10009765625,231.8000030517578,9798.7001953125,7275.5,19.229999542236328
2014-05-21,14951.92578125,8952.849609375,6323.89990234375,7466.7001953125,17632.150390625,3034.050048828125,236.75,9780.150390625,7252.89990234375,17.90999984741211
2014-05-22,15055.375,8929.599609375,6333.4501953125,7470.4501953125,17816.75,3088.699951171875,249.1999969482422,9933.0498046875,7276.39990234375,17.84000015258789
2014-05-23,15285.322265625,8941.2998046875,6433.64990234375,7489.2998046875,17760.599609375,3154.75,254.9499969482422,10211.4501953125,7367.10009765625,17.700000762939453
2014-05-26,15175.7236328125,9061.0,6502.0,7447.60009765625,17736.900390625,3149.75,241.0500030517578,10032.4501953125,7359.0498046875,19.84000015258789
2014-05-27,15083.82421875,9101.849609375,6435.64990234375,7453.60009765625,17713.900390625,3155.64990234375,238.14999389648438,9851.400390625,7318.0,19.100000381469727
2014-05-28,15173.1728515625,9237.25,6374.75,7466.5,17698.55078125,3111.0,241.25,9782.2998046875,7329.64990234375,17.559999465942383
2014-05-29,15030.125,8927.400390625,6375.25,7484.4501953125,17621.69921875,3083.85009765625,238.35000610351562,9650.4501953125,7235.64990234375,16.690000534057617
2014-05-30,14793.228515625,8970.2998046875,6385.10009765625,7712.89990234375,17831.599609375,3096.89990234375,242.9499969482422,9667.5,7229.9501953125,16.34000015258789
2014-06-02,15287.072265625,8981.9501953125,6470.5498046875,7615.2001953125,17689.19921875,3158.75,246.9499969482422,9914.349609375,7362.5,16.5
2014-06-03,15257.322265625,8976.400390625,6509.2998046875,7579.0498046875,17600.80078125,3311.800048828125,254.4499969482422,10082.0,7415.85009765625,15.800000190734863
2014-06-04,15333.22265625,8863.900390625,6558.35009765625,7554.85009765625,17547.099609375,3358.199951171875,257.6499938964844,9978.0,7402.25,15.569999694824219
2014-06-05,15281.97265625,8984.599609375,6618.25,7563.35009765625,17799.599609375,3479.60009765625,259.6499938964844,10175.75,7474.10009765625,15.449999809265137
2014-06-06,15542.9697265625,8945.099609375,6724.89990234375,7672.7001953125,18034.25,3463.5,272.70001220703125,10594.0,7583.39990234375,15.979999542236328
2014-06-09,15567.2197265625,9017.7001953125,6832.64990234375,7706.89990234375,18010.099609375,3521.85009765625,288.95001220703125,10603.349609375,7654.60009765625,17.100000381469727
2014-06-10,15427.6201171875,9234.599609375,6835.7998046875,7834.2998046875,18048.650390625,3488.25,280.3500061035156,10507.7001953125,7656.39990234375,16.65999984741211
2014-06-11,15450.3701171875,9436.400390625,6807.35009765625,7903.0498046875,17873.349609375,3397.64990234375,268.29998779296875,10289.650390625,7626.85009765625,17.059999465942383
2014-06-12,15464.669921875,9447.849609375,6858.7998046875,8002.64990234375,17952.5,3407.75,268.8500061035156,10282.849609375,7649.89990234375,16.899999618530273
2014-06-13,15106.724609375,9448.650390625,6738.60009765625,7986.35009765625,17857.75,3297.800048828125,254.64999389648438,10073.0,7542.10009765625,17.760000228881836
2014-06-16,15029.8251953125,9579.849609375,6668.7001953125,8023.4501953125,17957.69921875,3299.10009765625,257.8500061035156,10063.2001953125,7533.5498046875,17.979999542236328
2014-06-17,15373.021484375,9620.0498046875,6703.85009765625,8037.10009765625,17906.19921875,3348.050048828125,260.20001220703125,10316.25,7631.7001953125,17.700000762939453
2014-06-18,15220.2236328125,9521.349609375,6643.2001953125,8046.60009765625,17766.19921875,3320.64990234375,254.5,10175.25,7558.2001953125,18.579999923706055
2014-06-19,15067.2255859375,9698.900390625,6658.89990234375,8119.0,17833.400390625,3298.85009765625,252.8000030517578,9919.75,7540.7001953125,18.739999771118164
2014-06-20,14997.4765625,9700.2001953125,6604.14990234375,8043.7001953125,17815.400390625,3273.35009765625,255.4499969482422,9858.7001953125,7511.4501953125,18.850000381469727
2014-06-23,15076.1748046875,9548.2001953125,6651.89990234375,8082.14990234375,17114.099609375,3309.699951171875,256.04998779296875,9965.400390625,7493.35009765625,18.959999084472656
2014-06-24,15309.322265625,9570.75,6727.2001953125,8058.7998046875,17302.900390625,3352.14990234375,263.8500061035156,10156.7998046875,7580.2001953125,19.190000534057617
2014-06-25,15237.6728515625,9587.900390625,6791.7001953125,8104.75,17259.25,3349.89990234375,266.45001220703125,10114.650390625,7569.25,18.309999465942383
2014-06-26,15049.8251953125,9579.400390625,6796.2998046875,8135.89990234375,17197.69921875,3311.0,259.79998779296875,9774.4501953125,7493.2001953125,17.700000762939453
2014-06-27,14992.17578125,9819.9501953125,6750.39990234375,8361.0,17270.150390625,3265.75,261.8500061035156,9795.7001953125,7508.7998046875,17.6299991607666
2014-06-30,15241.7236328125,9912.2998046875,6775.14990234375,8535.7001953125,17434.0,3308.75,264.1499938964844,9968.4501953125,7611.35009765625,17.8700008392334
2014-07-01,15321.171875,9802.849609375,6989.2001953125,8496.849609375,17494.900390625,3378.25,267.70001220703125,9915.900390625,7634.7001953125,17.65999984741211
2014-07-02,15490.169921875,9807.599609375,7100.39990234375,8656.650390625,17719.80078125,3443.60009765625,268.29998779296875,10024.900390625,7725.14990234375,17.56999969482422
2014-07-03,15451.470703125,9831.349609375,7149.2998046875,8749.599609375,17765.55078125,3422.60009765625,264.3999938964844,9898.7001953125,7714.7998046875,17.809999465942383
2014-07-04,15555.9697265625,9866.9501953125,7153.2001953125,8796.4501953125,17846.44921875,3392.14990234375,267.70001220703125,10062.5498046875,7751.60009765625,18.15999984741211
2014-07-07,15367.4208984375,10126.25,7201.85009765625,8883.2998046875,17894.900390625,3392.89990234375,267.3500061035156,10043.4501953125,7787.14990234375,19.40999984741211
2014-07-08,14997.326171875,10019.7001953125,7034.5,8799.25,17818.349609375,3250.050048828125,247.6999969482422,9664.150390625,7623.2001953125,19.18000030517578
2014-07-09,14930.92578125,9903.2998046875,6852.0,8717.150390625,17961.05078125,3231.35009765625,243.89999389648438,9694.9501953125,7585.0,18.190000534057617
2014-07-10,14821.5283203125,9816.2001953125,6796.5,8714.849609375,18000.19921875,3258.39990234375,255.4499969482422,9706.2998046875,7567.75,15.970000267028809
2014-07-11,14447.0322265625,9933.5498046875,6722.5,8819.0498046875,18100.25,3135.0,241.64999389648438,9443.2001953125,7459.60009765625,15.720000267028809
2014-07-14,14489.58203125,9799.650390625,6782.25,8770.5,18012.30078125,3160.300048828125,240.9499969482422,9456.9501953125,7454.14990234375,15.5600004196167
2014-07-15,14891.7275390625,9785.75,6885.25,8725.849609375,17987.849609375,3210.550048828125,245.6999969482422,9564.5498046875,7526.64990234375,14.770000457763672
2014-07-16,15265.2724609375,9809.0,6989.5,8786.75,18071.75,3282.64990234375,256.3500061035156,9677.599609375,7624.39990234375,14.729999542236328
2014-07-17,15268.8720703125,9819.75,6981.60009765625,8821.849609375,18142.099609375,3364.25,254.85000610351562,9689.599609375,7640.4501953125,14.970000267028809
2014-07-18,15389.1708984375,9946.9501953125,6986.7001953125,8829.400390625,18109.44921875,3350.0,252.4499969482422,9605.400390625,7663.89990234375,15.100000381469727
2014-07-21,15385.771484375,9912.400390625,6987.7001953125,8831.900390625,18313.099609375,3341.39990234375,250.89999389648438,9639.400390625,7684.2001953125,14.899999618530273
2014-07-22,15427.169921875,10086.650390625,7019.39990234375,8920.2998046875,18450.900390625,3373.050048828125,251.85000610351562,9793.900390625,7767.85009765625,14.640000343322754
2014-07-23,15462.8203125,10306.849609375,7033.0,8925.650390625,18483.150390625,3362.199951171875,252.10000610351562,9796.150390625,7795.75,14.6899995803833
2014-07-24,15534.1689453125,10400.150390625,7031.7998046875,8917.400390625,18609.5,3412.550048828125,253.64999389648438,9774.400390625,7830.60009765625,14.720000267028809
2014-07-25,15322.072265625,10339.7001953125,6945.10009765625,9168.150390625,18741.80078125,3335.39990234375,246.5500030517578,9623.2001953125,7790.4501953125,14.220000267028809
2014-07-28,15211.9736328125,10383.4501953125,6907.85009765625,9204.150390625,18805.599609375,3290.14990234375,239.64999389648438,9521.0,7748.7001953125,14.319999694824219
2014-07-30,15452.220703125,10361.0498046875,6957.7001953125,9339.5498046875,18879.849609375,3298.35009765625,241.0500030517578,9563.650390625,7791.39990234375,13.890000343322754
2014-07-31,15267.421875,10304.7001953125,6907.14990234375,9342.900390625,18778.75,3295.800048828125,242.0500030517578,9510.5,7721.2998046875,13.819999694824219
2014-08-01,15127.6240234375,10155.2998046875,6847.14990234375,9179.7001953125,18565.30078125,3227.550048828125,239.6999969482422,9270.25,7602.60009765625,15.220000267028809
2014-08-04,15242.1728515625,10370.150390625,6936.64990234375,9160.25,18779.44921875,3284.0,242.10000610351562,9393.7998046875,7683.64990234375,14.819999694824219
2014-08-05,15293.072265625,10422.7001953125,7072.35009765625,9217.7001953125,18843.099609375,3330.64990234375,248.8000030517578,9437.0,7746.5498046875,13.949999809265137
2014-08-06,15008.4755859375,10484.599609375,7022.7001953125,9129.349609375,18563.150390625,3265.199951171875,246.0,9395.400390625,7672.0498046875,14.300000190734863
2014-08-07,14986.67578125,10342.9501953125,7015.89990234375,9115.4501953125,18522.099609375,3258.949951171875,245.10000610351562,9418.7998046875,7649.25,14.140000343322754
2014-08-08,14765.578125,10318.25,6918.64990234375,9130.599609375,18534.599609375,3150.10009765625,234.9499969482422,9264.599609375,7568.5498046875,14.619999885559082
2014-08-11,14846.626953125,10382.5498046875,7093.2998046875,9113.5,18500.94921875,3170.449951171875,237.1999969482422,9233.150390625,7625.9501953125,14.0
2014-08-12,15056.525390625,10394.849609375,7223.7001953125,9236.2998046875,18516.349609375,3199.89990234375,240.6999969482422,9380.349609375,7727.0498046875,13.470000267028809
2014-08-13,14910.7275390625,10480.400390625,7230.89990234375,9324.0498046875,18922.44921875,3163.949951171875,227.64999389648438,9381.2001953125,7739.5498046875,13.760000228881836
2014-08-14,15089.474609375,10468.25,7270.64990234375,9433.599609375,18972.69921875,3224.64990234375,231.85000610351562,9520.0498046875,7791.7001953125,13.220000267028809
2014-08-18,15439.5703125,10418.7001953125,7387.7998046875,9564.5498046875,18886.55078125,3271.85009765625,234.9499969482422,9719.25,7874.25,13.5
2014-08-19,15524.4697265625,10365.150390625,7569.7998046875,9616.099609375,18904.55078125,3286.449951171875,238.64999389648438,9765.2998046875,7897.5,13.90999984741211
2014-08-20,15481.5205078125,10399.099609375,7524.39990234375,9909.650390625,18767.400390625,3276.449951171875,239.85000610351562,9678.0,7875.2998046875,13.65999984741211
2014-08-21,15662.0185546875,10392.849609375,7573.5,9934.150390625,18821.25,3232.949951171875,235.3000030517578,9679.349609375,7891.10009765625,13.729999542236328
2014-08-22,15818.966796875,10543.400390625,7582.14990234375,9956.099609375,18689.5,3240.39990234375,233.5500030517578,9671.650390625,7913.2001953125,13.619999885559082
2014-08-25,15668.818359375,10645.849609375,7597.5,10000.0,18895.25,3090.0,228.75,9615.2998046875,7906.2998046875,13.789999961853027
2014-08-26,15623.91796875,10671.0,7595.64990234375,10115.25,19110.69921875,3108.39990234375,228.4499969482422,9530.5,7904.75,13.899999618530273
2014-08-27,15717.4677734375,10743.7998046875,7665.0,10104.349609375,19192.80078125,3105.60009765625,225.25,9577.650390625,7936.0498046875,13.0600004196167
2014-08-28,15740.2177734375,10679.650390625,7683.60009765625,10082.2998046875,19308.599609375,3080.5,220.3000030517578,9629.0,7954.35009765625,13.069999694824219
2014-09-01,16012.61328125,10705.2998046875,7789.35009765625,10099.0498046875,19172.900390625,3169.10009765625,226.25,9810.349609375,8027.7001953125,13.529999732971191
2014-09-02,16130.3623046875,10746.5498046875,7797.5,10306.599609375,19301.30078125,3144.75,228.8000030517578,9880.2001953125,8083.0498046875,13.449999809265137
2014-09-03,16109.8125,11005.099609375,7850.85009765625,10333.099609375,19171.05078125,3176.14990234375,233.75,9874.0498046875,8114.60009765625,13.390000343322754
2014-09-04,16033.36328125,10960.4501953125,7856.14990234375,10381.0498046875,19205.94921875,3125.39990234375,224.39999389648438,9852.0,8095.9501953125,13.079999923706055
2014-09-05,15982.314453125,11025.5498046875,7805.60009765625,10384.4501953125,19161.19921875,3151.449951171875,226.89999389648438,9875.0,8086.85009765625,12.9399995803833
2014-09-08,16206.51171875,11167.75,7864.60009765625,10485.0,19366.849609375,3190.89990234375,228.35000610351562,9983.0498046875,8173.89990234375,12.789999961853027
2014-09-09,16156.5625,11069.900390625,7899.0,10503.349609375,19541.69921875,3188.75,226.5500030517578,9953.7001953125,8152.9501953125,12.760000228881836
2014-09-10,16151.5625,10942.4501953125,7882.64990234375,10482.2998046875,19236.75,3187.300048828125,228.14999389648438,9844.25,8094.10009765625,12.930000305175781
2014-09-11,16203.9619140625,10965.9501953125,7932.25,10283.5498046875,19330.5,3164.10009765625,227.0,9816.25,8085.7001953125,12.520000457763672
2014-09-12,16253.9619140625,10958.5,8009.7998046875,10353.099609375,19472.5,3158.5,226.8000030517578,9757.25,8105.5,12.369999885559082
2014-09-15,16167.3623046875,10868.150390625,7984.64990234375,10428.099609375,19362.19921875,3107.89990234375,227.14999389648438,9664.349609375,8042.0,13.260000228881836
2014-09-16,15843.9150390625,10811.5,7830.7001953125,10319.849609375,19365.69921875,3033.89990234375,218.3000030517578,9401.900390625,7932.89990234375,13.279999732971191
2014-09-17,15838.4150390625,10991.400390625,7901.14990234375,10343.400390625,19436.75,3045.699951171875,219.5,9444.099609375,7975.5,12.949999809265137
2014-09-18,16156.662109375,11055.2001953125,8120.35009765625,10535.5498046875,19565.05078125,3080.64990234375,230.25,9604.0,8114.75,12.329999923706055
2014-09-19,16151.962890625,11224.150390625,8059.2998046875,10587.25,19505.900390625,3074.85009765625,228.5,9515.75,8121.4501953125,11.890000343322754
2014-09-22,16194.361328125,11173.150390625,8153.5,10484.9501953125,19904.849609375,3036.199951171875,227.0500030517578,9565.650390625,8146.2998046875,11.569999694824219
2014-09-23,15902.6650390625,11088.0498046875,7991.10009765625,10266.4501953125,19830.05078125,2962.449951171875,215.0,9350.7001953125,8017.5498046875,12.40999984741211
2014-09-24,15740.1171875,11074.2001953125,7946.60009765625,10367.099609375,20188.55078125,2946.199951171875,211.39999389648438,9378.2001953125,8002.39990234375,12.539999961853027
2014-09-25,15298.8720703125,11185.9501953125,7867.10009765625,10382.900390625,20083.75,2847.64990234375,203.8000030517578,9122.849609375,7911.85009765625,13.300000190734863
2014-09-26,15607.068359375,11138.0,7933.9501953125,10501.650390625,19906.55078125,2924.64990234375,208.6999969482422,9233.7998046875,7968.85009765625,12.930000305175781
2014-09-29,15473.3701171875,11326.599609375,7904.2998046875,10710.5,19699.69921875,2897.300048828125,208.0500030517578,9222.400390625,7958.89990234375,13.390000343322754
2014-09-30,15392.0712890625,11302.7001953125,7899.35009765625,10847.150390625,19876.05078125,2865.5,202.8000030517578,9275.150390625,7964.7998046875,13.149999618530273
2014-10-01,15316.0224609375,11519.4501953125,7895.2001953125,10796.7001953125,19630.30078125,2853.5,201.5500030517578,9140.849609375,7945.5498046875,13.0
2014-10-07,15180.0732421875,11428.599609375,7828.25,10564.9501953125,19542.25,2772.449951171875,199.5500030517578,9109.0498046875,7852.39990234375,14.460000038146973
2014-10-08,15343.8212890625,11043.400390625,7870.75,10202.349609375,19586.94921875,2805.449951171875,202.5500030517578,9251.2001953125,7842.7001953125,14.109999656677246
2014-10-09,15741.017578125,11065.150390625,7957.60009765625,10325.0,19621.75,2866.85009765625,207.85000610351562,9369.0,7960.5498046875,13.15999984741211
2014-10-10,15453.6201171875,11311.25,7732.35009765625,10330.099609375,19083.69921875,2748.800048828125,205.25,9307.0498046875,7859.9501953125,14.329999923706055
2014-10-13,15677.3173828125,11437.0,7720.7001953125,10186.150390625,18942.400390625,2784.449951171875,201.8000030517578,9316.4501953125,7884.25,14.5
2014-10-14,15751.3671875,11350.2998046875,7690.5498046875,10206.2998046875,18869.599609375,2786.300048828125,183.60000610351562,9303.0498046875,7864.0,14.59000015258789
2014-10-16,15541.4189453125,11174.849609375,7524.35009765625,10095.150390625,18941.099609375,2710.5,182.64999389648438,9103.75,7748.2001953125,16.43000030517578
2014-10-17,15929.6142578125,10746.2001953125,7568.7998046875,10178.400390625,19008.69921875,2712.14990234375,184.1999969482422,9159.25,7779.7001953125,16.399999618530273
2014-10-20,16216.4111328125,10673.099609375,7725.75,10313.2998046875,19034.099609375,2753.949951171875,186.1999969482422,9315.099609375,7879.39990234375,14.1899995803833
2014-10-21,16427.05859375,10692.349609375,7765.39990234375,10284.599609375,19114.900390625,2805.5,191.14999389648438,9314.0,7927.75,13.329999923706055
2014-10-22,16444.5078125,10767.400390625,7991.10009765625,10452.4501953125,19120.900390625,2824.25,192.5,9351.150390625,7995.89990234375,13.029999732971191
2014-10-27,16556.40625,10714.2998046875,7939.60009765625,10533.849609375,18968.599609375,2819.800048828125,185.3000030517578,9302.349609375,7991.7001953125,13.520000457763672
2014-10-28,16666.806640625,10737.25,7972.85009765625,10676.2998046875,18967.400390625,2819.25,185.85000610351562,9308.25,8027.60009765625,13.319999694824219
2014-10-29,16633.857421875,10912.2998046875,8103.7001953125,10652.0498046875,19199.599609375,2896.10009765625,191.64999389648438,9396.75,8090.4501953125,13.010000228881836
2014-10-30,16759.85546875,11124.599609375,8128.89990234375,10668.349609375,19305.150390625,2910.10009765625,197.85000610351562,9542.5,8169.2001953125,13.270000457763672
2014-10-31,17044.853515625,11341.0498046875,8246.900390625,10874.75,19393.900390625,2966.39990234375,200.6999969482422,9758.900390625,8322.2001953125,13.300000190734863
2014-11-03,17133.900390625,11359.900390625,8172.85009765625,10877.7001953125,19413.650390625,2970.449951171875,208.0,9722.75,8324.150390625,13.739999771118164
2014-11-05,17352.748046875,11440.5,8183.9501953125,11021.599609375,19536.150390625,2879.25,207.60000610351562,9626.400390625,8338.2998046875,13.760000228881836
2014-11-07,17346.849609375,11476.150390625,8118.39990234375,11289.7001953125,19511.349609375,2843.699951171875,213.10000610351562,9613.400390625,8337.0,14.109999656677246
2014-11-10,17262.19921875,11470.9501953125,8106.2998046875,11366.150390625,20113.5,2838.25,212.6999969482422,9537.25,8344.25,13.930000305175781
2014-11-11,17389.998046875,11439.7001953125,8172.7998046875,11387.9501953125,19918.25,2842.050048828125,215.0500030517578,9578.5,8362.650390625,14.800000190734863
2014-11-12,17586.845703125,11421.2998046875,8285.25,11301.099609375,20133.55078125,2811.35009765625,214.89999389648438,9482.9501953125,8383.2998046875,14.4399995803833
2014-11-13,17452.796875,11539.599609375,8251.25,11354.2001953125,20119.849609375,2793.14990234375,212.85000610351562,9368.900390625,8357.849609375,13.800000190734863
2014-11-14,17576.595703125,11571.75,8285.0498046875,11195.2998046875,20136.400390625,2863.550048828125,217.10000610351562,9432.7998046875,8389.900390625,13.970000267028809
2014-11-17,17640.1953125,11608.150390625,8401.2001953125,11187.7001953125,20179.44921875,2852.85009765625,216.89999389648438,9537.849609375,8430.75,14.40999984741211
2014-11-18,17702.345703125,11512.900390625,8441.7001953125,11109.7998046875,20155.400390625,2876.199951171875,216.25,9539.75,8425.900390625,14.069999694824219
2014-11-19,17585.4453125,11524.2998046875,8378.7001953125,11101.25,20106.94921875,2815.39990234375,214.0,9408.900390625,8382.2998046875,14.350000381469727
2014-11-20,17644.845703125,11677.4501953125,8334.2001953125,11216.400390625,20173.44921875,2791.550048828125,210.5500030517578,9421.0498046875,8401.900390625,14.170000076293945
2014-11-21,18056.091796875,11596.9501953125,8378.7998046875,11189.5498046875,20304.849609375,2796.35009765625,210.64999389648438,9486.25,8477.349609375,13.850000381469727
2014-11-24,18281.736328125,11809.849609375,8393.7001953125,11138.099609375,20289.44921875,2841.199951171875,214.89999389648438,9420.5498046875,8530.150390625,13.020000457763672
2014-11-25,18036.841796875,11790.0,8301.849609375,11179.599609375,19701.900390625,2802.64990234375,207.35000610351562,9418.650390625,8463.099609375,13.529999732971191
2014-11-26,17975.740234375,11770.400390625,8333.75,11154.4501953125,19957.19921875,2831.0,215.64999389648438,9424.400390625,8475.75,12.989999771118164
2014-11-27,18022.291015625,11900.849609375,8378.75,11225.400390625,19993.099609375,2828.35009765625,215.25,9438.2001953125,8494.2001953125,12.739999771118164
2014-11-28,18512.935546875,11898.0498046875,8540.25,11254.75,20027.44921875,2838.64990234375,218.8000030517578,9465.2998046875,8588.25,12.899999618530273
2014-12-01,18525.0859375,11981.0,8556.099609375,11253.5498046875,20216.599609375,2771.25,217.39999389648438,9202.7998046875,8555.900390625,13.199999809265137
2014-12-02,18555.634765625,11812.75,8481.650390625,11325.5,20301.0,2805.14990234375,217.5500030517578,9152.25,8524.7001953125,12.399999618530273
2014-12-03,18645.6328125,11807.900390625,8594.900390625,11324.349609375,20305.900390625,2808.199951171875,220.14999389648438,9244.849609375,8537.650390625,12.369999885559082
2014-12-04,18782.630859375,11748.75,8587.7001953125,11309.349609375,20987.150390625,2811.050048828125,220.5,9191.599609375,8564.400390625,12.449999809265137
2014-12-05,18756.53125,11536.25,8585.9501953125,11146.2001953125,21223.80078125,2808.449951171875,223.3000030517578,9142.9501953125,8538.2998046875,11.949999809265137
2014-12-08,18509.8359375,11176.4501953125,8450.349609375,11112.5498046875,21375.099609375,2765.75,218.60000610351562,9071.4501953125,8438.25,12.210000038146973
2014-12-09,18290.4375,11138.900390625,8351.849609375,11084.400390625,21181.150390625,2688.25,215.60000610351562,8913.9501953125,8340.7001953125,12.5
2014-12-10,18462.734375,11111.7001953125,8389.5498046875,11114.5498046875,21136.55078125,2685.60009765625,216.25,8933.75,8355.650390625,12.239999771118164
2014-12-11,18404.78515625,10986.25,8318.75,11130.650390625,21088.80078125,2668.949951171875,211.75,8721.849609375,8292.900390625,12.770000457763672
2014-12-12,18299.537109375,10929.900390625,8284.349609375,11155.9501953125,21063.80078125,2626.25,206.14999389648438,8521.0,8224.099609375,13.75
2014-12-15,18372.4375,10727.75,8260.75,11097.5498046875,20865.30078125,2617.199951171875,202.25,8498.4501953125,8219.599609375,14.020000457763672
2014-12-16,17830.34375,10891.599609375,8109.5,10784.75,20225.349609375,2506.14990234375,194.0500030517578,8338.349609375,8067.60009765625,16.309999465942383
2014-12-17,17865.54296875,10860.099609375,7977.5498046875,10573.400390625,19953.5,2529.89990234375,191.35000610351562,8366.0498046875,8029.7998046875,16.93000030517578
2014-12-18,18326.38671875,10987.4501953125,8156.10009765625,10701.7001953125,20184.400390625,2582.550048828125,196.0,8505.5,8159.2998046875,14.600000381469727
2014-12-19,18478.685546875,11176.2001953125,8168.39990234375,10731.599609375,19958.19921875,2629.10009765625,195.0,8660.2998046875,8225.2001953125,14.510000228881836
2014-12-22,18747.130859375,11202.099609375,8286.7001953125,10826.150390625,20262.150390625,2664.550048828125,197.4499969482422,8769.0,8324.0,14.210000038146973
2014-12-23,18603.533203125,11094.599609375,8259.5,10839.0498046875,20303.849609375,2614.14990234375,195.9499969482422,8709.849609375,8267.0,15.300000190734863
2014-12-24,18535.134765625,10928.0,8184.35009765625,10705.7998046875,20090.69921875,2600.60009765625,197.85000610351562,8566.5,8174.10009765625,15.069999694824219
2014-12-26,18556.984375,11036.7001953125,8203.25,10738.0498046875,19953.44921875,2615.89990234375,200.0500030517578,8601.099609375,8200.7001953125,14.649999618530273
2014-12-29,18528.134765625,11104.7001953125,8323.099609375,10826.650390625,20087.0,2673.550048828125,200.6999969482422,8656.2001953125,8246.2998046875,14.579999923706055
2014-12-30,18647.333984375,11149.7001953125,8302.349609375,10865.349609375,20053.55078125,2645.050048828125,201.4499969482422,8573.849609375,8248.25,14.859999656677246
2014-12-31,18736.431640625,11216.2998046875,8281.2001953125,10949.7998046875,20126.19921875,2661.050048828125,203.10000610351562,8640.900390625,8282.7001953125,15.119999885559082
2015-01-01,18750.23046875,11215.7001953125,8318.7998046875,10923.25,20057.599609375,2693.25,203.0500030517578,8630.9501953125,8282.7001953125,15.029999732971191
2015-01-02,19057.580078125,11372.099609375,8365.400390625,10955.599609375,20142.650390625,2715.449951171875,205.10000610351562,8668.650390625,8395.4501953125,13.800000190734863
2015-01-05,19017.1796875,11248.5498046875,8467.9501953125,10920.599609375,20184.849609375,2704.5,205.25,8651.5,8378.400390625,14.149999618530273
2015-01-06,18430.53515625,10959.900390625,8248.2001953125,10637.7998046875,19863.349609375,2610.449951171875,198.0500030517578,8304.0,8127.35009765625,17.420000076293945
2015-01-07,18304.037109375,10916.0,8254.7001953125,10604.9501953125,19841.099609375,2568.64990234375,197.39999389648438,8404.900390625,8102.10009765625,18.139999389648438
2015-01-08,18701.18359375,11018.150390625,8397.2998046875,10737.599609375,20244.150390625,2609.25,203.5,8450.5,8234.599609375,16.469999313354492
2015-01-09,18637.033203125,11399.650390625,8397.0,10934.5498046875,20286.650390625,2599.10009765625,199.9499969482422,8548.400390625,8284.5,15.960000038146973
2015-01-12,18795.630859375,11543.650390625,8409.5498046875,10976.2001953125,20517.80078125,2555.199951171875,200.1999969482422,8463.7001953125,8323.0,16.110000610351562
2015-01-13,18706.982421875,11502.7998046875,8398.7998046875,10984.2998046875,20603.0,2546.75,196.75,8374.7998046875,8299.400390625,16.479999542236328
2015-01-14,18603.583984375,11614.2998046875,8427.7001953125,10881.5498046875,20455.80078125,2457.89990234375,195.1999969482422,8335.0,8277.5498046875,17.25
2015-01-15,19235.427734375,11669.849609375,8614.7001953125,10936.2998046875,20770.0,2483.14990234375,211.4499969482422,8542.25,8494.150390625,16.15999984741211
2015-01-16,19222.927734375,11659.599609375,8623.599609375,11101.150390625,20969.599609375,2496.199951171875,212.35000610351562,8589.400390625,8513.7998046875,17.270000457763672
2015-01-19,19405.826171875,11642.75,8694.900390625,11249.2998046875,20728.400390625,2504.800048828125,212.75,8655.650390625,8550.7001953125,17.649999618530273
2015-01-20,19766.8203125,11695.0,8760.900390625,11290.650390625,21091.150390625,2581.550048828125,215.6999969482422,8763.349609375,8695.599609375,17.270000457763672
2015-01-21,19843.01953125,11813.7001953125,8779.9501953125,11320.849609375,20673.900390625,2564.60009765625,215.0500030517578,8766.4501953125,8729.5,17.709999084472656
2015-01-22,19917.41796875,11850.849609375,8842.0,11509.5,20670.80078125,2580.75,216.35000610351562,8693.0,8761.400390625,18.56999969482422
2015-01-23,20072.466796875,11885.150390625,8983.099609375,11581.099609375,20744.19921875,2602.85009765625,219.60000610351562,8748.4501953125,8835.599609375,17.889999389648438
2015-01-27,20555.01171875,11693.4501953125,9099.599609375,11583.25,20985.599609375,2583.75,222.25,8765.5498046875,8910.5,18.09000015258789
2015-01-28,20491.51171875,11809.5498046875,9043.150390625,11577.75,21027.849609375,2546.10009765625,225.1999969482422,8852.5,8914.2998046875,19.770000457763672
2015-01-29,20528.361328125,11824.150390625,9049.7001953125,11752.0498046875,21293.099609375,2540.5,231.4499969482422,8956.5498046875,8952.349609375,19.43000030517578
2015-01-30,19843.51953125,11824.75,8930.849609375,11693.5498046875,21165.75,2513.300048828125,236.8000030517578,8920.650390625,8808.900390625,20.170000076293945
2015-02-02,19865.669921875,11943.9501953125,8976.099609375,11627.650390625,20840.19921875,2501.949951171875,238.10000610351562,8887.400390625,8797.400390625,20.40999984741211
2015-02-03,19382.724609375,11963.900390625,8919.7001953125,11520.0,21052.80078125,2521.800048828125,234.85000610351562,9037.150390625,8756.5498046875,19.809999465942383
2015-02-04,19173.77734375,11938.900390625,8812.5,11625.7001953125,20991.44921875,2574.449951171875,237.5500030517578,9050.2001953125,8723.7001953125,20.049999237060547
2015-02-05,19051.6796875,12165.150390625,8749.650390625,11522.099609375,21093.94921875,2525.10009765625,231.1999969482422,8910.849609375,8711.7001953125,20.6200008392334
2015-02-06,18786.48046875,12267.9501953125,8496.2998046875,11322.9501953125,21286.19921875,2507.050048828125,229.8000030517578,8808.7001953125,8661.0498046875,20.690000534057617
2015-02-09,18403.634765625,12249.2998046875,8294.4501953125,11289.400390625,20995.099609375,2440.64990234375,223.9499969482422,8708.2001953125,8526.349609375,22.020000457763672
2015-02-10,18752.28125,12162.849609375,8436.0498046875,11283.5,21069.5,2477.85009765625,223.8000030517578,8652.5498046875,8565.5498046875,21.190000534057617
2015-02-11,18940.580078125,12243.400390625,8514.150390625,11391.7001953125,21252.150390625,2520.10009765625,225.25,8721.650390625,8627.400390625,20.5
2015-02-12,19128.376953125,12372.0,8654.2998046875,11598.25,21224.19921875,2530.050048828125,228.64999389648438,8821.400390625,8711.5498046875,20.15999984741211
2015-02-13,19369.474609375,12464.9501953125,8759.0,11789.900390625,21616.44921875,2555.35009765625,226.4499969482422,8832.099609375,8805.5,20.100000381469727
2015-02-16,19189.7265625,12487.2001953125,8792.5498046875,11680.25,22009.0,2555.199951171875,229.1999969482422,8790.0,8809.349609375,20.829999923706055
2015-02-18,19296.275390625,12632.75,8884.849609375,11741.25,22195.75,2537.5,228.10000610351562,8806.5,8869.099609375,20.90999984741211
2015-02-19,19188.078125,12723.7998046875,8871.650390625,11734.5,21989.349609375,2631.0,229.64999389648438,8831.5,8895.2998046875,20.399999618530273
2015-02-20,19073.328125,12571.9501953125,8874.650390625,11746.5,22149.94921875,2622.050048828125,231.9499969482422,8669.7998046875,8833.599609375,21.270000457763672
2015-02-23,18913.1796875,12531.2998046875,8804.150390625,11640.7998046875,21902.94921875,2601.199951171875,228.10000610351562,8551.4501953125,8754.9501953125,21.6299991607666
2015-02-24,18883.58203125,12566.2001953125,8777.7001953125,11663.849609375,22231.849609375,2568.800048828125,229.10000610351562,8470.0,8762.099609375,21.549999237060547
2015-02-25,18732.833984375,12633.349609375,8781.2998046875,11533.5,22295.150390625,2556.800048828125,229.89999389648438,8467.0,8767.25,20.780000686645508
2015-02-26,18537.884765625,12458.5,8640.7001953125,11412.2998046875,22070.900390625,2529.64990234375,230.8000030517578,8506.599609375,8683.849609375,20.579999923706055
2015-02-27,19074.328125,12554.9501953125,8841.7998046875,11554.7998046875,22063.94921875,2606.35009765625,241.10000610351562,8661.0498046875,8844.599609375,19.56999969482422
2015-03-02,20007.8671875,12663.7001953125,8919.5498046875,12024.0498046875,20648.650390625,2599.800048828125,238.60000610351562,8711.7001953125,8956.75,15.850000381469727
2015-03-03,19960.966796875,12855.900390625,8838.7998046875,12166.2001953125,20661.400390625,2586.25,234.89999389648438,8861.849609375,8996.25,15.489999771118164
2015-03-04,19643.671875,12730.599609375,8777.849609375,12326.7998046875,20743.400390625,2519.89990234375,234.25,8746.0498046875,8922.650390625,15.199999809265137
2015-03-05,19747.76953125,12665.5,8825.650390625,12632.5,21005.849609375,2474.800048828125,234.14999389648438,8743.25,8937.75,14.4399995803833
2015-03-09,19145.328125,12422.25,8727.0498046875,12676.900390625,20878.05078125,2414.300048828125,227.60000610351562,8551.5,8756.75,15.8100004196167
2015-03-10,19054.1796875,12405.0498046875,8756.400390625,12631.9501953125,20773.25,2427.75,223.0,8465.9501953125,8712.0498046875,15.529999732971191
2015-03-11,19043.779296875,12352.349609375,8761.5,12515.75,20778.5,2386.75,224.3000030517578,8430.900390625,8699.9501953125,15.130000114440918
2015-03-12,19141.626953125,12423.650390625,8851.650390625,12663.7001953125,21107.849609375,2423.0,227.75,8543.0498046875,8776.0,14.75
2015-03-13,18779.58203125,12312.150390625,8721.75,12487.0498046875,20676.69921875,2391.14990234375,225.9499969482422,8430.599609375,8647.75,14.970000267028809
2015-03-16,18837.130859375,12419.0498046875,8697.849609375,12480.7001953125,20436.80078125,2353.14990234375,228.85000610351562,8364.0498046875,8633.150390625,15.180000305175781
2015-03-17,19058.029296875,12383.150390625,8807.400390625,12716.7998046875,20718.599609375,2380.699951171875,230.25,8468.9501953125,8723.2998046875,15.130000114440918
2015-03-18,19147.02734375,12276.099609375,8748.75,12732.400390625,20572.05078125,2387.75,230.5,8476.75,8685.900390625,15.510000228881836
2015-03-19,18810.931640625,12275.2001953125,8719.5498046875,12799.7998046875,20430.650390625,2388.35009765625,226.85000610351562,8436.7998046875,8634.650390625,15.199999809265137
2015-03-20,18606.1328125,12363.5,8585.9501953125,12622.25,19999.80078125,2366.0,218.0500030517578,8355.25,8570.900390625,14.260000228881836
2015-03-23,18448.78515625,12244.4501953125,8597.7998046875,12622.9501953125,19999.19921875,2373.5,217.5500030517578,8335.2001953125,8550.900390625,14.270000457763672
2015-03-24,18331.236328125,12180.0,8480.7998046875,12853.4501953125,19945.0,2366.25,216.89999389648438,8387.0498046875,8542.9501953125,13.670000076293945
2015-03-25,18309.88671875,12225.599609375,8515.650390625,12919.4501953125,19957.5,2343.35009765625,217.0,8319.099609375,8530.7998046875,13.140000343322754
2015-03-26,17831.443359375,11902.099609375,8385.349609375,12676.849609375,19691.150390625,2288.0,213.1999969482422,8196.099609375,8342.150390625,15.15999984741211
2015-03-27,18044.591796875,11968.5,8435.0,12588.5498046875,19511.0,2292.85009765625,211.64999389648438,8116.5,8341.400390625,14.5
2015-03-30,18361.587890625,12100.849609375,8574.4501953125,12703.7998046875,19880.94921875,2328.300048828125,216.0500030517578,8183.7001953125,8492.2998046875,14.260000228881836
2015-03-31,18206.439453125,12083.0,8621.75,12844.7998046875,19879.599609375,2324.449951171875,216.14999389648438,8264.25,8491.0,14.489999771118164
2015-04-01,18617.6328125,11952.2001953125,8710.75,13136.2001953125,20145.099609375,2347.64990234375,219.39999389648438,8313.150390625,8586.25,13.670000076293945
2015-04-06,18605.232421875,11969.25,8792.0,13807.099609375,20607.900390625,2339.949951171875,234.14999389648438,8372.349609375,8659.900390625,14.569999694824219
2015-04-07,18469.0859375,11989.349609375,8794.5,13778.25,20747.94921875,2392.0,230.25,8436.599609375,8660.2998046875,14.25
2015-04-08,18416.384765625,12214.2998046875,8838.75,13831.150390625,21074.099609375,2431.25,232.85000610351562,8568.9501953125,8714.400390625,14.350000381469727
2015-04-09,18875.630859375,12279.400390625,8848.150390625,13545.900390625,21118.94921875,2468.14990234375,230.9499969482422,8688.25,8778.2998046875,14.420000076293945
2015-04-10,18800.630859375,12294.75,8879.0,13505.900390625,21214.75,2483.0,232.39999389648438,8740.099609375,8780.349609375,14.260000228881836
2015-04-13,18798.03125,12333.7998046875,8817.849609375,13722.849609375,21456.400390625,2485.0,232.6999969482422,8849.900390625,8834.0,14.489999771118164
2015-04-15,18716.083984375,12154.5498046875,8682.0,13480.9501953125,21463.05078125,2467.0,229.9499969482422,8838.0498046875,8834.0,14.619999885559082
2015-04-16,18636.833984375,12059.0,8666.400390625,13248.650390625,21287.80078125,2464.39990234375,224.3000030517578,8910.650390625,8706.7001953125,14.949999809265137
2015-04-17,18345.337890625,11803.0498046875,8558.2001953125,12809.150390625,21277.849609375,2488.550048828125,222.14999389648438,8900.2998046875,8606.0,15.039999961853027
2015-04-20,18112.5390625,11562.2001953125,8398.599609375,12753.849609375,20666.349609375,2442.199951171875,216.0500030517578,8657.099609375,8448.099609375,16.299999237060547
2015-04-21,18105.5390625,11558.400390625,8284.900390625,12284.0,20429.30078125,2446.25,215.3000030517578,8563.650390625,8377.75,17.030000686645508
2015-04-22,18243.486328125,11492.0,8280.2998046875,12431.349609375,20538.599609375,2459.199951171875,215.35000610351562,8548.2001953125,8429.7001953125,17.209999084472656
2015-04-23,18245.38671875,11451.5498046875,8228.7998046875,12293.0498046875,20525.69921875,2495.14990234375,213.5500030517578,8495.849609375,8398.2998046875,18.5
2015-04-24,18001.69140625,11132.25,8164.4501953125,12210.0,20606.05078125,2454.89990234375,205.0,8509.7998046875,8305.25,19.110000610351562
2015-04-27,17767.392578125,11097.900390625,8118.64990234375,11908.2001953125,20242.55078125,2454.050048828125,196.5500030517578,8386.150390625,8213.7998046875,18.739999771118164
2015-04-28,18246.037109375,11052.9501953125,8315.400390625,11984.599609375,20053.30078125,2453.199951171875,200.0,8380.849609375,8285.599609375,17.40999984741211
2015-04-29,18302.4375,11094.400390625,8278.5,12042.900390625,19729.94921875,2443.25,201.60000610351562,8302.2998046875,8239.75,17.239999771118164
2015-04-30,18337.88671875,11001.0498046875,8188.2001953125,12057.7998046875,19510.69921875,2402.39990234375,204.8000030517578,8331.75,8181.5,17.229999542236328
2015-05-04,18501.0859375,11191.4501953125,8330.2001953125,12333.599609375,19911.30078125,2441.75,210.1999969482422,8620.650390625,8331.9501953125,17.309999465942383
2015-05-05,18471.234375,11170.25,8327.2001953125,12391.7001953125,19963.80078125,2508.14990234375,212.85000610351562,8663.2998046875,8324.7998046875,17.360000610351562
2015-05-06,17799.34375,10938.849609375,8089.85009765625,12037.650390625,19490.849609375,2430.35009765625,203.9499969482422,8437.150390625,8097.0,19.670000076293945
2015-05-07,17376.69921875,11127.75,7986.25,11873.5498046875,19541.94921875,2417.800048828125,199.10000610351562,8318.4501953125,8057.2998046875,19.649999618530273
2015-05-08,17796.392578125,11172.0498046875,8199.25,12104.7001953125,19857.19921875,2435.60009765625,207.35000610351562,8397.099609375,8191.5,19.110000610351562
2015-05-11,18199.5390625,11324.5498046875,8427.5498046875,12317.5,19795.94921875,2502.300048828125,209.25,8489.849609375,8325.25,18.6299991607666
2015-05-12,17628.4453125,11118.4501953125,8277.5,12250.7001953125,19598.75,2426.0,201.89999389648438,8239.2001953125,8126.9501953125,20.549999237060547
2015-05-13,18097.23828125,11170.5,8413.400390625,12261.400390625,19818.900390625,2428.85009765625,200.35000610351562,8342.25,8235.4501953125,20.690000534057617
2015-05-14,18115.98828125,11093.599609375,8485.5,12238.7998046875,19846.05078125,2448.699951171875,202.5500030517578,8352.0498046875,8224.2001953125,20.700000762939453
2015-05-15,18182.939453125,11171.900390625,8539.5498046875,12294.650390625,19997.599609375,2422.85009765625,200.14999389648438,8333.25,8262.349609375,19.81999969482422
2015-05-18,18422.734375,11279.4501953125,8600.0498046875,12486.0,20292.099609375,2436.5,200.25,8472.099609375,8373.650390625,17.899999618530273
2015-05-19,18380.1875,11372.2001953125,8531.2998046875,12502.349609375,20231.099609375,2445.550048828125,200.9499969482422,8454.849609375,8365.650390625,18.270000457763672
2015-05-20,18554.935546875,11571.7001953125,8484.7998046875,12537.0498046875,20232.5,2431.39990234375,200.5500030517578,8510.150390625,8423.25,17.719999313354492
2015-05-21,18512.935546875,11618.599609375,8549.599609375,12554.75,20070.94921875,2419.60009765625,202.6999969482422,8454.400390625,8421.0,17.40999984741211
2015-05-22,18433.0859375,11728.400390625,8581.650390625,12690.099609375,20167.75,2409.85009765625,202.25,8520.650390625,8458.9501953125,16.950000762939453
2015-05-25,18324.63671875,11623.349609375,8565.099609375,12617.5498046875,19766.94921875,2368.699951171875,201.0500030517578,8504.650390625,8370.25,16.93000030517578
2015-05-26,18329.087890625,11581.900390625,8548.150390625,12559.0498046875,19682.19921875,2372.25,199.75,8415.349609375,8339.349609375,17.06999969482422
2015-05-27,18538.634765625,11367.5,8369.900390625,12506.0498046875,19794.75,2377.800048828125,200.8000030517578,8481.099609375,8334.599609375,17.280000686645508
2015-05-28,18448.984375,11450.849609375,8379.2998046875,12311.900390625,19856.5,2370.14990234375,200.5500030517578,8429.400390625,8319.0,17.1299991607666
2015-05-29,18721.1328125,11575.0498046875,8536.75,12511.75,20107.30078125,2382.60009765625,199.5,8488.099609375,8433.650390625,16.65999984741211
2015-06-01,18616.783203125,11525.650390625,8509.349609375,12079.7998046875,20387.400390625,2382.800048828125,203.5500030517578,8591.9501953125,8433.400390625,16.90999984741211
2015-06-02,17977.091796875,11347.900390625,8325.0498046875,11902.849609375,19709.150390625,2330.14990234375,195.4499969482422,8530.599609375,8236.4501953125,16.81999969482422
2015-06-03,17721.1953125,11361.099609375,8191.60009765625,11746.599609375,19132.0,2303.64990234375,183.75,8404.0498046875,8135.10009765625,17.510000228881836
2015-06-04,17718.994140625,11379.2001953125,8130.4501953125,11633.150390625,19069.150390625,2274.199951171875,185.39999389648438,8460.0,8130.64990234375,18.1200008392334
2015-06-05,17549.046875,11291.5498046875,8092.2998046875,11715.849609375,19259.599609375,2315.5,182.25,8502.349609375,8114.7001953125,18.09000015258789
2015-06-08,17432.396484375,11238.599609375,8006.14990234375,11585.099609375,19084.0,2279.699951171875,180.8000030517578,8386.75,8044.14990234375,18.889999389648438
2015-06-09,17489.697265625,11142.9501953125,7953.64990234375,11379.900390625,18978.900390625,2295.75,177.8000030517578,8367.9501953125,8022.39990234375,18.010000228881836
2015-06-10,17707.044921875,11401.7001953125,8104.0498046875,11477.400390625,19014.099609375,2311.5,179.25,8503.650390625,8124.4501953125,17.079999923706055
2015-06-11,17304.19921875,11227.150390625,7909.0,11308.150390625,18828.44921875,2281.800048828125,174.85000610351562,8311.0,7965.35009765625,17.809999465942383
2015-06-12,17523.34765625,11049.349609375,7905.25,11328.4501953125,18846.44921875,2247.199951171875,174.5500030517578,8374.099609375,7982.89990234375,17.479999542236328
2015-06-15,17458.49609375,11093.849609375,7996.2001953125,11451.099609375,18935.75,2233.949951171875,174.6999969482422,8418.25,8013.89990234375,17.520000457763672
2015-06-16,17602.244140625,11119.2001953125,8090.85009765625,11473.7001953125,18954.849609375,2238.800048828125,174.89999389648438,8452.2001953125,8047.2998046875,17.170000076293945
2015-06-17,17583.845703125,11143.5,8160.9501953125,11678.9501953125,19249.099609375,2256.699951171875,175.75,8537.150390625,8091.5498046875,16.729999542236328
2015-06-18,17733.34375,11215.349609375,8258.650390625,11836.150390625,19248.05078125,2252.89990234375,175.35000610351562,8792.400390625,8174.60009765625,16.020000457763672
2015-06-19,17880.642578125,11243.650390625,8305.349609375,11810.0,19345.349609375,2261.050048828125,173.8000030517578,8879.849609375,8224.9501953125,15.09000015258789
2015-06-22,18334.287109375,11429.7998046875,8400.7001953125,11879.349609375,19653.650390625,2288.800048828125,183.25,8896.5498046875,8353.099609375,15.489999771118164
2015-06-23,18391.13671875,11341.150390625,8405.7998046875,11910.25,19737.099609375,2325.5,183.64999389648438,8934.9501953125,8381.5498046875,15.039999961853027
2015-06-24,18365.337890625,11353.75,8326.9501953125,11997.5498046875,19843.05078125,2292.25,181.25,8881.75,8360.849609375,15.920000076293945
2015-06-25,18492.685546875,11210.400390625,8395.9501953125,12007.25,19759.599609375,2299.800048828125,182.39999389648438,8953.0498046875,8398.0,15.930000305175781
2015-06-26,18371.287109375,11362.5498046875,8447.2001953125,12066.849609375,19695.650390625,2281.449951171875,183.85000610351562,8910.900390625,8381.099609375,15.760000228881836
2015-06-29,18241.037109375,11133.650390625,8325.0498046875,11926.400390625,19755.55078125,2245.800048828125,180.14999389648438,8854.849609375,8318.400390625,17.299999237060547
2015-06-30,18295.88671875,11037.400390625,8383.25,12202.5498046875,20155.75,2287.300048828125,180.9499969482422,8892.9501953125,8368.5,16.93000030517578
2015-07-01,18581.3828125,11213.599609375,8482.4501953125,12257.099609375,20093.900390625,2314.75,182.60000610351562,8970.650390625,8453.0498046875,15.850000381469727
2015-07-02,18585.333984375,11187.25,8528.599609375,12193.7998046875,20143.150390625,2299.949951171875,182.39999389648438,8986.150390625,8444.900390625,15.5600004196167
2015-07-03,18729.43359375,11198.650390625,8493.5,12264.849609375,20245.099609375,2268.25,181.3000030517578,8969.400390625,8484.900390625,16.309999465942383
2015-07-06,18824.931640625,11209.599609375,8517.9501953125,12463.900390625,20376.69921875,2254.800048828125,182.9499969482422,9012.2001953125,8522.150390625,16.020000457763672
2015-07-07,18798.28125,11143.849609375,8488.900390625,12490.5,20384.400390625,2257.89990234375,185.35000610351562,8913.849609375,8510.7998046875,16.309999465942383
2015-07-08,18462.935546875,11021.7998046875,8287.2998046875,12390.5,20168.55078125,2166.800048828125,181.64999389648438,8820.4501953125,8363.0498046875,17.790000915527344
2015-07-09,18508.484375,10828.7001953125,8248.5498046875,12399.349609375,20031.75,2159.75,181.25,8701.099609375,8328.5498046875,17.440000534057617
2015-07-10,18719.583984375,10798.25,8234.099609375,12537.25,19887.94921875,2179.89990234375,179.60000610351562,8743.849609375,8360.5498046875,17.06999969482422
2015-07-13,18893.33203125,10998.849609375,8370.75,12697.7998046875,20133.400390625,2189.300048828125,181.14999389648438,8820.5498046875,8459.650390625,16.270000457763672
2015-07-14,18779.98046875,11043.849609375,8305.7001953125,12786.599609375,20184.44921875,2205.10009765625,180.0500030517578,8797.75,8454.099609375,16.010000228881836
2015-07-15,18816.03125,11150.25,8403.2001953125,12912.349609375,20251.44921875,2209.10009765625,181.0,8850.9501953125,8523.7998046875,15.569999694824219
2015-07-16,19167.828125,11191.599609375,8434.5498046875,13060.349609375,20445.80078125,2217.199951171875,180.9499969482422,8938.5,8608.0498046875,14.779999732971191
2015-07-17,19094.4765625,11269.2001953125,8473.900390625,13139.0,20575.849609375,2207.64990234375,180.10000610351562,8950.900390625,8609.849609375,14.800000190734863
2015-07-20,19032.478515625,11266.9501953125,8476.349609375,13175.650390625,20511.400390625,2194.550048828125,176.4499969482422,8960.75,8603.4501953125,14.960000038146973
2015-07-21,18723.18359375,11655.4501953125,8440.4501953125,12255.2998046875,20143.05078125,2169.89990234375,172.35000610351562,8803.5498046875,8529.4501953125,15.100000381469727
2015-07-22,18996.779296875,11643.75,8538.7998046875,12377.7001953125,20310.19921875,2189.85009765625,174.0500030517578,9055.400390625,8633.5,15.130000114440918
2015-07-23,18864.78125,11558.7001953125,8581.349609375,12275.400390625,20272.80078125,2180.10009765625,174.1999969482422,9045.0,8589.7998046875,15.520000457763672
2015-07-24,18635.6328125,11464.150390625,8472.0498046875,12226.0498046875,20303.75,2151.64990234375,171.5500030517578,8936.75,8521.5498046875,15.460000038146973
2015-07-27,18212.83984375,11362.4501953125,8305.650390625,12056.900390625,20151.30078125,2103.85009765625,167.0500030517578,8747.0,8361.0,16.3700008392334
2015-07-28,18282.587890625,11306.25,8259.5,11917.150390625,20153.5,2093.14990234375,162.4499969482422,8757.900390625,8337.0,15.920000076293945
2015-07-29,18323.1875,11470.7001953125,8368.900390625,11978.400390625,19975.94921875,2097.949951171875,164.5500030517578,8669.099609375,8375.0498046875,15.880000114440918
2015-07-30,18440.185546875,11394.5498046875,8387.5,12073.099609375,20544.05078125,2095.699951171875,171.3000030517578,8716.0498046875,8421.7998046875,15.329999923706055
2015-07-31,18729.6328125,11594.150390625,8544.849609375,12353.25,20920.44921875,2128.64990234375,176.5500030517578,8711.849609375,8532.849609375,14.569999694824219
2015-08-03,18914.478515625,11466.400390625,8609.650390625,12379.5,20991.5,2109.35009765625,176.8000030517578,8698.400390625,8543.0498046875,15.390000343322754
2015-08-04,18972.37890625,11415.5498046875,8703.599609375,12361.9501953125,20922.0,2167.699951171875,176.1999969482422,8609.2001953125,8516.900390625,14.829999923706055
2015-08-05,18928.330078125,11618.0,8795.4501953125,12572.5498046875,21117.80078125,2166.5,181.60000610351562,8629.7001953125,8567.9501953125,14.670000076293945
2015-08-06,19029.12890625,11616.5,8796.9501953125,12697.5,20941.19921875,2154.39990234375,182.9499969482422,8593.5,8588.650390625,14.729999542236328
2015-08-07,18893.33203125,11597.0498046875,8803.0,12641.0498046875,20900.94921875,2131.949951171875,182.75,8662.7001953125,8564.599609375,14.90999984741211
2015-08-10,18874.78125,11573.900390625,8745.599609375,12638.599609375,20789.55078125,2109.800048828125,183.64999389648438,8537.25,8525.599609375,15.470000267028809
2015-08-11,18616.68359375,11711.150390625,8619.25,12636.900390625,20663.099609375,2035.4000244140625,181.5500030517578,8475.099609375,8462.349609375,15.890000343322754
2015-08-12,18059.541015625,12006.7998046875,8407.150390625,12771.75,20329.80078125,1947.550048828125,171.39999389648438,8275.5498046875,8349.4501953125,17.450000762939453
2015-08-13,18175.189453125,11956.099609375,8441.5498046875,12913.7001953125,20271.25,1893.5999755859375,169.0500030517578,8254.650390625,8355.849609375,17.020000457763672
2015-08-14,18723.3828125,12048.4501953125,8642.099609375,13137.25,20345.30078125,1920.5999755859375,183.3000030517578,8409.650390625,8518.5498046875,16.020000457763672
2015-08-17,18821.83203125,12001.75,8615.4501953125,13089.5498046875,20321.19921875,1942.949951171875,180.39999389648438,8299.2001953125,8477.2998046875,16.459999084472656
2015-08-18,18780.630859375,12159.400390625,8662.5498046875,12980.099609375,20283.75,1909.0999755859375,179.6999969482422,8253.0,8466.5498046875,16.360000610351562
2015-08-19,18703.033203125,12249.099609375,8703.2998046875,13335.849609375,20325.75,1882.0,178.14999389648438,8275.349609375,8495.150390625,16.68000030517578
2015-08-20,18282.88671875,11985.25,8553.5498046875,13463.75,20640.25,1838.4000244140625,170.9499969482422,8077.64990234375,8372.75,16.979999542236328
2015-08-21,18056.990234375,12032.2998046875,8381.7001953125,13470.0,20704.55078125,1822.3499755859375,166.5,7998.60009765625,8299.9501953125,17.110000610351562
2015-08-24,16811.60546875,11455.150390625,7773.4501953125,12653.2998046875,19742.150390625,1693.949951171875,148.0500030517578,7333.85009765625,7809.0,28.1299991607666
2015-08-25,17192.55078125,11376.75,7920.35009765625,12772.400390625,19869.05078125,1754.949951171875,158.1999969482422,7463.89990234375,7880.7001953125,26.850000381469727
2015-08-26,16917.453125,11284.099609375,7882.10009765625,12623.0498046875,19688.0,1760.949951171875,157.89999389648438,7476.60009765625,7791.85009765625,25.520000457763672
2015-08-27,17214.201171875,11396.900390625,7952.35009765625,12995.75,20097.650390625,1809.699951171875,164.4499969482422,7634.60009765625,7948.9501953125,22.040000915527344
2015-08-28,17211.75,11588.25,8023.2998046875,12940.75,20173.900390625,1820.1500244140625,163.64999389648438,7727.85009765625,8001.9501953125,23.329999923706055
2015-08-31,17146.3515625,11605.7001953125,7948.5498046875,13213.2001953125,20111.5,1833.1500244140625,161.35000610351562,7645.5,7971.2998046875,24.600000381469727
2015-09-01,16530.109375,11476.4501953125,7745.39990234375,13007.0498046875,19762.099609375,1770.800048828125,156.0,7511.64990234375,7785.85009765625,28.719999313354492
2015-09-02,16252.51171875,11604.7001953125,7638.7001953125,12840.349609375,19855.75,1745.5,157.10000610351562,7441.5,7717.0,26.649999618530273
2015-09-03,16555.20703125,11672.849609375,7738.60009765625,12817.400390625,19906.400390625,1787.9000244140625,164.5,7510.60009765625,7823.0,24.1200008392334
2015-09-04,16128.912109375,11413.599609375,7559.4501953125,12521.5498046875,19671.849609375,1748.5,158.5500030517578,7360.89990234375,7655.0498046875,26.420000076293945
2015-09-07,15789.916015625,11318.2998046875,7464.2998046875,12240.0,19356.19921875,1704.300048828125,155.35000610351562,7299.14990234375,7558.7998046875,26.350000381469727
2015-09-08,16350.759765625,11390.099609375,7589.0,12329.5,19174.30078125,1745.6500244140625,160.10000610351562,7428.64990234375,7688.25,24.56999969482422
2015-09-09,16631.306640625,11504.900390625,7814.85009765625,12360.0498046875,19306.30078125,1809.1500244140625,164.4499969482422,7586.2001953125,7818.60009765625,24.299999237060547
2015-09-10,16597.45703125,11396.9501953125,7875.85009765625,12315.0,19306.75,1794.550048828125,163.4499969482422,7536.85009765625,7788.10009765625,24.75
2015-09-11,16612.40625,11432.25,7857.4501953125,12341.849609375,19412.05078125,1767.3499755859375,165.10000610351562,7511.39990234375,7789.2998046875,24.979999542236328
2015-09-14,16911.603515625,11520.2998046875,7890.75,12495.2001953125,19496.80078125,1814.800048828125,168.39999389648438,7615.39990234375,7872.25,24.31999969482422
2015-09-15,16739.35546875,11536.349609375,7766.2001953125,12478.7998046875,19681.94921875,1772.0999755859375,167.60000610351562,7633.60009765625,7829.10009765625,23.739999771118164
2015-09-16,16964.65234375,11606.650390625,7799.10009765625,12623.7998046875,19727.099609375,1779.300048828125,167.14999389648438,7667.10009765625,7899.14990234375,22.0
2015-09-18,17408.947265625,11726.7001953125,7842.5498046875,12751.2001953125,19497.5,1789.300048828125,171.10000610351562,7805.0,7981.89990234375,18.290000915527344
2015-09-21,17542.697265625,11724.0498046875,7848.75,12706.2998046875,19353.849609375,1787.3499755859375,171.85000610351562,7756.10009765625,7977.10009765625,18.18000030517578
2015-09-22,17030.953125,11705.5498046875,7709.85009765625,12662.7998046875,19180.099609375,1711.699951171875,167.64999389648438,7543.7998046875,7812.0,20.350000381469727
2015-09-23,17255.099609375,11694.0,7705.5498046875,12731.5498046875,19259.599609375,1713.1500244140625,169.0500030517578,7571.4501953125,7845.9501953125,20.690000534057617
2015-09-24,17196.451171875,11954.099609375,7721.25,12826.4501953125,19485.0,1684.800048828125,169.8000030517578,7491.10009765625,7868.5,20.8799991607666
2015-09-28,17100.1015625,11841.0498046875,7584.25,12844.2001953125,19421.94921875,1642.5999755859375,171.85000610351562,7473.64990234375,7795.7001953125,21.670000076293945
2015-09-29,17280.998046875,11863.9501953125,7648.2001953125,12700.099609375,19474.0,1605.449951171875,175.25,7481.0498046875,7843.2998046875,21.56999969482422
2015-09-30,17216.1015625,12032.099609375,7759.60009765625,12918.75,19956.650390625,1657.800048828125,179.14999389648438,7640.89990234375,7948.89990234375,19.6299991607666
2015-10-01,17150.0,11867.849609375,7731.5498046875,13140.849609375,19998.349609375,1650.800048828125,176.14999389648438,7648.5498046875,7950.89990234375,19.239999771118164
2015-10-05,17673.845703125,12002.099609375,7890.4501953125,13149.0,20144.650390625,1702.8499755859375,177.89999389648438,7823.9501953125,8119.2998046875,19.1299991607666
2015-10-06,17605.14453125,11889.900390625,7947.64990234375,13275.75,20663.849609375,1730.699951171875,179.39999389648438,7923.60009765625,8152.89990234375,19.309999465942383
2015-10-07,17616.595703125,11683.4501953125,8064.0498046875,13332.400390625,20733.44921875,1787.0,183.75,8040.5,8177.39990234375,19.34000015258789
2015-10-08,17474.09765625,11669.7001953125,8021.75,13212.849609375,20452.80078125,1796.5999755859375,182.10000610351562,7926.14990234375,8129.35009765625,19.559999465942383
2015-10-09,17590.044921875,11807.5498046875,8051.2001953125,13277.7001953125,20521.05078125,1834.949951171875,182.1999969482422,7936.2998046875,8189.7001953125,18.93000030517578
2015-10-12,17582.9453125,11630.650390625,8062.60009765625,13111.650390625,20349.5,1870.75,181.3000030517578,7968.0,8143.60009765625,19.1200008392334
2015-10-13,17554.646484375,11522.599609375,8078.2001953125,13115.400390625,20376.400390625,1860.199951171875,183.25,7941.2998046875,8131.7001953125,18.020000457763672
2015-10-14,17543.046875,11362.900390625,8010.5498046875,13160.650390625,20344.25,1863.3499755859375,183.39999389648438,7961.75,8107.89990234375,17.719999313354492
2015-10-15,17685.89453125,11338.349609375,8193.400390625,13168.599609375,20468.150390625,1886.300048828125,185.25,8035.7001953125,8179.5,17.170000076293945
2015-10-16,17912.640625,11337.7998046875,8266.650390625,13203.5498046875,20434.900390625,1879.5,182.64999389648438,8112.5,8238.150390625,16.270000457763672
2015-10-19,17854.84375,11432.150390625,8245.5498046875,13413.650390625,20623.849609375,1864.300048828125,187.60000610351562,8289.150390625,8275.0498046875,16.8799991607666
2015-10-20,17830.04296875,11529.599609375,8265.400390625,13340.9501953125,20545.900390625,1824.199951171875,186.5500030517578,8250.0498046875,8261.650390625,17.0
2015-10-21,17710.345703125,11549.0498046875,8285.150390625,13189.7998046875,20533.69921875,1847.5,183.5500030517578,8225.650390625,8251.7001953125,16.6200008392334
2015-10-23,17933.841796875,11552.0,8228.2998046875,13258.5,20828.150390625,1846.699951171875,183.0,8278.650390625,8295.4501953125,16.190000534057617
2015-10-26,17814.84375,11576.349609375,8232.25,13234.650390625,20818.19921875,1842.5,181.64999389648438,8207.150390625,8260.5498046875,17.229999542236328
2015-10-27,17806.09375,11583.5498046875,8272.349609375,13223.0,20846.25,1831.25,181.85000610351562,8152.9501953125,8232.900390625,16.540000915527344
2015-10-28,17372.94921875,11643.2998046875,8206.150390625,13149.150390625,20867.80078125,1834.1500244140625,179.25,8109.7998046875,8171.2001953125,17.040000915527344
2015-10-29,17212.0,11548.150390625,8195.900390625,13052.0,20642.30078125,1826.800048828125,178.5,8064.5,8111.75,17.579999923706055
2015-10-30,17354.298828125,11486.900390625,8091.9501953125,13170.150390625,20118.30078125,1806.050048828125,176.0500030517578,8099.35009765625,8065.7998046875,17.8799991607666
2015-11-02,17340.3984375,11546.25,8097.10009765625,13029.7001953125,20214.5,1768.0999755859375,177.5500030517578,8153.64990234375,8050.7998046875,19.479999542236328
2015-11-03,17325.3984375,11618.400390625,8102.89990234375,13054.5498046875,20218.5,1767.5999755859375,177.39999389648438,8231.25,8060.7001953125,19.559999465942383
2015-11-04,17220.8515625,11551.599609375,8235.75,12923.900390625,20273.80078125,1768.6500244140625,177.10000610351562,8178.0498046875,8040.2001953125,19.360000610351562
2015-11-05,16994.90234375,11414.4501953125,8194.150390625,12632.5,20221.69921875,1735.3499755859375,172.25,8107.2001953125,7955.4501953125,19.290000915527344
2015-11-06,17086.30078125,11485.4501953125,8144.4501953125,12226.650390625,20251.0,1720.25,172.5,8168.4501953125,7954.2998046875,19.469999313354492
2015-11-09,17002.802734375,11412.150390625,8246.2001953125,11989.0498046875,20496.150390625,1723.6500244140625,168.8000030517578,8175.25,7915.2001953125,17.040000915527344
2015-11-10,16835.8046875,11214.2001953125,8257.7001953125,11618.2998046875,20215.80078125,1681.449951171875,164.35000610351562,7885.60009765625,7783.35009765625,16.829999923706055
2015-11-13,16932.65234375,11102.4501953125,8178.2998046875,11640.5498046875,19896.19921875,1704.050048828125,166.5500030517578,7932.60009765625,7762.25,17.649999618530273
2015-11-16,17184.701171875,11003.7998046875,8190.35009765625,11711.0,19986.55078125,1720.5999755859375,166.5500030517578,7943.60009765625,7806.60009765625,17.8799991607666
2015-11-17,17140.25,11035.099609375,8252.099609375,11801.2001953125,20469.099609375,1739.6500244140625,166.60000610351562,7940.4501953125,7837.5498046875,16.969999313354492
2015-11-18,16811.904296875,10836.7001953125,8181.0,11717.7998046875,20411.80078125,1702.050048828125,164.0500030517578,7880.0498046875,7731.7998046875,17.420000076293945
2015-11-19,17071.701171875,11032.900390625,8295.0498046875,11674.9501953125,20642.599609375,1722.8499755859375,164.1999969482422,8030.35009765625,7842.75,15.84000015258789
2015-11-20,17055.40234375,11118.849609375,8339.400390625,11685.349609375,20449.80078125,1726.0999755859375,163.85000610351562,8126.35009765625,7856.5498046875,15.899999618530273
2015-11-23,17060.05078125,11121.2001953125,8395.349609375,11717.150390625,20166.5,1698.300048828125,165.3000030517578,8149.75,7849.25,17.079999923706055
2015-11-24,16988.453125,11057.349609375,8332.900390625,11637.849609375,20184.0,1697.25,167.0500030517578,8206.7001953125,7831.60009765625,16.25
2015-11-26,17036.353515625,11042.9501953125,8444.599609375,11553.2998046875,20380.44921875,1715.1500244140625,170.5500030517578,8324.75,7883.7998046875,16.690000534057617
2015-11-27,17370.748046875,11122.900390625,8443.650390625,11567.5498046875,20436.099609375,1736.3499755859375,171.1999969482422,8285.4501953125,7942.7001953125,16.729999542236328
2015-11-30,17430.197265625,11206.0,8481.849609375,11492.900390625,20278.55078125,1735.800048828125,173.3000030517578,8242.75,7935.25,16.43000030517578
2015-12-01,17398.34765625,11256.2998046875,8419.0,11608.7001953125,20560.44921875,1790.9000244140625,173.89999389648438,8288.349609375,7954.89990234375,15.640000343322754
2015-12-02,17218.30078125,11149.599609375,8416.400390625,11723.349609375,20665.599609375,1806.1500244140625,174.14999389648438,8331.9501953125,7931.35009765625,15.489999771118164
2015-12-03,17109.900390625,11081.900390625,8334.650390625,11587.2998046875,20346.599609375,1779.550048828125,174.6999969482422,8278.25,7864.14990234375,16.059999465942383
2015-12-04,16897.103515625,10969.0498046875,8240.7001953125,11645.0498046875,20087.849609375,1776.949951171875,172.14999389648438,8171.7001953125,7781.89990234375,16.09000015258789
2015-12-07,16946.802734375,10998.650390625,8221.5,11762.599609375,19534.19921875,1770.050048828125,173.1999969482422,8114.35009765625,7765.39990234375,15.869999885559082
2015-12-08,16800.955078125,10981.849609375,8210.349609375,11610.349609375,19518.599609375,1713.300048828125,166.10000610351562,7990.7998046875,7701.7001953125,15.970000267028809
2015-12-09,16660.556640625,10930.0498046875,8067.89990234375,11372.0498046875,19448.44921875,1658.800048828125,164.0500030517578,7849.4501953125,7612.5,16.729999542236328
2015-12-10,16710.857421875,11055.5,8085.0,11368.150390625,19624.30078125,1690.0,166.85000610351562,8046.10009765625,7683.2998046875,16.290000915527344
2015-12-11,16342.3095703125,11043.0498046875,7943.25,11383.5,19624.150390625,1699.800048828125,162.10000610351562,8002.7998046875,7610.4501953125,17.18000030517578
2015-12-14,16350.4599609375,11099.7001953125,7964.0498046875,11488.0,19698.69921875,1740.1500244140625,161.8000030517578,7997.0498046875,7650.0498046875,17.799999237060547
2015-12-15,16398.458984375,11058.25,8082.35009765625,11554.7998046875,19941.650390625,1735.8499755859375,163.1999969482422,8102.2998046875,7700.89990234375,17.34000015258789
2015-12-16,16579.20703125,11144.900390625,8035.60009765625,11637.650390625,19790.69921875,1737.9000244140625,165.0500030517578,8213.849609375,7750.89990234375,16.729999542236328
2015-12-17,16741.3046875,11275.150390625,8149.0,11771.7998046875,19940.599609375,1795.550048828125,167.3000030517578,8356.650390625,7844.35009765625,14.220000267028809
2015-12-18,16594.107421875,11122.5,8079.2001953125,11663.7998046875,19813.44921875,1772.699951171875,167.75,8277.7998046875,7761.9501953125,14.489999771118164
2015-12-21,16824.955078125,11224.75,8154.89990234375,11556.9501953125,20134.849609375,1800.4000244140625,169.75,8343.75,7834.4501953125,14.229999542236328
2015-12-22,16749.00390625,11095.4501953125,8099.64990234375,11595.900390625,19904.150390625,1781.5999755859375,169.5,8325.5,7786.10009765625,14.479999542236328
2015-12-23,16882.3046875,11195.650390625,8111.0,11805.849609375,19983.25,1820.75,171.5500030517578,8458.4501953125,7865.9501953125,13.649999618530273
2015-12-24,16810.8046875,11184.900390625,8136.60009765625,11795.75,20057.80078125,1835.8499755859375,170.89999389648438,8454.900390625,7861.0498046875,13.75
2015-12-28,16978.953125,11271.7998046875,8228.400390625,12009.0,20152.75,1815.949951171875,171.8000030517578,8552.7001953125,7925.14990234375,14.399999618530273
2015-12-29,16991.251953125,11253.4501953125,8268.7998046875,12022.349609375,20053.80078125,1811.949951171875,169.60000610351562,8568.400390625,7928.9501953125,14.239999771118164
2015-12-30,16917.703125,11117.599609375,8240.2001953125,11987.25,20068.55078125,1817.75,169.5500030517578,8517.25,7896.25,14.350000381469727
2015-12-31,16922.001953125,11212.5498046875,8254.75,11963.5,20192.650390625,1826.8499755859375,172.60000610351562,8584.099609375,7946.35009765625,13.869999885559082
2016-01-01,17039.052734375,11174.849609375,8328.2998046875,11979.849609375,20184.94921875,1830.300048828125,175.85000610351562,8594.7001953125,7946.35009765625,14.260000228881836
2016-01-04,16598.95703125,11029.25,8142.85009765625,11733.7001953125,20087.80078125,1804.9000244140625,172.39999389648438,8468.599609375,7791.2998046875,16.84000015258789
2016-01-05,16542.30859375,10997.150390625,8124.35009765625,11741.5,20047.44921875,1862.699951171875,175.5500030517578,8555.0,7784.64990234375,16.700000762939453
2016-01-06,16432.958984375,11018.150390625,8025.39990234375,11673.7998046875,19689.44921875,1829.050048828125,173.5500030517578,8662.4501953125,7741.0,16.549999237060547
2016-01-07,16073.6630859375,10863.2001953125,7725.14990234375,11451.650390625,19261.55078125,1742.550048828125,164.9499969482422,8454.4501953125,7568.2998046875,18.959999084472656
2016-01-08,16142.462890625,10989.5498046875,7744.25,11486.599609375,19359.25,1750.800048828125,169.35000610351562,8586.2001953125,7601.35009765625,17.799999237060547
2016-01-11,16016.0634765625,10823.900390625,7751.64990234375,11301.0,19329.650390625,1746.1500244140625,169.75,8656.599609375,7563.85009765625,18.690000534057617
2016-01-12,15734.6171875,10790.349609375,7721.0498046875,11341.599609375,19340.55078125,1725.1500244140625,166.75,8616.400390625,7510.2998046875,18.709999084472656
2016-01-13,15871.6650390625,10839.849609375,7795.5,11321.400390625,19414.69921875,1712.699951171875,165.10000610351562,8734.650390625,7562.39990234375,18.350000381469727
2016-01-14,15609.6181640625,10980.4501953125,7684.64990234375,11369.400390625,19438.150390625,1684.1500244140625,162.4499969482422,8671.7001953125,7536.7998046875,18.610000610351562
2016-01-15,15206.123046875,10994.9501953125,7544.2001953125,11259.75,19095.44921875,1624.5999755859375,155.10000610351562,8607.5498046875,7437.7998046875,19.420000076293945
2016-01-18,15020.625,10984.0,7431.4501953125,11095.9501953125,19006.80078125,1607.0,149.39999389648438,8289.150390625,7351.0,20.229999542236328
2016-01-19,15269.47265625,10963.099609375,7526.0,11225.2001953125,19041.19921875,1616.699951171875,152.25,8416.7998046875,7435.10009765625,18.43000030517578
2016-01-20,14935.326171875,10910.5,7401.5498046875,11133.650390625,18758.349609375,1566.4000244140625,147.0500030517578,8179.10009765625,7309.2998046875,20.969999313354492
2016-01-21,15101.0244140625,10934.7001953125,7259.4501953125,10876.599609375,18468.349609375,1552.949951171875,147.64999389648438,8046.35009765625,7276.7998046875,20.809999465942383
2016-01-22,15497.3701171875,11006.7001953125,7544.0,11141.2998046875,18555.44921875,1622.050048828125,150.3000030517578,8242.7998046875,7422.4501953125,18.81999969482422
2016-01-25,15560.9697265625,11025.349609375,7487.2998046875,11239.400390625,18567.94921875,1648.0999755859375,151.14999389648438,8230.9501953125,7436.14990234375,18.270000457763672
2016-01-27,15534.4189453125,11029.099609375,7491.2998046875,11348.7998046875,18584.80078125,1650.4000244140625,152.39999389648438,8264.2998046875,7437.75,19.059999465942383
2016-01-28,15381.271484375,11002.7001953125,7458.0,11440.7001953125,18899.5,1640.6500244140625,151.1999969482422,8381.2998046875,7424.64990234375,17.899999618530273
2016-01-29,15522.2197265625,11236.150390625,7605.0498046875,11755.849609375,19132.650390625,1658.449951171875,153.5500030517578,8516.849609375,7563.5498046875,17.239999771118164
2016-02-01,15314.2724609375,11305.25,7569.89990234375,11742.75,19283.349609375,1663.75,153.85000610351562,8470.75,7555.9501953125,17.889999389648438
2016-02-02,15067.8251953125,11242.099609375,7470.39990234375,11425.75,19194.25,1583.5999755859375,150.64999389648438,8234.7001953125,7455.5498046875,18.040000915527344
2016-02-03,14833.876953125,11122.25,7343.2998046875,11343.900390625,19204.69921875,1541.75,146.14999389648438,8069.64990234375,7361.7998046875,18.59000015258789
2016-02-04,14868.9775390625,11213.650390625,7377.5498046875,11215.5,19275.400390625,1584.0999755859375,145.60000610351562,8063.10009765625,7404.0,18.209999084472656
2016-02-05,15161.8740234375,11227.5498046875,7495.9501953125,11652.400390625,19465.400390625,1643.25,147.35000610351562,8057.5,7489.10009765625,18.110000610351562
2016-02-08,15046.625,11001.4501953125,7423.2001953125,11498.7998046875,19184.599609375,1629.5,147.64999389648438,7947.35009765625,7387.25,20.260000228881836
2016-02-09,14874.9267578125,10614.25,7295.75,11557.0,19007.25,1599.25,145.1999969482422,7961.10009765625,7298.2001953125,21.729999542236328
2016-02-10,14588.2802734375,10600.4501953125,7202.5,11352.75,18791.650390625,1589.5999755859375,139.9499969482422,7949.4501953125,7215.7001953125,22.469999313354492
2016-02-11,14028.38671875,10312.9501953125,6949.4501953125,11100.099609375,18227.25,1519.8499755859375,131.5,7634.5,6976.35009765625,25.969999313354492
2016-02-12,13971.337890625,10324.4501953125,7074.5,11081.0498046875,18328.349609375,1495.5999755859375,129.1999969482422,7513.25,6980.9501953125,24.670000076293945
2016-02-15,14444.83203125,10493.75,7391.14990234375,11191.7001953125,18510.0,1642.800048828125,137.85000610351562,7780.75,7162.9501953125,22.3799991607666
2016-02-16,14166.28515625,10418.650390625,7248.7001953125,10936.349609375,18123.30078125,1611.300048828125,133.25,7673.2001953125,7048.25,23.040000915527344
2016-02-17,14119.685546875,10502.4501953125,7320.89990234375,11148.099609375,18300.5,1627.550048828125,134.3000030517578,7796.10009765625,7108.4501953125,21.829999923706055
2016-02-18,14297.984375,10702.25,7373.39990234375,11371.349609375,18579.349609375,1644.949951171875,134.75,7803.2001953125,7191.75,21.489999771118164
2016-02-19,14344.033203125,10768.900390625,7441.5,11341.650390625,18574.150390625,1652.9000244140625,134.85000610351562,7798.75,7210.75,20.920000076293945
2016-02-22,14384.6328125,10720.599609375,7464.7998046875,11487.7001953125,18657.30078125,1663.6500244140625,135.14999389648438,7862.14990234375,7234.5498046875,21.020000457763672
2016-02-23,14008.1865234375,10601.4501953125,7351.60009765625,11351.2998046875,18329.599609375,1644.75,131.4499969482422,7726.10009765625,7109.5498046875,23.84000015258789
2016-02-24,13793.8896484375,10468.0498046875,7261.14990234375,11130.2001953125,18099.25,1609.800048828125,131.0500030517578,7728.2001953125,7018.7001953125,22.959999084472656
2016-02-25,13555.54296875,10403.5,7175.75,11177.099609375,18094.75,1612.4000244140625,128.25,7652.10009765625,6970.60009765625,22.75
2016-02-26,13791.2900390625,10463.349609375,7164.85009765625,11164.25,18306.599609375,1629.550048828125,130.10000610351562,7713.10009765625,7029.75,21.8700008392334
2016-02-29,13946.23828125,10278.400390625,7092.2998046875,11167.7001953125,18331.599609375,1633.6500244140625,130.3000030517578,7664.85009765625,6987.0498046875,20.15999984741211
2016-03-01,14412.732421875,10637.349609375,7396.0498046875,11294.400390625,19317.0,1678.300048828125,136.64999389648438,7822.7998046875,7222.2998046875,18.670000076293945
2016-03-02,15092.2744140625,10897.099609375,7435.14990234375,11278.4501953125,19260.400390625,1713.699951171875,144.39999389648438,7955.35009765625,7368.85009765625,18.989999771118164
2016-03-03,15177.5732421875,11054.9501953125,7580.2998046875,11502.2998046875,19208.69921875,1796.199951171875,146.14999389648438,8040.2998046875,7475.60009765625,18.040000915527344
2016-03-04,15339.021484375,10980.849609375,7591.75,11537.650390625,19144.94921875,1828.0,147.64999389648438,8057.75,7485.35009765625,17.8799991607666
2016-03-08,15146.32421875,10914.2001953125,7596.64990234375,11570.349609375,19214.0,1871.300048828125,149.0500030517578,8177.60009765625,7485.2998046875,18.469999313354492
2016-03-09,15278.8720703125,10925.7998046875,7689.7998046875,11601.0,19248.55078125,1854.75,151.39999389648438,8225.349609375,7531.7998046875,17.510000228881836
2016-03-10,15180.4736328125,10826.900390625,7688.2998046875,11623.0,19066.05078125,1868.9000244140625,150.0,8096.85009765625,7486.14990234375,17.899999618530273
2016-03-11,15168.0234375,10835.4501953125,7723.5498046875,11695.599609375,19354.400390625,1856.5999755859375,149.25,8110.14990234375,7510.2001953125,17.100000381469727
2016-03-14,15277.6220703125,10866.849609375,7777.14990234375,11719.2001953125,19535.150390625,1843.8499755859375,148.89999389648438,8159.5498046875,7538.75,17.100000381469727
2016-03-15,15326.6220703125,10730.4501953125,7711.10009765625,11325.599609375,19136.44921875,1849.75,148.89999389648438,8171.2001953125,7460.60009765625,17.600000381469727
2016-03-16,15461.5205078125,10803.2001953125,7671.7001953125,11381.75,19336.80078125,1832.300048828125,148.0,8168.14990234375,7498.75,17.110000610351562
2016-03-17,15443.8203125,10923.5,7662.60009765625,11227.400390625,19445.19921875,1831.550048828125,146.60000610351562,8229.099609375,7512.5498046875,16.84000015258789
2016-03-18,15654.66796875,11159.7001953125,7767.10009765625,11092.25,19555.30078125,1877.9000244140625,149.35000610351562,8276.75,7604.35009765625,16.3799991607666
2016-03-21,15925.9140625,11193.849609375,7867.60009765625,11235.7001953125,19928.44921875,1885.050048828125,152.3000030517578,8349.9501953125,7704.25,16.329999923706055
2016-03-22,15935.814453125,11206.599609375,7947.14990234375,11217.5,19609.0,1908.9000244140625,156.64999389648438,8406.25,7714.89990234375,16.43000030517578
2016-03-23,15887.5654296875,11228.150390625,7990.75,11198.2998046875,19629.650390625,1948.5999755859375,156.4499969482422,8309.2998046875,7716.5,16.350000381469727
2016-03-28,15604.71875,11168.7001953125,7876.7001953125,10960.0498046875,19462.80078125,1853.199951171875,149.25,8286.0,7615.10009765625,17.489999771118164
2016-03-29,15666.068359375,11114.7001953125,7955.0,10665.25,19375.44921875,1860.4000244140625,149.85000610351562,8323.0498046875,7597.0,17.639999389648438
2016-03-30,16134.662109375,11254.5498046875,8084.0,10910.2001953125,19690.94921875,1927.0,155.6999969482422,8459.900390625,7735.2001953125,16.809999465942383
2016-03-31,16141.462890625,11309.2998046875,8087.60009765625,10989.150390625,19764.150390625,1912.6500244140625,156.5500030517578,8424.599609375,7738.39990234375,16.579999923706055
2016-04-01,16174.7119140625,11194.650390625,8030.0498046875,10928.2998046875,19992.099609375,1901.0,161.35000610351562,8347.75,7713.0498046875,17.280000686645508
2016-04-04,16190.4111328125,11387.7001953125,8124.5498046875,10978.0,19890.599609375,1912.300048828125,160.1999969482422,8371.75,7758.7998046875,17.450000762939453
2016-04-05,15694.8173828125,11274.9501953125,7883.10009765625,10876.900390625,19635.400390625,1861.6500244140625,155.5,8294.849609375,7603.2001953125,17.829999923706055
2016-04-06,15636.7685546875,11224.9501953125,7919.9501953125,10905.5498046875,19657.55078125,1912.5,157.5500030517578,8340.2001953125,7614.35009765625,17.350000381469727
2016-04-07,15530.5693359375,11102.599609375,7834.60009765625,10984.349609375,19384.05078125,1899.25,157.0500030517578,8350.9501953125,7546.4501953125,16.93000030517578
2016-04-08,15568.1689453125,11061.150390625,7821.2998046875,11012.5,19451.69921875,1905.75,159.10000610351562,8400.4501953125,7555.2001953125,16.43000030517578
2016-04-11,15818.31640625,11291.349609375,7992.5498046875,11024.75,19651.25,1944.0999755859375,161.64999389648438,8484.099609375,7671.39990234375,16.010000228881836
2016-04-12,15880.015625,11304.4501953125,8116.5,11132.650390625,19606.599609375,1922.5999755859375,161.89999389648438,8554.0498046875,7708.9501953125,16.020000457763672
2016-04-13,16278.3603515625,11351.849609375,8399.349609375,11225.75,20045.19921875,1967.5,164.5500030517578,8678.0498046875,7850.4501953125,16.040000915527344
2016-04-18,16222.51171875,11597.25,8386.150390625,11317.900390625,20253.94921875,1986.75,172.39999389648438,8694.900390625,7914.7001953125,16.950000762939453
2016-04-20,16349.509765625,11552.75,8341.400390625,11267.5,20246.599609375,2068.10009765625,171.8000030517578,8610.349609375,7914.75,17.079999923706055
2016-04-21,16636.95703125,11355.400390625,8320.2998046875,11320.650390625,20071.099609375,2069.89990234375,168.8000030517578,8641.900390625,7912.0498046875,16.510000228881836
2016-04-22,16703.20703125,11304.0498046875,8401.400390625,11286.75,19876.5,2061.949951171875,168.39999389648438,8659.0,7899.2998046875,16.3799991607666
2016-04-25,16678.45703125,11315.4501953125,8322.400390625,11185.25,19715.650390625,2035.8499755859375,167.4499969482422,8523.4501953125,7855.0498046875,16.56999969482422
2016-04-26,17002.353515625,11417.349609375,8457.0498046875,11295.599609375,19890.55078125,2082.39990234375,170.3000030517578,8554.650390625,7962.64990234375,16.579999923706055
2016-04-27,16872.75390625,11453.0,8479.650390625,11270.5498046875,20141.55078125,2080.300048828125,169.9499969482422,8609.349609375,7979.89990234375,16.350000381469727
2016-04-28,16716.70703125,11287.150390625,8317.650390625,11179.400390625,19667.599609375,2031.8499755859375,172.8000030517578,8410.7998046875,7847.25,16.600000381469727
2016-04-29,16794.8046875,11196.25,8288.9501953125,11293.25,19737.69921875,2045.800048828125,174.8000030517578,8404.650390625,7849.7998046875,16.540000915527344
2016-05-02,16542.80859375,11117.7001953125,8299.0498046875,11271.900390625,19728.400390625,2065.35009765625,173.8000030517578,8419.099609375,7805.89990234375,17.09000015258789
2016-05-03,16388.5078125,10925.7001953125,8263.0498046875,11148.150390625,19478.349609375,2041.9000244140625,173.85000610351562,8341.900390625,7747.0,17.459999084472656
2016-05-04,16274.060546875,10948.599609375,8087.2998046875,11182.0,19295.849609375,1964.0,169.60000610351562,8306.7001953125,7706.5498046875,17.450000762939453
2016-05-05,16280.810546875,10973.849609375,8133.89990234375,11233.400390625,19466.30078125,1967.449951171875,171.0,8289.0498046875,7735.5,17.170000076293945
2016-05-06,16296.41015625,10887.0,8196.7998046875,11121.400390625,19521.94921875,1966.300048828125,171.5500030517578,8299.9501953125,7733.4501953125,16.950000762939453
2016-05-09,16685.90625,10991.5,8315.9501953125,11183.25,19752.650390625,1974.800048828125,174.85000610351562,8395.75,7866.0498046875,16.610000610351562
2016-05-10,16784.75390625,11034.400390625,8234.349609375,11266.849609375,19836.69921875,1950.050048828125,175.64999389648438,8340.2001953125,7887.7998046875,16.420000076293945
2016-05-11,16754.25390625,10960.400390625,8192.25,11186.400390625,19726.900390625,1948.3499755859375,173.75,8288.349609375,7848.85009765625,16.959999084472656
2016-05-12,16923.501953125,11081.099609375,8234.25,11264.599609375,19748.69921875,1963.8499755859375,176.3000030517578,8380.0498046875,7900.39990234375,16.329999923706055
2016-05-13,16716.70703125,11030.7001953125,8160.39990234375,11157.650390625,19667.69921875,1920.25,171.9499969482422,8303.7001953125,7814.89990234375,17.0
2016-05-16,16737.35546875,11087.75,8200.2001953125,11205.400390625,19977.099609375,1935.550048828125,174.4499969482422,8276.75,7860.75,17.030000686645508
2016-05-17,16762.5546875,11125.099609375,8245.0498046875,11251.650390625,19960.900390625,1934.9000244140625,175.75,8290.9501953125,7890.75,16.3700008392334
2016-05-18,16728.75390625,11120.0498046875,8145.35009765625,11271.2998046875,19963.900390625,1948.3499755859375,179.8000030517578,8287.0,7870.14990234375,16.450000762939453
2016-05-19,16565.056640625,11094.599609375,8104.75,11246.0,19612.849609375,1917.25,178.25,8186.35009765625,7783.39990234375,17.059999465942383
2016-05-20,16481.2578125,11036.150390625,8080.75,11070.650390625,19705.0,1909.300048828125,175.85000610351562,8131.75,7749.7001953125,16.43000030517578
2016-05-23,16407.359375,10939.900390625,8026.60009765625,10958.5,20179.05078125,1899.1500244140625,174.14999389648438,8105.5498046875,7731.0498046875,16.15999984741211
2016-05-24,16456.458984375,10924.7998046875,8051.75,10851.150390625,20225.400390625,1899.4000244140625,173.8000030517578,8118.0,7748.85009765625,16.219999313354492
2016-05-25,16997.251953125,11215.5,8211.9501953125,10908.5498046875,20639.80078125,1923.050048828125,176.75,8260.150390625,7934.89990234375,15.520000457763672
2016-05-26,17359.099609375,11337.150390625,8312.650390625,10882.2001953125,20920.650390625,1941.9000244140625,180.60000610351562,8280.849609375,8069.64990234375,15.329999923706055
2016-05-27,17511.59765625,11420.849609375,8393.9501953125,11206.7998046875,20907.55078125,1968.800048828125,183.35000610351562,8454.0,8156.64990234375,15.260000228881836
2016-05-30,17520.447265625,11547.5,8497.0,11175.0,20807.05078125,2008.050048828125,181.64999389648438,8450.9501953125,8178.5,15.979999542236328
2016-05-31,17620.6953125,11395.849609375,8720.400390625,10995.4501953125,20521.650390625,2031.8499755859375,183.14999389648438,8373.2001953125,8160.10009765625,16.049999237060547
2016-06-01,17423.24609375,11494.900390625,8670.7998046875,10957.2001953125,20886.599609375,2014.5999755859375,184.10000610351562,8363.9501953125,8179.9501953125,15.84000015258789
2016-06-02,17567.595703125,11458.2001953125,8713.7001953125,10902.099609375,20919.44921875,2052.0,184.35000610351562,8401.650390625,8218.9501953125,15.09000015258789
2016-06-03,17680.595703125,11462.0,8749.25,10808.2001953125,20912.5,2047.6500244140625,182.0500030517578,8447.0,8220.7998046875,15.0
2016-06-06,17671.1953125,11395.7998046875,8763.5498046875,10678.849609375,20888.0,2049.800048828125,183.8000030517578,8397.150390625,8201.0498046875,15.359999656677246
2016-06-07,17947.94140625,11413.349609375,8799.0,10739.349609375,21214.599609375,2078.25,187.25,8400.2001953125,8266.4501953125,14.869999885559082
2016-06-08,17946.591796875,11404.5,8841.849609375,10716.5498046875,21225.599609375,2082.800048828125,187.60000610351562,8428.349609375,8273.0498046875,15.140000343322754
2016-06-09,17887.4921875,11264.849609375,8784.2001953125,10665.400390625,20833.69921875,2112.14990234375,187.89999389648438,8546.25,8203.599609375,15.670000076293945
2016-06-10,17828.392578125,11229.0498046875,8688.2998046875,10657.599609375,20704.5,2113.75,186.25,8546.900390625,8170.0498046875,15.970000267028809
2016-06-13,17593.744140625,11191.5498046875,8599.099609375,10706.599609375,20649.0,2087.14990234375,183.1999969482422,8527.900390625,8110.60009765625,16.579999923706055
2016-06-14,17672.1953125,11169.4501953125,8613.150390625,10781.400390625,20717.94921875,2101.800048828125,185.5500030517578,8481.849609375,8108.85009765625,17.190000534057617
2016-06-15,17917.69140625,11282.0498046875,8689.650390625,10790.2998046875,20956.099609375,2118.35009765625,186.35000610351562,8609.0498046875,8206.599609375,17.059999465942383
2016-06-16,17671.095703125,11244.25,8612.7998046875,10762.2001953125,20868.099609375,2132.449951171875,185.0,8557.5,8140.75,17.700000762939453
2016-06-17,17695.845703125,11290.7998046875,8675.2001953125,10653.4501953125,21044.599609375,2131.25,191.9499969482422,8551.599609375,8170.2001953125,17.350000381469727
2016-06-20,17718.39453125,11506.599609375,8799.0498046875,10685.849609375,21010.55078125,2165.89990234375,194.0,8633.2001953125,8238.5,17.520000457763672
2016-06-21,17618.89453125,11488.4501953125,8858.4501953125,10627.349609375,20996.75,2162.800048828125,194.8000030517578,8616.5498046875,8219.900390625,17.260000228881836
2016-06-22,17625.845703125,11490.7998046875,8778.2001953125,10696.5,20877.599609375,2160.64990234375,195.0500030517578,8592.099609375,8203.7001953125,18.18000030517578
2016-06-23,17892.2421875,11487.0498046875,8870.2001953125,10793.099609375,21065.44921875,2168.14990234375,192.8000030517578,8602.5,8270.4501953125,18.020000457763672
2016-06-24,17425.84765625,11203.150390625,8631.650390625,10747.7998046875,20789.94921875,2086.550048828125,184.9499969482422,8428.2998046875,8088.60009765625,18.6299991607666
2016-06-27,17514.74609375,11008.0498046875,8605.400390625,10964.0498046875,20999.25,2096.25,187.8000030517578,8472.650390625,8094.7001953125,18.530000686645508
2016-06-28,17561.345703125,10884.650390625,8618.849609375,11035.349609375,21433.5,2115.85009765625,189.75,8512.900390625,8127.85009765625,17.729999542236328
2016-06-29,17689.6953125,11057.400390625,8744.7001953125,11084.7001953125,21400.650390625,2142.199951171875,195.4499969482422,8626.0498046875,8204.0,16.15999984741211
2016-06-30,17935.19140625,11120.150390625,8863.75,11142.0,21608.44921875,2182.10009765625,200.25,8705.099609375,8287.75,16.290000915527344
2016-07-01,17985.44140625,11098.400390625,8894.849609375,11250.900390625,22025.400390625,2199.14990234375,201.39999389648438,8849.2998046875,8328.349609375,15.739999771118164
2016-07-04,18097.439453125,11184.849609375,8956.900390625,11319.849609375,21699.349609375,2233.5,206.0500030517578,8954.849609375,8370.7001953125,15.579999923706055
2016-07-05,18004.041015625,11141.0,8852.400390625,11361.599609375,21697.650390625,2239.699951171875,205.10000610351562,8911.25,8335.9501953125,15.359999656677246
2016-07-07,18084.689453125,10942.0,8801.4501953125,11527.0498046875,21924.150390625,2232.0,204.0500030517578,8888.7001953125,8337.900390625,15.3100004196167
2016-07-08,18016.041015625,10946.7001953125,8870.5,11569.7001953125,21856.599609375,2223.949951171875,203.14999389648438,8825.5,8323.2001953125,15.079999923706055
2016-07-11,18390.736328125,11045.9501953125,9058.7998046875,11745.7001953125,22078.349609375,2275.60009765625,207.10000610351562,8963.4501953125,8467.900390625,14.850000381469727
2016-07-12,18667.3828125,11056.7998046875,9121.849609375,11680.650390625,21996.849609375,2350.75,209.89999389648438,9025.150390625,8521.0498046875,14.779999732971191
2016-07-13,18618.732421875,11128.2001953125,9069.9501953125,11639.7998046875,21932.80078125,2390.35009765625,206.4499969482422,9039.900390625,8519.5,15.329999923706055
2016-07-14,18863.53125,11157.849609375,9115.150390625,11590.650390625,22020.849609375,2399.25,205.8000030517578,9063.400390625,8565.0,15.609999656677246
2016-07-15,18953.4296875,10716.4501953125,9204.4501953125,11607.7001953125,22031.349609375,2418.89990234375,204.6999969482422,9067.4501953125,8541.400390625,15.640000343322754
2016-07-18,18923.1796875,10735.099609375,9226.0,11556.849609375,21973.5,2388.60009765625,202.1999969482422,8965.2998046875,8508.7001953125,15.989999771118164
2016-07-19,18904.9296875,10766.2998046875,9260.0498046875,11647.0,21838.44921875,2399.85009765625,201.1999969482422,9104.0,8528.5498046875,15.800000190734863
2016-07-20,18967.978515625,10764.7001953125,9279.7998046875,11925.349609375,21957.349609375,2406.64990234375,206.60000610351562,9199.7001953125,8565.849609375,15.989999771118164
2016-07-21,18674.083984375,10772.25,9208.650390625,11820.650390625,21999.30078125,2387.800048828125,204.35000610351562,9103.9501953125,8510.099609375,15.710000038146973
2016-07-22,18690.18359375,10756.0,9290.5,11815.75,22000.44921875,2428.14990234375,205.89999389648438,9207.150390625,8541.2001953125,15.5
2016-07-25,18989.37890625,10870.900390625,9378.7998046875,11869.599609375,22139.0,2442.0,208.9499969482422,9326.2998046875,8635.650390625,15.720000267028809
2016-07-26,18860.630859375,10877.650390625,9255.400390625,11691.150390625,22059.650390625,2439.449951171875,206.25,9310.400390625,8590.650390625,15.619999885559082
2016-07-27,19021.728515625,10928.4501953125,9330.75,11569.900390625,21904.150390625,2462.050048828125,205.6999969482422,9286.5,8615.7998046875,15.430000305175781
2016-07-28,19076.328125,10935.650390625,9404.349609375,11615.75,22290.849609375,2440.449951171875,207.6999969482422,9328.0498046875,8666.2998046875,15.149999618530273
2016-07-29,18952.9296875,10913.2998046875,9470.849609375,11697.25,22228.849609375,2422.699951171875,207.39999389648438,9311.849609375,8638.5,14.920000076293945
2016-08-01,18740.380859375,11139.0498046875,9530.0498046875,11685.400390625,22136.900390625,2459.0,207.5,9296.2998046875,8636.5498046875,15.180000305175781
2016-08-02,18708.033203125,11179.0,9469.599609375,11567.7998046875,22638.849609375,2411.300048828125,205.0,9298.349609375,8622.900390625,15.6899995803833
2016-08-03,18601.783203125,11181.400390625,9301.75,11553.2001953125,22084.55078125,2411.14990234375,202.0500030517578,9167.150390625,8544.849609375,16.239999771118164
2016-08-04,18571.482421875,11148.4501953125,9439.75,11591.0,22072.349609375,2451.89990234375,206.85000610351562,9179.0,8551.099609375,15.140000343322754
2016-08-05,18925.728515625,11137.0498046875,9738.650390625,11678.900390625,22151.900390625,2517.550048828125,211.8000030517578,9392.7998046875,8683.150390625,14.350000381469727
2016-08-08,18939.228515625,11197.2001953125,9797.5498046875,11692.650390625,22200.400390625,2531.75,213.60000610351562,9503.0498046875,8711.349609375,14.59000015258789
2016-08-09,18933.080078125,11198.0,9747.599609375,11595.150390625,22014.400390625,2510.0,214.39999389648438,9464.5498046875,8678.25,14.539999961853027
2016-08-10,18647.583984375,11175.900390625,9559.349609375,11361.900390625,21829.80078125,2494.25,211.25,9265.25,8575.2998046875,14.920000076293945
2016-08-11,18640.18359375,11222.2001953125,9513.25,11376.900390625,22235.150390625,2474.300048828125,210.10000610351562,9336.849609375,8592.150390625,14.210000038146973
2016-08-12,18963.478515625,11173.400390625,9618.5,11362.400390625,22397.400390625,2510.14990234375,209.0500030517578,9434.5,8592.150390625,13.770000457763672
2016-08-16,19001.9296875,10993.5498046875,9558.599609375,11420.0,22396.0,2550.10009765625,207.64999389648438,9445.400390625,8642.5498046875,14.180000305175781
2016-08-17,19041.029296875,10808.75,9647.0,11496.7998046875,22342.849609375,2599.800048828125,208.6999969482422,9388.0,8624.0498046875,14.779999732971191
2016-08-18,19352.576171875,10783.5,9678.599609375,11565.2998046875,22262.099609375,2595.050048828125,211.35000610351562,9508.349609375,8673.25,14.550000190734863
2016-08-19,19414.47265625,10727.599609375,9638.5498046875,11587.400390625,22234.75,2629.800048828125,210.14999389648438,9522.900390625,8666.900390625,14.539999961853027
2016-08-22,19330.025390625,10593.2001953125,9539.0,11473.7998046875,22388.19921875,2608.699951171875,210.25,9466.849609375,8629.150390625,14.239999771118164
2016-08-23,19341.42578125,10767.099609375,9526.2998046875,11409.0498046875,22176.099609375,2597.35009765625,209.5500030517578,9355.150390625,8632.599609375,13.899999618530273
2016-08-24,19355.375,10786.349609375,9529.0,11536.5498046875,22193.849609375,2595.550048828125,210.10000610351562,9462.2998046875,8650.2998046875,13.489999771118164
2016-08-25,19304.025390625,10665.650390625,9470.849609375,11490.849609375,22283.19921875,2553.85009765625,208.60000610351562,9429.2001953125,8592.2001953125,13.289999961853027
2016-08-26,19195.52734375,10523.0498046875,9538.400390625,11395.4501953125,22252.650390625,2551.949951171875,206.14999389648438,9488.349609375,8572.5498046875,13.569999694824219
2016-08-29,19216.77734375,10385.349609375,9697.0,11382.349609375,22192.80078125,2579.85009765625,206.25,9608.2998046875,8607.4501953125,13.170000076293945
2016-08-30,19531.32421875,10572.2998046875,9866.0498046875,11552.75,22546.94921875,2606.89990234375,208.0,9720.4501953125,8744.349609375,13.020000457763672
2016-08-31,19787.369140625,10546.099609375,9897.2998046875,11489.150390625,22609.30078125,2566.75,205.5500030517578,9663.650390625,8786.2001953125,13.239999771118164
2016-09-01,19788.619140625,10533.25,9939.9501953125,11463.349609375,22715.55078125,2574.550048828125,201.25,9535.2998046875,8774.650390625,13.34000015258789
2016-09-02,19882.96875,10528.349609375,10052.9501953125,11555.150390625,22789.30078125,2570.949951171875,202.8000030517578,9503.400390625,8809.650390625,12.9399995803833
2016-09-06,20425.9609375,10545.2998046875,10348.5498046875,11612.7001953125,22972.80078125,2607.050048828125,206.0500030517578,9591.5,8943.0,12.75
2016-09-07,20406.6640625,10499.900390625,10359.849609375,11633.0498046875,23008.19921875,2632.949951171875,207.39999389648438,9550.2998046875,8917.9501953125,13.149999618530273
2016-09-08,20417.01171875,10240.5,10458.650390625,11936.650390625,23186.150390625,2660.25,213.35000610351562,9601.400390625,8952.5,13.119999885559082
2016-09-09,20245.06640625,10291.900390625,10299.2001953125,11818.7998046875,22703.69921875,2607.199951171875,214.64999389648438,9668.2001953125,8866.7001953125,13.229999542236328
2016-09-12,19790.369140625,10374.9501953125,10013.5,11622.599609375,22291.25,2485.699951171875,204.0,9514.5498046875,8715.599609375,15.239999771118164
2016-09-14,19908.919921875,10302.849609375,10086.25,11640.599609375,22326.69921875,2496.550048828125,204.0500030517578,9540.7001953125,8726.599609375,14.760000228881836
2016-09-15,19837.3203125,10289.5,10064.0498046875,11715.650390625,22526.599609375,2489.800048828125,203.60000610351562,9561.400390625,8742.5498046875,14.680000305175781
2016-09-16,19855.21875,10399.25,10117.9501953125,11725.5,22762.5,2450.89990234375,205.5500030517578,9644.849609375,8779.849609375,14.579999923706055
2016-09-19,19906.619140625,10463.400390625,10146.349609375,11766.650390625,22668.349609375,2485.550048828125,208.60000610351562,9727.150390625,8808.400390625,14.9399995803833
2016-09-20,19852.0703125,10426.7001953125,10075.0,11746.400390625,22487.19921875,2495.10009765625,205.5,9694.349609375,8775.900390625,14.779999732971191
2016-09-21,19828.21875,10456.5,10095.9501953125,11730.9501953125,22343.05078125,2511.85009765625,206.10000610351562,9676.849609375,8777.150390625,14.8100004196167
2016-09-22,20109.365234375,10397.150390625,10250.349609375,11844.4501953125,22401.75,2540.550048828125,208.89999389648438,9828.0,8867.4501953125,13.34000015258789
2016-09-23,19901.5703125,10391.0498046875,10224.9501953125,11798.650390625,22315.75,2542.0,210.5500030517578,9886.0498046875,8831.5498046875,13.25
2016-09-26,19591.521484375,10330.0,10048.650390625,11708.7001953125,21977.099609375,2539.449951171875,205.5500030517578,9860.650390625,8723.0498046875,14.569999694824219
2016-09-27,19518.47265625,10397.0,9992.5,11782.599609375,21913.150390625,2523.60009765625,206.10000610351562,9831.849609375,8706.400390625,14.25
2016-09-28,19653.322265625,10360.5,10115.9501953125,11777.75,21917.099609375,2579.050048828125,209.8000030517578,9822.75,8745.150390625,13.850000381469727
2016-09-29,19183.427734375,10257.7998046875,9893.849609375,11432.2001953125,21661.19921875,2488.60009765625,195.14999389648438,9631.099609375,8591.25,18.450000762939453
2016-09-30,19285.474609375,10292.2998046875,10029.2998046875,11461.0,21542.05078125,2522.050048828125,202.6999969482422,9756.2001953125,8611.150390625,17.18000030517578
2016-10-03,19588.822265625,10309.849609375,10275.5,11638.25,21729.44921875,2586.050048828125,209.0,9915.5,8738.099609375,15.619999885559082
2016-10-04,19672.470703125,10394.2998046875,10289.7001953125,11681.400390625,21709.849609375,2614.64990234375,209.8000030517578,10057.349609375,8769.150390625,14.989999771118164
2016-10-05,19536.623046875,10333.400390625,10344.0,11615.900390625,21736.80078125,2635.25,213.64999389648438,10034.5,8743.9501953125,14.930000305175781
2016-10-06,19394.826171875,10242.5,10269.849609375,11494.4501953125,21659.5,2640.10009765625,210.4499969482422,10196.0,8709.5498046875,14.84000015258789
2016-10-07,19399.875,10184.25,10344.2998046875,11480.099609375,21638.650390625,2666.550048828125,211.25,10145.5,8697.599609375,14.489999771118164
2016-10-10,19378.326171875,10270.9501953125,10335.7998046875,11547.2998046875,21672.55078125,2710.39990234375,208.5,10082.75,8708.7998046875,14.289999961853027
2016-10-13,18954.029296875,10243.75,10203.0,11338.849609375,21454.900390625,2656.25,203.6999969482422,9889.7001953125,8573.349609375,15.430000305175781
2016-10-14,19019.9296875,10228.650390625,10223.4501953125,11380.099609375,21423.0,2643.5,205.39999389648438,10061.75,8583.400390625,14.890000343322754
2016-10-17,19070.1796875,10158.75,10008.400390625,11279.400390625,21415.5,2611.10009765625,203.3000030517578,9987.25,8520.400390625,15.65999984741211
2016-10-18,19494.82421875,10377.150390625,10150.0498046875,11469.4501953125,21749.099609375,2663.10009765625,205.75,10071.9501953125,8677.900390625,14.539999961853027
2016-10-19,19411.873046875,10411.099609375,10092.5498046875,11527.75,21449.650390625,2669.64990234375,204.60000610351562,10164.7001953125,8659.099609375,14.609999656677246
2016-10-20,19658.470703125,10372.9501953125,10088.7001953125,11483.349609375,21424.55078125,2708.5,207.9499969482422,10183.150390625,8699.400390625,14.170000076293945
2016-10-21,19710.671875,10477.099609375,10101.599609375,11494.5498046875,21546.80078125,2688.050048828125,209.64999389648438,10106.4501953125,8693.0498046875,13.829999923706055
2016-10-24,19807.669921875,10327.7001953125,10188.2001953125,11487.599609375,21569.94921875,2690.800048828125,210.8000030517578,10201.650390625,8708.9501953125,14.329999923706055
2016-10-25,19834.669921875,10261.400390625,10143.7001953125,11585.9501953125,21387.55078125,2679.5,209.5,10181.4501953125,8691.2998046875,14.479999542236328
2016-10-26,19483.373046875,10157.349609375,10056.5498046875,11454.900390625,21338.400390625,2641.14990234375,208.9499969482422,10104.0,8615.25,14.449999809265137
2016-10-27,19514.373046875,10052.900390625,9912.849609375,11534.5498046875,21450.0,2619.60009765625,207.60000610351562,10053.2001953125,8615.25,14.09000015258789
2016-10-28,19555.72265625,10048.400390625,10056.7001953125,11571.849609375,21547.94921875,2678.35009765625,210.4499969482422,10092.25,8638.0,14.649999618530273
2016-11-01,19458.373046875,9990.599609375,10105.5498046875,11530.150390625,21370.400390625,2781.0,209.0500030517578,10137.5,8626.25,15.739999771118164
2016-11-02,19227.677734375,9871.25,9973.7998046875,11268.900390625,21195.900390625,2756.75,203.39999389648438,9919.4501953125,8514.0,16.799999237060547
2016-11-03,19178.4765625,9809.75,9948.25,11124.2998046875,21261.75,2737.949951171875,201.0500030517578,9805.5498046875,8484.9501953125,16.469999313354492
2016-11-04,19057.87890625,9924.0498046875,9870.75,10606.0,21658.94921875,2674.75,195.39999389648438,9711.150390625,8433.75,16.850000381469727
2016-11-07,19355.775390625,9970.0,9892.599609375,10818.75,21916.5,2728.300048828125,198.60000610351562,9762.0498046875,8497.0498046875,16.510000228881836
2016-11-08,19500.57421875,10008.400390625,10079.7001953125,10665.7998046875,21902.849609375,2739.199951171875,198.1999969482422,9821.7001953125,8543.5498046875,16.770000457763672
2016-11-09,19518.0234375,9683.25,9819.7998046875,10871.099609375,21414.349609375,2700.550048828125,175.1999969482422,9825.4501953125,8432.0,16.6200008392334
2016-11-10,20200.015625,9654.75,9758.150390625,10990.5498046875,21561.099609375,2870.050048828125,177.35000610351562,9975.5,8525.75,15.460000038146973
2016-11-11,19738.572265625,9434.599609375,9308.2998046875,10901.25,20825.900390625,2810.64990234375,168.35000610351562,9807.4501953125,8296.2998046875,17.360000610351562
2016-11-15,19289.525390625,9487.0,8828.599609375,10747.900390625,20307.94921875,2668.10009765625,159.6999969482422,9658.2998046875,8108.4501953125,20.149999618530273
2016-11-16,19107.876953125,9641.0,8918.650390625,10559.25,20126.099609375,2645.64990234375,158.10000610351562,9657.7998046875,8111.60009765625,19.5
2016-11-17,19087.626953125,9496.2001953125,8915.599609375,10595.650390625,20154.0,2662.949951171875,160.10000610351562,9678.400390625,8079.9501953125,18.709999084472656
2016-11-18,18958.830078125,9476.4501953125,8983.849609375,10751.4501953125,19959.900390625,2626.0,162.3000030517578,9797.25,8074.10009765625,17.809999465942383
2016-11-21,18446.185546875,9453.75,8681.599609375,10642.099609375,19701.25,2536.199951171875,153.85000610351562,9689.599609375,7929.10009765625,19.100000381469727
2016-11-22,18548.435546875,9509.4501953125,8852.900390625,10693.849609375,19934.30078125,2610.699951171875,158.4499969482422,9749.2998046875,8002.2998046875,18.469999313354492
2016-11-23,18540.685546875,9549.849609375,8891.150390625,10934.2001953125,19976.099609375,2677.5,163.10000610351562,9817.0,8033.2998046875,18.040000915527344
2016-11-24,18255.88671875,9656.25,8754.5,10762.4501953125,19851.69921875,2711.300048828125,160.9499969482422,9696.2998046875,7965.5,17.15999984741211
2016-11-25,18507.0859375,10114.900390625,8780.400390625,11085.0,20157.150390625,2757.449951171875,163.4499969482422,9806.4501953125,8114.2998046875,17.610000610351562
2016-11-28,18301.236328125,10106.2001953125,8826.650390625,11110.25,20426.05078125,2784.60009765625,166.39999389648438,9890.099609375,8126.89990234375,18.059999465942383
2016-11-29,18223.5390625,10059.599609375,9017.9501953125,11061.2998046875,20306.599609375,2777.0,167.1999969482422,9915.0498046875,8142.14990234375,17.709999084472656
2016-11-30,18627.583984375,10087.7001953125,9113.7998046875,11080.0498046875,20487.900390625,2798.89990234375,167.85000610351562,9938.9501953125,8224.5,16.850000381469727
2016-12-01,18428.234375,10049.75,9041.0,11132.0498046875,20554.69921875,2748.800048828125,165.75,9876.349609375,8192.900390625,16.690000534057617
2016-12-02,18247.4375,9922.7998046875,8888.7001953125,11038.0498046875,20179.849609375,2717.60009765625,162.6999969482422,9804.5,8086.7998046875,17.93000030517578
2016-12-05,18408.685546875,9836.0,9046.25,11073.5,20478.80078125,2758.64990234375,163.85000610351562,9808.0,8128.75,17.290000915527344
2016-12-06,18420.685546875,9834.9501953125,9014.0,11069.849609375,20293.19921875,2781.449951171875,166.1999969482422,9901.7001953125,8143.14990234375,17.110000610351562
2016-12-07,18233.9375,9777.900390625,9053.25,10832.650390625,20137.349609375,2786.64990234375,164.1999969482422,9912.9501953125,8102.0498046875,16.850000381469727
2016-12-08,18515.234375,9935.900390625,9299.0498046875,10972.650390625,20510.25,2868.800048828125,166.64999389648438,10066.900390625,8246.849609375,15.529999732971191
2016-12-09,18695.583984375,9997.5,9252.2998046875,10929.4501953125,20622.400390625,2865.25,169.64999389648438,10111.9501953125,8261.75,15.069999694824219
2016-12-12,18392.736328125,9953.900390625,9092.0,10895.900390625,20319.69921875,2857.85009765625,168.75,10060.5,8170.7998046875,16.190000534057617
2016-12-13,18465.8359375,10058.650390625,9196.0,10947.900390625,20491.650390625,2827.5,166.75,10149.9501953125,8221.7998046875,15.920000076293945
2016-12-14,18341.287109375,10128.9501953125,9146.0498046875,10859.25,20313.55078125,2784.75,167.4499969482422,10154.150390625,8182.4501953125,16.59000015258789
2016-12-15,18400.935546875,10195.75,9118.25,10655.5,20136.05078125,2786.10009765625,167.85000610351562,10114.900390625,8153.60009765625,15.65999984741211
2016-12-16,18312.587890625,10222.9501953125,9153.5,10646.5,19982.599609375,2742.800048828125,167.6999969482422,10080.650390625,8139.4501953125,15.25
2016-12-19,18256.837890625,10223.650390625,9098.0498046875,10555.7001953125,19957.19921875,2716.10009765625,165.9499969482422,10140.2001953125,8104.35009765625,14.84000015258789
2016-12-20,18069.189453125,10322.849609375,9023.0498046875,10436.75,20039.05078125,2693.5,165.89999389648438,10103.9501953125,8082.39990234375,14.539999961853027
2016-12-21,18084.2890625,10228.25,9013.0,10361.599609375,19809.69921875,2707.800048828125,167.64999389648438,10168.0,8061.2998046875,14.710000038146973
2016-12-22,17891.2421875,10163.0,8961.2998046875,10226.150390625,19750.25,2630.5,166.8000030517578,10032.349609375,7979.10009765625,15.550000190734863
2016-12-23,17883.79296875,10071.0498046875,8987.25,10156.650390625,19592.849609375,2623.10009765625,164.64999389648438,10062.099609375,7985.75,15.130000114440918
2016-12-26,17655.345703125,10023.2998046875,8854.75,9889.2998046875,19624.44921875,2543.949951171875,158.64999389648438,9928.2998046875,7908.25,16.600000381469727
2016-12-27,17879.34375,10170.7001953125,8991.7998046875,10083.0,20150.25,2609.300048828125,159.6999969482422,10067.0498046875,8032.85009765625,15.079999923706055
2016-12-28,17876.4921875,10198.599609375,8981.150390625,10149.349609375,20279.0,2605.64990234375,161.4499969482422,9994.7998046875,8034.85009765625,15.539999961853027
2016-12-29,18032.94140625,10291.849609375,9109.0498046875,10132.349609375,20400.75,2645.050048828125,163.14999389648438,10148.900390625,8103.60009765625,15.279999732971191
2016-12-30,18176.98828125,10399.25,9141.75,10267.0,20754.099609375,2652.5,165.35000610351562,10271.5498046875,8185.7998046875,15.470000267028809
2017-01-02,17969.390625,10367.0498046875,9326.900390625,10310.2001953125,20710.349609375,2705.25,172.60000610351562,10307.650390625,8179.5,15.829999923706055
2017-01-03,18035.390625,10362.25,9300.2998046875,10317.4501953125,20864.150390625,2714.949951171875,173.39999389648438,10431.0498046875,8192.25,15.960000038146973
2017-01-04,17890.79296875,10496.900390625,9330.900390625,10303.7998046875,20935.25,2711.5,177.25,10346.849609375,8190.5,15.890000343322754
2017-01-05,18115.73828125,10400.0498046875,9522.2998046875,10457.75,21070.5,2798.25,179.25,10505.4501953125,8273.7998046875,15.050000190734863
2017-01-06,18263.787109375,10110.4501953125,9506.650390625,10472.7001953125,20867.099609375,2797.85009765625,177.75,10468.5498046875,8243.7998046875,14.90999984741211
2017-01-09,18286.4375,10198.4501953125,9495.9501953125,10323.4501953125,20987.25,2793.800048828125,179.25,10396.150390625,8236.0498046875,15.479999542236328
2017-01-10,18409.384765625,10221.5,9616.599609375,10366.7001953125,21157.75,2833.89990234375,178.75,10489.5498046875,8288.599609375,15.199999809265137
2017-01-11,18829.78125,10220.5498046875,9703.650390625,10464.650390625,21194.55078125,2954.800048828125,179.5,10523.75,8380.650390625,14.8100004196167
2017-01-12,18873.73046875,10398.7998046875,9676.9501953125,10401.75,20988.05078125,2958.550048828125,179.0,10644.2998046875,8407.2001953125,14.609999656677246
2017-01-13,18911.87890625,10263.5498046875,9600.7001953125,10445.099609375,21232.94921875,2952.300048828125,178.8000030517578,10656.599609375,8400.349609375,14.380000114440918
2017-01-16,19096.2265625,10173.099609375,9650.7001953125,10418.2001953125,21197.69921875,2980.949951171875,181.1999969482422,10599.849609375,8412.7998046875,15.069999694824219
2017-01-17,19066.830078125,10206.7998046875,9641.849609375,10426.650390625,21442.94921875,2937.10009765625,181.89999389648438,10445.650390625,8398.0,15.390000343322754
2017-01-18,19164.27734375,10231.599609375,9644.7998046875,10452.4501953125,21529.55078125,3006.550048828125,182.0,10403.900390625,8417.0,15.180000305175781
2017-01-19,19124.02734375,10222.150390625,9709.0,10389.75,21634.150390625,3005.800048828125,181.39999389648438,10538.650390625,8435.099609375,15.020000457763672
2017-01-20,18820.58203125,10132.650390625,9601.0,10307.849609375,21641.05078125,2933.10009765625,177.35000610351562,10407.099609375,8349.349609375,15.789999961853027
2017-01-23,18842.48046875,10219.400390625,9665.0,10214.150390625,21873.80078125,3013.5,178.60000610351562,10449.349609375,8391.5,15.90999984741211
2017-01-24,19023.279296875,10201.599609375,9828.2001953125,10339.4501953125,21908.400390625,3062.300048828125,179.1999969482422,10584.9501953125,8475.7998046875,15.289999961853027
2017-01-25,19472.97265625,10164.4501953125,9967.7001953125,10332.599609375,22206.25,3109.050048828125,182.5,10661.900390625,8602.75,15.170000076293945
2017-01-27,19708.072265625,10181.849609375,10014.849609375,10367.2001953125,21798.19921875,3109.64990234375,181.39999389648438,10735.4501953125,8641.25,16.010000228881836
2017-01-30,19585.021484375,10170.650390625,9928.650390625,10412.150390625,21786.30078125,3104.60009765625,180.6999969482422,10765.2998046875,8632.75,16.670000076293945
2017-01-31,19514.923828125,9848.5,9837.75,10236.349609375,21832.650390625,3072.10009765625,179.5500030517578,10674.150390625,8561.2998046875,16.829999923706055
2017-02-01,20020.3671875,9750.0,10191.9501953125,10189.5,22496.69921875,3146.800048828125,188.4499969482422,10742.400390625,8716.400390625,13.970000267028809
2017-02-02,20070.068359375,9926.0,10058.7998046875,10402.0,22696.19921875,3147.449951171875,188.75,10756.4501953125,8734.25,13.520000457763672
2017-02-03,20196.56640625,10025.7998046875,9975.099609375,10555.0,22645.150390625,3128.699951171875,190.39999389648438,10708.099609375,8740.9501953125,13.130000114440918
2017-02-06,20371.36328125,10029.0498046875,10031.099609375,10710.7998046875,22904.400390625,3119.800048828125,194.10000610351562,10783.0498046875,8801.0498046875,13.399999618530273
2017-02-07,20327.013671875,9997.9501953125,9931.7001953125,10604.0,22877.75,3079.550048828125,193.0500030517578,10692.099609375,8768.2998046875,13.510000228881836
2017-02-08,20245.166015625,10007.0498046875,9994.25,10583.400390625,22766.25,3106.60009765625,194.5,10722.599609375,8769.0498046875,13.350000381469727
2017-02-09,20150.916015625,10167.900390625,10028.0498046875,10542.599609375,22874.94921875,3084.64990234375,196.35000610351562,10726.0498046875,8778.400390625,13.239999771118164
2017-02-10,20213.666015625,10387.849609375,9987.2998046875,10438.099609375,22709.30078125,3075.449951171875,196.0500030517578,10676.75,8793.5498046875,13.180000305175781
2017-02-13,20251.564453125,10452.900390625,9973.2998046875,10403.599609375,22649.0,3083.050048828125,194.0,10704.7001953125,8805.0498046875,13.6899995803833
2017-02-14,20257.86328125,10474.099609375,9820.599609375,10322.25,22596.05078125,3055.449951171875,192.60000610351562,10728.849609375,8792.2998046875,13.800000190734863
2017-02-15,20163.46484375,10427.650390625,9523.349609375,10137.650390625,22674.400390625,3011.25,185.0500030517578,10648.75,8724.7001953125,14.210000038146973
2017-02-16,20243.46484375,10628.0498046875,9686.349609375,10407.75,22379.69921875,3075.75,188.5,10746.099609375,8778.0,13.729999542236328
2017-02-17,20551.111328125,10527.2001953125,9683.599609375,10624.400390625,22445.80078125,3053.60009765625,189.25,10846.2001953125,8821.7001953125,13.430000305175781
2017-02-20,20676.859375,10671.25,9743.9501953125,10641.599609375,22439.650390625,3116.75,191.9499969482422,10947.150390625,8879.2001953125,13.609999656677246
2017-02-21,20860.70703125,10680.75,9758.900390625,10644.599609375,22450.55078125,3127.0,192.8000030517578,11024.4501953125,8907.849609375,13.529999732971191
2017-02-22,20868.20703125,10514.7998046875,9768.4501953125,10582.2998046875,22426.400390625,3107.14990234375,193.0,11418.5498046875,8926.900390625,13.699999809265137
2017-02-23,20876.408203125,10689.650390625,9761.75,10561.599609375,22434.75,3120.25,194.5,11311.150390625,8939.5,13.399999618530273
2017-02-27,20612.810546875,10706.7001953125,9666.849609375,10571.7001953125,22419.599609375,3110.89990234375,194.85000610351562,11458.7998046875,8896.7001953125,13.680000305175781
2017-02-28,20607.009765625,10680.9501953125,9654.650390625,10585.150390625,22338.19921875,3127.300048828125,197.1999969482422,11360.2001953125,8879.599609375,13.789999961853027
2017-03-01,20783.5078125,10748.0498046875,9670.599609375,10700.7998046875,22650.849609375,3184.60009765625,204.85000610351562,11277.349609375,8945.7998046875,13.579999923706055
2017-03-02,20559.8125,10741.599609375,9705.5,10541.099609375,22417.30078125,3166.300048828125,196.1999969482422,11172.2998046875,8899.75,13.359999656677246
2017-03-03,20495.361328125,10806.25,9680.5,10614.0498046875,22280.69921875,3187.10009765625,198.1999969482422,11305.0498046875,8897.5498046875,13.350000381469727
2017-03-06,20663.41015625,10779.0498046875,9800.0,10612.849609375,22392.30078125,3189.39990234375,199.9499969482422,11539.599609375,8963.4501953125,13.640000343322754
2017-03-07,20627.259765625,10799.099609375,9753.5498046875,10560.900390625,22393.099609375,3133.449951171875,201.60000610351562,11573.849609375,8946.900390625,13.880000114440918
2017-03-08,20676.310546875,10739.4501953125,9701.25,10584.349609375,22365.19921875,3073.39990234375,198.8000030517578,11456.5,8924.2998046875,14.079999923706055
2017-03-09,20721.109375,10724.75,9754.349609375,10499.0498046875,22392.0,3052.699951171875,198.39999389648438,11397.5498046875,8927.0,14.390000343322754
2017-03-10,20727.310546875,10749.849609375,9779.25,10468.349609375,22341.75,3034.64990234375,198.25,11350.9501953125,8934.5498046875,13.960000038146973
2017-03-14,21102.453125,10879.25,9910.400390625,10648.0498046875,22743.75,3032.10009765625,203.39999389648438,11435.650390625,9087.0,12.399999618530273
2017-03-15,21157.654296875,10696.5498046875,9987.650390625,10671.0498046875,22793.150390625,3046.5,203.89999389648438,11469.5,9084.7998046875,12.420000076293945
2017-03-16,21249.654296875,10822.099609375,10056.5,10731.2001953125,22905.44921875,3135.550048828125,206.4499969482422,11524.7998046875,9153.7001953125,11.90999984741211
2017-03-17,21174.8046875,10900.75,10009.400390625,10674.9501953125,23491.25,3127.5,208.0,11487.150390625,9160.0498046875,11.850000381469727
2017-03-20,21110.00390625,10776.75,10009.2998046875,10710.599609375,23500.25,3126.60009765625,207.1999969482422,11411.9501953125,9126.849609375,12.020000457763672
2017-03-21,21018.755859375,10787.2001953125,9963.75,10493.75,23796.650390625,3119.39990234375,210.5,11359.0498046875,9121.5,11.9399995803833
2017-03-22,20781.107421875,10783.2998046875,9803.9501953125,10510.5498046875,23390.75,3079.14990234375,211.8000030517578,11321.650390625,9030.4501953125,12.270000457763672
2017-03-23,20895.2578125,10850.7998046875,9897.9501953125,10575.2001953125,23335.30078125,3113.199951171875,212.25,11456.650390625,9086.2998046875,11.84000015258789
2017-03-24,21122.3046875,10768.9501953125,9878.349609375,10556.349609375,23455.099609375,3123.0,213.1999969482422,11485.400390625,9108.0,11.979999542236328
2017-03-27,21056.65625,10648.5,9808.2001953125,10441.900390625,23444.05078125,3040.199951171875,213.0500030517578,11307.900390625,9045.2001953125,12.4399995803833
2017-03-28,21225.154296875,10681.0498046875,9887.7998046875,10497.7001953125,23467.69921875,3059.35009765625,212.14999389648438,11298.2001953125,9100.7998046875,12.119999885559082
2017-03-29,21390.90234375,10741.25,9845.75,10419.5,23672.5,3071.050048828125,211.39999389648438,11339.2001953125,9143.7998046875,12.09000015258789
2017-03-30,21620.447265625,10730.75,9860.2998046875,10407.2998046875,23671.0,3061.699951171875,215.3000030517578,11377.650390625,9173.75,12.149999618530273
2017-03-31,21443.900390625,10703.25,9880.2001953125,10411.150390625,23542.30078125,3096.550048828125,214.9499969482422,11648.7001953125,9173.75,12.420000076293945
2017-04-03,21547.5,10592.0,9921.099609375,10503.650390625,23639.599609375,3105.699951171875,219.10000610351562,11819.400390625,9237.849609375,11.489999771118164
2017-04-05,21652.447265625,10510.2998046875,10033.5498046875,10541.150390625,23583.69921875,3137.25,225.89999389648438,11979.2998046875,9265.150390625,11.550000190734863
2017-04-06,21622.697265625,10538.150390625,10035.2998046875,10469.7001953125,23349.0,3146.14990234375,227.9499969482422,12123.4501953125,9261.9501953125,11.289999961853027
2017-04-07,21430.900390625,10485.75,9993.75,10285.7998046875,23235.55078125,3111.10009765625,224.60000610351562,12055.0498046875,9198.2998046875,11.6899995803833
2017-04-10,21519.900390625,10338.150390625,10030.5,10315.7998046875,23264.75,3138.449951171875,223.35000610351562,12017.4501953125,9181.4501953125,11.619999885559082
2017-04-11,21735.8984375,10398.849609375,10040.0498046875,10355.5498046875,23651.75,3092.050048828125,226.10000610351562,12012.25,9237.0,11.399999618530273
2017-04-12,21666.548828125,10323.4501953125,9987.150390625,10445.2001953125,23670.19921875,3071.199951171875,226.39999389648438,11914.0,9203.4501953125,11.630000114440918
2017-04-13,21686.34765625,10064.2001953125,9907.400390625,10531.9501953125,23507.900390625,2985.550048828125,228.0,12018.400390625,9150.7998046875,11.579999923706055
2017-04-17,21647.34765625,10000.900390625,9889.4501953125,10448.5498046875,23459.900390625,2953.35009765625,246.3000030517578,12107.849609375,9139.2998046875,11.890000343322754
2017-04-18,21671.59765625,9981.5498046875,9813.7001953125,10355.7998046875,23382.94921875,2901.25,237.9499969482422,12031.400390625,9105.150390625,12.380000114440918
2017-04-19,21556.099609375,9944.7998046875,9831.349609375,10321.0498046875,23387.150390625,2915.800048828125,241.4499969482422,12100.7998046875,9103.5,12.220000267028809
2017-04-20,21491.150390625,10039.0498046875,9909.900390625,10303.9501953125,23495.150390625,2919.64990234375,246.5500030517578,12068.5,9136.400390625,11.5600004196167
2017-04-21,21551.19921875,10008.150390625,9858.7998046875,10208.5,23229.80078125,2905.25,252.5,12193.7998046875,9119.400390625,11.420000076293945
2017-04-24,21857.146484375,10058.349609375,9978.2001953125,10177.75,23344.650390625,2925.699951171875,258.54998779296875,12273.150390625,9217.9501953125,11.630000114440918
2017-04-25,22054.443359375,10091.25,10090.349609375,10241.4501953125,23764.849609375,2945.85009765625,262.45001220703125,12406.849609375,9306.599609375,11.15999984741211
2017-04-26,22242.591796875,9966.75,10189.7001953125,10197.2001953125,24304.30078125,2957.89990234375,254.64999389648438,12278.650390625,9351.849609375,11.739999771118164
2017-04-27,22326.041015625,10012.349609375,10173.099609375,10100.0,24067.0,2929.85009765625,255.64999389648438,12290.099609375,9342.150390625,11.069999694824219
2017-04-28,22357.990234375,9943.7001953125,10255.150390625,10120.900390625,23675.400390625,2974.39990234375,251.0500030517578,12263.5498046875,9304.0498046875,10.859999656677246
2017-05-02,22341.08984375,10006.349609375,10294.75,10036.349609375,23755.099609375,2957.35009765625,255.64999389648438,12242.849609375,9313.7998046875,11.449999809265137
2017-05-03,22307.041015625,10131.0498046875,10273.0,9981.7998046875,23683.80078125,2950.85009765625,259.6000061035156,12212.849609375,9311.9501953125,11.529999732971191
2017-05-04,22719.8359375,10106.5,10211.7998046875,9979.0,23951.80078125,2927.550048828125,257.3500061035156,12140.150390625,9359.900390625,11.329999923706055
2017-05-05,22604.685546875,10086.349609375,10107.9501953125,9935.150390625,23630.44921875,2856.699951171875,254.9499969482422,11925.400390625,9285.2998046875,11.989999771118164
2017-05-08,22767.0859375,10209.150390625,10167.0498046875,10021.0498046875,23442.19921875,2854.35009765625,265.6499938964844,11909.5498046875,9314.0498046875,11.670000076293945
2017-05-09,22707.037109375,10279.599609375,10157.7998046875,9997.7001953125,23527.849609375,2876.449951171875,266.8500061035156,11980.7001953125,9316.849609375,11.109999656677246
2017-05-10,22830.083984375,10219.5498046875,10303.900390625,10106.2001953125,23954.349609375,2899.10009765625,267.1499938964844,12118.4501953125,9407.2998046875,10.949999809265137
2017-05-11,22818.18359375,10256.099609375,10410.75,10178.849609375,24025.849609375,2915.35009765625,267.8500061035156,12037.0,9422.400390625,10.84000015258789
2017-05-12,22671.435546875,10367.2998046875,10429.2001953125,10121.400390625,23966.94921875,2912.050048828125,269.5,12017.650390625,9400.900390625,10.630000114440918
2017-05-15,22821.234375,10339.75,10481.2998046875,10252.849609375,24119.44921875,2978.5,271.54998779296875,12036.5498046875,9445.400390625,10.680000305175781
2017-05-16,22928.333984375,10461.2998046875,10597.4501953125,10247.150390625,24370.55078125,2964.10009765625,274.1000061035156,12099.5,9512.25,10.5600004196167
2017-05-17,22935.68359375,10437.2998046875,10669.7001953125,10222.599609375,24266.75,3030.64990234375,273.6499938964844,12073.150390625,9525.75,10.640000343322754
2017-05-18,22698.3359375,10545.599609375,10436.349609375,10160.2998046875,23864.0,2947.050048828125,264.70001220703125,11884.400390625,9429.4501953125,11.789999961853027
2017-05-19,22769.53515625,10456.349609375,10409.7998046875,10156.099609375,24352.900390625,2943.199951171875,264.5,11794.7001953125,9427.900390625,11.300000190734863
2017-05-22,22652.5859375,10504.849609375,10339.9501953125,9959.2001953125,25230.0,2926.300048828125,260.6000061035156,11700.5498046875,9438.25,11.199999809265137
2017-05-23,22582.5390625,10510.2001953125,10380.650390625,9648.2998046875,25002.349609375,2913.89990234375,253.4499969482422,11559.25,9386.150390625,12.199999809265137
2017-05-24,22536.0390625,10509.2001953125,10386.2998046875,9446.9501953125,24986.5,2848.10009765625,249.4499969482422,11546.349609375,9360.5498046875,11.829999923706055
2017-05-25,23190.53125,10738.349609375,10588.099609375,9199.150390625,25056.650390625,2899.800048828125,254.6999969482422,11627.5498046875,9509.75,10.449999809265137
2017-05-26,23361.927734375,10735.400390625,10711.5498046875,9060.4501953125,25507.55078125,2997.75,256.1499938964844,11858.349609375,9595.099609375,10.859999656677246
2017-05-29,23182.48046875,10568.349609375,10753.5,8757.7998046875,25948.05078125,2988.75,245.10000610351562,11919.900390625,9604.900390625,11.789999961853027
2017-05-30,23306.978515625,10609.0,10802.0498046875,8990.2998046875,25783.400390625,2998.75,247.60000610351562,11954.0,9624.5498046875,11.770000457763672
2017-05-31,23424.529296875,10549.099609375,10870.7998046875,9025.25,25841.80078125,2952.949951171875,250.39999389648438,11925.650390625,9621.25,11.760000228881836
2017-06-01,23309.87890625,10574.7001953125,10891.5498046875,9104.9501953125,26165.75,2926.949951171875,250.6999969482422,11796.7001953125,9616.099609375,11.3100004196167
2017-06-02,23375.62890625,10608.9501953125,10942.2001953125,9254.7001953125,26401.69921875,2923.35009765625,254.0,11757.5498046875,9653.5,10.8100004196167
2017-06-05,23459.376953125,10660.099609375,10967.9501953125,9229.75,26430.650390625,2905.949951171875,255.9499969482422,11806.400390625,9675.099609375,11.020000457763672
2017-06-06,23416.029296875,10907.25,10849.2001953125,9174.599609375,26058.900390625,2896.39990234375,252.4499969482422,11677.2001953125,9637.150390625,11.130000114440918
2017-06-07,23567.376953125,10701.25,10932.400390625,9300.5498046875,26230.19921875,2924.85009765625,252.75,11788.900390625,9663.900390625,10.890000343322754
2017-06-08,23535.826171875,10550.0,10939.650390625,9486.650390625,26183.349609375,2950.699951171875,252.25,11701.150390625,9647.25,11.069999694824219
2017-06-09,23690.625,10442.650390625,11047.4501953125,9507.349609375,25941.44921875,2997.699951171875,259.6499938964844,11688.349609375,9668.25,10.859999656677246
2017-06-12,23470.17578125,10470.75,10963.849609375,9583.849609375,25864.849609375,2986.949951171875,259.04998779296875,11633.75,9616.400390625,11.420000076293945
2017-06-13,23477.576171875,10339.0,10910.2001953125,9592.150390625,25942.25,2963.85009765625,260.95001220703125,11629.4501953125,9606.900390625,11.34000015258789
2017-06-14,23498.42578125,10366.099609375,10905.25,9576.0,25744.599609375,2943.699951171875,264.5,11797.349609375,9618.150390625,11.180000305175781
2017-06-15,23391.478515625,10278.0498046875,10839.400390625,9695.849609375,25753.349609375,2932.449951171875,270.20001220703125,11779.0,9578.0498046875,11.329999923706055
2017-06-16,23502.4765625,10189.5,10869.2001953125,9525.5,25914.30078125,2931.050048828125,270.95001220703125,11823.25,9588.0498046875,10.920000076293945
2017-06-19,23741.875,10197.900390625,10893.2998046875,9489.2001953125,26126.150390625,2982.39990234375,270.1000061035156,11913.2001953125,9657.5498046875,10.630000114440918
2017-06-20,23697.673828125,10289.9501953125,10900.7001953125,9481.900390625,26055.55078125,2988.699951171875,270.6000061035156,11933.099609375,9653.5,10.65999984741211
2017-06-21,23708.474609375,10223.400390625,10835.5,9456.7998046875,26256.75,2953.550048828125,272.1000061035156,11897.849609375,9633.599609375,10.920000076293945
2017-06-22,23735.82421875,10199.5498046875,10820.75,9471.599609375,26187.69921875,2912.64990234375,267.79998779296875,11811.4501953125,9630.0,11.210000038146973
2017-06-23,23542.4765625,10170.599609375,10637.4501953125,9478.150390625,26163.849609375,2892.39990234375,263.45001220703125,11768.75,9574.9501953125,11.5600004196167
2017-06-27,23215.98046875,10068.849609375,10576.2001953125,9467.900390625,26188.30078125,2885.0,260.04998779296875,11778.2998046875,9511.400390625,12.510000228881836
2017-06-28,23235.580078125,10133.5498046875,10582.650390625,9482.349609375,25981.900390625,2931.75,262.1000061035156,11644.2001953125,9491.25,11.989999771118164
2017-06-29,23227.03125,10124.400390625,10568.150390625,9428.2001953125,26143.650390625,2991.199951171875,264.54998779296875,11630.7998046875,9504.099609375,11.380000114440918
2017-06-30,23210.9296875,10155.0498046875,10540.25,9606.400390625,26752.05078125,2991.35009765625,263.45001220703125,11600.400390625,9520.900390625,11.729999542236328
2017-07-03,23272.53125,10189.849609375,10680.9501953125,9616.2998046875,27787.19921875,3046.300048828125,267.1000061035156,11643.0,9615.0,11.199999809265137
2017-07-04,23213.9296875,10213.400390625,10629.5498046875,9517.9501953125,27547.5,3050.14990234375,265.75,11798.599609375,9613.2998046875,11.279999732971191
2017-07-05,23352.328125,10160.650390625,10704.7998046875,9589.150390625,27349.400390625,3082.85009765625,269.8500061035156,11920.5498046875,9637.599609375,11.149999618530273
2017-07-06,23466.376953125,10148.900390625,10746.5498046875,9598.4501953125,27581.69921875,3094.25,274.6000061035156,11884.75,9674.5498046875,10.979999542236328
2017-07-07,23448.876953125,10087.7998046875,10729.0,9723.849609375,27465.849609375,3087.75,279.45001220703125,12055.75,9665.7998046875,10.869999885559082
2017-07-10,23674.775390625,10360.099609375,10795.2001953125,9884.4501953125,27474.5,3129.89990234375,281.5,12130.7998046875,9771.0498046875,10.90999984741211
2017-07-11,23584.326171875,10430.0,10876.150390625,9801.650390625,27361.599609375,3114.85009765625,277.20001220703125,12159.650390625,9786.0498046875,10.890000343322754
2017-07-12,23695.173828125,10401.5,10904.349609375,9817.7998046875,27425.849609375,3126.550048828125,277.6499938964844,12318.0,9816.099609375,11.050000190734863
2017-07-13,23888.373046875,10440.5498046875,10936.650390625,9875.25,27918.650390625,3153.25,278.29998779296875,12348.7001953125,9891.7001953125,11.25
2017-07-14,23937.421875,10330.650390625,10892.25,9958.25,27864.44921875,3140.050048828125,276.29998779296875,12443.7998046875,9886.349609375,11.170000076293945
2017-07-17,24014.771484375,10445.849609375,10936.4501953125,9994.75,27391.650390625,3170.14990234375,280.3999938964844,12530.0,9915.9501953125,11.460000038146973
2017-07-18,24021.771484375,10493.2001953125,10954.400390625,10024.2998046875,25547.599609375,3164.75,277.54998779296875,12373.2001953125,9827.150390625,11.489999771118164
2017-07-19,24152.369140625,10583.7998046875,11012.150390625,10234.599609375,25915.75,3226.199951171875,281.29998779296875,12488.9501953125,9899.599609375,11.260000228881836
2017-07-20,24213.068359375,10491.150390625,10960.7001953125,10140.75,25762.94921875,3196.39990234375,282.04998779296875,12445.7998046875,9873.2998046875,11.319999694824219
2017-07-21,24256.76953125,10711.5498046875,10955.400390625,10052.400390625,25795.599609375,3203.14990234375,279.8999938964844,12641.400390625,9915.25,11.09000015258789
2017-07-24,24420.56640625,10823.5498046875,10968.7998046875,9980.5,26033.44921875,3187.5,280.0,12745.5498046875,9966.400390625,11.3100004196167
2017-07-25,24520.4140625,10810.349609375,10932.5,9930.5498046875,25925.0,3227.550048828125,281.04998779296875,12691.25,9964.5498046875,10.90999984741211
2017-07-26,24670.412109375,10782.9501953125,11003.5498046875,10036.7998046875,26099.5,3283.25,282.54998779296875,12792.0498046875,10020.650390625,11.170000076293945
2017-07-27,24922.111328125,10612.2998046875,10919.0,9880.25,25970.44921875,3250.35009765625,281.8999938964844,12664.2998046875,10020.5498046875,11.220000267028809
2017-07-28,24811.01171875,10699.4501953125,10934.849609375,9672.599609375,26033.94921875,3207.14990234375,281.20001220703125,12671.349609375,10014.5,11.140000343322754
2017-07-31,25103.359375,10755.75,11002.650390625,9476.400390625,25744.349609375,3259.949951171875,282.95001220703125,12829.150390625,10077.099609375,11.899999618530273
2017-08-01,25122.5078125,10801.849609375,11170.900390625,9517.2998046875,25781.5,3290.75,282.95001220703125,12819.9501953125,10114.650390625,11.90999984741211
2017-08-02,25054.908203125,10727.349609375,11134.25,9453.9501953125,25531.099609375,3284.10009765625,282.3500061035156,12922.650390625,10081.5,11.9399995803833
2017-08-03,24674.763671875,10682.5,11058.7998046875,9336.900390625,25483.55078125,3221.5,279.95001220703125,13080.9501953125,10013.650390625,11.640000343322754
2017-08-04,24827.16015625,10757.9501953125,11137.5498046875,9256.849609375,25551.099609375,3302.0,280.6000061035156,13203.650390625,10066.400390625,11.390000343322754
2017-08-07,24906.060546875,10678.7998046875,11158.849609375,9229.0498046875,25608.55078125,3341.050048828125,284.95001220703125,13267.4501953125,10057.400390625,11.899999618530273
2017-08-08,24599.21484375,10623.7001953125,11117.7998046875,9125.849609375,25306.05078125,3390.199951171875,272.3999938964844,13042.4501953125,9978.5498046875,12.770000457763672
2017-08-09,24374.31640625,10613.5498046875,10925.650390625,8766.25,25102.80078125,3383.39990234375,271.04998779296875,13009.5498046875,9908.0498046875,13.449999809265137
2017-08-10,24217.068359375,10662.349609375,10606.5,8513.2001953125,24969.25,3328.64990234375,257.29998779296875,12804.9501953125,9820.25,13.800000190734863
2017-08-11,23985.470703125,10647.0498046875,10457.75,8521.349609375,24762.55078125,3216.60009765625,254.89999389648438,12659.099609375,9710.7998046875,15.199999809265137
2017-08-14,24115.46875,10587.2998046875,10600.150390625,8758.099609375,24908.400390625,3326.60009765625,269.6499938964844,12859.5498046875,9794.150390625,14.380000114440918
2017-08-16,24437.416015625,10659.7001953125,10778.75,8859.400390625,25534.80078125,3383.949951171875,271.95001220703125,12831.2001953125,9897.2998046875,14.239999771118164
2017-08-17,24236.96875,10797.7998046875,10694.650390625,8797.099609375,25511.349609375,3409.14990234375,273.5,12892.400390625,9904.150390625,14.34000015258789
2017-08-18,24074.169921875,10570.0,10676.349609375,8639.400390625,25718.69921875,3384.64990234375,271.29998779296875,12959.650390625,9837.400390625,14.569999694824219
2017-08-21,23936.22265625,10440.0498046875,10572.75,8490.2001953125,25598.75,3337.60009765625,268.54998779296875,12796.2998046875,9754.349609375,14.819999694824219
2017-08-22,23974.169921875,10446.25,10482.900390625,8566.650390625,25604.75,3340.199951171875,266.1499938964844,12843.4501953125,9765.5498046875,14.109999656677246
2017-08-23,24316.517578125,10478.25,10552.7998046875,8615.849609375,25595.94921875,3397.60009765625,275.29998779296875,12975.849609375,9852.5,13.180000305175781
2017-08-24,24273.91796875,10503.900390625,10571.4501953125,8902.0498046875,25555.0,3414.050048828125,273.6499938964844,12933.900390625,9857.0498046875,12.569999694824219
2017-08-28,24376.81640625,10592.2998046875,10592.349609375,8975.0498046875,25761.900390625,3426.449951171875,274.5,12963.2998046875,9912.7998046875,12.640000343322754
2017-08-29,24128.66796875,10506.0,10503.5,8865.0498046875,25529.5,3388.550048828125,272.04998779296875,12749.0498046875,9796.0498046875,13.539999961853027
2017-08-30,24308.416015625,10493.25,10572.349609375,8908.0498046875,25757.849609375,3478.199951171875,276.6499938964844,12993.2998046875,9884.400390625,12.890000343322754
2017-08-31,24318.1171875,10558.25,10612.5498046875,8859.650390625,25834.900390625,3474.85009765625,280.3999938964844,13150.0498046875,9917.900390625,11.949999809265137
2017-09-01,24433.716796875,10514.400390625,10823.599609375,9071.7001953125,25906.75,3542.5,287.6499938964844,13218.75,9974.400390625,11.680000305175781
2017-09-04,24236.568359375,10441.75,10738.400390625,9070.349609375,25761.400390625,3547.60009765625,282.8999938964844,13163.849609375,9912.849609375,13.170000076293945
2017-09-05,24328.017578125,10498.0,10771.2001953125,9037.599609375,25818.900390625,3578.14990234375,286.8999938964844,13275.099609375,9952.2001953125,12.890000343322754
2017-09-06,24278.869140625,10421.650390625,10746.099609375,8897.2998046875,25473.099609375,3604.89990234375,287.1000061035156,13292.2998046875,9916.2001953125,13.119999885559082
2017-09-07,24304.6171875,10460.9501953125,10837.7998046875,8948.7998046875,25309.25,3646.39990234375,289.3999938964844,13239.849609375,9929.900390625,13.010000228881836
2017-09-08,24370.517578125,10456.650390625,10779.0,8840.2998046875,25408.849609375,3652.949951171875,285.1499938964844,13152.7001953125,9934.7998046875,12.960000038146973
2017-09-11,24671.962890625,10459.5,10839.75,8804.4501953125,25550.44921875,3675.0,287.04998779296875,13238.9501953125,10006.0498046875,12.359999656677246
2017-09-12,24784.412109375,10501.099609375,10965.900390625,8996.099609375,25913.19921875,3711.050048828125,292.8999938964844,13381.900390625,10093.0498046875,11.760000228881836
2017-09-13,24831.51171875,10505.2998046875,10916.0,9140.599609375,25632.349609375,3671.14990234375,289.20001220703125,13414.599609375,10079.2998046875,11.760000228881836
2017-09-14,24911.9609375,10496.0498046875,10949.0,9380.849609375,25628.25,3650.39990234375,287.70001220703125,13364.599609375,10086.599609375,11.470000267028809
2017-09-15,24844.01171875,10599.75,10971.4501953125,9338.0,25505.94921875,3663.300048828125,286.75,13347.0,10085.400390625,11.680000305175781
2017-09-18,25046.609375,10649.5,11104.849609375,9339.5498046875,25578.349609375,3689.75,288.75,13377.2998046875,10153.099609375,11.4399995803833
2017-09-19,25041.259765625,10654.849609375,11170.75,9293.9501953125,25648.400390625,3663.199951171875,291.29998779296875,13413.7001953125,10147.5498046875,11.470000267028809
2017-09-20,24964.759765625,10651.349609375,11103.4501953125,9319.849609375,25698.55078125,3660.550048828125,289.75,13410.2998046875,10141.150390625,11.630000114440918
2017-09-21,24798.9609375,10653.849609375,11051.900390625,9629.75,25489.69921875,3638.800048828125,285.3500061035156,13333.7998046875,10121.900390625,11.630000114440918
2017-09-22,24368.56640625,10632.099609375,10927.0498046875,9465.4501953125,25220.349609375,3491.800048828125,272.95001220703125,13046.7001953125,9964.400390625,12.8100004196167
2017-09-25,24164.76953125,10569.150390625,10808.4501953125,9297.0498046875,24980.69921875,3450.10009765625,264.3999938964844,13035.0,9872.599609375,13.34000015258789
2017-09-26,24198.869140625,10548.5,10816.0,9297.900390625,24872.099609375,3533.050048828125,271.5,13023.900390625,9871.5,12.930000305175781
2017-09-27,23812.671875,10544.2001953125,10646.0498046875,9036.4501953125,24556.099609375,3477.199951171875,263.54998779296875,12809.0498046875,9735.75,13.859999656677246
2017-09-28,24007.87109375,10521.900390625,10683.650390625,9111.5498046875,24724.650390625,3501.550048828125,266.45001220703125,12721.9501953125,9768.9501953125,13.170000076293945
2017-09-29,24052.720703125,10475.349609375,10811.25,9172.599609375,24480.80078125,3550.300048828125,273.5,12772.650390625,9788.599609375,12.489999771118164
2017-10-03,24103.12109375,10546.099609375,10903.75,9214.9501953125,24747.55078125,3593.60009765625,274.25,12945.25,9859.5,12.460000038146973
2017-10-04,24113.021484375,10539.849609375,10942.7001953125,9372.2998046875,25105.44921875,3588.10009765625,275.54998779296875,13160.849609375,9914.900390625,11.800000190734863
2017-10-05,24057.771484375,10524.650390625,10931.7001953125,9394.150390625,25010.400390625,3598.39990234375,278.04998779296875,13164.7001953125,9888.7001953125,11.710000038146973
2017-10-06,24189.71875,10655.349609375,11007.0,9477.75,25130.599609375,3711.5,278.45001220703125,13405.0498046875,9979.7001953125,11.119999885559082
2017-10-09,24251.619140625,10680.2001953125,11005.7998046875,9505.7001953125,25286.349609375,3717.85009765625,284.95001220703125,13277.849609375,9988.75,11.390000343322754
2017-10-10,24347.166015625,10726.2001953125,11029.849609375,9530.2998046875,25204.849609375,3721.550048828125,282.5,13380.2001953125,10016.9501953125,11.109999656677246
2017-10-11,24107.169921875,10785.25,10960.2998046875,9441.150390625,25187.5,3668.449951171875,277.04998779296875,13389.9501953125,9984.7998046875,11.729999542236328
2017-10-12,24360.966796875,10881.2998046875,11072.25,9577.099609375,25473.599609375,3741.449951171875,281.70001220703125,13653.25,10096.400390625,11.039999961853027
2017-10-13,24688.86328125,10924.2001953125,11078.2998046875,9545.599609375,25434.849609375,3784.550048828125,282.54998779296875,13678.2001953125,10167.4501953125,11.260000228881836
2017-10-16,24702.763671875,10961.599609375,11216.849609375,9692.5498046875,25607.599609375,3855.449951171875,285.70001220703125,13711.0,10230.849609375,11.3100004196167
2017-10-17,24645.3125,10942.7001953125,11221.900390625,9740.5498046875,25620.94921875,3868.14990234375,288.25,13728.0,10234.4501953125,11.609999656677246
2017-10-18,24313.466796875,10910.150390625,11167.849609375,9622.599609375,25684.05078125,3853.699951171875,287.95001220703125,14093.849609375,10210.849609375,11.539999961853027
2017-10-19,24009.470703125,10890.7998046875,11107.7001953125,9593.5,25580.0,3819.89990234375,287.25,13979.9501953125,10146.5498046875,12.399999618530273
2017-10-23,24088.62109375,10997.849609375,11109.9501953125,9542.2001953125,25419.19921875,3843.199951171875,289.95001220703125,14230.599609375,10184.849609375,12.329999923706055
2017-10-24,24221.869140625,10884.7998046875,11080.0,9490.0,25503.0,3858.300048828125,291.6000061035156,14290.7998046875,10207.7001953125,11.59000015258789
2017-10-25,25035.609375,10925.4501953125,11150.2998046875,9346.75,25638.19921875,3872.550048828125,290.3999938964844,14397.599609375,10295.349609375,11.760000228881836
2017-10-26,25021.908203125,10883.0498046875,11212.599609375,9428.349609375,25644.19921875,3951.949951171875,291.6499938964844,14579.150390625,10343.7998046875,11.619999885559082
2017-10-27,24839.26171875,10862.0498046875,11317.900390625,9650.099609375,25814.69921875,3945.300048828125,290.1499938964844,14387.0,10323.0498046875,11.479999542236328
2017-10-30,24988.259765625,10854.2998046875,11426.5,9754.849609375,25637.599609375,3944.050048828125,295.95001220703125,14531.849609375,10363.650390625,12.109999656677246
2017-10-31,25019.05859375,10837.900390625,11370.0,9756.0,25687.69921875,3876.550048828125,304.5,14511.2001953125,10335.2998046875,12.4399995803833
2017-11-01,25490.15234375,10817.2998046875,11363.5,9711.5498046875,26083.75,3946.39990234375,312.3999938964844,14585.2998046875,10440.5,12.140000343322754
2017-11-02,25427.005859375,10845.849609375,11282.849609375,10004.5,25823.900390625,3941.0,312.5,14549.599609375,10423.7998046875,12.010000228881836
2017-11-03,25650.400390625,10839.0498046875,11313.650390625,9897.2001953125,25790.5,3938.39990234375,314.6499938964844,14515.099609375,10452.5,11.90999984741211
2017-11-06,25570.853515625,10929.900390625,11463.2001953125,9894.099609375,25821.900390625,3951.75,316.04998779296875,14412.7998046875,10451.7998046875,13.020000457763672
2017-11-07,25300.505859375,11172.099609375,11331.75,9469.75,25760.94921875,3885.550048828125,308.95001220703125,14132.0498046875,10350.150390625,13.239999771118164
2017-11-08,25184.056640625,11245.900390625,11254.099609375,9494.9501953125,25741.349609375,3832.0,306.54998779296875,13932.0,10303.150390625,13.609999656677246
2017-11-09,25291.0546875,11248.4501953125,11242.5,9435.849609375,25726.150390625,3849.75,306.25,14010.7001953125,10308.9501953125,13.270000457763672
2017-11-10,25498.65234375,11222.5498046875,11185.5,9311.5,25920.55078125,3865.699951171875,306.29998779296875,13862.849609375,10321.75,13.479999542236328
2017-11-13,25358.005859375,11236.2001953125,11134.0498046875,9238.849609375,25664.400390625,3792.5,302.04998779296875,13737.099609375,10224.9501953125,14.050000190734863
2017-11-14,25284.306640625,11168.75,11156.7001953125,9208.4501953125,25579.5,3772.75,303.5,13737.599609375,10186.599609375,14.170000076293945
2017-11-15,25218.607421875,11122.900390625,11103.599609375,9025.2001953125,25273.75,3660.949951171875,298.04998779296875,13676.0,10118.0498046875,14.270000457763672
2017-11-16,25446.3046875,11317.25,11156.400390625,9082.650390625,25544.30078125,3697.85009765625,302.0,13877.2001953125,10214.75,13.460000038146973
2017-11-17,25728.1015625,11150.0,11252.099609375,9161.7998046875,25749.0,3767.85009765625,313.04998779296875,13962.2001953125,10283.599609375,13.710000038146973
2017-11-20,25768.30078125,11100.099609375,11284.9501953125,9143.349609375,25855.349609375,3817.25,319.70001220703125,14098.849609375,10298.75,13.430000305175781
2017-11-21,25757.201171875,11119.4501953125,11325.900390625,9346.5498046875,25703.0,3822.39990234375,316.04998779296875,14231.150390625,10326.900390625,13.720000267028809
2017-11-22,25766.3515625,11117.5,11354.5498046875,9278.0,25796.650390625,3797.25,316.8999938964844,14222.5498046875,10342.2998046875,14.039999961853027
2017-11-23,25735.951171875,11230.599609375,11326.75,9293.2001953125,25785.650390625,3787.39990234375,317.1000061035156,14340.75,10348.75,13.869999885559082
2017-11-24,25779.3515625,11306.400390625,11371.9501953125,9364.2998046875,25971.19921875,3765.89990234375,317.79998779296875,14412.9501953125,10389.7001953125,13.510000228881836
2017-11-27,25891.6484375,11314.25,11402.7001953125,9368.7001953125,25906.80078125,3739.75,320.54998779296875,14454.4501953125,10399.5498046875,13.029999732971191
2017-11-28,25846.099609375,11270.599609375,11406.400390625,9318.5,25936.44921875,3735.85009765625,319.1499938964844,14319.25,10370.25,13.149999618530273
2017-11-29,25795.3984375,11232.9501953125,11427.9501953125,9351.849609375,25972.849609375,3721.89990234375,322.0,14343.4501953125,10361.2998046875,13.0600004196167
2017-11-30,25332.10546875,11115.349609375,11292.900390625,9238.75,25820.05078125,3678.35009765625,325.6000061035156,14124.650390625,10226.5498046875,13.550000190734863
2017-12-01,25191.65625,10948.5,11188.2001953125,9083.849609375,25666.80078125,3617.89990234375,319.1499938964844,13941.099609375,10121.7998046875,14.800000190734863
2017-12-04,25074.80859375,11081.650390625,11160.099609375,9052.0,25758.0,3630.75,317.95001220703125,13901.5498046875,10127.75,14.859999656677246
2017-12-05,25124.556640625,11025.400390625,11100.5498046875,9043.150390625,25695.650390625,3601.14990234375,316.20001220703125,13942.0498046875,10118.25,15.010000228881836
2017-12-06,24851.51171875,11074.900390625,11020.75,8938.2001953125,25622.150390625,3530.75,315.1499938964844,13965.0498046875,10044.099609375,15.09000015258789
2017-12-07,25056.958984375,11163.5,11235.650390625,8960.400390625,25848.69921875,3594.89990234375,321.04998779296875,14156.7998046875,10166.7001953125,14.270000457763672
2017-12-08,25320.85546875,11173.400390625,11357.150390625,9098.4501953125,26459.55078125,3643.5,323.3999938964844,14173.9501953125,10265.650390625,13.670000076293945
2017-12-11,25404.5546875,11324.0,11424.599609375,9186.099609375,26709.650390625,3649.75,322.8500061035156,14135.0,10322.25,14.149999618530273
2017-12-12,25125.15625,11272.4501953125,11331.099609375,9119.099609375,26353.75,3619.300048828125,317.79998779296875,14057.0498046875,10240.150390625,15.260000228881836
2017-12-13,25000.05859375,11251.7001953125,11264.650390625,9002.7998046875,26159.69921875,3563.300048828125,311.0,14085.25,10192.9501953125,15.949999809265137
2017-12-14,25167.90625,11275.400390625,11296.2001953125,9070.849609375,26383.30078125,3570.949951171875,312.0,14196.5,10252.099609375,16.40999984741211
2017-12-15,25440.005859375,11288.2998046875,11448.400390625,9100.2998046875,26430.80078125,3665.89990234375,317.25,14203.75,10333.25,14.9399995803833
2017-12-18,25594.25390625,11315.2001953125,11589.0498046875,9230.4501953125,26453.55078125,3726.89990234375,315.6499938964844,14221.5498046875,10388.75,13.119999885559082
2017-12-19,25715.900390625,11240.650390625,11991.900390625,9299.650390625,26694.0,3781.300048828125,320.75,14312.75,10463.2001953125,12.1899995803833
2017-12-20,25591.40234375,11304.2001953125,11954.099609375,9285.4501953125,26729.75,3806.39990234375,330.20001220703125,14263.2001953125,10444.2001953125,12.1899995803833
2017-12-21,25554.00390625,11374.2998046875,11876.849609375,9321.599609375,26667.900390625,3839.85009765625,332.70001220703125,14251.400390625,10440.2998046875,12.09000015258789
2017-12-22,25648.251953125,11501.900390625,11931.2001953125,9326.599609375,26710.30078125,3839.300048828125,333.25,14359.150390625,10493.0,11.59000015258789
2017-12-26,25674.951171875,11507.400390625,11959.150390625,9416.0,26725.0,3885.800048828125,337.04998779296875,14442.75,10531.5,12.050000190734863
2017-12-27,25495.75390625,11509.25,11905.5,9639.849609375,26637.0,3879.39990234375,334.8999938964844,14332.25,10490.75,12.489999771118164
2017-12-28,25489.703125,11496.400390625,11857.650390625,9584.2001953125,26613.94921875,3959.949951171875,345.1000061035156,14288.5,10477.900390625,12.300000190734863
2017-12-29,25539.15234375,11665.75,12009.7001953125,9620.099609375,26851.5,3940.14990234375,346.8999938964844,14249.2998046875,10530.7001953125,12.670000076293945
2018-01-01,25317.8046875,11565.75,11890.5,9618.150390625,26686.349609375,3919.199951171875,347.70001220703125,14138.9501953125,10530.7001953125,13.350000381469727
2018-01-02,25337.955078125,11602.349609375,11927.150390625,9565.7998046875,26533.5,3942.85009765625,343.8500061035156,14162.400390625,10442.2001953125,13.6899995803833
2018-01-03,25318.3046875,11586.7001953125,11866.7998046875,9519.5498046875,26648.400390625,4000.199951171875,345.45001220703125,14157.7998046875,10443.2001953125,13.619999885559082
2018-01-04,25462.302734375,11590.7998046875,11843.25,9633.599609375,26689.599609375,4112.0,344.79998779296875,14247.25,10504.7998046875,13.420000076293945
2018-01-05,25601.552734375,11633.5498046875,11929.599609375,9701.0498046875,26914.30078125,4130.39990234375,347.29998779296875,14249.900390625,10558.849609375,13.109999656677246
2018-01-08,25675.80078125,11776.849609375,11974.5,9838.25,27120.849609375,4166.35009765625,350.54998779296875,14326.0,10623.599609375,13.739999771118164
2018-01-09,25703.501953125,11790.849609375,11942.25,9770.2001953125,27249.19921875,4166.60009765625,360.3999938964844,14411.099609375,10637.0,13.850000381469727
2018-01-10,25617.00390625,12054.7001953125,11856.9501953125,9748.599609375,27210.599609375,4169.60009765625,364.95001220703125,14395.7001953125,10632.2001953125,14.039999961853027
2018-01-11,25660.6015625,12103.099609375,11871.75,9772.849609375,27307.69921875,4163.7001953125,372.25,14340.9501953125,10651.2001953125,14.010000228881836
2018-01-12,25748.751953125,12099.2001953125,11908.400390625,9741.849609375,27196.650390625,4189.5,366.79998779296875,14438.9501953125,10681.25,13.729999542236328
2018-01-15,26068.896484375,11992.7998046875,11794.099609375,9659.75,27171.400390625,4195.75,366.8999938964844,14410.400390625,10741.5498046875,14.3100004196167
2018-01-16,25974.59765625,12430.9501953125,11646.25,9623.4501953125,26874.55078125,4076.39990234375,354.5,14105.2001953125,10700.4501953125,14.09000015258789
2018-01-17,26288.794921875,12531.400390625,11692.599609375,9744.2998046875,27044.75,4117.64990234375,357.54998779296875,14140.849609375,10788.5498046875,13.859999656677246
2018-01-18,26537.091796875,12570.7001953125,11662.099609375,9626.4501953125,27347.849609375,3998.85009765625,343.54998779296875,13993.75,10817.0,13.960000038146973
2018-01-19,26909.1875,12633.849609375,11677.5498046875,9637.7998046875,27517.099609375,4033.39990234375,347.29998779296875,14128.099609375,10894.7001953125,13.979999542236328
2018-01-22,27040.884765625,12894.9501953125,11690.849609375,9654.7998046875,27607.75,4006.14990234375,353.95001220703125,14409.900390625,10966.2001953125,15.390000343322754
2018-01-23,27390.28125,13048.900390625,11725.7998046875,9767.2998046875,27761.44921875,4169.0,356.29998779296875,14596.75,11083.7001953125,16.229999542236328
2018-01-24,27398.232421875,13249.5498046875,11654.650390625,9826.400390625,27889.05078125,4097.35009765625,356.0,14504.75,11086.0,18.040000915527344
2018-01-25,27445.33203125,13117.849609375,11507.75,9729.150390625,27716.5,4135.14990234375,349.75,14465.650390625,11069.650390625,17.510000228881836
2018-01-29,27498.12890625,13242.5,11678.400390625,9622.349609375,27557.349609375,4140.85009765625,348.54998779296875,14381.0498046875,11130.400390625,17.889999389648438
2018-01-30,27268.734375,13107.9501953125,11627.900390625,9563.5498046875,27512.099609375,4116.25,344.79998779296875,14368.5498046875,11049.650390625,16.420000076293945
2018-01-31,27379.130859375,12986.400390625,11611.900390625,9384.75,27127.30078125,4065.85009765625,344.70001220703125,14453.9501953125,11027.7001953125,15.930000305175781
2018-02-01,27220.3828125,12964.599609375,11693.599609375,9158.7001953125,27351.900390625,4071.39990234375,341.8999938964844,14263.900390625,11016.900390625,14.109999656677246
2018-02-02,26450.84375,12983.599609375,11301.9501953125,9042.75,27180.099609375,3948.300048828125,320.79998779296875,13775.2998046875,10760.599609375,15.25
2018-02-05,26098.447265625,12936.900390625,11386.400390625,9069.5,27191.69921875,3926.550048828125,319.3500061035156,13766.400390625,10666.5498046875,16.049999237060547
2018-02-06,25811.0,12562.349609375,11181.7001953125,8871.25,26672.599609375,3862.0,313.3500061035156,13583.7001953125,10498.25,20.020000457763672
2018-02-07,25669.701171875,12450.0498046875,11214.75,8935.7998046875,26733.55078125,3879.75,318.6499938964844,13707.25,10476.7001953125,19.469999313354492
2018-02-08,25920.349609375,12588.349609375,11344.2001953125,9262.4501953125,26786.599609375,3936.449951171875,326.8500061035156,13727.150390625,10576.849609375,17.770000457763672
2018-02-09,25463.353515625,12492.7001953125,11234.75,9222.5498046875,26664.30078125,3986.39990234375,328.0,13639.599609375,10454.9501953125,19.229999542236328
2018-02-12,25701.30078125,12422.650390625,11364.75,9339.9501953125,26782.19921875,4028.949951171875,333.54998779296875,13829.2001953125,10539.75,17.8799991607666
2018-02-14,25340.955078125,12420.0,11335.650390625,9249.2001953125,26645.099609375,4024.75,334.70001220703125,13879.0,10500.900390625,17.18000030517578
2018-02-15,25424.0546875,12456.5,11306.7998046875,9207.5,26733.5,4052.550048828125,331.29998779296875,13968.099609375,10545.5,16.31999969482422
2018-02-16,25163.607421875,12437.9501953125,11114.5498046875,9180.900390625,26599.05078125,3991.60009765625,327.20001220703125,13801.0498046875,10452.2998046875,16.3799991607666
2018-02-19,25058.259765625,12331.400390625,10976.650390625,9027.900390625,26411.400390625,3923.39990234375,322.54998779296875,13777.75,10378.400390625,16.670000076293945
2018-02-20,24874.111328125,12372.0,10962.900390625,9020.75,26356.400390625,3966.5,320.8500061035156,13748.2001953125,10360.400390625,16.8700008392334
2018-02-21,24936.41015625,12660.0498046875,10942.2001953125,8843.400390625,26572.0,3912.10009765625,318.6499938964844,13818.5,10397.4501953125,15.920000076293945
2018-02-22,24954.908203125,12730.25,10847.9501953125,8861.75,26460.75,3904.300048828125,319.6499938964844,13667.25,10382.7001953125,14.829999923706055
2018-02-23,25302.205078125,12871.150390625,10927.0,9095.400390625,26669.900390625,4028.800048828125,322.54998779296875,13816.7001953125,10491.0498046875,14.199999809265137
2018-02-26,25687.6015625,12713.150390625,11171.650390625,9065.099609375,26645.849609375,4071.949951171875,332.6499938964844,13909.7001953125,10582.599609375,13.699999809265137
2018-02-27,25383.3046875,12746.7998046875,11165.25,9023.4501953125,26728.19921875,4037.25,327.1499938964844,13992.25,10554.2998046875,13.920000076293945
2018-02-28,25107.109375,12809.0,11157.2001953125,8960.25,26513.69921875,3994.35009765625,326.8999938964844,13991.4501953125,10492.849609375,13.8100004196167
2018-03-01,24902.26171875,12769.4501953125,11146.7001953125,8917.75,26492.349609375,3960.89990234375,324.75,13961.0,10458.349609375,14.069999694824219
2018-03-05,24818.41015625,12857.650390625,10971.599609375,8855.7998046875,26164.75,3830.800048828125,321.54998779296875,13686.349609375,10358.849609375,15.399999618530273
2018-03-06,24448.166015625,12706.099609375,10821.349609375,8749.5498046875,25891.80078125,3816.89990234375,314.25,13581.9501953125,10249.25,16.25
2018-03-07,24133.818359375,12677.150390625,10788.5498046875,8615.0,26061.099609375,3772.949951171875,311.3999938964844,13358.2001953125,10154.2001953125,15.699999809265137
2018-03-08,24477.365234375,12682.400390625,10894.75,8586.349609375,25953.19921875,3756.0,315.8500061035156,13549.4501953125,10242.650390625,14.59000015258789
2018-03-09,24296.166015625,12747.25,10888.349609375,8515.7001953125,26020.05078125,3688.14990234375,315.70001220703125,13537.150390625,10226.849609375,14.529999732971191
2018-03-12,24663.912109375,12923.400390625,11045.7998046875,8600.7001953125,26703.0,3766.89990234375,317.3999938964844,13835.4501953125,10421.400390625,14.489999771118164
2018-03-13,24738.36328125,12734.2001953125,11064.2998046875,8712.099609375,26644.80078125,3786.89990234375,321.95001220703125,13934.2001953125,10426.849609375,14.460000038146973
2018-03-14,24851.361328125,12786.9501953125,11060.599609375,8701.5498046875,26532.150390625,3765.35009765625,320.29998779296875,13843.25,10410.900390625,14.359999656677246
2018-03-15,24791.560546875,12762.2998046875,11051.75,8670.5498046875,26381.30078125,3753.60009765625,319.95001220703125,13667.150390625,10360.150390625,14.329999923706055
2018-03-16,24489.265625,12698.400390625,10861.400390625,8546.7998046875,26052.150390625,3664.5,314.79998779296875,13419.25,10195.150390625,15.220000267028809
2018-03-19,24244.818359375,12421.2998046875,10787.0,8512.900390625,25935.80078125,3566.800048828125,305.54998779296875,13324.0,10094.25,15.819999694824219
2018-03-20,24167.91796875,12609.099609375,10848.599609375,8578.7001953125,26044.0,3555.449951171875,304.29998779296875,13244.650390625,10124.349609375,15.609999656677246
2018-03-21,24255.318359375,12608.849609375,10833.599609375,8525.4501953125,26093.0,3539.10009765625,306.70001220703125,13325.2998046875,10155.25,15.109999656677246
2018-03-22,24141.21875,12489.599609375,10737.150390625,8474.0,26036.150390625,3550.39990234375,303.0,13372.9501953125,10114.75,15.25
2018-03-23,23670.125,12541.099609375,10637.7001953125,8327.400390625,25910.05078125,3447.550048828125,292.95001220703125,13239.2001953125,9998.0498046875,15.550000190734863
2018-03-26,24244.068359375,12462.400390625,10801.0,8390.5,26168.94921875,3521.35009765625,296.3999938964844,13280.2001953125,10130.650390625,15.199999809265137
2018-03-27,24433.8671875,12518.2001953125,10843.75,8452.5,26300.150390625,3585.699951171875,297.25,13354.400390625,10184.150390625,15.550000190734863
2018-03-28,24263.068359375,12511.5498046875,10821.349609375,8358.0498046875,26127.400390625,3512.550048828125,294.04998779296875,13214.150390625,10113.7001953125,15.760000228881836
2018-04-02,24328.216796875,12707.099609375,11058.4501953125,8620.849609375,26501.44921875,3539.550048828125,296.3999938964844,13291.25,10211.7998046875,15.350000381469727
2018-04-03,24510.314453125,12615.4501953125,11153.4501953125,8664.7001953125,26506.44921875,3559.85009765625,297.8999938964844,13394.75,10245.0,15.1899995803833
2018-04-04,24129.21875,12490.849609375,11198.0498046875,8569.5,26448.05078125,3468.35009765625,294.0,13254.099609375,10128.400390625,16.34000015258789
2018-04-05,24759.513671875,12682.5498046875,11406.150390625,8655.650390625,26676.44921875,3609.25,301.70001220703125,13431.900390625,10325.150390625,14.800000190734863
2018-04-06,24872.861328125,12603.349609375,11444.150390625,8772.400390625,26805.900390625,3604.050048828125,303.3999938964844,13490.599609375,10331.599609375,14.75
2018-04-09,25093.509765625,12531.2001953125,11472.349609375,8738.150390625,27107.69921875,3609.550048828125,303.29998779296875,13611.400390625,10379.349609375,14.869999885559082
2018-04-10,25226.5078125,12576.5498046875,11386.650390625,8719.599609375,27103.44921875,3683.35009765625,306.6000061035156,13636.75,10402.25,14.5
2018-04-11,25097.958984375,12759.099609375,11453.599609375,8761.7998046875,27159.400390625,3742.0,305.3999938964844,13581.650390625,10417.150390625,14.720000267028809
2018-04-12,25194.806640625,13168.2001953125,11459.5498046875,8685.0498046875,27041.44921875,3690.449951171875,299.54998779296875,13574.7998046875,10458.650390625,14.5600004196167
2018-04-13,25200.306640625,13260.4501953125,11465.2998046875,8730.599609375,26982.900390625,3725.449951171875,300.8999938964844,13633.7998046875,10480.599609375,14.140000343322754
2018-04-16,25320.5546875,13203.099609375,11504.9501953125,8867.2001953125,27267.19921875,3731.5,305.79998779296875,13638.349609375,10528.349609375,14.260000228881836
2018-04-17,25334.154296875,13162.2998046875,11472.349609375,8827.75,27536.69921875,3735.550048828125,309.45001220703125,13750.5498046875,10548.7001953125,14.039999961853027
2018-04-18,25102.009765625,13124.0,11411.7998046875,8790.0,28016.849609375,3750.5,311.20001220703125,13696.099609375,10526.2001953125,14.109999656677246
2018-04-19,25125.857421875,13273.4501953125,11431.650390625,8829.75,28173.19921875,3920.14990234375,313.20001220703125,13643.650390625,10565.2998046875,13.75
2018-04-20,24943.560546875,13910.349609375,11440.099609375,8819.7998046875,28110.94921875,3891.449951171875,310.20001220703125,13476.4501953125,10564.0498046875,12.9399995803833
2018-04-23,24960.359375,14013.9501953125,11497.2001953125,8949.900390625,28022.05078125,3861.550048828125,315.20001220703125,13558.650390625,10584.7001953125,13.149999618530273
2018-04-24,25041.80859375,13734.7998046875,11522.599609375,8984.150390625,28078.69921875,3787.60009765625,316.45001220703125,13841.7998046875,10614.349609375,11.899999618530273
2018-04-25,24814.111328125,13892.400390625,11503.5,8901.150390625,28013.099609375,3736.199951171875,318.3500061035156,13784.849609375,10570.5498046875,12.399999618530273
2018-04-26,25010.609375,14026.650390625,11534.7998046875,8896.599609375,28342.349609375,3737.5,316.1499938964844,13824.849609375,10617.7998046875,12.039999961853027
2018-04-27,25394.3046875,13794.900390625,11581.7998046875,8987.400390625,28433.5,3763.85009765625,317.25,14030.4501953125,10692.2998046875,12.020000457763672
2018-04-30,25531.302734375,13986.25,11625.75,9060.7001953125,28772.75,3774.85009765625,322.25,13770.150390625,10739.349609375,12.359999656677246
2018-05-02,25568.00390625,13754.2998046875,11508.2001953125,8961.0498046875,28818.19921875,3645.25,315.79998779296875,13771.7001953125,10718.0498046875,12.84000015258789
2018-05-03,25604.953125,13473.9501953125,11451.650390625,8966.2998046875,28486.30078125,3673.050048828125,310.54998779296875,13709.5,10679.650390625,12.989999771118164
2018-05-04,25645.1015625,13453.2998046875,11323.7001953125,8817.4501953125,28177.94921875,3633.60009765625,310.1000061035156,13643.25,10618.25,13.25
2018-05-07,25851.75,13424.900390625,11489.599609375,8774.400390625,28586.5,3695.949951171875,313.54998779296875,13863.099609375,10715.5,13.760000228881836
2018-05-08,26090.197265625,13379.650390625,11437.2001953125,8753.25,28555.150390625,3689.10009765625,317.25,13880.599609375,10717.7998046875,14.0600004196167
2018-05-09,26154.14453125,13453.400390625,11419.75,8704.099609375,28435.900390625,3691.64990234375,316.95001220703125,13921.150390625,10741.7001953125,14.270000457763672
2018-05-10,26130.6953125,13427.2998046875,11346.400390625,8544.9501953125,28231.349609375,3655.699951171875,310.70001220703125,13960.0498046875,10716.5498046875,14.430000305175781
2018-05-11,26412.84375,13478.599609375,11373.2001953125,8445.7001953125,28476.0,3712.800048828125,309.1499938964844,14048.349609375,10806.5,13.979999542236328
2018-05-14,26474.841796875,13446.150390625,11273.75,8462.0498046875,28437.099609375,3702.050048828125,307.0,14071.349609375,10806.599609375,14.25
2018-05-15,26473.69140625,13504.9501953125,11186.7998046875,8401.150390625,28352.650390625,3711.550048828125,300.8500061035156,14025.0,10801.849609375,13.170000076293945
2018-05-16,26181.845703125,13525.599609375,11164.7001953125,8399.099609375,28866.0,3696.14990234375,307.04998779296875,13786.0498046875,10741.099609375,13.4399995803833
2018-05-17,26073.498046875,13504.75,11154.7998046875,8403.0,28496.0,3679.35009765625,307.3500061035156,13682.7001953125,10682.7001953125,13.40999984741211
2018-05-18,25875.298828125,13459.150390625,10962.75,8211.849609375,28852.69921875,3590.64990234375,302.75,13523.5498046875,10596.400390625,14.149999618530273
2018-05-21,25750.501953125,13483.849609375,10732.900390625,7983.2001953125,28673.69921875,3530.35009765625,292.79998779296875,13514.0498046875,10516.7001953125,14.40999984741211
2018-05-22,25777.400390625,13484.5498046875,10913.4501953125,8118.89990234375,28593.349609375,3592.89990234375,296.3999938964844,13456.25,10536.7001953125,13.600000381469727
2018-05-23,25684.650390625,13464.349609375,10860.599609375,8069.7001953125,28415.400390625,3458.35009765625,293.8500061035156,13172.25,10430.349609375,14.15999984741211
2018-05-24,26016.498046875,13775.7001953125,10681.599609375,8207.0,28500.25,3491.64990234375,291.79998779296875,13113.9501953125,10513.849609375,13.149999618530273
2018-05-25,26273.24609375,13762.349609375,10883.0,8297.25,28595.80078125,3567.39990234375,295.5,13315.7998046875,10605.150390625,12.649999618530273
2018-05-28,26613.94140625,13497.7001953125,11007.150390625,8498.2001953125,28791.849609375,3604.699951171875,300.04998779296875,13446.099609375,10688.650390625,13.0600004196167
2018-05-29,26254.49609375,13561.0498046875,11051.150390625,8410.4501953125,28706.099609375,3606.949951171875,297.1000061035156,13446.5498046875,10633.2998046875,13.069999694824219
2018-05-30,26327.494140625,13557.7001953125,11024.150390625,8321.099609375,28658.05078125,3610.14990234375,297.04998779296875,13401.5,10614.349609375,13.40999984741211
2018-05-31,26955.88671875,13666.0,10994.4501953125,8220.25,28814.30078125,3593.64990234375,294.95001220703125,13523.400390625,10736.150390625,13.220000267028809
2018-06-01,26692.490234375,13558.5498046875,11076.5498046875,8213.2001953125,28611.400390625,3568.39990234375,291.25,13498.25,10696.2001953125,13.569999694824219
2018-06-04,26257.24609375,13595.099609375,11023.25,8205.7998046875,28394.80078125,3574.14990234375,281.54998779296875,13511.400390625,10628.5,13.880000114440918
2018-06-05,26250.6953125,13408.900390625,10986.9501953125,8117.75,28346.44921875,3553.550048828125,278.6000061035156,13545.349609375,10593.150390625,13.319999694824219
2018-06-06,26367.29296875,13528.7998046875,11155.849609375,8233.650390625,28602.0,3619.60009765625,282.79998779296875,13614.0,10684.650390625,12.550000190734863
2018-06-07,26517.4921875,13683.75,11236.0,8252.150390625,28864.19921875,3673.35009765625,291.20001220703125,13793.099609375,10768.349609375,12.779999732971191
2018-06-08,26451.04296875,13769.7998046875,11226.099609375,8603.9501953125,28713.5,3658.550048828125,292.25,13862.900390625,10767.650390625,12.699999809265137
2018-06-11,26453.244140625,13775.099609375,11239.7001953125,8647.150390625,28806.30078125,3644.800048828125,290.45001220703125,13846.2998046875,10786.9501953125,13.180000305175781
2018-06-12,26606.791015625,13859.849609375,11243.400390625,8870.4501953125,29060.650390625,3628.949951171875,291.6499938964844,13946.849609375,10842.849609375,12.729999542236328
2018-06-13,26642.490234375,14034.150390625,11236.2001953125,8948.9501953125,28915.650390625,3612.85009765625,291.5,13994.7998046875,10856.7001953125,12.640000343322754
2018-06-14,26561.94140625,13825.400390625,11243.0,9112.4501953125,28885.05078125,3597.10009765625,291.5,13976.2998046875,10808.0498046875,12.100000381469727
2018-06-15,26417.09375,14121.5,11173.0498046875,9316.25,28774.55078125,3541.949951171875,287.79998779296875,13939.099609375,10817.7001953125,12.069999694824219
2018-06-18,26408.994140625,14024.2001953125,11203.4501953125,9319.2998046875,28711.80078125,3480.449951171875,286.70001220703125,14030.5,10799.849609375,12.380000114440918
2018-06-19,26265.4453125,13849.4501953125,11080.349609375,9253.9501953125,28651.599609375,3425.699951171875,280.95001220703125,13820.7998046875,10710.4501953125,12.920000076293945
2018-06-20,26557.390625,13810.900390625,11137.349609375,9291.349609375,28519.599609375,3459.64990234375,284.04998779296875,13972.5,10772.0498046875,12.170000076293945
2018-06-21,26496.640625,13771.7001953125,11033.2001953125,9198.7998046875,28330.5,3422.449951171875,281.79998779296875,14064.400390625,10741.099609375,12.449999809265137
2018-06-22,26766.5390625,13777.099609375,11088.5,9360.900390625,28630.75,3431.550048828125,282.25,13948.400390625,10821.849609375,12.020000457763672
2018-06-25,26609.390625,13865.2001953125,10910.4501953125,9286.7998046875,28495.650390625,3397.449951171875,278.04998779296875,13777.099609375,10762.4501953125,12.579999923706055
2018-06-26,26601.390625,13943.5,10852.099609375,9247.75,28792.150390625,3384.39990234375,276.04998779296875,13581.0498046875,10769.150390625,12.800000190734863
2018-06-27,26423.09375,14018.400390625,10716.2001953125,9263.4501953125,28625.150390625,3341.800048828125,271.1000061035156,13247.150390625,10671.400390625,13.510000228881836
2018-06-28,26324.29296875,13873.7998046875,10632.599609375,9149.400390625,28411.849609375,3346.5,265.1000061035156,12999.150390625,10589.099609375,13.949999809265137
2018-06-29,26363.892578125,13989.5,10709.0498046875,9173.150390625,28966.0,3440.14990234375,271.54998779296875,13333.349609375,10714.2998046875,12.9399995803833
2018-07-02,26229.99609375,14072.2998046875,10665.7998046875,9133.900390625,28777.5,3378.60009765625,267.8500061035156,13151.9501953125,10657.2998046875,13.369999885559082
2018-07-03,26203.794921875,14222.5498046875,10779.150390625,9325.2998046875,28973.599609375,3366.14990234375,268.25,13278.400390625,10699.900390625,13.0
2018-07-04,26433.642578125,14126.150390625,10914.349609375,9399.599609375,29108.150390625,3370.449951171875,269.5,13372.7001953125,10769.900390625,12.65999984741211
2018-07-05,26502.9921875,13970.5,10925.75,9274.25,29399.150390625,3322.449951171875,264.6499938964844,13171.0498046875,10749.75,12.579999923706055
2018-07-06,26493.541015625,14015.9501953125,11067.849609375,9189.900390625,29344.650390625,3322.050048828125,267.29998779296875,13283.7998046875,10772.650390625,12.4399995803833
2018-07-09,26752.990234375,14108.849609375,11135.650390625,9307.599609375,29587.55078125,3366.35009765625,269.3500061035156,13498.400390625,10852.900390625,12.390000343322754
2018-07-10,26894.23828125,14222.75,11239.2001953125,9276.099609375,29715.400390625,3422.35009765625,274.20001220703125,13749.9501953125,10947.25,12.399999618530273
2018-07-11,26815.88671875,14536.4501953125,11127.400390625,9228.7001953125,29802.599609375,3317.14990234375,274.45001220703125,13795.650390625,10948.2998046875,12.779999732971191
2018-07-12,27026.236328125,14515.650390625,11038.0,9244.099609375,29932.650390625,3300.35009765625,271.45001220703125,14165.900390625,11023.2001953125,12.510000228881836
2018-07-13,26935.63671875,14534.900390625,11003.0498046875,9164.0,29629.55078125,3286.60009765625,266.8500061035156,14288.7001953125,11018.900390625,12.300000190734863
2018-07-16,26679.490234375,14617.0498046875,10835.150390625,8786.400390625,29571.349609375,3168.10009765625,258.0,14085.0,10936.849609375,12.949999809265137
2018-07-17,27007.78515625,14618.25,10965.650390625,8926.099609375,29273.05078125,3222.64990234375,260.6499938964844,14318.900390625,11008.0498046875,12.829999923706055
2018-07-18,26880.587890625,14631.7001953125,10808.599609375,8885.650390625,28993.150390625,3121.10009765625,254.39999389648438,14363.400390625,10980.4501953125,13.680000305175781
2018-07-19,26789.33984375,14489.849609375,10799.0,8749.900390625,29212.5,3104.60009765625,253.89999389648438,14431.2998046875,10957.099609375,13.59000015258789
2018-07-20,26872.88671875,14701.400390625,10752.7001953125,8895.25,29281.0,3092.199951171875,257.1000061035156,14542.2998046875,11010.2001953125,13.539999961853027
2018-07-23,27007.8359375,14683.2001953125,10770.599609375,8937.400390625,30000.900390625,3139.35009765625,261.5,14508.349609375,11084.75,13.010000228881836
2018-07-24,26974.0859375,14663.900390625,10861.2998046875,9049.0498046875,30026.150390625,3233.300048828125,268.04998779296875,14488.0,11134.2998046875,12.470000267028809
2018-07-25,27030.986328125,14575.349609375,10809.9501953125,8969.25,29965.25,3262.050048828125,264.29998779296875,14457.0,11132.0,12.210000038146973
2018-07-26,27406.08203125,14468.099609375,10770.0,8994.650390625,30036.25,3235.35009765625,266.3999938964844,14474.099609375,11167.2998046875,12.029999732971191
2018-07-27,27634.080078125,14517.900390625,10874.7998046875,9039.0,30749.349609375,3297.699951171875,267.8500061035156,14693.7998046875,11278.349609375,12.3100004196167
2018-07-30,27842.275390625,14420.5498046875,10925.0498046875,9115.5498046875,30836.599609375,3320.300048828125,268.3500061035156,14911.5,11319.5498046875,12.59000015258789
2018-07-31,27763.828125,14587.7998046875,10973.75,9179.400390625,31007.25,3335.10009765625,272.8500061035156,15150.2001953125,11356.5,12.479999542236328
2018-08-01,27596.279296875,14679.349609375,10890.099609375,9301.7001953125,31175.099609375,3320.0,273.3500061035156,15245.2998046875,11346.2001953125,12.529999732971191
2018-08-02,27355.630859375,14552.599609375,10733.650390625,9424.650390625,31075.25,3327.75,268.79998779296875,15103.0,11244.7001953125,12.5600004196167
2018-08-03,27695.177734375,14649.099609375,10775.2998046875,9500.75,31424.94921875,3380.85009765625,270.3999938964844,15205.9501953125,11360.7998046875,12.079999923706055
2018-08-06,27898.17578125,14605.5498046875,10822.7998046875,9408.599609375,31222.0,3405.699951171875,268.79998779296875,15319.25,11387.099609375,12.5600004196167
2018-08-07,27875.576171875,14613.75,10855.650390625,9371.0498046875,31140.349609375,3445.25,267.1499938964844,15219.7001953125,11389.4501953125,12.579999923706055
2018-08-08,28062.123046875,14608.2001953125,10821.2001953125,9307.25,31302.5,3453.60009765625,267.0,15483.7998046875,11450.0,12.539999961853027
2018-08-09,28319.669921875,14603.349609375,10813.7998046875,9249.9501953125,31378.55078125,3501.75,272.54998779296875,15491.400390625,11470.7001953125,12.680000305175781
2018-08-10,28123.923828125,14679.2998046875,10839.4501953125,9138.25,31474.900390625,3434.75,272.29998779296875,15375.599609375,11429.5,12.850000381469727
2018-08-13,27794.078125,14880.25,10756.7001953125,9186.599609375,31479.75,3405.800048828125,269.70001220703125,15141.2998046875,11355.75,13.399999618530273
2018-08-14,28021.373046875,15009.25,10803.150390625,9481.150390625,31725.25,3414.60009765625,275.04998779296875,15309.849609375,11435.099609375,13.279999732971191
2018-08-16,27826.2265625,15044.349609375,10830.9501953125,9595.349609375,31731.25,3337.050048828125,273.6499938964844,15238.599609375,11385.0498046875,13.649999618530273
2018-08-17,28128.224609375,15126.400390625,10878.7001953125,9693.849609375,32340.05078125,3394.10009765625,276.04998779296875,15250.0498046875,11470.75,13.15999984741211
2018-08-20,28273.921875,14996.099609375,10997.900390625,9799.150390625,32379.400390625,3478.89990234375,277.8500061035156,15520.25,11551.75,13.029999732971191
2018-08-21,28257.572265625,15134.650390625,10979.25,9950.5,32306.400390625,3466.949951171875,272.8500061035156,15622.400390625,11570.900390625,12.899999618530273
2018-08-23,28027.57421875,15321.9501953125,10959.599609375,10076.7998046875,32600.25,3416.800048828125,273.95001220703125,15798.5,11582.75,12.760000228881836
2018-08-24,27834.375,15260.0498046875,10903.0,10061.099609375,32385.55078125,3481.199951171875,273.45001220703125,15875.0,11557.099609375,12.40999984741211
2018-08-27,28263.87109375,15514.9501953125,10993.5498046875,10094.2001953125,32604.099609375,3532.85009765625,273.6499938964844,16082.7001953125,11691.9501953125,12.239999771118164
2018-08-28,28269.322265625,15583.0498046875,11044.150390625,10050.099609375,32494.349609375,3597.199951171875,271.20001220703125,16241.650390625,11738.5,12.430000305175781
2018-08-29,28223.771484375,15524.9501953125,11057.150390625,10008.900390625,32429.599609375,3634.300048828125,274.3999938964844,16059.9501953125,11691.900390625,12.4399995803833
2018-08-30,28102.923828125,15529.849609375,11007.599609375,10120.5498046875,32844.0,3665.300048828125,276.04998779296875,15960.599609375,11676.7998046875,12.40999984741211
2018-08-31,28061.423828125,15811.400390625,11009.25,10390.9501953125,32911.55078125,3643.449951171875,275.8500061035156,15763.0,11680.5,12.600000381469727
2018-09-03,27819.17578125,15724.7001953125,10935.650390625,10359.900390625,32109.55078125,3656.699951171875,273.1000061035156,15598.599609375,11582.349609375,13.390000343322754
2018-09-04,27430.431640625,16048.7001953125,10754.099609375,10205.5498046875,31442.650390625,3585.60009765625,268.04998779296875,15587.9501953125,11520.2998046875,13.779999732971191
2018-09-05,27375.732421875,16039.900390625,10788.400390625,10303.400390625,31168.849609375,3623.199951171875,265.04998779296875,15486.5498046875,11476.9501953125,13.649999618530273
2018-09-06,27468.380859375,16081.650390625,10798.5498046875,10583.150390625,31157.25,3632.199951171875,266.45001220703125,15803.4501953125,11536.900390625,13.720000267028809
2018-09-07,27481.12890625,16104.7998046875,11036.650390625,10661.25,31354.30078125,3699.75,268.1499938964844,15937.400390625,11589.099609375,13.890000343322754
2018-09-10,27201.43359375,16105.2998046875,10843.900390625,10446.5,30811.599609375,3636.85009765625,264.1000061035156,15675.7998046875,11438.099609375,15.199999809265137
2018-09-11,26807.1875,15993.2001953125,10681.400390625,10279.0498046875,30067.55078125,3578.300048828125,258.8500061035156,15477.4501953125,11287.5,15.329999923706055
2018-09-12,26818.88671875,16054.0498046875,10692.75,10391.599609375,30828.19921875,3631.39990234375,257.25,15601.0498046875,11369.900390625,14.25
2018-09-14,27163.533203125,16072.5,10826.7001953125,10652.849609375,30987.599609375,3713.699951171875,266.1499938964844,15791.900390625,11515.2001953125,13.84000015258789
2018-09-17,26819.98828125,16119.7998046875,10730.7998046875,10504.150390625,30559.75,3705.449951171875,269.1499938964844,15609.0498046875,11377.75,14.5
2018-09-18,26441.142578125,16031.0,10565.650390625,10465.400390625,30893.25,3648.10009765625,260.95001220703125,15460.2001953125,11278.900390625,14.420000076293945
2018-09-19,26277.044921875,16063.9501953125,10527.900390625,10456.9501953125,30487.69921875,3691.800048828125,257.75,15458.4501953125,11234.349609375,14.010000228881836
2018-09-21,25596.603515625,15833.5,10407.400390625,10252.349609375,30406.900390625,3673.25,248.6999969482422,15575.2998046875,11143.099609375,15.539999961853027
2018-09-24,24970.05859375,16175.2998046875,10001.0,9994.75,29749.19921875,3631.699951171875,235.5500030517578,15588.5498046875,10967.400390625,17.43000030517578
2018-09-25,25330.0546875,16234.900390625,10100.4501953125,10245.150390625,30124.349609375,3631.800048828125,231.5,15540.599609375,11067.4501953125,16.68000030517578
2018-09-26,25376.005859375,15932.4501953125,10002.2001953125,10289.2998046875,29682.650390625,3693.949951171875,237.10000610351562,15703.900390625,11053.7998046875,17.09000015258789
2018-09-27,25041.859375,16018.0,9815.400390625,10092.4501953125,29660.25,3669.699951171875,230.5500030517578,15694.9501953125,10977.5498046875,16.920000076293945
2018-09-28,25119.55859375,15838.0498046875,9590.25,9972.4501953125,29757.69921875,3485.35009765625,219.60000610351562,15697.2001953125,10930.4501953125,17.0
2018-10-01,25366.705078125,16213.599609375,9659.5498046875,10034.400390625,29923.650390625,3528.050048828125,216.3000030517578,15539.75,11008.2998046875,16.84000015258789
2018-10-03,25069.609375,15909.7998046875,9375.2998046875,9950.900390625,29498.05078125,3592.0,216.1999969482422,15371.0498046875,10858.25,18.1200008392334
2018-10-04,24819.01171875,15441.099609375,9207.0,9630.75,28630.099609375,3572.35009765625,214.64999389648438,14427.7998046875,10599.25,18.920000076293945
2018-10-05,24443.166015625,15591.650390625,8915.099609375,9547.349609375,27873.80078125,3444.64990234375,208.8000030517578,13278.0,10316.4501953125,19.729999542236328
2018-10-08,24618.0625,15305.2001953125,8969.099609375,9505.7998046875,27705.80078125,3339.449951171875,202.10000610351562,13828.150390625,10348.0498046875,20.149999618530273
2018-10-09,24527.365234375,15369.7998046875,8732.900390625,9638.75,27149.650390625,3373.75,200.10000610351562,13591.349609375,10301.0498046875,19.760000228881836
2018-10-10,25321.404296875,15143.2001953125,8961.9501953125,9771.349609375,27596.5,3438.64990234375,208.5,13779.349609375,10460.099609375,17.90999984741211
2018-10-11,24783.662109375,14683.0,8739.5,9488.650390625,27375.0,3306.5,202.64999389648438,13796.5498046875,10234.650390625,20.549999237060547
2018-10-12,25395.5546875,14539.2001953125,9084.4501953125,9525.599609375,28153.55078125,3438.10009765625,209.5500030517578,14243.0498046875,10472.5,18.6299991607666
2018-10-15,25387.755859375,14797.2001953125,9034.599609375,9774.099609375,28330.69921875,3423.5,209.85000610351562,14363.150390625,10512.5,18.889999389648438
2018-10-16,25589.353515625,14887.349609375,9102.900390625,9836.75,28498.25,3431.60009765625,212.0,14596.9501953125,10584.75,17.3700008392334
2018-10-17,25188.306640625,14949.599609375,8834.7001953125,9686.400390625,28623.349609375,3362.949951171875,205.85000610351562,14405.5,10453.0498046875,17.979999542236328
2018-10-19,25085.509765625,14476.849609375,8690.25,9650.2998046875,28845.25,3365.0,204.3000030517578,14014.0498046875,10303.5498046875,19.790000915527344
2018-10-22,25078.30859375,14421.4501953125,8700.4501953125,9646.650390625,28797.55078125,3339.64990234375,203.64999389648438,13661.5498046875,10245.25,21.360000610351562
2018-10-23,24972.158203125,14014.7001953125,8649.150390625,9368.25,28480.599609375,3312.75,204.0,13611.849609375,10146.7998046875,19.040000915527344
2018-10-24,25063.908203125,14049.150390625,8663.900390625,9334.400390625,28631.0,3347.85009765625,210.25,13632.650390625,10224.75,18.8799991607666
2018-10-25,24817.16015625,14070.7998046875,8580.9501953125,9142.7001953125,28413.599609375,3306.800048828125,206.0,13491.349609375,10124.900390625,18.959999084472656
2018-10-26,24420.767578125,13798.599609375,8578.0498046875,9115.099609375,28013.55078125,3283.89990234375,205.39999389648438,13523.7001953125,10030.0,19.229999542236328
2018-10-29,24959.408203125,14132.650390625,8723.900390625,9590.400390625,28257.5,3369.5,212.1999969482422,13965.2001953125,10250.849609375,19.829999923706055
2018-10-30,24807.4609375,14355.849609375,8744.599609375,9535.2998046875,28271.30078125,3333.050048828125,213.5,13660.5,10198.400390625,20.5
2018-10-31,25152.95703125,14940.099609375,8820.5498046875,9757.5,28547.099609375,3296.949951171875,214.89999389648438,13753.349609375,10386.599609375,19.799999237060547
2018-11-01,25323.35546875,14622.0,8814.2001953125,9609.150390625,28355.099609375,3338.35009765625,220.85000610351562,13742.400390625,10380.4501953125,19.190000534057617
2018-11-02,25701.3515625,14396.7001953125,9180.2001953125,9547.849609375,28836.80078125,3439.25,221.3000030517578,14005.2998046875,10553.0,18.229999542236328
2018-11-05,25731.900390625,14471.75,9153.650390625,9460.5,28725.099609375,3441.89990234375,224.64999389648438,13985.75,10524.0,19.479999542236328
2018-11-06,25597.703125,14577.2998046875,9130.4501953125,9454.9501953125,28497.099609375,3438.949951171875,225.5500030517578,14082.7998046875,10530.0,18.510000228881836
2018-11-07,25769.400390625,14683.099609375,9200.75,9502.099609375,28717.400390625,3463.85009765625,227.14999389648438,14151.0,10598.400390625,17.719999313354492
2018-11-09,25770.701171875,14553.25,9277.75,9643.900390625,28731.05078125,3431.89990234375,226.0500030517578,14074.599609375,10585.2001953125,17.770000457763672
2018-11-12,25539.453125,14650.5,9051.5,9557.5,28536.349609375,3384.5,222.75,13849.2998046875,10482.2001953125,19.3700008392334
2018-11-13,25768.30078125,14698.2001953125,9126.900390625,9422.5498046875,28783.349609375,3410.550048828125,221.39999389648438,14091.0498046875,10582.5,18.700000762939453
2018-11-14,25929.849609375,14338.5,9051.400390625,9216.150390625,29047.900390625,3382.14990234375,218.10000610351562,14160.75,10576.2998046875,18.829999923706055
2018-11-15,26154.4453125,14354.150390625,9108.25,9218.5498046875,29020.5,3407.89990234375,221.8000030517578,14130.599609375,10616.7001953125,18.450000762939453
2018-11-16,26245.24609375,14473.150390625,9112.349609375,9301.349609375,29153.349609375,3354.60009765625,222.35000610351562,14312.599609375,10682.2001953125,18.350000381469727
2018-11-19,26300.392578125,14599.7998046875,9207.650390625,9399.25,29651.599609375,3395.35009765625,226.14999389648438,14466.4501953125,10763.400390625,19.260000228881836
2018-11-20,26113.046875,14285.099609375,9133.650390625,9218.7001953125,29407.650390625,3299.199951171875,226.25,14333.7001953125,10656.2001953125,19.329999923706055
2018-11-21,26261.74609375,13879.150390625,9119.2998046875,9375.099609375,29390.849609375,3272.699951171875,229.64999389648438,14124.349609375,10600.0498046875,19.559999465942383
2018-11-22,25999.146484375,13835.7001953125,9062.650390625,9302.2998046875,29244.099609375,3214.75,226.5500030517578,13978.650390625,10526.75,19.15999984741211
2018-11-26,26365.29296875,14025.400390625,9158.7998046875,9180.5,29935.5,3172.300048828125,227.35000610351562,14003.599609375,10628.599609375,20.399999618530273
2018-11-27,26442.79296875,14225.349609375,9165.0,9058.4501953125,29913.44921875,3148.949951171875,227.5500030517578,14185.599609375,10685.599609375,18.31999969482422
2018-11-28,26457.642578125,14632.900390625,9096.4501953125,9014.7998046875,29682.599609375,3117.39990234375,224.3000030517578,14264.75,10728.849609375,17.959999084472656
2018-11-29,26939.287109375,14465.2998046875,9202.099609375,9090.650390625,30097.94921875,3177.25,227.0,14367.900390625,10858.7001953125,18.700000762939453
2018-11-30,26862.63671875,14638.0498046875,9270.2001953125,9275.7001953125,30126.25,3163.75,232.0,14323.9501953125,10876.75,19.15999984741211
2018-12-03,26857.23828125,14740.400390625,9260.599609375,9053.400390625,30348.349609375,3227.85009765625,237.60000610351562,14333.75,10883.75,18.219999313354492
2018-12-04,26693.490234375,14999.900390625,9212.2001953125,9064.400390625,30150.69921875,3236.550048828125,236.75,14359.099609375,10869.5,18.110000610351562
2018-12-05,26519.291015625,15012.9501953125,8992.900390625,8812.2001953125,29936.19921875,3119.60009765625,234.9499969482422,14294.25,10782.900390625,18.389999389648438
2018-12-06,26197.99609375,14693.75,8791.400390625,8686.5,29489.30078125,3085.39990234375,229.3000030517578,13989.849609375,10601.150390625,19.309999465942383
2018-12-07,26593.9921875,14662.900390625,8869.7998046875,8682.599609375,29673.650390625,3071.199951171875,230.4499969482422,14013.650390625,10693.7001953125,18.59000015258789
2018-12-10,26102.34765625,14419.2001953125,8784.25,8535.2998046875,29211.5,3036.25,223.4499969482422,13657.4501953125,10488.4501953125,20.440000534057617
2018-12-11,26163.095703125,14579.599609375,8846.7998046875,8746.599609375,29562.94921875,3055.35009765625,223.5500030517578,13709.5,10549.150390625,17.950000762939453
2018-12-12,26643.5390625,14738.5498046875,9166.150390625,8801.5,30085.400390625,3133.050048828125,233.3000030517578,13912.900390625,10737.599609375,15.8100004196167
2018-12-13,26816.037109375,14841.0,9254.2001953125,8810.7998046875,30291.25,3114.0,236.5,13924.2001953125,10791.5498046875,15.550000190734863
2018-12-14,26825.6875,14851.400390625,9271.5,8726.400390625,30371.5,3112.35009765625,237.1999969482422,14072.0498046875,10805.4501953125,15.15999984741211
2018-12-17,27015.486328125,14873.0498046875,9335.7998046875,8771.2998046875,30624.19921875,3175.10009765625,236.64999389648438,14283.9501953125,10888.349609375,14.539999961853027
2018-12-18,27174.3828125,14730.900390625,9403.7998046875,8840.400390625,30589.400390625,3198.14990234375,237.14999389648438,14386.2001953125,10908.7001953125,14.579999923706055
2018-12-19,27298.083984375,14591.7998046875,9507.7001953125,8823.4501953125,30977.25,3211.14990234375,244.14999389648438,14462.5,10967.2998046875,14.65999984741211
2018-12-20,27274.783203125,14542.150390625,9524.5498046875,8853.7998046875,30759.94921875,3177.89990234375,243.35000610351562,14424.7001953125,10951.7001953125,14.329999923706055
2018-12-21,26869.337890625,14207.849609375,9337.25,8774.0498046875,30199.80078125,3162.300048828125,238.5,14159.75,10754.0,15.989999771118164
2018-12-24,26714.439453125,14247.75,9206.75,8726.349609375,29950.94921875,3089.85009765625,233.39999389648438,13989.4501953125,10663.5,15.75
2018-12-26,26986.486328125,14158.900390625,9227.0,8684.849609375,29996.25,3098.449951171875,233.9499969482422,14063.7001953125,10729.849609375,15.920000076293945
2018-12-27,26878.23828125,14354.5,9184.099609375,8665.75,30377.5,3089.0,232.60000610351562,14284.599609375,10779.7998046875,16.06999969482422
2018-12-28,27124.935546875,14385.7998046875,9223.7998046875,8814.2001953125,30544.0,3112.199951171875,233.1999969482422,14369.7998046875,10859.900390625,15.270000457763672
2018-12-31,27159.8828125,14440.2998046875,9235.5498046875,8868.7001953125,30516.650390625,3154.60009765625,232.35000610351562,14334.849609375,10862.5498046875,16.0
2019-01-01,27392.08203125,14450.900390625,9182.4501953125,8881.9501953125,30398.44921875,3135.25,237.5,14348.0,10862.5498046875,15.329999923706055
2019-01-02,27174.3828125,14447.099609375,8902.650390625,8839.9501953125,30195.19921875,3028.449951171875,234.10000610351562,14140.5498046875,10792.5,16.389999389648438
2019-01-03,26959.537109375,14322.150390625,8767.349609375,8722.2998046875,30189.19921875,2960.39990234375,233.9499969482422,13914.599609375,10672.25,16.790000915527344
2019-01-04,27194.68359375,14146.150390625,8809.349609375,8788.0498046875,30190.19921875,3001.699951171875,235.89999389648438,14043.0498046875,10727.349609375,16.15999984741211
2019-01-07,27304.234375,14291.5,8820.0,8732.650390625,30282.599609375,2997.10009765625,239.0500030517578,14137.0498046875,10771.7998046875,16.299999237060547
2019-01-08,27509.1796875,14285.7001953125,8859.650390625,8864.75,30272.0,3010.300048828125,239.0,14106.349609375,10802.150390625,15.699999809265137
2019-01-09,27720.078125,14326.099609375,8907.099609375,8906.7001953125,30577.349609375,2975.5,240.5500030517578,14061.0,10855.150390625,15.270000457763672
2019-01-10,27528.23046875,14323.25,8933.349609375,8934.7998046875,30571.650390625,2972.35009765625,239.89999389648438,14004.5498046875,10821.599609375,15.350000381469727
2019-01-11,27453.58203125,14307.099609375,8862.349609375,8902.4501953125,30759.05078125,2971.25,236.64999389648438,13937.5498046875,10794.9501953125,15.350000381469727
2019-01-14,27247.93359375,14223.599609375,8849.7001953125,8949.2998046875,30716.400390625,2939.35009765625,234.35000610351562,13865.2001953125,10737.599609375,16.15999984741211
2019-01-15,27400.431640625,14658.5,8888.400390625,9027.5,31011.05078125,2986.300048828125,238.5500030517578,14162.599609375,10886.7998046875,15.579999923706055
2019-01-16,27483.37890625,14707.7998046875,8866.75,9054.2001953125,30783.849609375,2967.050048828125,238.5500030517578,14242.599609375,10890.2998046875,16.079999923706055
2019-01-17,27528.4296875,14800.25,8878.2001953125,8930.5,30737.25,2963.050048828125,241.39999389648438,14257.5,10905.2001953125,16.239999771118164
2019-01-18,27456.380859375,14893.0,8844.7998046875,8689.599609375,30540.349609375,2957.10009765625,238.3000030517578,14607.5,10906.9501953125,16.6200008392334
2019-01-21,27533.279296875,14966.400390625,8746.849609375,8734.7001953125,30485.0,2945.800048828125,234.89999389648438,14963.849609375,10961.849609375,18.149999618530273
2019-01-22,27481.9296875,14962.599609375,8675.150390625,8892.599609375,30507.599609375,2880.64990234375,236.64999389648438,14949.849609375,10922.75,17.989999771118164
2019-01-23,27250.43359375,14888.75,8612.25,8946.2001953125,29991.400390625,2896.89990234375,235.5,14849.7998046875,10831.5,18.09000015258789
2019-01-24,27266.083984375,14971.900390625,8537.25,8894.5,30036.75,2893.5,240.60000610351562,14990.400390625,10849.7998046875,17.43000030517578
2019-01-25,27114.986328125,15039.2998046875,8259.7998046875,8891.0,29938.05078125,2857.550048828125,230.0500030517578,14970.0498046875,10780.5498046875,17.690000534057617
2019-01-28,26652.740234375,15120.150390625,8143.0,8663.900390625,29565.55078125,2827.14990234375,229.3000030517578,14820.0498046875,10661.5498046875,18.899999618530273
2019-01-29,26573.091796875,15231.2998046875,8120.4501953125,8756.900390625,29758.900390625,2828.35009765625,228.1999969482422,14630.5,10652.2001953125,18.43000030517578
2019-01-30,26825.1875,15255.2001953125,8118.39990234375,8734.599609375,29463.849609375,2882.050048828125,226.5,14479.25,10651.7998046875,17.850000381469727
2019-01-31,27295.1328125,15499.2998046875,8218.400390625,8825.349609375,29800.55078125,2915.85009765625,228.5500030517578,14792.9501953125,10830.9501953125,17.1200008392334
2019-02-01,27085.634765625,15724.2998046875,8441.25,8969.5498046875,30199.900390625,2815.64990234375,231.39999389648438,14975.75,10893.650390625,15.720000267028809
2019-02-04,27186.283203125,15754.7998046875,8395.5498046875,8811.900390625,30008.900390625,2794.449951171875,229.10000610351562,15215.349609375,10912.25,15.720000267028809
2019-02-05,27271.3828125,15738.7001953125,8468.2998046875,8800.599609375,29759.849609375,2768.300048828125,223.9499969482422,15198.9501953125,10934.349609375,15.779999732971191
2019-02-06,27402.03125,16055.599609375,8567.400390625,8906.900390625,30029.0,2832.949951171875,225.10000610351562,15394.150390625,11062.4501953125,15.630000114440918
2019-02-07,27386.83203125,16085.849609375,8736.7001953125,9056.150390625,30266.30078125,2835.800048828125,224.9499969482422,15225.099609375,11069.400390625,15.4399995803833
2019-02-08,27294.083984375,16019.7998046875,8420.349609375,8984.849609375,29769.05078125,2740.5,226.64999389648438,15013.650390625,10943.599609375,15.569999694824219
2019-02-11,27227.484375,16099.0498046875,8320.2998046875,8838.0,29728.5,2725.199951171875,224.35000610351562,14762.900390625,10888.7998046875,15.84000015258789
2019-02-12,27010.435546875,15938.650390625,8278.099609375,8904.9501953125,29524.0,2767.949951171875,221.1999969482422,14802.150390625,10831.400390625,15.75
2019-02-14,26970.28515625,15861.650390625,8223.349609375,8920.900390625,29451.44921875,2733.64990234375,223.10000610351562,14335.099609375,10746.0498046875,15.770000457763672
2019-02-15,26793.939453125,15815.599609375,8132.5498046875,8643.2998046875,29309.099609375,2677.10009765625,222.5500030517578,14618.4501953125,10724.400390625,16.459999084472656
2019-02-18,26653.939453125,15659.0,8067.7001953125,8573.9501953125,28965.150390625,2652.0,224.25,14433.7998046875,10640.9501953125,18.0
2019-02-19,26684.5390625,15333.5,8073.39990234375,8552.7001953125,29009.69921875,2689.699951171875,228.10000610351562,14411.0498046875,10604.349609375,18.469999313354492
2019-02-20,26955.1875,15609.4501953125,8121.5,8606.349609375,29053.400390625,2765.0,228.6999969482422,14679.150390625,10735.4501953125,17.059999465942383
2019-02-21,27052.0859375,15588.900390625,8156.75,8706.349609375,29166.349609375,2796.14990234375,229.60000610351562,14796.7998046875,10789.849609375,16.049999237060547
2019-02-22,26867.23828125,15684.7001953125,8278.9501953125,8772.599609375,29241.19921875,2842.199951171875,233.14999389648438,14777.0498046875,10791.650390625,15.449999809265137
2019-02-25,27158.93359375,16003.7001953125,8371.4501953125,8816.2001953125,29327.05078125,2852.10009765625,231.4499969482422,14762.9501953125,10880.099609375,15.359999656677246
2019-02-26,26952.63671875,15989.599609375,8399.099609375,8829.4501953125,29253.650390625,2854.89990234375,227.64999389648438,14695.599609375,10835.2998046875,17.110000610351562
2019-02-27,26798.990234375,15902.099609375,8420.0498046875,8866.2001953125,29171.94921875,2846.85009765625,228.0,14689.0498046875,10806.650390625,18.899999618530273
2019-02-28,26789.58984375,15732.0,8355.150390625,8884.849609375,29262.849609375,2871.60009765625,230.25,14818.5,10792.5,18.280000686645508
2019-03-01,27043.5859375,15848.2998046875,8413.650390625,8972.650390625,29464.900390625,2922.699951171875,230.35000610351562,14857.849609375,10863.5,16.270000457763672
2019-03-05,27553.73046875,15664.099609375,8676.599609375,9054.650390625,29649.19921875,3000.199951171875,234.9499969482422,15108.599609375,10987.4501953125,15.65999984741211
2019-03-06,27625.330078125,15735.0498046875,8651.75,9155.0,29710.30078125,3021.300048828125,236.85000610351562,15363.0498046875,11053.0,15.609999656677246
2019-03-07,27764.27734375,15582.099609375,8635.7001953125,9045.650390625,29904.05078125,2992.85009765625,236.0500030517578,15348.349609375,11058.2001953125,15.289999961853027
2019-03-08,27761.478515625,15408.7001953125,8582.599609375,9021.849609375,29945.75,2947.949951171875,236.5,15352.5498046875,11035.400390625,14.9399995803833
2019-03-11,27966.326171875,15388.5,8782.7001953125,9155.0498046875,30256.400390625,3028.85009765625,238.64999389648438,15770.9501953125,11168.0498046875,14.899999618530273
2019-03-12,28443.369140625,15384.5498046875,8802.900390625,9274.7998046875,30480.80078125,3043.050048828125,244.89999389648438,15991.150390625,11301.2001953125,15.100000381469727
2019-03-13,28883.96484375,15342.900390625,8767.5498046875,9100.25,30451.599609375,2985.75,246.35000610351562,16041.7998046875,11341.7001953125,15.279999732971191
2019-03-14,28922.763671875,15260.4501953125,8725.5,9184.900390625,30467.30078125,3002.050048828125,251.8000030517578,16024.9501953125,11343.25,15.149999618530273
2019-03-15,29381.107421875,15546.599609375,8748.0498046875,9221.75,29953.400390625,3008.25,251.60000610351562,16046.2001953125,11426.849609375,15.869999885559082
2019-03-18,29595.755859375,15359.4501953125,8627.0498046875,9204.9501953125,30172.30078125,3028.39990234375,258.70001220703125,16333.150390625,11462.2001953125,16.899999618530273
2019-03-19,29767.50390625,15495.5498046875,8567.0498046875,9244.599609375,30433.150390625,3027.39990234375,259.0,16593.900390625,11532.400390625,16.489999771118164
2019-03-20,29831.8515625,15599.25,8445.099609375,9264.5,30297.349609375,2996.10009765625,265.29998779296875,16397.400390625,11521.0498046875,16.030000686645508
2019-03-22,29582.15625,15551.099609375,8336.599609375,9199.349609375,30198.849609375,2983.199951171875,266.95001220703125,16152.2998046875,11456.900390625,16.270000457763672
2019-03-25,29280.859375,15416.849609375,8238.5498046875,9170.150390625,29921.44921875,2949.64990234375,261.79998779296875,16147.900390625,11354.25,16.670000076293945
2019-03-26,29881.802734375,15356.599609375,8287.25,9245.0,29957.80078125,2980.60009765625,264.04998779296875,16541.349609375,11483.25,16.489999771118164
2019-03-27,30019.451171875,15339.400390625,8215.349609375,9148.7998046875,29891.349609375,2982.10009765625,262.8500061035156,16330.099609375,11445.0498046875,17.049999237060547
2019-03-28,30420.197265625,15566.75,8234.25,9199.400390625,30243.25,2973.699951171875,266.6499938964844,16384.5,11570.0,16.649999618530273
2019-04-01,30326.1484375,15840.650390625,8414.349609375,9375.400390625,30193.150390625,3102.300048828125,267.20001220703125,16532.099609375,11669.150390625,18.010000228881836
2019-04-02,30353.896484375,15988.400390625,8504.2998046875,9296.9501953125,30073.150390625,3089.10009765625,273.3999938964844,16523.5,11713.2001953125,18.079999923706055
2019-04-03,30092.951171875,15962.9501953125,8480.650390625,9180.2998046875,29969.0,3085.0,272.6000061035156,16258.650390625,11643.9501953125,18.780000686645508
2019-04-04,29904.552734375,15744.7998046875,8536.349609375,9263.400390625,29998.69921875,3071.89990234375,272.3999938964844,16120.599609375,11598.0,18.649999618530273
2019-04-05,30084.30078125,15923.0498046875,8564.599609375,9271.5498046875,29869.150390625,3132.35009765625,276.0,16171.4501953125,11665.9501953125,18.389999389648438
2019-04-08,29844.953125,16028.25,8526.2998046875,9243.900390625,29804.44921875,3101.699951171875,269.95001220703125,15983.2998046875,11604.5,20.149999618530273
2019-04-09,30113.5,16121.599609375,8622.7998046875,9333.2998046875,30019.25,3133.64990234375,273.75,16068.25,11671.9501953125,20.280000686645508
2019-04-10,29803.154296875,15999.150390625,8644.5,9407.900390625,29994.94921875,3105.199951171875,276.8500061035156,16026.900390625,11584.2998046875,21.1299991607666
2019-04-11,29785.75390625,15874.75,8690.0498046875,9391.150390625,30151.150390625,3067.449951171875,274.8500061035156,16159.150390625,11596.7001953125,20.959999084472656
2019-04-12,29938.203125,15911.099609375,8777.4501953125,9426.4501953125,30533.69921875,3071.60009765625,275.70001220703125,16169.75,11643.4501953125,21.0
2019-04-15,30103.900390625,16113.7001953125,8911.599609375,9417.75,30547.400390625,3141.35009765625,280.25,16114.4501953125,11690.349609375,21.389999389648438
2019-04-16,30530.994140625,16084.900390625,8983.5498046875,9417.7998046875,30742.599609375,3149.89990234375,277.45001220703125,16203.5498046875,11787.150390625,21.690000534057617
2019-04-18,30223.048828125,16079.2998046875,8972.650390625,9409.900390625,30558.94921875,3109.85009765625,270.3999938964844,16336.25,11752.7998046875,22.739999771118164
2019-04-22,29687.603515625,16150.599609375,8813.900390625,9285.4501953125,30418.099609375,3054.10009765625,263.70001220703125,15944.2998046875,11594.4501953125,24.049999237060547
2019-04-23,29479.357421875,16166.2998046875,8682.900390625,9388.7998046875,30495.05078125,3042.0,263.1499938964844,16010.7001953125,11575.9501953125,24.649999618530273
2019-04-24,29860.453125,16370.349609375,8646.0498046875,9459.0,30631.25,3047.75,264.8500061035156,16305.75,11726.150390625,23.709999084472656
2019-04-25,29561.005859375,16352.7998046875,8587.900390625,9442.5498046875,30371.30078125,2991.10009765625,265.70001220703125,16243.5498046875,11641.7998046875,23.229999542236328
2019-04-26,30013.150390625,16504.44921875,8493.7998046875,9461.7001953125,30440.75,3046.64990234375,264.3999938964844,16431.5,11754.650390625,21.719999313354492
2019-04-30,29764.455078125,16705.400390625,8350.599609375,9402.5,30336.900390625,3089.10009765625,258.29998779296875,16500.0,11748.150390625,21.829999923706055
2019-05-02,29708.25390625,16403.69921875,8333.849609375,9291.2998046875,30091.25,3085.5,258.6000061035156,16499.05078125,11724.75,22.979999542236328
2019-05-03,29953.802734375,16092.9501953125,8381.4501953125,9220.4501953125,29750.55078125,3081.25,262.6499938964844,16568.30078125,11712.25,24.030000686645508
2019-05-06,29618.10546875,16111.349609375,8268.4501953125,9189.75,29575.849609375,3018.75,258.79998779296875,16503.150390625,11598.25,26.43000030517578
2019-05-07,29287.859375,16135.75,8206.25,9148.2001953125,29557.05078125,2980.39990234375,255.75,16231.2001953125,11497.900390625,26.479999542236328
2019-05-08,28994.0625,16061.599609375,8095.89990234375,9003.349609375,29395.69921875,2959.5,250.35000610351562,15925.7998046875,11359.4501953125,26.3700008392334
2019-05-09,28884.263671875,16132.849609375,8103.5,8976.900390625,29474.80078125,2917.10009765625,251.1999969482422,15635.4501953125,11301.7998046875,25.489999771118164
2019-05-10,29040.162109375,15949.599609375,8093.2001953125,8944.599609375,29359.05078125,2872.5,251.1999969482422,15493.849609375,11278.900390625,26.34000015258789
2019-05-13,28659.615234375,15955.2998046875,7938.64990234375,8553.5,29061.0,2820.85009765625,246.39999389648438,15172.099609375,11148.2001953125,27.3799991607666
2019-05-14,28828.86328125,15762.75,7955.5,8683.900390625,29235.099609375,2837.89990234375,248.3000030517578,15399.2998046875,11222.0498046875,27.1299991607666
2019-05-15,28616.1171875,15776.7998046875,7856.85009765625,8595.75,29185.099609375,2778.39990234375,249.10000610351562,15274.2998046875,11157.0,28.65999984741211
2019-05-16,28854.96484375,15934.0,7891.89990234375,8577.349609375,29228.69921875,2810.85009765625,251.85000610351562,15530.9501953125,11257.099609375,28.3700008392334
2019-05-17,29449.80859375,15843.400390625,8085.75,8448.9501953125,29962.150390625,2807.25,252.5500030517578,15538.650390625,11407.150390625,28.079999923706055
2019-05-20,30759.341796875,15968.2001953125,8422.099609375,8505.9501953125,30547.650390625,2899.14990234375,267.0,16240.400390625,11828.25,23.68000030517578
2019-05-21,30308.048828125,15766.9501953125,8209.4501953125,8488.25,30537.900390625,2854.25,265.95001220703125,16087.400390625,11709.099609375,25.649999618530273
2019-05-22,30526.4453125,15666.150390625,8246.5498046875,8510.849609375,30247.650390625,2864.449951171875,266.95001220703125,16171.9501953125,11737.900390625,27.6299991607666
2019-05-23,30408.74609375,15538.849609375,8216.900390625,8497.599609375,29723.80078125,2822.0,268.20001220703125,16129.099609375,11657.0498046875,19.40999984741211
2019-05-24,31212.1875,15569.849609375,8460.25,8608.4501953125,29965.400390625,2904.300048828125,280.1000061035156,16267.2998046875,11844.099609375,16.469999313354492
2019-05-27,31647.283203125,15556.650390625,8462.2001953125,8525.0,30105.400390625,2965.699951171875,286.20001220703125,16382.650390625,11924.75,16.190000534057617
2019-05-28,31597.533203125,15762.0498046875,8398.2001953125,8513.849609375,30068.94921875,2992.949951171875,286.54998779296875,16487.94921875,11928.75,15.920000076293945
2019-05-29,31295.1875,15865.599609375,8281.900390625,8484.650390625,30014.19921875,2937.300048828125,284.95001220703125,16325.9501953125,11861.099609375,16.40999984741211
2019-05-30,31536.732421875,15997.349609375,8235.7001953125,8474.7001953125,30002.400390625,2924.5,284.6000061035156,16524.30078125,11945.900390625,15.609999656677246
2019-05-31,31375.03515625,16160.650390625,8175.5,8455.099609375,29850.400390625,2900.39990234375,283.95001220703125,16560.349609375,11922.7998046875,16.06999969482422
2019-06-03,31653.283203125,16360.5498046875,8328.2001953125,8536.599609375,30278.75,2951.25,286.75,16760.150390625,12088.5498046875,15.970000267028809
2019-06-04,31588.68359375,16105.2001953125,8300.2001953125,8432.9501953125,30197.94921875,2956.39990234375,285.70001220703125,16642.05078125,12021.650390625,15.630000114440918
2019-06-06,30857.041015625,16012.099609375,8226.4501953125,8279.099609375,30057.400390625,2923.050048828125,280.70001220703125,16334.5498046875,11843.75,15.529999732971191
2019-06-07,31066.189453125,16109.849609375,8192.0,8179.60009765625,29971.44921875,2906.949951171875,279.3500061035156,16231.150390625,11870.650390625,14.859999656677246
2019-06-10,31033.638671875,16362.400390625,8216.650390625,8246.7001953125,30360.900390625,2912.25,280.20001220703125,16125.0498046875,11922.7001953125,14.979999542236328
2019-06-11,31265.0859375,16448.099609375,8240.25,8243.5,30311.30078125,2950.64990234375,280.5,16230.150390625,11965.599609375,14.489999771118164
2019-06-12,30965.33984375,16425.94921875,8146.9501953125,8179.14990234375,30379.25,2962.10009765625,274.75,16202.0,11906.2001953125,14.119999885559082
2019-06-13,30975.740234375,16316.599609375,8116.9501953125,8148.5498046875,30354.55078125,2955.949951171875,276.5,16209.150390625,11914.0498046875,13.65999984741211
2019-06-14,30613.994140625,16268.2001953125,8031.60009765625,8083.5498046875,29966.099609375,2944.89990234375,270.70001220703125,16117.400390625,11823.2998046875,13.899999618530273
2019-06-17,30272.8984375,16228.2001953125,7896.10009765625,7975.25,29703.900390625,2860.5,267.1000061035156,15790.0498046875,11672.150390625,14.649999618530273
2019-06-18,30350.646484375,16322.5,7859.35009765625,7916.9501953125,29580.75,2874.89990234375,267.29998779296875,15904.2001953125,11691.5,14.600000381469727
2019-06-19,30361.74609375,16282.7001953125,7772.2001953125,7790.5,29585.400390625,2886.300048828125,270.25,15887.150390625,11691.4501953125,14.729999542236328
2019-06-20,30780.7421875,16316.9501953125,7965.4501953125,8029.0,29651.44921875,2940.10009765625,275.45001220703125,16081.0,11831.75,14.0
2019-06-21,30627.994140625,16189.400390625,7868.25,7911.5498046875,29423.849609375,2930.199951171875,274.1499938964844,15951.400390625,11724.099609375,14.609999656677246
2019-06-24,30601.6953125,16187.400390625,7832.2998046875,7902.0,29464.19921875,2892.449951171875,271.5,15782.099609375,11699.650390625,15.220000267028809
2019-06-25,30846.69140625,16214.4501953125,7878.25,7947.2001953125,29552.599609375,2942.64990234375,274.04998779296875,16092.849609375,11796.4501953125,15.010000228881836
2019-06-26,31161.98828125,16101.75,7883.5498046875,8086.2998046875,29524.099609375,3022.949951171875,278.1499938964844,16191.900390625,11847.5498046875,14.75
2019-06-27,31269.13671875,15991.7998046875,7971.4501953125,8088.0,29486.80078125,3014.199951171875,283.45001220703125,16142.0,11841.5498046875,14.649999618530273
2019-06-28,31104.837890625,15936.4501953125,7928.0498046875,8065.14990234375,29546.05078125,2980.199951171875,284.79998779296875,16046.7998046875,11788.849609375,14.949999809265137
2019-07-01,31371.833984375,15916.7001953125,8029.14990234375,8178.7998046875,29600.400390625,2977.949951171875,291.79998779296875,15964.0,11865.599609375,14.600000381469727
2019-07-02,31282.9375,16074.099609375,8045.64990234375,8101.64990234375,29710.94921875,2993.35009765625,287.5,16121.7001953125,11910.2998046875,14.25
2019-07-03,31381.935546875,15927.650390625,8039.5,8092.2001953125,29812.650390625,2992.14990234375,289.8999938964844,16175.5,11916.75,13.699999809265137
2019-07-04,31471.484375,15942.400390625,8077.2001953125,8046.7998046875,29889.44921875,2962.5,292.54998779296875,16203.650390625,11946.75,13.529999732971191
2019-07-05,31475.435546875,15550.0498046875,7849.10009765625,7926.5,29973.25,2851.25,282.1000061035156,15818.400390625,11811.150390625,13.069999694824219
2019-07-08,30603.494140625,15376.0,7593.2998046875,7801.75,29594.650390625,2791.199951171875,272.25,15379.9501953125,11558.599609375,13.850000381469727
2019-07-09,30568.794921875,15254.5,7593.2998046875,8012.0498046875,29321.30078125,2788.050048828125,279.95001220703125,15587.5,11555.900390625,13.6899995803833
2019-07-10,30521.744140625,15168.599609375,7511.14990234375,8009.5,29154.05078125,2756.449951171875,275.54998779296875,15466.400390625,11498.900390625,13.640000343322754
2019-07-11,30716.193359375,15214.2998046875,7650.9501953125,8110.0498046875,29293.650390625,2805.25,279.1000061035156,15547.650390625,11582.900390625,12.470000267028809
2019-07-12,30601.09375,15227.400390625,7653.64990234375,8144.2998046875,29252.0,2826.300048828125,280.54998779296875,15432.5498046875,11552.5,12.0
2019-07-15,30445.595703125,15662.0498046875,7674.25,8231.849609375,29079.900390625,2823.0,280.25,15411.5,11588.349609375,12.020000457763672
2019-07-16,30570.4453125,15580.4501953125,7727.10009765625,8347.9501953125,29366.599609375,2847.35009765625,285.54998779296875,15650.150390625,11662.599609375,11.5600004196167
2019-07-17,30735.142578125,15676.0,7648.14990234375,8330.75,29614.25,2848.800048828125,286.04998779296875,15518.0,11687.5,11.800000190734863
2019-07-18,30430.24609375,15498.5,7438.7001953125,8223.150390625,29553.900390625,2778.60009765625,281.70001220703125,15256.650390625,11596.900390625,11.75
2019-07-19,29770.00390625,15383.650390625,7192.75,8040.10009765625,29027.55078125,2741.85009765625,277.54998779296875,15223.099609375,11419.25,12.520000457763672
2019-07-22,29284.609375,15448.25,7220.25,8120.85009765625,28714.94921875,2788.10009765625,273.6499938964844,15419.900390625,11346.2001953125,13.010000228881836
2019-07-23,29127.76171875,15493.400390625,7176.64990234375,8063.64990234375,28990.900390625,2778.75,276.3500061035156,15456.650390625,11331.0498046875,13.430000305175781
2019-07-24,28951.9140625,15380.75,7036.7001953125,7920.64990234375,28992.5,2712.949951171875,273.45001220703125,15275.7001953125,11271.2998046875,12.760000228881836
2019-07-25,29042.712890625,15474.650390625,7010.5498046875,8094.35009765625,28983.55078125,2686.39990234375,273.79998779296875,15061.4501953125,11252.150390625,12.640000343322754
2019-07-26,29324.958984375,15348.0498046875,7161.5,8178.89990234375,29142.30078125,2692.449951171875,274.3999938964844,14920.75,11284.2998046875,12.130000114440918
2019-07-29,29295.560546875,15400.849609375,6905.7001953125,8039.7998046875,28974.94921875,2611.89990234375,271.8500061035156,14764.2001953125,11189.2001953125,13.0600004196167
2019-07-30,28791.265625,15501.650390625,6763.75,7877.75,28864.599609375,2527.0,268.04998779296875,14496.2998046875,11085.400390625,13.609999656677246
2019-07-31,28875.6640625,15620.2001953125,6851.64990234375,7987.5,29065.94921875,2588.14990234375,267.45001220703125,14559.4501953125,11118.0,13.59000015258789
2019-08-01,28366.919921875,15332.099609375,6856.10009765625,7878.75,28925.349609375,2507.050048828125,264.54998779296875,14590.0,10980.0,14.5600004196167
2019-08-02,28204.62109375,15422.099609375,6933.75,7868.2001953125,28930.75,2459.10009765625,262.6000061035156,14433.9501953125,10997.349609375,15.1899995803833
2019-08-05,27647.728515625,15518.5498046875,6844.60009765625,7807.9501953125,28777.55078125,2415.35009765625,257.8999938964844,14040.7001953125,10862.599609375,16.59000015258789
2019-08-06,28021.7734375,15514.7998046875,6942.4501953125,7818.5,28847.349609375,2448.050048828125,262.45001220703125,14016.849609375,10948.25,16.1200008392334
2019-08-07,27701.728515625,15583.349609375,6792.60009765625,7879.75,28814.55078125,2389.449951171875,258.70001220703125,13819.150390625,10855.5,16.739999771118164
2019-08-08,28110.123046875,15867.9501953125,6998.4501953125,7964.7998046875,29131.80078125,2418.800048828125,263.5,14122.5498046875,11032.4501953125,16.09000015258789
2019-08-09,28431.5703125,15821.349609375,7137.39990234375,7924.0498046875,29302.19921875,2398.0,265.6499938964844,14155.400390625,11109.650390625,15.850000381469727
2019-08-13,27728.77734375,15424.400390625,6855.75,7851.9501953125,28728.5,2355.89990234375,263.0,14423.9501953125,10925.849609375,17.780000686645508
2019-08-14,28018.873046875,15466.25,6919.0498046875,7744.2998046875,28839.599609375,2411.050048828125,264.3500061035156,14564.5,11029.400390625,16.360000610351562
2019-08-16,28216.671875,15365.349609375,6998.4501953125,7684.2998046875,28889.94921875,2402.050048828125,265.1000061035156,14594.7001953125,11047.7998046875,16.649999618530273
2019-08-19,28185.771484375,15415.150390625,6959.14990234375,7741.35009765625,28837.5,2391.35009765625,266.75,14593.099609375,11053.900390625,16.75
2019-08-20,27982.123046875,15597.75,7040.5,7749.7001953125,28669.849609375,2351.14990234375,263.79998779296875,14439.599609375,11017.0,16.6299991607666
2019-08-21,27718.728515625,15578.150390625,7001.85009765625,7677.25,28399.099609375,2283.199951171875,258.54998779296875,14221.4501953125,10918.7001953125,17.020000457763672
2019-08-22,27033.884765625,15632.0,6882.10009765625,7670.85009765625,28396.150390625,2203.60009765625,242.60000610351562,13897.2001953125,10741.349609375,17.850000381469727
2019-08-23,26958.337890625,15816.599609375,6988.35009765625,7780.5498046875,28257.099609375,2278.64990234375,244.5500030517578,14286.099609375,10829.349609375,17.350000381469727
2019-08-26,27951.025390625,15890.2001953125,7022.75,7824.2998046875,28707.80078125,2256.64990234375,253.6999969482422,14406.650390625,11057.849609375,16.65999984741211
2019-08-27,28125.82421875,15675.2998046875,7152.9501953125,7812.10009765625,28927.25,2303.89990234375,256.6000061035156,14604.599609375,11105.349609375,16.010000228881836
2019-08-28,27803.978515625,15879.900390625,7018.5498046875,7738.64990234375,28815.0,2226.449951171875,262.70001220703125,14445.0,11046.099609375,16.84000015258789
2019-08-29,27304.8828125,15884.5498046875,6970.14990234375,7912.5,28751.80078125,2254.35009765625,263.79998779296875,14440.650390625,10948.2998046875,16.43000030517578
2019-08-30,27427.53125,16010.400390625,7009.2998046875,8072.0498046875,29257.349609375,2289.949951171875,267.20001220703125,14382.25,11023.25,16.280000686645508
2019-09-03,26823.837890625,15984.900390625,6897.75,7976.4501953125,28766.900390625,2218.949951171875,261.1499938964844,13972.150390625,10797.900390625,18.059999465942383
2019-09-04,27123.53515625,16032.5,6782.0498046875,7967.64990234375,28725.650390625,2254.64990234375,260.70001220703125,14052.650390625,10844.650390625,17.239999771118164
2019-09-05,26919.38671875,16030.9501953125,6921.75,8071.75,28710.0,2313.60009765625,256.0,14338.7998046875,10847.900390625,17.270000457763672
2019-09-06,27247.583984375,16034.5498046875,7102.4501953125,8068.75,28649.75,2357.699951171875,254.3000030517578,14591.400390625,10946.2001953125,16.270000457763672
2019-09-09,27504.330078125,15919.400390625,7165.35009765625,8077.89990234375,28845.650390625,2360.050048828125,256.0,14617.849609375,11003.0498046875,15.850000381469727
2019-09-11,27775.876953125,15701.7998046875,7423.60009765625,8082.89990234375,28759.349609375,2414.550048828125,266.6000061035156,14585.099609375,11035.7001953125,15.369999885559082
2019-09-12,27818.17578125,15583.25,7284.0,8102.14990234375,28575.19921875,2410.60009765625,264.25,14404.650390625,10982.7998046875,14.899999618530273
2019-09-13,28098.423828125,15722.900390625,7360.60009765625,8033.0498046875,28592.05078125,2444.10009765625,268.1000061035156,14727.150390625,11075.900390625,14.119999885559082
2019-09-16,27854.67578125,15743.150390625,7300.64990234375,8070.64990234375,28751.75,2440.550048828125,265.54998779296875,14533.4501953125,11003.5,14.949999809265137
2019-09-17,27131.435546875,15625.650390625,7020.75,7933.85009765625,28675.30078125,2375.85009765625,255.64999389648438,14336.150390625,10817.599609375,16.020000457763672
2019-09-18,27172.333984375,15702.2998046875,7012.10009765625,7923.4501953125,28752.150390625,2402.64990234375,259.3999938964844,14489.5498046875,10840.650390625,15.350000381469727
2019-09-19,26757.33984375,15522.4501953125,6920.60009765625,7799.60009765625,28575.599609375,2363.449951171875,255.39999389648438,14281.9501953125,10704.7998046875,15.550000190734863
2019-09-20,28981.21484375,15491.099609375,7605.85009765625,7983.5498046875,29835.349609375,2497.64990234375,265.29998779296875,14859.0498046875,11274.2001953125,15.399999618530273
2019-09-23,30565.84375,15040.650390625,7802.64990234375,7857.25,31120.099609375,2526.199951171875,272.79998779296875,14999.5,11600.2001953125,16.790000915527344
2019-09-24,30182.748046875,15338.650390625,7773.25,7891.9501953125,31312.400390625,2485.10009765625,269.20001220703125,15100.849609375,11588.2001953125,16.729999542236328
2019-09-25,29585.70703125,15379.900390625,7470.4501953125,7789.7001953125,30925.94921875,2419.75,260.95001220703125,15179.2001953125,11440.2001953125,16.170000076293945
2019-09-26,30002.25,15312.900390625,7659.75,7857.2998046875,31027.69921875,2520.449951171875,267.79998779296875,15446.900390625,11571.2001953125,16.34000015258789
2019-09-27,29876.302734375,15236.400390625,7554.25,7695.2998046875,31026.0,2453.949951171875,261.70001220703125,15383.4501953125,11512.400390625,16.110000610351562
2019-09-30,29102.8125,15540.150390625,7493.14990234375,7547.75,31134.5,2439.85009765625,258.75,15501.599609375,11474.4501953125,15.869999885559082
2019-10-01,28725.166015625,15300.25,7464.10009765625,7466.4501953125,30801.349609375,2397.050048828125,248.10000610351562,15386.349609375,11359.900390625,16.760000228881836
2019-10-03,28413.76953125,15277.9501953125,7493.75,7461.75,30791.0,2326.550048828125,251.1999969482422,15592.7001953125,11314.0,17.700000762939453
2019-10-04,27731.52734375,15340.2998046875,7404.89990234375,7396.89990234375,30327.150390625,2297.199951171875,248.14999389648438,15525.099609375,11174.75,17.579999923706055
2019-10-07,27767.228515625,15246.75,7355.4501953125,7148.9501953125,30218.099609375,2269.949951171875,245.25,15331.599609375,11126.400390625,17.829999923706055
2019-10-09,28785.515625,15128.75,7460.75,7235.60009765625,30269.150390625,2317.699951171875,250.25,15469.9501953125,11313.2998046875,17.15999984741211
2019-10-10,28013.123046875,15093.7998046875,7359.64990234375,7235.60009765625,30147.19921875,2283.35009765625,244.9499969482422,15579.2998046875,11234.5498046875,17.229999542236328
2019-10-11,28042.173828125,15321.900390625,7397.0498046875,7278.4501953125,30416.19921875,2337.10009765625,247.3000030517578,15510.5,11305.0498046875,17.139999389648438
2019-10-14,28181.62109375,15277.75,7520.35009765625,7361.7001953125,30591.0,2360.199951171875,252.0500030517578,15610.2001953125,11341.150390625,17.43000030517578
2019-10-15,28554.767578125,15208.400390625,7688.25,7420.64990234375,30927.900390625,2397.050048828125,253.6999969482422,15782.849609375,11428.2998046875,16.850000381469727
2019-10-16,28538.46875,15344.9501953125,7673.7998046875,7475.35009765625,30899.0,2388.300048828125,256.3500061035156,15833.349609375,11464.0,16.360000610351562
2019-10-17,28989.111328125,15281.900390625,7914.0,7533.4501953125,31331.900390625,2410.949951171875,257.8500061035156,15976.599609375,11586.349609375,15.880000114440918
2019-10-18,29119.912109375,15410.099609375,7964.75,7608.14990234375,31501.44921875,2456.0,262.79998779296875,16183.7001953125,11661.849609375,15.930000305175781
2019-10-22,29410.80859375,14688.650390625,7936.64990234375,7746.14990234375,31659.400390625,2442.85009765625,263.8500061035156,16268.900390625,11588.349609375,16.809999465942383
2019-10-23,29459.2578125,14833.349609375,8036.60009765625,7761.85009765625,31899.55078125,2436.85009765625,261.54998779296875,16122.5,11604.099609375,16.540000915527344
2019-10-24,29107.611328125,14781.5,8012.39990234375,7728.14990234375,31752.80078125,2419.550048828125,263.95001220703125,16116.2998046875,11582.599609375,16.239999771118164
2019-10-25,29395.607421875,14898.849609375,7986.35009765625,7736.5498046875,31685.599609375,2410.85009765625,264.8999938964844,16071.650390625,11583.900390625,15.319999694824219
2019-10-29,29872.703125,15181.400390625,8449.75,7824.60009765625,31950.75,2518.300048828125,267.29998779296875,16318.400390625,11786.849609375,16.420000076293945
2019-10-30,29987.15234375,15395.650390625,8428.900390625,7819.35009765625,32274.099609375,2514.25,265.8500061035156,16463.80078125,11844.099609375,16.65999984741211
2019-10-31,30065.900390625,15559.400390625,8449.5,7878.14990234375,32319.75,2500.75,269.0,16486.150390625,11877.4501953125,16.280000686645508
2019-11-01,30330.19921875,15471.2001953125,8392.900390625,7949.4501953125,32449.849609375,2561.75,271.1499938964844,16381.0498046875,11890.599609375,15.729999542236328
2019-11-04,30332.74609375,15591.2998046875,8280.349609375,7966.85009765625,32255.69921875,2642.14990234375,269.6000061035156,16373.5,11941.2998046875,15.930000305175781
2019-11-05,30219.498046875,15533.4501953125,8256.150390625,7879.5498046875,32361.44921875,2616.949951171875,267.70001220703125,16274.7998046875,11917.2001953125,15.920000076293945
2019-11-06,30609.244140625,15561.2998046875,8258.849609375,7926.35009765625,32393.0,2633.449951171875,274.04998779296875,16209.099609375,11966.0498046875,15.779999732971191
2019-11-07,30632.794921875,15624.400390625,8239.900390625,7966.0,32535.900390625,2659.050048828125,276.45001220703125,16194.650390625,12012.0498046875,15.210000038146973
2019-11-08,30749.04296875,15383.2998046875,8169.64990234375,7787.39990234375,31947.5,2612.949951171875,281.04998779296875,15911.0,11908.150390625,15.859999656677246
2019-11-11,31115.189453125,15308.5498046875,8159.0,7784.89990234375,31802.55078125,2610.10009765625,283.3999938964844,15934.650390625,11913.4501953125,16.25
2019-11-13,30541.1953125,15240.9501953125,8150.2001953125,7660.4501953125,31582.44921875,2556.64990234375,278.29998779296875,15962.650390625,11840.4501953125,16.459999084472656
2019-11-14,30749.591796875,15388.75,8190.89990234375,7591.4501953125,31439.44921875,2506.60009765625,277.6499938964844,15905.0,11872.099609375,15.649999618530273
2019-11-15,31008.0390625,15310.650390625,8153.89990234375,7720.60009765625,31289.69921875,2498.800048828125,276.95001220703125,15856.650390625,11895.4501953125,15.029999732971191
2019-11-18,30991.740234375,15295.25,8119.0,7816.5498046875,31165.25,2539.64990234375,277.8999938964844,15883.2001953125,11884.5,15.760000228881836
2019-11-19,31235.88671875,15304.849609375,8063.9501953125,7851.4501953125,30972.94921875,2517.949951171875,278.04998779296875,16114.4501953125,11940.099609375,15.40999984741211
2019-11-20,31353.484375,15318.5,8083.7998046875,8107.60009765625,31089.349609375,2524.89990234375,273.95001220703125,16337.400390625,11999.099609375,15.15999984741211
2019-11-21,31349.583984375,15293.9501953125,8004.64990234375,8068.9501953125,30893.55078125,2470.449951171875,275.45001220703125,16085.4501953125,11968.400390625,14.979999542236328
2019-11-22,31111.23828125,14995.900390625,8034.9501953125,8067.2001953125,30809.55078125,2521.14990234375,275.8500061035156,16221.400390625,11914.400390625,14.869999885559082
2019-11-25,31555.533203125,15100.599609375,8174.75,8211.5498046875,31085.599609375,2602.0,280.70001220703125,16274.0498046875,12073.75,15.0
2019-11-26,31717.98046875,14922.150390625,8099.89990234375,8177.85009765625,31055.349609375,2580.550048828125,278.1000061035156,16176.0498046875,12037.7001953125,14.84000015258789
2019-11-27,31875.578125,15022.150390625,8202.849609375,8246.099609375,31221.94921875,2602.85009765625,276.29998779296875,16271.849609375,12100.7001953125,14.619999885559082
2019-11-28,32122.576171875,15121.7998046875,8179.75,8273.650390625,31263.400390625,2656.85009765625,279.29998779296875,16367.0498046875,12151.150390625,13.989999771118164
2019-11-29,31945.728515625,14998.0498046875,8086.0,8189.9501953125,30975.5,2625.5,282.04998779296875,16232.150390625,12056.0498046875,13.899999618530273
2019-12-02,31871.078125,14852.0,8012.75,8128.9501953125,30889.5,2632.64990234375,281.04998779296875,16258.5,12048.2001953125,14.199999809265137
2019-12-03,31612.982421875,14920.75,7964.25,8044.85009765625,30677.5,2564.199951171875,284.79998779296875,16111.650390625,11994.2001953125,14.5600004196167
2019-12-04,31978.9296875,15175.150390625,7996.5498046875,8121.5,30705.55078125,2604.0,285.3500061035156,16031.5,12043.2001953125,13.319999694824219
2019-12-05,31712.580078125,15367.5,7941.7998046875,8051.85009765625,30795.099609375,2543.949951171875,285.8500061035156,15930.099609375,12018.400390625,14.3100004196167
2019-12-06,31341.185546875,15289.599609375,7806.60009765625,7957.5498046875,30536.44921875,2535.85009765625,283.3999938964844,15811.75,11921.5,13.640000343322754
2019-12-09,31316.287109375,15157.150390625,7863.2998046875,7960.35009765625,30375.0,2551.699951171875,280.45001220703125,15950.5,11937.5,14.600000381469727
2019-12-10,31159.98828125,14946.5498046875,7801.35009765625,7940.5,30059.0,2515.89990234375,277.8999938964844,15682.650390625,11856.7998046875,14.289999961853027
2019-12-11,31256.38671875,15130.2998046875,7838.39990234375,7967.85009765625,30102.44921875,2509.550048828125,280.5,15834.099609375,11910.150390625,13.380000114440918
2019-12-12,31665.08203125,14972.650390625,7941.7001953125,8045.35009765625,30227.94921875,2568.800048828125,282.8999938964844,15949.9501953125,11971.7998046875,13.350000381469727
2019-12-13,32013.876953125,15200.5498046875,8069.7001953125,8045.0498046875,30426.25,2626.75,287.6499938964844,16068.0498046875,12086.7001953125,13.300000190734863
2019-12-16,31973.828125,15348.75,7990.7998046875,8025.85009765625,30043.099609375,2591.10009765625,289.3500061035156,15974.2001953125,12053.9501953125,13.420000076293945
2019-12-17,32139.876953125,15637.150390625,8039.89990234375,7999.60009765625,30182.05078125,2665.75,288.6000061035156,15975.5498046875,12165.0,12.520000457763672
2019-12-18,32243.875,15710.650390625,8082.35009765625,8091.10009765625,30291.05078125,2687.64990234375,290.54998779296875,15956.849609375,12221.650390625,12.34000015258789
2019-12-19,32241.07421875,15812.9501953125,8165.5,8073.0498046875,30386.099609375,2691.10009765625,290.3999938964844,16112.900390625,12259.7001953125,12.119999885559082
2019-12-20,32384.572265625,15844.5498046875,8133.5498046875,8049.4501953125,30356.349609375,2707.5,291.95001220703125,16081.150390625,12271.7998046875,12.329999923706055
2019-12-23,32339.07421875,15865.5,8180.5,8051.5,30217.94921875,2706.35009765625,290.70001220703125,15971.599609375,12262.75,11.960000038146973
2019-12-24,32280.375,15778.2001953125,8152.60009765625,8073.7998046875,30197.55078125,2723.14990234375,291.95001220703125,15861.2998046875,12214.5498046875,11.630000114440918
2019-12-26,31997.328125,15706.4501953125,8129.64990234375,7997.60009765625,30063.55078125,2739.0,291.3999938964844,15705.2998046875,12126.5498046875,11.119999885559082
2019-12-27,32411.97265625,15780.7001953125,8205.900390625,8068.0498046875,30145.44921875,2760.35009765625,296.1000061035156,15944.9501953125,12245.7998046875,10.529999732971191
2019-12-30,32354.5234375,15775.0,8325.400390625,8083.10009765625,30225.349609375,2796.5,296.45001220703125,15962.150390625,12255.849609375,11.010000228881836
2019-12-31,32161.27734375,15652.400390625,8248.2998046875,8040.14990234375,30121.5,2801.300048828125,298.54998779296875,15908.2001953125,12168.4501953125,11.670000076293945
2020-01-01,32102.52734375,15722.150390625,8210.099609375,8047.10009765625,30121.5,2796.050048828125,297.8500061035156,15987.7998046875,12182.5,11.670000076293945
2020-01-02,32443.47265625,15709.650390625,8267.4501953125,8053.9501953125,30266.19921875,2869.89990234375,301.0,16128.5,12282.2001953125,11.489999771118164
2020-01-03,32068.876953125,15936.599609375,8168.14990234375,8111.9501953125,30109.25,2848.35009765625,299.6499938964844,16054.7998046875,12226.650390625,12.699999809265137
2020-01-06,31236.787109375,15879.7998046875,7978.75,7987.35009765625,29799.30078125,2765.75,292.3999938964844,15737.0498046875,11993.0498046875,14.779999732971191
2020-01-07,31399.03515625,15895.2001953125,8002.5,8036.5,29861.80078125,2785.89990234375,298.04998779296875,15793.75,12052.9501953125,14.609999656677246
2020-01-08,31373.28515625,15953.4501953125,7942.75,7996.14990234375,29893.19921875,2767.25,297.04998779296875,15664.9501953125,12025.349609375,15.640000343322754
2020-01-09,32092.02734375,15925.150390625,8155.25,8033.14990234375,30123.599609375,2806.800048828125,305.1499938964844,15900.349609375,12215.900390625,14.0
2020-01-10,32097.02734375,15959.900390625,8225.5,8058.5,30370.44921875,2840.75,310.6499938964844,15940.150390625,12256.7998046875,14.079999923706055
2020-01-13,32177.27734375,16225.900390625,8235.849609375,8078.4501953125,30713.44921875,2874.10009765625,317.1499938964844,16043.349609375,12329.5498046875,14.279999732971191
2020-01-14,32071.27734375,16362.349609375,8289.2998046875,8117.0,31145.400390625,2900.64990234375,316.75,16053.25,12362.2998046875,13.90999984741211
2020-01-15,31824.53125,16346.849609375,8385.349609375,8166.2001953125,31237.099609375,2921.449951171875,320.8999938964844,16019.0,12343.2998046875,14.119999885559082
2020-01-16,31853.529296875,16381.650390625,8395.900390625,8203.099609375,31338.19921875,2884.800048828125,323.79998779296875,15974.400390625,12355.5,14.180000305175781
2020-01-17,31590.283203125,16356.599609375,8427.599609375,8345.2998046875,31371.44921875,2864.64990234375,324.1499938964844,16077.650390625,12352.349609375,14.130000114440918
2020-01-20,31080.2890625,16207.150390625,8352.7001953125,8269.349609375,31426.75,2835.85009765625,325.79998779296875,15854.849609375,12224.5498046875,15.40999984741211
2020-01-21,30947.19140625,16175.2001953125,8245.900390625,8274.2001953125,31145.94921875,2799.949951171875,321.1499938964844,15776.9501953125,12169.849609375,15.859999656677246
2020-01-22,30701.091796875,16334.5498046875,8169.14990234375,8256.650390625,31153.150390625,2756.75,320.8500061035156,15534.599609375,12106.900390625,16.360000610351562
2020-01-23,31003.689453125,16474.400390625,8241.75,8300.2001953125,31226.900390625,2769.25,327.6499938964844,15704.849609375,12180.349609375,15.859999656677246
2020-01-24,31241.38671875,16472.75,8274.849609375,8294.0498046875,31474.900390625,2796.199951171875,328.6499938964844,15674.650390625,12248.25,15.5600004196167
2020-01-27,30837.041015625,16393.55078125,8258.150390625,8416.349609375,31149.69921875,2709.75,326.79998779296875,15489.25,12119.0,17.18000030517578
2020-01-28,30761.04296875,16429.75,8156.0498046875,8420.25,31027.05078125,2642.25,326.95001220703125,15363.349609375,12055.7998046875,17.299999237060547
2020-01-29,30876.640625,16479.30078125,8220.400390625,8412.7998046875,31426.25,2665.85009765625,328.5,15451.900390625,12129.5,16.5
2020-01-30,30647.044921875,16327.900390625,8181.4501953125,8237.0498046875,30936.44921875,2628.89990234375,327.1499938964844,15244.7998046875,12035.7998046875,16.799999237060547
2020-01-31,30833.2421875,16144.150390625,8086.5498046875,8138.60009765625,30775.30078125,2569.0,331.04998779296875,14838.7998046875,11962.099609375,17.3700008392334
2020-02-03,30022.900390625,16059.900390625,7988.35009765625,7967.5498046875,30435.30078125,2510.949951171875,310.0,14499.75,11707.900390625,15.779999732971191
2020-02-04,30686.341796875,16350.849609375,8100.7998046875,8122.39990234375,30744.0,2594.25,318.6000061035156,14953.7998046875,11979.650390625,14.380000114440918
2020-02-05,31001.58984375,16448.55078125,8131.7001953125,8125.60009765625,30934.400390625,2665.39990234375,326.3999938964844,15099.150390625,12089.150390625,14.170000076293945
2020-02-06,31303.6875,16371.150390625,8142.14990234375,8227.900390625,30736.599609375,2688.75,326.25,15228.7998046875,12137.9501953125,13.779999732971191
2020-02-07,31201.5859375,16470.150390625,8064.60009765625,8341.849609375,30809.5,2710.800048828125,320.29998779296875,15189.9501953125,12098.349609375,13.75
2020-02-10,31057.7890625,16431.94921875,7860.5498046875,8261.25,30528.44921875,2628.89990234375,317.1000061035156,15025.5,12031.5,14.210000038146973
2020-02-11,31300.236328125,16452.30078125,7892.39990234375,8324.650390625,30414.55078125,2651.75,317.79998779296875,15233.4501953125,12107.900390625,13.880000114440918
2020-02-12,31492.53515625,16538.099609375,7933.7998046875,8265.0498046875,30986.25,2668.25,315.20001220703125,15234.2001953125,12201.2001953125,13.619999885559082
2020-02-13,31229.88671875,16673.05078125,7914.89990234375,8335.7001953125,31039.30078125,2651.60009765625,313.79998779296875,15191.25,12174.650390625,13.369999885559082
2020-02-14,30834.443359375,16642.75,7822.2001953125,8331.7001953125,30646.75,2613.60009765625,310.29998779296875,15048.650390625,12113.4501953125,13.619999885559082
2020-02-17,30680.341796875,16647.69921875,7770.5,8204.849609375,30481.05078125,2586.699951171875,305.70001220703125,14816.4501953125,12045.7998046875,14.420000076293945
2020-02-18,30562.14453125,16748.75,7692.2998046875,8198.2998046875,30360.599609375,2556.050048828125,302.8500061035156,14789.849609375,11992.5,14.510000228881836
2020-02-19,30837.83984375,16772.5,7687.35009765625,8378.650390625,30835.0,2591.050048828125,306.20001220703125,15057.2001953125,12125.900390625,14.020000457763672
2020-02-20,30942.490234375,16649.400390625,7697.89990234375,8364.349609375,30636.25,2612.25,306.25,14987.650390625,12080.849609375,13.699999809265137
2020-02-24,30454.74609375,16461.80078125,7429.10009765625,8115.5498046875,30147.599609375,2469.60009765625,299.75,14627.4501953125,11829.400390625,17.0
2020-02-25,30432.345703125,16562.5,7366.0,7938.4501953125,30173.19921875,2470.35009765625,302.54998779296875,14455.849609375,11797.900390625,16.899999618530273
2020-02-26,30306.498046875,16332.25,7207.9501953125,7839.2001953125,29965.55078125,2430.0,297.5,14189.7001953125,11678.5,18.260000228881836
2020-02-27,30186.6484375,16123.7998046875,7178.85009765625,7885.14990234375,29981.19921875,2410.050048828125,290.29998779296875,14069.0498046875,11633.2998046875,17.770000457763672
2020-02-28,29146.8125,15212.9501953125,6903.9501953125,7576.75,29310.25,2246.050048828125,280.54998779296875,13651.0,11201.75,23.239999771118164
2020-03-02,28868.064453125,15427.650390625,6856.89990234375,7535.10009765625,29138.900390625,2197.60009765625,279.6499938964844,13419.0498046875,11132.75,25.200000762939453
2020-03-03,29176.7109375,15723.2001953125,6986.64990234375,7920.60009765625,29406.19921875,2320.75,284.1499938964844,13863.7001953125,11303.2998046875,24.540000915527344
2020-03-04,28653.365234375,15864.2998046875,6938.85009765625,8086.5498046875,29223.75,2304.300048828125,281.04998779296875,13876.650390625,11251.0,24.229999542236328
2020-03-05,28815.015625,15871.349609375,6953.75,8146.0,29530.5,2284.85009765625,277.8500061035156,13743.650390625,11269.0,23.25
2020-03-06,27801.126953125,15663.5,6895.0,8018.2998046875,28937.0,2183.89990234375,269.75,13342.599609375,10989.4501953125,25.639999389648438
2020-03-09,26462.29296875,14854.900390625,6632.14990234375,7756.4501953125,28056.5,2020.050048828125,260.0,12480.2998046875,10451.4501953125,30.799999237060547
2020-03-11,26487.4921875,14681.400390625,6568.4501953125,7623.0498046875,28078.75,1986.949951171875,255.25,12398.7001953125,10458.400390625,31.559999465942383
2020-03-12,23970.87109375,13384.849609375,6033.39990234375,6942.5498046875,26083.0,1800.5999755859375,230.3000030517578,11204.900390625,9590.150390625,41.15999984741211
2020-03-13,25166.15625,13539.099609375,6182.0,7268.0,26208.0,1903.3499755859375,235.85000610351562,11721.25,9955.2001953125,51.470001220703125
2020-03-16,23100.8828125,12451.349609375,5843.7001953125,6959.35009765625,24707.650390625,1730.5999755859375,216.14999389648438,11017.4501953125,9197.400390625,58.880001068115234
2020-03-17,22154.892578125,12099.25,5803.85009765625,6979.10009765625,24929.849609375,1710.449951171875,211.0,10960.2998046875,8967.0498046875,62.93000030517578
2020-03-18,20579.9609375,11753.0,5516.5,6705.75,24186.5,1664.199951171875,197.75,10466.900390625,8468.7998046875,63.959999084472656
2020-03-19,20083.265625,11340.0,5180.5,6655.5,23970.75,1574.199951171875,191.1999969482422,10042.9501953125,8263.4501953125,72.19999694824219
2020-03-20,20317.36328125,12363.4501953125,5370.14990234375,6951.89990234375,25931.599609375,1692.8499755859375,196.39999389648438,10910.099609375,8745.4501953125,67.0999984741211
2020-03-23,16917.453125,11179.599609375,4626.5,6432.2998046875,23184.05078125,1496.449951171875,174.10000610351562,9850.5,7610.25,71.98999786376953
2020-03-24,17107.1015625,11865.0498046875,4693.35009765625,6611.0498046875,23935.30078125,1502.4000244140625,170.64999389648438,10024.0,7801.0498046875,83.61000061035156
2020-03-25,18480.8359375,12233.349609375,4936.14990234375,6695.5498046875,24471.69921875,1541.199951171875,175.10000610351562,10558.5,8317.849609375,77.62999725341797
2020-03-26,19613.671875,12535.599609375,5061.2998046875,6775.0,25680.099609375,1542.949951171875,185.8000030517578,10640.7001953125,8641.4501953125,71.52999877929688
2020-03-27,19968.767578125,12569.099609375,4938.7001953125,6813.0498046875,25740.44921875,1554.8499755859375,185.0500030517578,10626.2998046875,8660.25,70.38999938964844
2020-03-30,18782.181640625,12318.7998046875,4669.14990234375,6896.0,25831.55078125,1507.699951171875,171.60000610351562,10401.099609375,8281.099609375,71.88999938964844
2020-03-31,19143.77734375,12763.650390625,4731.2998046875,7176.5,27319.19921875,1585.9000244140625,175.5,11124.150390625,8597.75,64.41000366210938
2020-04-01,18208.138671875,12045.849609375,4657.5498046875,7026.7001953125,26358.80078125,1553.550048828125,172.10000610351562,10771.900390625,8253.7998046875,60.04999923706055
2020-04-03,17249.099609375,11680.0498046875,4517.75,7361.60009765625,26537.75,1522.9000244140625,172.0500030517578,10888.400390625,8083.7998046875,55.29999923706055
2020-04-07,19062.279296875,12588.9501953125,4951.5498046875,8124.85009765625,28745.30078125,1637.0,183.0,11667.75,8792.2001953125,51.79999923706055
2020-04-08,18946.228515625,12491.5498046875,5043.60009765625,8412.2001953125,28839.900390625,1624.8499755859375,180.5,11685.150390625,8748.75,52.2400016784668
2020-04-09,19913.3671875,12728.5498046875,5568.4501953125,8800.4501953125,28953.19921875,1705.449951171875,185.75,11987.0,9111.900390625,49.75
2020-04-13,19487.7734375,12603.099609375,5432.10009765625,9044.349609375,28509.849609375,1738.4000244140625,176.6999969482422,11830.650390625,8993.849609375,51.459999084472656
2020-04-15,19056.830078125,12702.599609375,5333.0,9038.7998046875,29686.94921875,1752.9000244140625,179.9499969482422,11721.900390625,8925.2998046875,49.7400016784668
2020-04-16,19399.775390625,12463.599609375,5394.14990234375,9199.2998046875,29512.30078125,1779.75,181.3000030517578,11978.75,8992.7998046875,46.099998474121094
2020-04-17,20681.208984375,12649.25,5668.89990234375,9157.75,29202.349609375,1816.5,187.8000030517578,12281.150390625,9266.75,42.59000015258789
2020-04-20,20522.412109375,12847.650390625,5591.0,9149.2001953125,28598.099609375,1756.449951171875,188.89999389648438,12402.0498046875,9261.849609375,43.459999084472656
2020-04-21,19409.123046875,12408.849609375,5294.0498046875,9381.650390625,28480.599609375,1666.5999755859375,185.4499969482422,12090.5498046875,8981.4501953125,45.20000076293945
2020-04-22,19701.62109375,12571.2998046875,5426.85009765625,9377.0,29185.150390625,1673.300048828125,184.0500030517578,12485.7998046875,9187.2998046875,42.81999969482422
2020-04-23,20267.712890625,13128.2001953125,5464.75,9388.900390625,28786.25,1694.75,185.4499969482422,12438.7001953125,9313.900390625,39.22999954223633
2020-04-24,19586.421875,12816.2001953125,5377.25,9518.4501953125,28636.69921875,1645.199951171875,177.6999969482422,12500.7998046875,9154.400390625,39.119998931884766
2020-04-27,20080.916015625,13121.150390625,5433.2001953125,9602.0498046875,29052.55078125,1666.5999755859375,180.10000610351562,12581.9501953125,9282.2998046875,38.040000915527344
2020-04-28,20670.859375,13133.650390625,5447.10009765625,9386.2001953125,28778.150390625,1661.6500244140625,181.5,12547.7001953125,9380.900390625,35.349998474121094
2020-04-29,21089.953125,13424.9501953125,5543.75,9385.4501953125,28665.0,1723.800048828125,183.14999389648438,12611.5498046875,9553.349609375,33.84000015258789
2020-04-30,21534.25,14108.400390625,5901.39990234375,9327.099609375,28669.30078125,1859.9000244140625,187.3000030517578,13154.7001953125,9859.900390625,33.9900016784668
2020-05-04,19743.521484375,13454.25,5476.2001953125,9364.599609375,27599.0,1713.800048828125,174.3000030517578,12726.650390625,9293.5,43.66999816894531
2020-05-05,19271.525390625,13388.0498046875,5451.89990234375,9181.5,27138.599609375,1693.6500244140625,169.3000030517578,12897.900390625,9205.599609375,43.61000061035156
2020-05-06,19694.322265625,13394.7001953125,5552.39990234375,9227.150390625,26630.19921875,1697.949951171875,171.0,12912.400390625,9270.900390625,41.25
2020-05-07,19491.57421875,13292.7001953125,5519.0,9148.099609375,26254.55078125,1695.550048828125,170.64999389648438,12829.400390625,9199.0498046875,39.93000030517578
2020-05-08,19352.67578125,13403.599609375,5447.75,9343.349609375,26759.80078125,1676.550048828125,169.5500030517578,12896.7001953125,9251.5,38.40999984741211
2020-05-11,18950.279296875,13593.5498046875,5679.7001953125,9307.2998046875,26667.80078125,1697.9000244140625,171.10000610351562,12920.150390625,9239.2001953125,38.040000915527344
2020-05-12,18862.630859375,13687.75,5708.9501953125,9246.650390625,26857.150390625,1717.550048828125,172.4499969482422,12664.400390625,9196.5498046875,38.209999084472656
2020-05-13,19634.720703125,13776.9501953125,5844.60009765625,9147.75,26746.5,1760.5999755859375,178.39999389648438,12911.4501953125,9383.5498046875,38.84000015258789
2020-05-14,19068.279296875,13293.75,5804.0498046875,9172.2001953125,26933.650390625,1715.050048828125,175.1999969482422,12485.9501953125,9142.75,38.18000030517578
2020-05-15,18833.73046875,13196.349609375,5745.7001953125,9093.0,26958.650390625,1742.5999755859375,172.5,12615.4501953125,9136.849609375,38.02000045776367
2020-05-18,17572.994140625,13314.400390625,5430.0498046875,9092.650390625,26694.650390625,1673.5,163.3000030517578,12214.5498046875,8823.25,40.91999816894531
2020-05-19,17486.046875,13446.599609375,5486.14990234375,9084.599609375,26895.75,1693.550048828125,162.14999389648438,12247.7001953125,8879.099609375,39.45000076293945
2020-05-20,17839.9921875,13517.400390625,5603.7998046875,9456.7998046875,27290.349609375,1711.5,165.75,12508.5,9066.5498046875,35.810001373291016
2020-05-21,17734.892578125,13647.900390625,5749.89990234375,9520.5498046875,27887.099609375,1742.9000244140625,165.5,12502.599609375,9106.25,32.9900016784668
2020-05-22,17278.69921875,13842.650390625,5767.0,9600.650390625,27786.099609375,1710.449951171875,163.5500030517578,12463.5498046875,9039.25,32.380001068115234
2020-05-26,17440.146484375,13574.9501953125,5854.2998046875,9483.5,28122.30078125,1756.3499755859375,165.5,12519.5498046875,9029.0498046875,31.469999313354492
2020-05-27,18710.333984375,13952.900390625,5896.9501953125,9463.7001953125,28222.400390625,1801.25,168.39999389648438,12715.9501953125,9314.9501953125,31.270000457763672
2020-05-28,19169.578125,14028.599609375,6112.2998046875,9464.5,28451.599609375,1844.5,172.6999969482422,12845.0,9490.099609375,30.020000457763672
2020-05-29,19297.025390625,14010.5,6218.7998046875,9768.599609375,29296.94921875,1879.8499755859375,180.10000610351562,13060.5,9580.2998046875,30.219999313354492
2020-06-01,19959.66796875,14307.099609375,6419.5,9802.099609375,29571.30078125,1952.5,185.60000610351562,13345.599609375,9826.150390625,30.739999771118164
2020-06-02,20529.9609375,14422.400390625,6471.2998046875,9833.599609375,29359.849609375,1956.0999755859375,194.75,13479.900390625,9979.099609375,30.1200008392334
2020-06-03,20940.455078125,14361.7001953125,6498.64990234375,9864.0498046875,29527.0,1952.699951171875,200.85000610351562,13519.5498046875,10061.5498046875,30.040000915527344
2020-06-04,20390.212890625,14627.4501953125,6511.35009765625,10077.849609375,29621.55078125,1972.9000244140625,197.35000610351562,13704.599609375,10029.099609375,29.690000534057617
2020-06-05,21034.255859375,14627.4501953125,6628.75,10081.2998046875,29542.0,2049.699951171875,202.0,13925.400390625,10142.150390625,28.68000030517578
2020-06-08,21187.103515625,14894.599609375,6610.5498046875,9939.099609375,29502.150390625,2044.8499755859375,202.64999389648438,14140.5498046875,10167.4501953125,29.649999618530273
2020-06-09,20724.66015625,14737.849609375,6577.7001953125,10122.0498046875,29524.900390625,2022.5,202.64999389648438,13894.900390625,10046.650390625,30.209999084472656
2020-06-10,21099.853515625,14842.0498046875,6502.64990234375,10149.25,29503.19921875,2010.800048828125,206.60000610351562,13954.2998046875,10116.150390625,29.440000534057617
2020-06-11,20524.912109375,14619.4501953125,6373.60009765625,9933.400390625,29092.44921875,1954.8499755859375,202.3000030517578,13745.7001953125,9902.0,29.65999984741211
2020-06-12,20654.310546875,14402.75,6559.39990234375,9982.7998046875,29145.599609375,1966.0999755859375,204.64999389648438,13855.75,9972.900390625,30.81999969482422
2020-06-15,19912.66796875,14396.7001953125,6443.0,9989.0498046875,28701.80078125,1928.550048828125,198.5,13815.4501953125,9813.7001953125,32.58000183105469
2020-06-16,20296.462890625,14450.7998046875,6451.0498046875,9926.400390625,28575.349609375,1955.9000244140625,196.85000610351562,13780.5498046875,9914.0,32.970001220703125
2020-06-17,20201.515625,14478.4501953125,6503.5,9977.2001953125,28431.75,1940.449951171875,198.35000610351562,13742.9501953125,9881.150390625,33.349998474121094
2020-06-18,20956.056640625,14551.25,6535.89990234375,9975.2998046875,28648.69921875,1998.6500244140625,200.14999389648438,14023.4501953125,10091.650390625,31.459999084472656
2020-06-19,21337.8515625,14499.7998046875,6634.5,10002.150390625,28709.44921875,1997.550048828125,212.9499969482422,14535.25,10244.400390625,29.969999313354492
2020-06-22,21708.09765625,14463.7001953125,6729.10009765625,10218.349609375,28865.44921875,2049.800048828125,215.0500030517578,14675.599609375,10311.2001953125,30.459999084472656
2020-06-23,22264.642578125,14680.400390625,6789.2001953125,10360.7998046875,29355.19921875,2085.800048828125,221.25,14837.5498046875,10471.0,29.34000015258789
2020-06-24,21426.55078125,14581.4501953125,6742.7998046875,10110.5,29487.400390625,2042.3499755859375,215.39999389648438,14603.650390625,10305.2998046875,29.579999923706055
2020-06-25,21505.900390625,14411.2001953125,6737.85009765625,10193.150390625,30113.25,2030.800048828125,213.1999969482422,14505.2001953125,10288.900390625,29.729999542236328
2020-06-26,21591.80078125,14994.650390625,6731.4501953125,10137.849609375,29757.05078125,2043.3499755859375,211.1999969482422,14832.650390625,10383.0,28.739999771118164
2020-06-29,21358.751953125,14768.0,6645.85009765625,10135.900390625,29971.650390625,1989.5,203.6999969482422,14588.5,10312.400390625,28.90999984741211
2020-06-30,21369.90234375,14754.2998046875,6719.14990234375,9985.150390625,30063.25,1991.3499755859375,202.64999389648438,14396.5498046875,10302.099609375,29.1200008392334
2020-07-01,21977.34375,14732.150390625,6718.60009765625,9882.849609375,30232.5,1997.3499755859375,201.1999969482422,14474.349609375,10430.0498046875,28.1200008392334
2020-07-02,21952.943359375,15122.5498046875,6907.10009765625,9943.650390625,30316.19921875,2017.0,201.0500030517578,14625.2001953125,10551.7001953125,26.510000228881836
2020-07-03,21852.146484375,15285.900390625,6971.0498046875,9963.400390625,30529.099609375,2008.5,203.10000610351562,14771.0498046875,10607.349609375,25.770000457763672
2020-07-06,22198.69140625,15464.9501953125,7171.75,9901.25,30647.650390625,2058.14990234375,209.1999969482422,14997.849609375,10763.650390625,25.200000762939453
2020-07-07,22627.736328125,15784.9501953125,7199.5498046875,9878.0,30518.19921875,2022.5999755859375,207.75,14696.7001953125,10799.650390625,25.100000381469727
2020-07-08,22584.388671875,15513.650390625,7059.35009765625,9948.5,30773.900390625,2054.300048828125,203.6999969482422,14554.349609375,10705.75,26.100000381469727
2020-07-09,22906.93359375,15535.9501953125,7085.60009765625,9987.5498046875,30671.75,2094.300048828125,204.75,14620.849609375,10813.4501953125,24.90999984741211
2020-07-10,22398.189453125,15565.2001953125,7041.10009765625,10072.25,30821.150390625,2078.199951171875,206.10000610351562,14698.5,10768.0498046875,24.940000534057617
2020-07-13,22088.994140625,15819.2001953125,7084.4501953125,10106.599609375,31214.900390625,2105.14990234375,202.8000030517578,14835.099609375,10802.7001953125,25.25
2020-07-14,21391.951171875,15640.5498046875,6916.0,10155.0498046875,30932.849609375,2052.449951171875,199.6999969482422,14581.900390625,10607.349609375,26.639999389648438
2020-07-15,21340.501953125,16459.849609375,6931.0498046875,10210.75,31140.44921875,2055.75,195.60000610351562,14302.9501953125,10618.2001953125,26.290000915527344
2020-07-16,21596.8984375,16926.05078125,7015.89990234375,10382.2998046875,31182.349609375,2070.64990234375,195.60000610351562,14339.900390625,10739.9501953125,25.360000610351562
2020-07-17,21966.544921875,16821.349609375,7137.2998046875,10472.150390625,31439.30078125,2103.0,196.39999389648438,14942.25,10901.7001953125,24.15999984741211
2020-07-20,22321.58984375,17258.30078125,7175.85009765625,10304.599609375,31536.349609375,2106.0,197.25,14936.0,11022.2001953125,24.709999084472656
2020-07-21,22781.734375,17273.19921875,7295.75,10153.7998046875,31280.25,2118.60009765625,201.10000610351562,15457.349609375,11162.25,24.43000030517578
2020-07-22,22882.333984375,17076.05078125,7203.9501953125,10175.2001953125,31051.599609375,2113.949951171875,199.0500030517578,15565.400390625,11132.599609375,24.889999389648438
2020-07-23,23083.6328125,17045.19921875,7301.0498046875,10322.150390625,31101.900390625,2131.39990234375,201.85000610351562,15803.25,11215.4501953125,24.639999389648438
2020-07-24,22661.787109375,17286.0,7218.64990234375,10237.9501953125,31018.849609375,2087.5,198.39999389648438,15895.849609375,11194.150390625,24.540000915527344
2020-07-27,21848.49609375,17626.75,7186.4501953125,10062.0498046875,30819.75,2094.39990234375,195.10000610351562,15903.0498046875,11131.7998046875,25.020000457763672
2020-07-28,22104.94140625,18042.75,7416.89990234375,10128.0498046875,30910.900390625,2141.300048828125,198.25,16001.9501953125,11300.5498046875,23.639999389648438
2020-07-29,22076.34375,17880.5,7330.25,10441.150390625,30948.5,2160.75,198.3000030517578,15737.5498046875,11202.849609375,24.110000610351562
2020-07-30,21646.59765625,18003.55078125,7287.85009765625,10766.0498046875,30696.400390625,2135.14990234375,198.14999389648438,15439.0,11102.150390625,24.729999542236328
2020-07-31,21639.798828125,18071.849609375,7279.75,11148.900390625,30872.44921875,2147.300048828125,201.0,15309.150390625,11073.4501953125,24.190000534057617
2020-08-03,21071.85546875,17965.80078125,7240.25,11128.400390625,30759.80078125,2156.14990234375,198.5500030517578,15055.5498046875,10891.599609375,25.190000534057617
2020-08-04,21490.25,17808.0,7353.9501953125,11316.9501953125,30901.650390625,2177.35009765625,202.25,15408.150390625,11095.25,23.81999969482422
2020-08-05,21509.69921875,17869.80078125,7489.10009765625,11263.75,30863.599609375,2263.800048828125,202.39999389648438,15328.2998046875,11101.650390625,23.56999969482422
2020-08-06,21642.34765625,18188.75,7498.25,11403.650390625,31287.599609375,2294.75,204.60000610351562,15408.150390625,11200.150390625,23.149999618530273
2020-08-07,21753.748046875,18004.150390625,7554.4501953125,11333.0,31490.599609375,2314.35009765625,203.9499969482422,15498.0498046875,11214.0498046875,22.579999923706055
2020-08-10,21899.99609375,18159.55078125,7621.2998046875,11941.400390625,31621.75,2332.0,209.75,15515.349609375,11270.150390625,22.510000228881836
2020-08-11,22226.94140625,18057.099609375,7630.35009765625,11772.25,31767.75,2370.64990234375,208.60000610351562,15588.25,11322.5,21.360000610351562
2020-08-12,22263.7421875,18066.0,7785.0498046875,11590.25,31636.69921875,2354.800048828125,207.0500030517578,15549.0,11308.400390625,20.850000381469727
2020-08-13,22196.091796875,18107.19921875,7879.75,11477.9501953125,31668.150390625,2380.64990234375,208.9499969482422,15540.5498046875,11300.4501953125,20.56999969482422
2020-08-14,21679.1484375,18022.650390625,7677.64990234375,11640.400390625,31237.94921875,2405.800048828125,207.10000610351562,15394.9501953125,11178.400390625,21.670000076293945
2020-08-17,21700.59765625,18223.599609375,7865.5498046875,11595.349609375,31545.150390625,2464.25,209.14999389648438,15588.4501953125,11247.099609375,21.309999465942383
2020-08-18,22170.341796875,18270.349609375,7941.85009765625,11581.7001953125,31726.150390625,2507.5,217.60000610351562,15634.349609375,11385.349609375,20.43000030517578
2020-08-19,22285.640625,18210.849609375,7941.35009765625,11537.900390625,31586.05078125,2513.14990234375,220.35000610351562,15712.0,11408.400390625,19.959999084472656
2020-08-20,21999.193359375,18126.099609375,7911.60009765625,11540.900390625,31439.900390625,2538.89990234375,221.3000030517578,15960.9501953125,11312.2001953125,20.6200008392334
2020-08-21,22299.33984375,18065.30078125,7934.7001953125,11614.900390625,31604.400390625,2523.60009765625,224.0500030517578,16085.349609375,11371.599609375,19.940000534057617
2020-08-24,22832.734375,18010.94921875,7948.39990234375,11572.25,31642.0,2526.10009765625,221.8000030517578,16071.0,11466.4501953125,19.229999542236328
2020-08-25,23091.8828125,17973.69921875,7983.60009765625,11500.0,31460.30078125,2507.5,217.0500030517578,15980.2001953125,11472.25,19.31999969482422
2020-08-26,23413.927734375,18128.0,8100.5,11484.5498046875,31408.44921875,2527.800048828125,218.8000030517578,16115.0498046875,11549.599609375,19.299999237060547
2020-08-27,23600.076171875,18102.650390625,8183.0,11588.0498046875,31314.44921875,2531.050048828125,232.8000030517578,15996.099609375,11559.25,18.899999618530273
2020-08-28,24523.515625,18122.0,8111.85009765625,11622.900390625,31253.44921875,2520.35009765625,233.10000610351562,15970.75,11647.599609375,18.350000381469727
2020-08-31,23754.07421875,17928.849609375,7840.35009765625,11079.7998046875,30595.150390625,2420.60009765625,222.75,15605.25,11387.5,22.84000015258789
2020-09-01,23811.72265625,17814.05078125,7885.9501953125,11339.5,30988.150390625,2496.75,224.5,15673.0498046875,11470.25,21.799999237060547
2020-09-02,23874.2734375,18077.0,7976.9501953125,11404.25,31084.349609375,2541.35009765625,225.75,15857.25,11535.0,21.110000610351562
2020-09-03,23530.576171875,18348.55078125,8049.5498046875,11511.849609375,31316.849609375,2527.300048828125,225.3000030517578,15734.75,11527.4501953125,20.5
2020-09-04,23011.232421875,18073.94921875,7996.5498046875,11281.4501953125,30828.650390625,2451.35009765625,220.0500030517578,15434.7001953125,11333.849609375,22.149999618530273
2020-09-07,22944.783203125,18176.80078125,7957.85009765625,11269.849609375,31003.849609375,2450.050048828125,218.0,15356.4501953125,11355.0498046875,22.010000228881836
2020-09-08,22744.13671875,18395.75,7888.0,11093.2001953125,30818.44921875,2376.85009765625,214.25,15336.4501953125,11317.349609375,22.719999313354492
2020-09-09,22266.740234375,18261.5,7903.10009765625,11304.099609375,30633.599609375,2397.199951171875,211.0500030517578,15365.849609375,11278.0,22.229999542236328
2020-09-10,22465.9375,18395.849609375,7945.0,11303.400390625,30778.75,2369.800048828125,212.25,15978.0498046875,11449.25,21.260000228881836
2020-09-11,22479.6875,18633.25,7956.7998046875,11313.2998046875,30972.25,2384.300048828125,214.9499969482422,15942.2998046875,11464.4501953125,20.709999084472656
2020-09-14,22100.9921875,19505.099609375,8035.35009765625,11233.2998046875,30760.5,2387.050048828125,222.9499969482422,15829.150390625,11440.0498046875,21.190000534057617
2020-09-15,22465.388671875,19627.30078125,8033.5,11450.5,30712.19921875,2385.550048828125,221.35000610351562,15898.599609375,11521.7998046875,20.600000381469727
2020-09-16,22573.2890625,19770.349609375,8156.2001953125,11688.5498046875,30837.55078125,2396.35009765625,226.35000610351562,15829.4501953125,11604.5498046875,19.65999984741211
2020-09-17,22320.08984375,19817.69921875,8128.64990234375,11735.9501953125,30651.75,2363.300048828125,222.5,15688.4501953125,11516.099609375,20.100000381469727
2020-09-18,22030.794921875,19827.099609375,8161.7001953125,12320.900390625,30460.849609375,2362.199951171875,226.75,15777.099609375,11504.9501953125,20.049999237060547
2020-09-21,21366.552734375,19729.0,7832.2001953125,11799.5498046875,29541.75,2240.35009765625,213.9499969482422,15366.2998046875,11250.5498046875,22.190000534057617
2020-09-22,21138.853515625,19866.099609375,7695.25,11876.849609375,29312.400390625,2213.949951171875,210.0,15064.900390625,11153.650390625,21.40999984741211
2020-09-23,21178.25390625,19805.650390625,7690.89990234375,11685.900390625,29322.349609375,2205.25,211.64999389648438,14956.599609375,11131.849609375,20.989999771118164
2020-09-24,20456.611328125,18973.05078125,7418.85009765625,11334.599609375,29044.94921875,2111.85009765625,205.10000610351562,14548.4501953125,10805.5498046875,23.510000228881836
2020-09-25,20982.10546875,19629.349609375,7669.5,11595.900390625,29633.5,2172.64990234375,209.39999389648438,14826.2998046875,11050.25,20.68000030517578
2020-09-28,21665.248046875,19783.05078125,7902.5498046875,11796.599609375,29886.19921875,2237.0,215.75,15210.2001953125,11227.5498046875,19.56999969482422
2020-09-29,21411.052734375,19831.80078125,7925.2001953125,11709.5,29434.80078125,2280.89990234375,213.14999389648438,15175.099609375,11222.400390625,19.770000457763672
2020-09-30,21451.55078125,19951.349609375,7908.10009765625,11772.849609375,29841.75,2242.550048828125,211.89999389648438,15026.9501953125,11247.5498046875,19.530000686645508
2020-10-01,22245.7421875,20110.400390625,7966.10009765625,11822.900390625,30009.55078125,2261.25,215.6999969482422,15049.7001953125,11416.9501953125,18.350000381469727
2020-10-05,22370.689453125,20809.0,7957.9501953125,12024.0,30112.150390625,2318.85009765625,216.25,14999.0498046875,11503.349609375,19.700000762939453
2020-10-06,22853.43359375,20896.75,8058.10009765625,12009.4501953125,30054.69921875,2302.699951171875,221.85000610351562,14966.7998046875,11662.400390625,19.639999389648438
2020-10-07,22964.533203125,21017.400390625,8170.0498046875,11915.0,30168.80078125,2267.75,217.75,14914.400390625,11738.849609375,20.059999465942383
2020-10-08,23191.080078125,21697.25,8183.7001953125,12209.2001953125,30136.05078125,2272.39990234375,219.0,14780.150390625,11834.599609375,20.3799991607666
2020-10-09,23846.5234375,21837.650390625,8163.5,12043.9501953125,29923.900390625,2260.85009765625,215.4499969482422,14833.7998046875,11914.2001953125,20.3799991607666
2020-10-12,23712.525390625,22202.099609375,8102.5,12154.5498046875,30024.25,2240.85009765625,213.10000610351562,14754.599609375,11930.9501953125,21.1299991607666
2020-10-13,23491.92578125,22492.599609375,8052.85009765625,11937.099609375,29926.69921875,2249.64990234375,212.4499969482422,14911.9501953125,11934.5,20.719999313354492
2020-10-14,23874.373046875,22204.05078125,8031.0498046875,11857.25,29959.599609375,2251.949951171875,214.6999969482422,14755.0,11971.0498046875,20.209999084472656
2020-10-15,23072.1328125,21567.30078125,7935.35009765625,11637.900390625,29644.80078125,2240.949951171875,209.60000610351562,14460.2001953125,11680.349609375,22.059999465942383
2020-10-16,23532.9765625,21538.150390625,7959.4501953125,11814.099609375,29671.05078125,2329.85009765625,215.10000610351562,14562.5498046875,11762.4501953125,21.649999618530273
2020-10-19,24266.46875,21391.900390625,7870.35009765625,11616.650390625,30068.849609375,2367.85009765625,218.35000610351562,14743.25,11873.0498046875,21.81999969482422
2020-10-20,24311.517578125,21694.349609375,7896.7001953125,11644.400390625,29964.599609375,2363.35009765625,226.9499969482422,14529.150390625,11896.7998046875,22.690000534057617
2020-10-21,24634.763671875,21577.650390625,7878.0498046875,11645.7001953125,29684.099609375,2416.050048828125,236.85000610351562,14643.5498046875,11937.650390625,22.920000076293945
2020-10-22,24483.865234375,21413.5,7864.14990234375,11545.2998046875,29715.349609375,2432.5,237.6999969482422,14789.4501953125,11896.4501953125,22.639999389648438
2020-10-23,24478.015625,21523.599609375,8094.60009765625,11503.0498046875,29782.19921875,2443.0,235.10000610351562,14901.7001953125,11930.349609375,21.829999923706055
2020-10-26,24075.169921875,21265.69921875,7833.64990234375,11334.2001953125,29774.650390625,2357.550048828125,230.64999389648438,14613.4501953125,11767.75,22.829999923706055
2020-10-27,24769.212890625,21023.400390625,7930.64990234375,11511.5,30163.69921875,2359.60009765625,229.0,14752.25,11889.400390625,22.200000762939453
2020-10-28,24232.21875,20810.30078125,7922.75,11325.099609375,29948.099609375,2325.39990234375,224.35000610351562,14688.349609375,11729.599609375,23.280000686645508
2020-10-29,24091.720703125,20876.94921875,7846.75,11226.0,29663.44921875,2307.699951171875,223.39999389648438,14722.150390625,11670.7998046875,24.020000457763672
2020-10-30,23900.623046875,20916.849609375,7758.39990234375,11243.75,29428.44921875,2343.60009765625,228.1999969482422,14977.7998046875,11642.400390625,24.75
2020-11-02,24892.2109375,20732.30078125,7732.25,11175.2998046875,29441.44921875,2338.89990234375,235.39999389648438,14606.099609375,11669.150390625,25.209999084472656
2020-11-03,25682.501953125,20736.0,7848.85009765625,11361.0,29526.349609375,2391.199951171875,229.9499969482422,14528.4501953125,11813.5,24.239999771118164
2020-11-04,25771.30078125,21104.55078125,7901.75,11608.650390625,29612.400390625,2383.800048828125,225.6999969482422,14628.5,11908.5,23.200000762939453
2020-11-05,26312.79296875,21385.650390625,7995.5,11704.9501953125,30180.05078125,2488.64990234375,224.5500030517578,15020.349609375,12120.2998046875,20.969999313354492
2020-11-06,26798.638671875,21492.30078125,8006.10009765625,11623.349609375,30150.650390625,2500.35009765625,226.9499969482422,15180.75,12263.5498046875,20.5
2020-11-09,27533.779296875,21820.150390625,8067.64990234375,11674.349609375,30453.69921875,2545.25,230.3000030517578,15491.5,12461.0498046875,20.110000610351562
2020-11-10,28605.66796875,20978.5,8127.25,11168.900390625,30494.75,2556.699951171875,235.0500030517578,15713.0498046875,12631.099609375,21.579999923706055
2020-11-11,28844.6640625,21330.5,8255.2001953125,11570.349609375,30845.599609375,2645.050048828125,236.85000610351562,15773.5498046875,12749.150390625,22.030000686645508
2020-11-12,28278.47265625,21363.349609375,8284.0498046875,11600.7998046875,31240.19921875,2636.89990234375,238.60000610351562,15743.2001953125,12690.7998046875,20.6200008392334
2020-11-13,28465.369140625,21436.849609375,8308.900390625,11726.4501953125,31222.099609375,2681.0,241.8000030517578,15869.25,12719.9501953125,19.700000762939453
2020-11-17,29180.9609375,21488.55078125,8425.5498046875,11690.7998046875,31291.44921875,2761.35009765625,248.35000610351562,15925.2998046875,12874.2001953125,19.799999237060547
2020-11-18,29749.50390625,21314.849609375,8686.599609375,11612.9501953125,30952.849609375,2772.5,253.4499969482422,15911.099609375,12938.25,19.1200008392334
2020-11-19,28902.71484375,21114.44921875,8628.2998046875,11566.599609375,31085.19921875,2752.64990234375,250.0,15951.5498046875,12771.7001953125,19.56999969482422
2020-11-20,29235.66015625,21409.25,8684.75,11526.75,31454.349609375,2774.75,251.3000030517578,15959.75,12859.0498046875,19.6200008392334
2020-11-23,29023.861328125,22007.05078125,8738.599609375,11737.2001953125,31568.099609375,2808.60009765625,253.75,16405.55078125,12926.4501953125,20.799999237060547
2020-11-24,29736.904296875,22064.30078125,8887.9501953125,11880.7998046875,31832.19921875,2839.14990234375,258.29998779296875,16460.55078125,13055.150390625,21.059999465942383
2020-11-25,29196.060546875,21705.900390625,8738.4501953125,11635.2001953125,31441.69921875,2816.550048828125,252.5,16388.0,12858.400390625,23.1299991607666
2020-11-26,29549.40625,21859.900390625,8767.75,11801.25,31701.30078125,2925.050048828125,254.4499969482422,16346.0,12987.0,20.020000457763672
2020-11-27,29608.70703125,21764.900390625,8891.599609375,11839.150390625,31718.80078125,2925.75,261.20001220703125,16251.849609375,12968.9501953125,19.81999969482422
2020-12-01,29817.50390625,22170.900390625,8987.150390625,12045.150390625,31705.25,2974.050048828125,269.8999938964844,16475.349609375,13109.0498046875,20.18000030517578
2020-12-02,29462.80859375,22319.0,9093.7001953125,12088.599609375,31820.25,3050.199951171875,277.8999938964844,16701.05078125,13113.75,19.90999984741211
2020-12-03,29448.408203125,22202.19921875,9245.2998046875,12206.9501953125,31908.650390625,3126.10009765625,280.20001220703125,16941.25,13133.900390625,19.0
2020-12-04,30052.05078125,22309.80078125,9302.2001953125,12353.599609375,32356.75,3161.35009765625,283.3999938964844,16923.55078125,13258.5498046875,18.030000686645508
2020-12-07,30211.19921875,22440.900390625,9311.099609375,12555.9501953125,32866.8984375,3161.199951171875,282.45001220703125,16998.599609375,13355.75,18.020000457763672
2020-12-08,30261.548828125,22617.400390625,9297.849609375,12407.2998046875,32849.8515625,3122.35009765625,284.79998779296875,16967.55078125,13392.9501953125,18.6200008392334
2020-12-09,30709.04296875,22803.44921875,9293.2998046875,12443.900390625,33125.5,3105.89990234375,289.0,17087.75,13529.099609375,18.920000076293945
2020-12-10,30509.994140625,22755.75,9200.849609375,12440.599609375,34054.80078125,3113.050048828125,290.25,16931.599609375,13478.2998046875,18.709999084472656
2020-12-11,30604.494140625,22664.0,9188.9501953125,12366.0,34364.8515625,3146.10009765625,292.5,17204.05078125,13513.849609375,18.790000915527344
2020-12-14,30745.54296875,22746.69921875,9093.099609375,12459.900390625,34411.6484375,3189.5,289.8999938964844,17351.349609375,13558.150390625,19.399999618530273
2020-12-15,30690.693359375,22715.099609375,9149.75,12432.599609375,33967.8984375,3214.14990234375,289.0,17281.349609375,13567.849609375,19.350000381469727
2020-12-16,30698.04296875,22906.25,9239.099609375,12547.5,34195.8515625,3271.75,303.8500061035156,17383.150390625,13682.7001953125,19.200000762939453
2020-12-17,30846.69140625,22892.25,9185.2001953125,12602.400390625,34013.55078125,3227.699951171875,305.6499938964844,17323.55078125,13740.7001953125,19.15999984741211
2020-12-18,30714.29296875,23256.599609375,9168.650390625,12762.349609375,34102.69921875,3216.60009765625,303.79998779296875,17231.94921875,13760.5498046875,18.6200008392334
2020-12-21,29456.107421875,22844.599609375,8745.0,12278.150390625,33151.1015625,3038.25,287.8500061035156,16377.4501953125,13328.400390625,23.190000534057617
2020-12-22,29625.60546875,23611.599609375,8818.599609375,12550.9501953125,33329.05078125,3079.64990234375,289.1499938964844,16569.0,13466.2998046875,21.989999771118164
2020-12-23,29882.953125,24167.75,8935.9501953125,12753.25,33966.0,3134.10009765625,300.54998779296875,16628.19921875,13601.099609375,20.5
2020-12-24,30401.845703125,24009.25,8978.0498046875,12908.9501953125,34115.6484375,3144.300048828125,299.25,16860.69921875,13749.25,19.969999313354492
2020-12-28,30880.58984375,24100.30078125,9066.849609375,12874.349609375,34181.1015625,3224.85009765625,307.0,17005.5,13873.2001953125,20.43000030517578
2020-12-29,31322.13671875,24274.05078125,9043.900390625,12843.900390625,34181.94921875,3189.85009765625,306.1000061035156,16899.349609375,13932.599609375,20.790000915527344
2020-12-30,31302.6875,24330.05078125,9164.7998046875,12823.900390625,34313.69921875,3230.89990234375,310.04998779296875,16948.75,13981.9501953125,21.110000610351562
2020-12-31,31263.6875,24251.349609375,9193.5,12915.900390625,34177.1015625,3254.64990234375,313.8500061035156,16922.5,13981.75,21.100000381469727
2021-01-01,31225.486328125,24456.099609375,9193.5,13001.9501953125,34177.1015625,3254.64990234375,313.8500061035156,16922.5,14018.5,21.100000381469727
2021-01-04,31212.0859375,25110.05078125,9417.9501953125,13149.7998046875,34619.69921875,3424.60009765625,317.45001220703125,17176.150390625,14132.900390625,20.030000686645508
2021-01-05,31721.880859375,25769.150390625,9416.0498046875,13166.349609375,34720.25,3376.25,316.3500061035156,17070.55078125,14199.5,20.459999084472656
2021-01-06,31797.53125,25419.150390625,9379.5498046875,13118.099609375,34327.3515625,3419.800048828125,318.6000061035156,17097.849609375,14146.25,21.0
2021-01-07,31955.62890625,25251.19921875,9429.650390625,13060.75,34032.3515625,3550.449951171875,322.8999938964844,17042.75,14137.349609375,20.6200008392334
2021-01-08,32083.826171875,26162.400390625,9741.25,13271.5498046875,34276.75,3529.199951171875,327.5,17255.150390625,14347.25,20.639999389648438
2021-01-11,31998.529296875,27027.75,9995.599609375,13412.349609375,34681.25,3493.89990234375,329.54998779296875,17108.55078125,14484.75,22.3799991607666
2021-01-12,32338.625,26982.099609375,10119.849609375,13244.7001953125,34488.6484375,3509.89990234375,338.6499938964844,17329.599609375,14563.4501953125,22.850000381469727
2021-01-13,32574.271484375,27004.30078125,10208.5498046875,13122.5498046875,34617.6015625,3523.25,337.6000061035156,17430.150390625,14564.849609375,23.290000915527344
2021-01-14,32519.37109375,26965.55078125,10238.2998046875,13232.5498046875,34885.69921875,3487.39990234375,337.3999938964844,17669.400390625,14595.599609375,23.030000686645508
2021-01-15,32246.42578125,26362.80078125,10178.2998046875,13014.25,34630.05078125,3449.14990234375,331.25,17341.05078125,14433.7001953125,24.010000228881836
2021-01-18,31811.380859375,25916.25,9961.099609375,12653.5,34502.8515625,3308.5,324.54998779296875,17200.75,14281.2998046875,24.399999618530273
2021-01-19,32424.47265625,26043.5,10136.7998046875,12866.0498046875,34659.8515625,3405.199951171875,338.1499938964844,17518.55078125,14521.150390625,22.899999618530273
2021-01-20,32543.3203125,26619.69921875,10369.25,12881.2001953125,34605.3515625,3437.0,338.3999938964844,17596.30078125,14644.7001953125,21.549999237060547
2021-01-21,32186.525390625,26450.150390625,10367.75,12697.150390625,34494.3984375,3362.14990234375,329.75,17564.150390625,14590.349609375,22.18000030517578
2021-01-22,31166.888671875,26489.75,10367.75,12542.099609375,34494.3984375,3362.14990234375,329.75,17564.150390625,14371.900390625,22.18000030517578
2021-01-25,31198.037109375,26023.30078125,10433.5,12756.75,34178.6015625,3236.35009765625,317.8999938964844,16772.30078125,14238.900390625,23.25
2021-01-27,30284.19921875,25865.30078125,10210.25,12495.900390625,34281.3984375,3154.800048828125,311.0,16482.900390625,13967.5,24.389999389648438
2021-01-28,30357.947265625,25301.25,10105.599609375,12395.9501953125,33625.8515625,3138.10009765625,304.1499938964844,16459.75,13817.5498046875,24.290000915527344
2021-01-29,30565.14453125,24645.75,9813.150390625,12170.25,33121.05078125,3077.449951171875,305.6499938964844,16159.2001953125,13634.599609375,25.34000015258789
2021-02-01,33088.66796875,24922.69921875,10227.9501953125,12103.5498046875,33689.6484375,3227.25,324.95001220703125,16587.55078125,14281.2001953125,23.31999969482422
2021-02-02,34267.5,25447.80078125,10638.599609375,12361.5498046875,33730.8515625,3289.10009765625,337.25,16950.5,14647.849609375,23.350000381469727
2021-02-03,34758.046875,25680.900390625,10749.150390625,12706.650390625,33682.3515625,3344.39990234375,335.79998779296875,17221.5,14789.9501953125,23.75
2021-02-04,35344.390625,25570.05078125,10867.099609375,12739.0498046875,34507.6484375,3409.550048828125,339.0,17462.94921875,14895.650390625,23.1200008392334
2021-02-05,35654.0859375,25331.599609375,10723.9501953125,12950.650390625,34644.5,3443.14990234375,341.29998779296875,17415.5,14924.25,23.420000076293945
2021-02-08,35983.23046875,25915.599609375,11061.150390625,12971.0,34452.25,3552.449951171875,348.1499938964844,17664.05078125,15115.7998046875,23.959999084472656
2021-02-09,36056.08203125,25779.150390625,10907.599609375,12812.7998046875,34231.30078125,3513.64990234375,345.79998779296875,17685.400390625,15109.2998046875,24.270000457763672
2021-02-10,35782.6875,25885.30078125,11010.849609375,12905.5498046875,34188.0,3510.85009765625,351.45001220703125,17706.400390625,15106.5,23.950000762939453
2021-02-11,35751.6875,26043.44921875,10965.25,12929.7998046875,34463.75,3546.699951171875,350.54998779296875,17945.900390625,15173.2998046875,23.049999237060547
2021-02-12,36108.48046875,26093.80078125,10912.25,12785.75,33928.30078125,3486.25,350.6000061035156,17753.05078125,15163.2998046875,22.040000915527344
2021-02-15,37305.81640625,26001.099609375,10912.25,12745.099609375,33928.30078125,3486.25,350.6000061035156,17753.05078125,15314.7001953125,22.040000915527344
2021-02-16,37097.96875,25613.94921875,10944.900390625,12804.150390625,33724.5,3570.14990234375,356.79998779296875,18129.30078125,15313.4501953125,21.780000686645508
2021-02-17,36910.51953125,25282.94921875,10944.900390625,12584.349609375,33724.5,3570.14990234375,356.79998779296875,18129.30078125,15208.900390625,21.780000686645508
2021-02-18,36586.57421875,25618.55078125,10827.0,12517.5,33373.8984375,3623.050048828125,352.6499938964844,18770.650390625,15118.9501953125,21.540000915527344
2021-02-19,35841.18359375,25503.19921875,10540.349609375,12347.400390625,33336.80078125,3552.10009765625,348.04998779296875,18681.5,14981.75,22.25
2021-02-22,35256.7890625,24766.44921875,10300.0,12032.2998046875,32891.69921875,3609.10009765625,338.29998779296875,18336.849609375,14675.7001953125,25.469999313354492
2021-02-23,35116.54296875,24807.80078125,10379.5498046875,12029.5,33025.94921875,3749.550048828125,347.45001220703125,18717.5,14707.7998046875,25.229999542236328
2021-02-24,36451.87890625,24779.400390625,10405.5,12035.849609375,33091.69921875,3778.64990234375,350.45001220703125,18782.400390625,14982.0,24.170000076293945
2021-02-25,36548.57421875,24872.44921875,10497.9501953125,12141.7001953125,33001.80078125,3928.60009765625,356.3500061035156,19355.69921875,15097.349609375,22.889999389648438
2021-02-26,34803.1953125,24301.44921875,10169.900390625,11927.900390625,32443.150390625,3822.64990234375,349.79998779296875,18793.349609375,14529.150390625,28.139999389648438
2021-03-01,35295.58984375,24556.30078125,10411.7998046875,12092.7001953125,32797.6484375,3896.949951171875,354.45001220703125,19159.099609375,14761.5498046875,25.6299991607666
2021-03-02,35419.2890625,25301.849609375,10744.0498046875,12257.2998046875,33250.8984375,3927.60009765625,357.1000061035156,19303.400390625,14919.099609375,23.610000610351562
2021-03-03,36367.62890625,25772.650390625,10673.099609375,12379.599609375,33454.3984375,4058.60009765625,362.45001220703125,19670.05078125,15245.599609375,22.09000015258789
2021-03-04,35802.08203125,25631.849609375,10625.75,12351.75,33443.80078125,3976.85009765625,362.8500061035156,19507.30078125,15080.75,24.149999618530273
2021-03-05,35227.73828125,25229.599609375,10524.400390625,12192.75,33360.30078125,3869.39990234375,357.70001220703125,19428.19921875,14938.099609375,25.559999465942383
2021-03-08,35275.33984375,25347.94921875,10507.349609375,12239.849609375,33190.3515625,3900.800048828125,353.95001220703125,19650.349609375,14956.2001953125,24.68000030517578
2021-03-09,35865.23046875,25582.349609375,10464.25,12133.849609375,33215.8515625,3802.699951171875,350.1000061035156,19385.150390625,15098.400390625,22.5
2021-03-10,35937.8828125,26010.099609375,10559.2998046875,12313.25,33402.75,3873.64990234375,352.25,19331.25,15174.7998046875,20.75
2021-03-12,35496.234375,25888.25,10383.900390625,12184.25,33068.5,3840.199951171875,349.3500061035156,19318.30078125,15030.9501953125,21.709999084472656
2021-03-15,35182.140625,26032.05078125,10335.099609375,12024.5,33058.8515625,3880.050048828125,347.95001220703125,19322.900390625,14929.5,21.229999542236328
2021-03-16,34804.1953125,26363.849609375,10350.7998046875,12013.0,33351.75,3847.25,346.0,19293.19921875,14910.4501953125,20.190000534057617
2021-03-17,34228.8515625,26183.5,10159.099609375,11787.5,33194.6015625,3752.699951171875,335.75,18693.94921875,14721.2998046875,20.15999984741211
2021-03-18,33856.40625,25373.349609375,10143.9501953125,11514.4501953125,33222.6015625,3754.35009765625,330.79998779296875,18404.400390625,14557.849609375,20.079999923706055
2021-03-19,34161.203125,25562.75,10186.5,11667.099609375,34028.3515625,3832.5,329.04998779296875,18985.400390625,14744.0,19.989999771118164
2021-03-22,33603.05859375,26035.349609375,10140.4501953125,11850.75,34608.0,3867.449951171875,337.95001220703125,18991.75,14736.400390625,20.489999771118164
2021-03-23,34184.0,26105.69921875,10187.650390625,11907.2001953125,34473.75,3841.949951171875,341.5,19005.55078125,14814.75,20.670000076293945
2021-03-24,33292.86328125,25802.94921875,9925.25,11916.2998046875,33987.1015625,3717.550048828125,331.45001220703125,18676.75,14549.400390625,22.459999084472656
2021-03-25,33006.06640625,25237.099609375,9651.349609375,11816.7998046875,33213.1484375,3718.300048828125,323.1499938964844,18133.349609375,14324.900390625,22.700000762939453
2021-03-26,33317.8125,25385.099609375,9771.5,11883.2001953125,33818.44921875,3855.300048828125,328.6000061035156,18217.650390625,14507.2998046875,20.649999618530273
2021-03-30,33874.70703125,26121.099609375,9865.0,12206.599609375,34578.8515625,3963.0,328.5,18418.900390625,14845.099609375,20.489999771118164
2021-03-31,33303.51171875,25855.0,9862.4501953125,12272.599609375,34931.69921875,3977.199951171875,334.1499938964844,18185.099609375,14690.7001953125,20.649999618530273
2021-04-01,33857.60546875,25980.400390625,10022.599609375,12377.099609375,34874.55078125,4189.14990234375,335.79998779296875,18516.19921875,14867.349609375,19.989999771118164
2021-04-05,32678.470703125,26491.400390625,9768.0498046875,12331.5,34304.55078125,4226.39990234375,324.45001220703125,18232.19921875,14637.7998046875,21.219999313354492
2021-04-06,32500.97265625,26532.19921875,9781.349609375,12548.599609375,34619.8515625,4286.9501953125,328.25,18217.150390625,14683.5,20.84000015258789
2021-04-07,32990.81640625,26831.0,9937.0,12616.349609375,34835.30078125,4325.4501953125,331.3999938964844,18333.349609375,14819.0498046875,20.25
2021-04-08,32782.46875,27148.400390625,9959.349609375,12611.7001953125,34983.05078125,4494.9501953125,334.1000061035156,18275.55078125,14873.7998046875,20.309999465942383
2021-04-09,32447.673828125,27367.05078125,9922.9501953125,12995.349609375,35253.1015625,4467.2998046875,332.04998779296875,18077.150390625,14834.849609375,19.790000915527344
2021-04-12,30791.642578125,26727.80078125,9415.650390625,12961.849609375,34561.3515625,4196.0,307.1499938964844,17279.44921875,14310.7998046875,23.0
2021-04-13,31771.23046875,25851.30078125,9818.2998046875,12807.5,34720.3515625,4337.89990234375,315.6499938964844,17672.80078125,14504.7998046875,20.459999084472656
2021-04-15,32112.4765625,26010.849609375,9691.4501953125,12987.0498046875,34658.6015625,4397.4501953125,314.45001220703125,17781.650390625,14581.4501953125,20.889999389648438
2021-04-16,31977.078125,26324.900390625,9808.9501953125,13234.25,34853.1484375,4434.0,313.04998779296875,17841.05078125,14617.849609375,20.399999618530273
2021-04-19,31208.037109375,26236.900390625,9532.150390625,13256.25,34519.0,4366.10009765625,300.29998779296875,17357.75,14359.4501953125,22.489999771118164
2021-04-20,31112.337890625,25877.599609375,9630.7001953125,13426.900390625,34296.5,4384.39990234375,301.25,17342.0,14296.400390625,22.43000030517578
2021-04-22,31782.23046875,25826.69921875,9644.5498046875,13378.9501953125,34043.05078125,4460.89990234375,305.1499938964844,17370.94921875,14406.150390625,23.030000686645508
2021-04-23,31721.931640625,25609.099609375,9596.9501953125,13319.75,33726.1015625,4446.85009765625,301.79998779296875,17537.69921875,14341.349609375,22.690000534057617
2021-04-26,32274.775390625,25680.30078125,9641.4501953125,13203.849609375,33865.69921875,4536.2998046875,312.04998779296875,17675.0,14485.0,23.5
2021-04-27,32734.96875,25815.75,9708.2001953125,13296.75,34009.3515625,4659.25,314.29998779296875,17879.19921875,14653.0498046875,23.079999923706055
2021-04-28,33722.41015625,25962.099609375,9871.5,13252.9501953125,34129.1484375,4645.0498046875,312.45001220703125,17990.599609375,14864.5498046875,22.579999923706055
2021-04-29,33714.109375,25874.30078125,9773.7001953125,13298.650390625,34009.0,4855.2998046875,312.20001220703125,18063.099609375,14894.900390625,23.309999465942383
2021-04-30,32781.41796875,25664.44921875,9640.849609375,13469.25,33623.44921875,4847.9501953125,309.6000061035156,18031.099609375,14631.099609375,23.030000686645508
2021-05-03,32465.373046875,25676.05078125,9662.9501953125,13507.4501953125,33994.19921875,4952.4501953125,307.6499938964844,17983.400390625,14634.150390625,23.690000534057617
2021-05-04,32269.974609375,25489.0,9577.7001953125,13234.75,33822.75,4921.64990234375,306.25,17947.849609375,14496.5,23.010000228881836
2021-05-05,32783.31640625,25786.94921875,9577.7001953125,13779.7001953125,33822.75,4921.64990234375,306.25,17947.849609375,14617.849609375,23.010000228881836
2021-05-06,32827.41796875,26258.69921875,9815.099609375,13747.75,34048.5,5095.0,305.3500061035156,18178.19921875,14724.7998046875,22.040000915527344
2021-05-07,32904.1171875,26269.44921875,9819.4501953125,13747.099609375,34123.5,5335.85009765625,307.6499938964844,18295.599609375,14823.150390625,20.81999969482422
2021-05-10,33142.01171875,26273.44921875,9973.0498046875,14131.849609375,34204.25,5503.35009765625,310.04998779296875,18590.05078125,14942.349609375,20.229999542236328
2021-05-11,32871.81640625,26106.69921875,9973.0498046875,14066.650390625,34204.25,5503.35009765625,310.04998779296875,18590.05078125,14850.75,20.229999542236328
2021-05-12,32451.923828125,25855.44921875,10013.650390625,14065.0498046875,34057.3984375,5290.4501953125,310.3500061035156,18717.400390625,14696.5,20.079999923706055
2021-05-14,32169.177734375,25588.19921875,9810.4501953125,13885.5,34781.5,5091.35009765625,300.45001220703125,18652.94921875,14677.7998046875,20.270000457763672
2021-05-17,33458.859375,25703.55078125,10001.7001953125,13858.7001953125,34807.3984375,5207.75,304.6499938964844,18847.05078125,14923.150390625,19.610000610351562
2021-05-18,33922.00390625,25958.25,10324.0,13832.400390625,34741.44921875,5294.39990234375,307.20001220703125,19201.55078125,15108.099609375,19.239999771118164
2021-05-19,33684.80859375,25982.80078125,10249.099609375,14001.349609375,34729.69921875,5245.9501953125,313.79998779296875,19308.099609375,15030.150390625,19.31999969482422
2021-05-20,33334.1640625,25894.5,10249.099609375,13970.2001953125,34729.69921875,5245.9501953125,313.79998779296875,19308.099609375,14906.0498046875,19.31999969482422
2021-05-21,34606.49609375,26105.30078125,10312.400390625,13993.7001953125,34690.55078125,5099.14990234375,320.6499938964844,19326.30078125,15175.2998046875,19.079999923706055
2021-05-24,34943.1953125,26144.19921875,10315.75,14034.650390625,34572.5,5068.60009765625,325.0,19583.55078125,15197.7001953125,19.1299991607666
2021-05-25,34661.59765625,26393.900390625,10315.75,14090.099609375,34572.5,5068.60009765625,325.0,19583.55078125,15208.4501953125,19.1299991607666
2021-05-26,34683.796875,26857.349609375,10437.7998046875,14127.25,34815.69921875,5004.75,335.45001220703125,19321.0,15301.4501953125,20.8700008392334
2021-05-27,35094.64453125,27164.80078125,10486.0,14100.0498046875,34812.30078125,5043.2998046875,331.45001220703125,19295.349609375,15337.849609375,19.90999984741211
2021-05-28,35141.0390625,27122.80078125,10510.25,13934.099609375,34890.5,5055.75,331.6000061035156,19566.80078125,15435.650390625,17.399999618530273
2021-05-31,35526.234375,27115.05078125,10510.25,14051.75,34890.5,5055.75,331.6000061035156,19566.80078125,15582.7998046875,17.399999618530273
2021-06-01,35336.7890625,27144.400390625,10457.849609375,14058.0498046875,35241.19921875,5121.64990234375,334.3999938964844,19976.80078125,15574.849609375,17.389999389648438
2021-06-02,35373.33984375,26939.650390625,10647.75,14151.849609375,35058.6015625,5233.2998046875,339.25,20223.5,15576.2001953125,17.209999084472656
2021-06-03,35648.5859375,26987.900390625,10647.650390625,14114.400390625,35266.5,5268.0498046875,352.1000061035156,20328.400390625,15690.349609375,15.75
2021-06-04,35291.23828125,26996.75,10735.75,14101.5498046875,35138.0,5339.14990234375,353.79998779296875,20368.05078125,15670.25,15.9399995803833
2021-06-07,35443.23828125,27295.650390625,10806.5498046875,14069.0,35375.3515625,5315.5,352.79998779296875,20743.94921875,15751.650390625,15.569999694824219
2021-06-08,35084.89453125,27623.80078125,10873.900390625,14189.849609375,35672.44921875,5258.89990234375,355.79998779296875,20745.0,15740.099609375,15.229999542236328
2021-06-09,34800.09375,27539.0,10734.400390625,14118.900390625,35588.94921875,5209.4501953125,349.8999938964844,20669.19921875,15635.349609375,14.75
2021-06-10,35130.7890625,27798.0,10722.7001953125,14313.900390625,35731.30078125,5265.2001953125,361.6000061035156,20712.80078125,15737.75,15.0
2021-06-11,35046.9921875,28217.5,10765.5,14464.0498046875,35646.94921875,5406.7998046875,357.8500061035156,20797.19921875,15799.349609375,14.100000381469727
2021-06-14,34950.1953125,28314.099609375,10753.099609375,14449.599609375,35659.94921875,5371.60009765625,352.3999938964844,20902.69921875,15811.849609375,14.720000267028809
2021-06-15,35247.33984375,28377.849609375,10754.400390625,14322.650390625,35921.5,5368.9501953125,357.04998779296875,20900.099609375,15869.25,14.609999656677246
2021-06-16,35003.09375,28448.849609375,10669.4501953125,14215.7001953125,36131.25,5216.2001953125,352.54998779296875,20773.349609375,15767.5498046875,14.869999885559082
2021-06-17,34604.99609375,28611.349609375,10523.0,14081.599609375,36183.55078125,5095.10009765625,346.75,20564.5,15691.400390625,15.289999961853027
2021-06-18,34557.59765625,28445.599609375,10443.75,14030.599609375,36287.1484375,5048.64990234375,343.8500061035156,20164.19921875,15683.349609375,14.800000190734863
2021-06-21,34870.89453125,28367.0,10401.150390625,14082.9501953125,36377.6015625,5105.2001953125,351.8500061035156,20439.5,15746.5,15.0600004196167
2021-06-22,34744.59765625,28523.55078125,10540.4501953125,14095.0,36299.6484375,5119.39990234375,349.45001220703125,20491.0,15772.75,14.739999771118164
2021-06-23,34573.59765625,28258.5,10588.5,14018.0498046875,36188.75,5061.7998046875,348.20001220703125,20353.55078125,15686.9501953125,15.369999885559082
2021-06-24,34826.59375,29048.0,10618.4501953125,13967.9501953125,36242.55078125,5090.89990234375,345.54998779296875,20078.94921875,15790.4501953125,15.100000381469727
2021-06-25,35364.23828125,29210.55078125,10706.7998046875,14069.599609375,36006.55078125,5223.9501953125,346.54998779296875,19961.05078125,15860.349609375,13.369999885559082
2021-06-28,35359.0390625,29068.55078125,10709.900390625,14247.599609375,36054.44921875,5290.7998046875,346.70001220703125,19858.5,15814.7001953125,13.399999618530273
2021-06-29,35009.89453125,28986.25,10612.25,14330.2001953125,36234.55078125,5226.0498046875,345.45001220703125,19849.150390625,15748.4501953125,13.0
2021-06-30,34771.796875,29168.0,10600.349609375,14308.900390625,36093.19921875,5215.7998046875,343.95001220703125,19822.400390625,15721.5,13.050000190734863
2021-07-01,34683.59765625,29003.099609375,10687.7001953125,14442.4501953125,36234.8984375,5207.39990234375,342.79998779296875,19708.55078125,15680.0,12.84000015258789
2021-07-02,34809.4921875,29007.94921875,10685.5,14529.650390625,36216.69921875,5130.0498046875,344.6000061035156,19684.099609375,15722.2001953125,12.09000015258789
2021-07-05,35211.58984375,28950.599609375,10685.5,14528.5,36216.69921875,5130.0498046875,344.6000061035156,19684.099609375,15834.349609375,12.09000015258789
2021-07-06,35578.734375,28649.400390625,10559.7001953125,14406.9501953125,36238.5,5172.7001953125,352.79998779296875,19726.05078125,15818.25,12.279999732971191
2021-07-07,35770.88671875,28734.650390625,10552.5,14453.2001953125,36447.05078125,5286.4501953125,359.70001220703125,19693.80078125,15879.650390625,12.210000038146973
2021-07-08,35273.69140625,28749.0,10456.0,14269.2998046875,36179.1015625,5170.5,357.6499938964844,19597.44921875,15727.900390625,13.5600004196167
2021-07-09,35071.54296875,28662.19921875,10420.2998046875,14360.2001953125,36184.3984375,5273.60009765625,366.1499938964844,19501.19921875,15689.7998046875,12.9399995803833
2021-07-12,35198.48828125,28532.349609375,10438.2001953125,14372.2001953125,36176.6484375,5262.5498046875,379.3500061035156,19467.30078125,15692.599609375,12.989999771118164
2021-07-13,35672.984375,28439.75,10497.7998046875,14460.0498046875,36110.30078125,5295.60009765625,380.79998779296875,19570.599609375,15812.349609375,12.619999885559082
2021-07-14,35667.8359375,29339.849609375,10467.900390625,14507.0,36073.19921875,5299.9501953125,377.20001220703125,19524.75,15853.9501953125,12.59000015258789
2021-07-15,35907.23046875,29718.05078125,10426.0,14467.4501953125,36182.94921875,5335.39990234375,393.04998779296875,19436.5,15924.2001953125,12.270000457763672
2021-07-16,35751.38671875,29400.25,10428.4501953125,14635.0498046875,36253.55078125,5391.2998046875,397.54998779296875,19567.900390625,15923.400390625,11.710000038146973
2021-07-19,35078.79296875,29264.0,10310.900390625,14669.900390625,36180.3984375,5317.85009765625,399.25,19517.30078125,15752.400390625,12.680000305175781
2021-07-20,34415.05078125,29252.5,10222.2001953125,14479.2001953125,36230.25,5193.64990234375,389.1499938964844,19309.94921875,15632.099609375,13.210000038146973
2021-07-22,34676.8984375,29779.94921875,10235.7998046875,14575.400390625,36263.6015625,5348.9501953125,395.95001220703125,19600.05078125,15824.0498046875,11.890000343322754
2021-07-23,35033.9921875,29894.30078125,10201.349609375,14597.849609375,36558.6484375,5353.7998046875,401.04998779296875,19503.80078125,15856.0498046875,11.760000228881836
2021-07-26,34949.29296875,29940.400390625,10137.9501953125,14652.5498046875,36486.75,5387.39990234375,397.20001220703125,19300.099609375,15824.4501953125,12.449999809265137
2021-07-27,34797.04296875,29892.55078125,10094.349609375,14018.650390625,36360.80078125,5465.89990234375,394.29998779296875,19116.150390625,15746.4501953125,13.229999542236328
2021-07-28,34532.49609375,29954.150390625,10000.400390625,13964.75,36360.3515625,5532.7998046875,391.20001220703125,19011.75,15709.400390625,13.6899995803833
2021-07-29,34691.09765625,30371.400390625,9956.650390625,13920.349609375,35990.05078125,5810.75,397.5,18975.349609375,15778.4501953125,12.949999809265137
2021-07-30,34583.94921875,30480.05078125,10048.5,14425.2998046875,36051.8984375,5770.35009765625,398.6499938964844,18934.150390625,15763.0498046875,12.800000190734863
2021-08-02,34709.59765625,30803.05078125,10183.4501953125,14474.9501953125,36199.94921875,5781.2998046875,417.75,19229.150390625,15885.150390625,12.8100004196167
2021-08-03,35207.0390625,31165.849609375,10342.599609375,14647.849609375,36826.05078125,5778.2001953125,418.8500061035156,19385.30078125,16130.75,13.75
2021-08-04,36027.6328125,30977.150390625,10246.7998046875,14594.349609375,36482.44921875,5759.89990234375,411.8500061035156,19405.19921875,16258.7998046875,13.210000038146973
2021-08-05,35834.33203125,31211.19921875,10224.900390625,14579.849609375,36701.44921875,5834.39990234375,407.3500061035156,19432.44921875,16294.599609375,12.869999885559082
2021-08-06,35808.83203125,31303.30078125,10249.5,14517.5,36669.80078125,5841.35009765625,403.45001220703125,19411.80078125,16238.2001953125,12.609999656677246
2021-08-09,36028.53125,31441.0,10239.0,14533.4501953125,36691.8984375,5732.0,400.5,19272.75,16258.25,12.609999656677246
2021-08-10,36033.68359375,31713.400390625,10158.75,14502.900390625,36537.25,5573.2998046875,392.3999938964844,19135.75,16280.099609375,12.710000038146973
2021-08-11,35805.98046875,31670.0,10140.400390625,14291.150390625,36425.8515625,5748.2998046875,393.45001220703125,19400.75,16282.25,12.710000038146973
2021-08-12,35936.6328125,32245.099609375,10180.5498046875,14133.0498046875,36521.8515625,5769.25,398.20001220703125,19599.05078125,16364.400390625,12.369999885559082
2021-08-13,36168.9296875,32678.80078125,10178.2998046875,14049.0498046875,36842.05078125,5799.2998046875,394.54998779296875,19677.05078125,16529.099609375,12.989999771118164
2021-08-16,36094.08203125,32577.94921875,10088.7998046875,13965.400390625,36954.25,5884.89990234375,393.0,19786.05078125,16563.05078125,13.460000038146973
2021-08-17,35867.03125,33414.75,10088.2998046875,14041.25,37478.55078125,5749.39990234375,390.25,19722.44921875,16614.599609375,13.40999984741211
2021-08-18,35554.0859375,33448.8984375,10067.9501953125,14071.349609375,37738.30078125,5702.60009765625,387.25,19685.0,16568.849609375,12.90999984741211
2021-08-20,35033.4453125,33351.3515625,9904.7001953125,13711.150390625,38596.05078125,5335.9501953125,373.3999938964844,19348.69921875,16450.5,14.020000457763672
2021-08-23,35123.98828125,33919.80078125,9759.150390625,13700.599609375,38489.5,5291.25,369.70001220703125,19332.150390625,16496.44921875,13.6899995803833
2021-08-24,35711.6875,33838.3984375,9832.7998046875,13876.0498046875,38232.80078125,5444.7998046875,376.45001220703125,19562.5,16624.599609375,13.1899995803833
2021-08-25,35585.8359375,34083.94921875,9808.650390625,13830.5,38448.1015625,5474.0498046875,373.5,19757.25,16634.650390625,13.5
2021-08-26,35617.13671875,34041.1015625,9763.099609375,13758.599609375,38670.69921875,5404.7001953125,374.5,19865.05078125,16636.900390625,13.539999961853027
2021-08-27,35627.38671875,34309.80078125,9793.849609375,13948.7001953125,38819.5,5492.7001953125,377.25,19942.44921875,16705.19921875,13.40999984741211
2021-08-30,36347.2265625,34109.25,9957.900390625,14222.5,39150.19921875,5628.10009765625,384.54998779296875,20243.650390625,16931.05078125,13.319999694824219
2021-08-31,36424.1796875,34570.25,10034.4501953125,14344.75,39529.69921875,5714.60009765625,386.79998779296875,20289.69921875,17132.19921875,14.520000457763672
2021-09-01,36573.875,34110.5,10043.900390625,14319.849609375,39644.69921875,5612.4501953125,408.3500061035156,20356.55078125,17076.25,14.1899995803833
2021-09-02,36830.87109375,34680.30078125,10022.4501953125,14458.5,40296.3984375,5653.2998046875,413.45001220703125,20466.0,17234.150390625,14.239999771118164
2021-09-03,36760.72265625,34891.19921875,10124.75,14485.650390625,40226.25,5719.35009765625,417.8500061035156,20934.0,17323.599609375,14.539999961853027
2021-09-06,36591.92578125,35415.1015625,10167.25,14481.5498046875,40169.05078125,5742.7001953125,431.04998779296875,21008.55078125,17377.80078125,15.109999656677246
2021-09-07,36468.375,34951.30078125,10152.7001953125,14387.349609375,40289.8515625,5708.35009765625,421.0,20934.5,17362.099609375,14.899999618530273
2021-09-08,36767.7734375,34678.19921875,10100.400390625,14349.4501953125,40263.44921875,5720.75,420.70001220703125,21004.69921875,17353.5,14.40999984741211
2021-09-09,36682.7734375,34802.30078125,10112.599609375,14329.849609375,40577.94921875,5765.14990234375,417.6000061035156,21148.349609375,17369.25,13.9399995803833
2021-09-13,36471.375,35129.6015625,10120.150390625,14377.0498046875,40592.3515625,5839.2998046875,420.29998779296875,20988.599609375,17355.30078125,14.029999732971191
2021-09-14,36612.625,35431.5,10209.599609375,14410.9501953125,40469.55078125,5810.35009765625,422.04998779296875,21034.900390625,17380.0,13.579999923706055
2021-09-15,36851.8203125,36075.19921875,10297.0,14487.900390625,40504.5,5859.0498046875,422.70001220703125,21350.650390625,17519.44921875,13.729999542236328
2021-09-16,37668.1640625,35852.44921875,10351.4501953125,14491.349609375,41007.6015625,5822.5,423.5,21665.25,17629.5,14.40999984741211
2021-09-17,37811.5078125,35646.5,10351.4501953125,14355.150390625,40798.8984375,5683.85009765625,413.54998779296875,21444.650390625,17585.150390625,15.229999542236328
2021-09-20,37145.265625,35400.05078125,10202.650390625,14097.25,41169.69921875,5309.0,404.70001220703125,21213.44921875,17396.900390625,17.489999771118164
2021-09-21,37235.41796875,36086.05078125,10155.9501953125,14278.9501953125,41619.94921875,5444.4501953125,419.1499938964844,21324.5,17562.0,16.520000457763672
2021-09-22,36944.21875,36422.44921875,10284.599609375,14334.25,41507.25,5524.64990234375,454.54998779296875,21499.25,17546.650390625,16.489999771118164
2021-09-23,37771.26171875,36816.8984375,10372.9501953125,14380.5,41548.80078125,5616.0498046875,493.8999938964844,21893.25,17822.94921875,16.600000381469727
2021-09-24,37829.859375,37103.25,10429.0498046875,14289.150390625,41090.8984375,5498.2001953125,501.29998779296875,21716.44921875,17853.19921875,16.920000076293945
2021-09-27,38170.8046875,36034.3984375,10765.150390625,14156.7001953125,40720.6015625,5504.4501953125,516.2999877929688,22006.05078125,17855.099609375,18.049999237060547
2021-09-28,37944.55859375,35239.94921875,10695.9501953125,14171.599609375,40682.94921875,5534.60009765625,500.70001220703125,22449.349609375,17748.599609375,18.540000915527344
2021-09-29,37742.5625,35282.6484375,10655.5,14404.9501953125,40472.1484375,5661.25,506.3500061035156,22864.55078125,17711.30078125,18.84000015258789
2021-09-30,37424.66796875,35028.0,10598.4501953125,14466.5,40426.55078125,5611.25,513.7999877929688,22858.55078125,17618.150390625,18.399999618530273
2021-10-01,37225.46484375,34780.6015625,10596.9501953125,14587.650390625,40399.0,5638.7998046875,506.04998779296875,23000.19921875,17532.05078125,17.209999084472656
2021-10-04,37579.2109375,35126.1484375,10641.150390625,14812.400390625,40445.44921875,5807.35009765625,517.0499877929688,23334.599609375,17691.25,16.739999771118164
2021-10-05,37740.5625,35544.30078125,10692.0,14738.25,40427.5,5800.2998046875,510.0,24006.150390625,17822.30078125,16.399999618530273
2021-10-06,37521.11328125,35075.80078125,10567.5498046875,14461.9501953125,40167.44921875,5627.35009765625,501.75,23898.0,17646.0,17.329999923706055
2021-10-07,37752.76171875,35703.8515625,11031.7998046875,14562.2001953125,40226.3984375,5659.9501953125,532.6500244140625,23804.400390625,17790.349609375,16.15999984741211
2021-10-08,37774.8125,36402.0,11079.349609375,14514.7998046875,39993.3515625,5681.4501953125,520.9000244140625,23902.30078125,17895.19921875,15.649999618530273
2021-10-11,38293.35546875,35179.94921875,11375.5498046875,14615.349609375,40318.05078125,5766.39990234375,529.9000244140625,24161.55078125,17945.94921875,16.09000015258789
2021-10-12,38521.05078125,34869.75,11476.099609375,14629.2001953125,40808.75,5829.35009765625,533.75,24265.94921875,17991.94921875,15.850000381469727
2021-10-13,38635.30078125,35285.6015625,11870.0,14679.400390625,41149.3984375,5914.64990234375,532.4500122070312,24604.400390625,18161.75,16.100000381469727
2021-10-14,39340.44140625,35744.8515625,11800.2998046875,14728.650390625,41377.19921875,6019.2001953125,539.25,24766.349609375,18338.55078125,15.770000457763672
2021-10-18,39684.33984375,36306.3515625,11814.7998046875,14598.2001953125,41564.1484375,6253.10009765625,541.7999877929688,25148.69921875,18477.05078125,17.18000030517578
2021-10-19,39540.0390625,37106.3515625,11626.849609375,14384.349609375,40237.30078125,6099.35009765625,516.0999755859375,24785.650390625,18418.75,17.3799991607666
2021-10-20,39517.73828125,36846.80078125,11493.2998046875,14177.349609375,39696.3515625,5974.0,504.95001220703125,24381.849609375,18266.599609375,18.309999465942383
2021-10-21,40029.734375,35913.6015625,11557.400390625,14169.9501953125,39354.44921875,5868.39990234375,497.8500061035156,24306.400390625,18178.099609375,18.040000915527344
2021-10-22,40323.1796875,35394.6484375,11433.9501953125,13949.650390625,38874.80078125,5690.10009765625,510.6000061035156,24280.5,18114.900390625,17.549999237060547
2021-10-25,41191.91796875,35005.3984375,11228.2001953125,13943.849609375,38491.0,5679.64990234375,496.45001220703125,24160.19921875,18125.400390625,17.610000610351562
2021-10-26,41237.8203125,35162.3515625,11452.25,13970.650390625,38826.8515625,5830.64990234375,514.4000244140625,24372.44921875,18268.400390625,16.75
2021-10-27,40873.875,35503.8984375,11395.150390625,14094.25,38946.1015625,5741.89990234375,515.9500122070312,24184.849609375,18210.94921875,16.829999923706055
2021-10-28,39508.48828125,34913.6015625,11260.900390625,13780.599609375,38208.55078125,5544.5498046875,496.5,23580.849609375,17857.25,17.90999984741211
2021-10-29,39115.1484375,34408.75,11297.4501953125,13879.349609375,38222.1015625,5563.39990234375,498.70001220703125,23236.099609375,17671.650390625,17.43000030517578
2021-11-01,39763.2890625,35290.0,11421.0,14049.4501953125,38663.6484375,5733.75,518.7999877929688,23504.5,17929.650390625,17.239999771118164
2021-11-02,39937.984375,35177.3515625,11521.25,13993.2001953125,38616.19921875,5643.14990234375,536.3499755859375,23421.69921875,17888.94921875,17.059999465942383
2021-11-03,39401.59375,35177.1015625,11401.2001953125,13888.2998046875,38370.1015625,5695.4501953125,546.75,23489.44921875,17829.19921875,16.1299991607666
2021-11-04,39573.23828125,35334.25,11569.7998046875,13948.2001953125,38710.1015625,5697.9501953125,548.0499877929688,23584.05078125,17916.80078125,15.75
2021-11-08,39437.79296875,35782.3515625,11645.75,13851.25,39094.75,5780.4501953125,555.5999755859375,23938.80078125,18068.55078125,16.34000015258789
2021-11-09,39368.34375,35815.1015625,11766.25,13878.7001953125,38964.25,5761.60009765625,556.1500244140625,24004.30078125,18044.25,16.0
2021-11-10,39022.796875,35722.94921875,11829.150390625,13911.2998046875,38917.3515625,5660.4501953125,548.5999755859375,24041.30078125,18017.19921875,16.309999465942383
2021-11-11,38559.75,35583.6484375,11690.150390625,13717.7998046875,38542.55078125,5681.0,535.7999877929688,23894.75,17873.599609375,16.350000381469727
2021-11-12,38732.90234375,36332.30078125,11706.5,13774.650390625,38912.75,5728.7001953125,544.6500244140625,24209.30078125,18102.75,15.220000267028809
2021-11-15,38701.90234375,36465.30078125,11687.650390625,13974.349609375,39278.30078125,5624.2998046875,545.8499755859375,24268.849609375,18109.44921875,15.470000267028809
2021-11-16,38306.65625,36643.8984375,11977.2998046875,13798.7998046875,39014.6484375,5586.35009765625,545.0999755859375,23944.650390625,17999.19921875,15.199999809265137
2021-11-17,38041.109375,36660.8984375,12061.7998046875,13621.900390625,39013.44921875,5568.10009765625,536.1500244140625,23837.900390625,17898.650390625,14.979999542236328
2021-11-18,37975.80859375,36007.0,11747.4501953125,13481.400390625,38866.5,5423.89990234375,526.9000244140625,23794.349609375,17764.80078125,14.859999656677246
2021-11-22,37128.37109375,35478.94921875,11379.75,13245.349609375,38351.6484375,5421.60009765625,505.1000061035156,23118.30078125,17416.55078125,17.520000457763672
2021-11-23,37272.3671875,35504.3984375,11455.7001953125,13489.9501953125,38560.1015625,5600.39990234375,516.0,23586.94921875,17503.349609375,18.020000457763672
2021-11-24,37441.515625,34966.25,11308.849609375,13408.099609375,38178.19921875,5602.60009765625,515.6500244140625,23650.05078125,17415.05078125,17.100000381469727
2021-11-25,37364.31640625,35300.25,11247.75,13566.5,38259.75,5624.0,525.7000122070312,24218.25,17536.25,16.65999984741211
2021-11-26,36025.08203125,34606.1484375,10759.599609375,13797.099609375,37547.1484375,5323.75,492.79998779296875,23349.400390625,17026.44921875,20.799999237060547
2021-11-29,35976.03125,34870.75,10704.150390625,13648.7998046875,37324.8515625,5304.7001953125,484.6000061035156,23052.150390625,17053.94921875,20.829999923706055
2021-11-30,35694.88671875,35043.75,10603.5498046875,13662.7998046875,37386.94921875,5201.7001953125,487.6000061035156,22823.44921875,16983.19921875,21.170000076293945
2021-12-01,36364.4765625,35429.0,10758.150390625,13442.099609375,37457.8515625,5322.2001953125,494.6499938964844,23110.80078125,17166.900390625,19.450000762939453
2021-12-02,36507.82421875,36157.8515625,10873.150390625,13557.0,37892.6015625,5405.0498046875,497.3500061035156,23491.599609375,17401.650390625,18.09000015258789
2021-12-03,36196.7265625,35848.05078125,10788.75,13443.849609375,37498.1015625,5392.39990234375,496.29998779296875,23258.349609375,17196.69921875,18.450000762939453
2021-12-06,35735.484375,34879.3984375,10589.7998046875,13192.25,36821.8515625,5327.89990234375,489.5,22900.5,16912.25,20.079999923706055
2021-12-07,36617.97265625,35272.30078125,10759.0,13234.349609375,37175.8515625,5494.4501953125,500.45001220703125,23172.5,17176.69921875,18.459999084472656
2021-12-08,37284.265625,35959.05078125,11007.7001953125,13433.849609375,37659.94921875,5594.89990234375,509.04998779296875,23362.80078125,17469.75,17.270000457763672
2021-12-09,37082.01953125,35946.3515625,11058.75,13449.400390625,38201.6484375,5629.7998046875,507.6499938964844,23408.30078125,17516.849609375,16.600000381469727
2021-12-10,37105.21875,35939.6015625,11080.0498046875,13446.099609375,38189.55078125,5658.89990234375,519.4000244140625,23429.94921875,17511.30078125,16.059999465942383
2021-12-13,36924.8203125,36050.55078125,11047.150390625,13432.900390625,37823.55078125,5642.7998046875,512.4000244140625,23177.349609375,17368.25,16.56999969482422
2021-12-14,36893.51953125,36102.55078125,10972.150390625,13575.900390625,37642.6015625,5666.7998046875,509.20001220703125,23361.400390625,17324.900390625,16.950000762939453
2021-12-15,36789.125,35737.19921875,11026.0,13512.0498046875,37424.6484375,5604.10009765625,499.6000061035156,23185.69921875,17221.400390625,17.219999313354492
2021-12-16,36548.22265625,36160.30078125,10945.75,13393.650390625,37244.3515625,5597.14990234375,495.3999938964844,23175.150390625,17248.400390625,15.899999618530273
2021-12-17,35618.234375,36647.8984375,10678.650390625,13230.7001953125,36438.0,5476.7998046875,475.95001220703125,22755.75,16985.19921875,16.34000015258789
2021-12-20,34439.453125,35916.44921875,10405.2998046875,13184.4501953125,36084.6484375,5269.60009765625,452.6499938964844,22070.44921875,16614.19921875,18.969999313354492
2021-12-21,34607.44921875,36627.1484375,10483.900390625,13282.849609375,36336.80078125,5424.60009765625,459.95001220703125,22325.69921875,16770.849609375,17.540000915527344
2021-12-22,35029.09375,36989.1484375,10652.5498046875,13547.7001953125,36505.55078125,5521.10009765625,473.5,22580.30078125,16955.44921875,16.579999923706055
2021-12-23,35190.73828125,37362.8515625,10731.0498046875,13644.5,36995.1015625,5519.89990234375,484.45001220703125,22869.650390625,17072.599609375,15.829999923706055
2021-12-24,34856.64453125,37727.80078125,10620.75,13491.25,36913.75,5492.7001953125,477.29998779296875,22588.849609375,17003.75,16.149999618530273
2021-12-27,35057.4921875,37988.5,10641.650390625,13710.150390625,36883.3984375,5489.4501953125,479.6000061035156,22561.44921875,17086.25,17.1200008392334
2021-12-28,35183.390625,38357.80078125,10783.849609375,13836.150390625,37162.69921875,5538.7001953125,483.3999938964844,22816.599609375,17233.25,16.479999542236328
2021-12-29,35044.9921875,38274.6484375,10829.5498046875,14072.900390625,37028.69921875,5480.5498046875,483.04998779296875,22745.349609375,17213.599609375,16.239999771118164
2021-12-30,35063.1953125,38658.80078125,10755.650390625,14135.5,37075.6484375,5416.64990234375,478.3500061035156,22485.400390625,17203.94921875,16.56999969482422
2021-12-31,35481.28515625,38701.05078125,10936.900390625,14223.0,37579.94921875,5521.75,484.1499938964844,22631.94921875,17354.05078125,16.219999313354492
2022-01-03,36421.4765625,39123.80078125,11114.5498046875,14156.400390625,37606.05078125,5628.10009765625,489.6499938964844,22849.25,17625.69921875,16.450000762939453
2022-01-04,36839.71875,39370.69921875,11139.400390625,14040.650390625,37800.3515625,5606.85009765625,487.04998779296875,23370.349609375,17805.25,16.1200008392334
2022-01-05,37695.4609375,38609.1484375,11256.849609375,13999.849609375,37910.94921875,5684.14990234375,492.8999938964844,23518.0,17925.25,17.229999542236328
2022-01-06,37489.8125,38009.0,11316.599609375,13912.25,37622.5,5656.0,485.6499938964844,23370.599609375,17745.900390625,17.979999542236328
2022-01-07,37739.1640625,38139.8515625,11290.900390625,13857.9501953125,37864.44921875,5684.85009765625,485.79998779296875,23577.69921875,17812.69921875,17.600000381469727
2022-01-10,38347.453125,38212.19921875,11501.7001953125,13858.9501953125,37984.05078125,5718.7998046875,495.1499938964844,23712.349609375,18003.30078125,17.68000030517578
2022-01-11,38441.75390625,38605.44921875,11479.7001953125,13854.25,37849.8984375,5610.35009765625,497.95001220703125,24003.30078125,18055.75,17.760000228881836
2022-01-12,38727.1015625,38604.75,11645.900390625,13833.7001953125,37992.94921875,5685.0,507.45001220703125,24515.80078125,18212.349609375,17.18000030517578
2022-01-13,38469.50390625,38607.0,11686.150390625,14051.150390625,38087.25,5882.75,503.79998779296875,24817.55078125,18257.80078125,16.700000762939453
2022-01-14,38369.953125,38826.8515625,11643.0498046875,13964.150390625,37816.0,5871.39990234375,509.6000061035156,24867.849609375,18255.75,16.559999465942383
2022-01-17,38215.703125,38804.94921875,11881.25,13862.4501953125,37988.8984375,5888.39990234375,516.0999755859375,25184.5,18308.099609375,16.770000457763672
2022-01-18,38209.85546875,38091.75,11598.75,13697.599609375,37503.1484375,5755.14990234375,502.6499938964844,25054.94921875,18113.05078125,17.780000686645508
2022-01-19,38040.91015625,37281.69921875,11681.400390625,13682.7001953125,37106.3984375,5801.10009765625,501.8999938964844,25293.94921875,17938.400390625,17.81999969482422
2022-01-20,37850.41015625,36662.19921875,11583.2001953125,13454.900390625,36681.3984375,5831.14990234375,503.04998779296875,25270.099609375,17757.0,17.790000915527344
2022-01-21,37573.86328125,36054.6015625,11561.75,13243.0498046875,36812.8984375,5719.5498046875,491.20001220703125,25055.849609375,17617.150390625,18.889999389648438
2022-01-24,36947.12109375,34821.6015625,11261.2001953125,12998.599609375,35941.3515625,5420.4501953125,462.20001220703125,24425.25,17149.099609375,22.829999923706055
2022-01-25,37706.3125,34707.44921875,11522.75,13092.099609375,36382.8515625,5485.14990234375,470.6000061035156,24716.400390625,17277.94921875,21.360000610351562
2022-01-27,37981.66015625,33475.05078125,11561.599609375,12847.900390625,35966.80078125,5445.89990234375,462.1000061035156,24557.0,17110.150390625,21.06999969482422
2022-01-28,37688.9609375,33851.94921875,11493.400390625,12983.0498046875,36188.30078125,5466.0498046875,465.6499938964844,24677.0,17101.94921875,20.700000762939453
2022-01-31,37974.91015625,34824.55078125,11703.5,13179.900390625,36467.25,5473.4501953125,480.25,24983.94921875,17339.849609375,21.950000762939453
2022-02-01,38505.05078125,35371.6484375,11616.099609375,13477.5,37183.80078125,5719.39990234375,488.6499938964844,24888.44921875,17576.849609375,19.979999542236328
2022-02-02,39330.04296875,35788.75,11632.400390625,13643.650390625,37581.5,5779.7001953125,495.5,24998.94921875,17780.0,18.649999618530273
2022-02-03,39009.546875,35056.80078125,11683.400390625,13617.599609375,37467.19921875,5761.60009765625,486.8999938964844,24728.94921875,17560.19921875,19.15999984741211
2022-02-04,38788.90234375,35080.1015625,11560.599609375,13580.2998046875,37508.3984375,5829.5,473.45001220703125,24699.150390625,17516.30078125,18.899999618530273
2022-02-07,37995.0078125,34621.25,11407.25,13381.7001953125,36764.94921875,5829.0,468.20001220703125,24825.0,17213.599609375,20.440000534057617
2022-02-08,38028.0078125,34521.55078125,11429.7998046875,13444.7001953125,36765.94921875,5875.60009765625,464.25,24500.900390625,17266.75,19.68000030517578
2022-02-09,38609.80078125,34983.30078125,11680.150390625,13570.2998046875,36852.8515625,5985.0,467.0,24514.349609375,17463.80078125,18.559999465942383
2022-02-10,39010.49609375,35341.8515625,11674.0498046875,13613.0498046875,36982.55078125,6059.4501953125,471.20001220703125,24685.55078125,17605.849609375,17.709999084472656
2022-02-11,38516.80078125,34379.05078125,11552.900390625,13510.2998046875,36671.6484375,6023.7998046875,461.8500061035156,24549.69921875,17374.75,18.68000030517578
2022-02-14,36908.12109375,33880.6484375,11107.150390625,13252.150390625,35661.25,5719.0,437.3999938964844,23899.80078125,16842.80078125,22.979999542236328
2022-02-15,38169.65625,34913.30078125,11552.2998046875,13356.900390625,36438.69921875,5845.5,450.70001220703125,24363.80078125,17352.44921875,20.610000610351562
2022-02-16,37953.359375,34801.94921875,11509.7001953125,13425.099609375,36460.75,5812.14990234375,455.79998779296875,24392.94921875,17322.19921875,20.59000015258789
2022-02-17,37531.2109375,34634.1015625,11492.849609375,13324.400390625,36571.69921875,5793.39990234375,454.70001220703125,24757.94921875,17304.599609375,22.010000228881836
2022-02-18,37598.7109375,34483.1015625,11420.4501953125,13208.7998046875,36498.69921875,5778.39990234375,449.0,24540.69921875,17276.30078125,22.170000076293945
2022-02-21,37685.1640625,34472.05078125,11361.599609375,13029.900390625,36200.30078125,5658.9501953125,442.8999938964844,24174.400390625,17206.650390625,22.899999618530273
2022-02-22,37371.21484375,34129.55078125,11343.0498046875,12954.5,35879.8515625,5595.89990234375,430.0,24166.349609375,17092.19921875,26.65999984741211
2022-02-23,37391.6171875,34114.30078125,11318.7001953125,12976.2998046875,35933.1015625,5608.89990234375,443.54998779296875,24164.75,17063.25,24.540000915527344
2022-02-24,35227.69140625,32547.900390625,10609.7998046875,12500.099609375,34735.1484375,5313.64990234375,411.75,22928.099609375,16247.9501953125,31.979999542236328
2022-02-25,36430.328125,33476.94921875,10895.2998046875,12899.849609375,35292.55078125,5618.7001953125,433.75,23590.599609375,16658.400390625,26.739999771118164
2022-02-28,36204.87890625,33847.8515625,10820.5498046875,12927.599609375,35515.3984375,5896.85009765625,436.3999938964844,24212.099609375,16793.900390625,28.56999969482422
2022-03-02,35372.390625,33720.0,10500.4501953125,12689.5498046875,35364.44921875,6136.7001953125,431.25,24520.650390625,16605.94921875,29.229999542236328
2022-03-03,34943.89453125,34130.30078125,10261.099609375,12643.75,35019.6015625,6210.25,429.0,24968.25,16498.05078125,28.15999984741211
2022-03-04,34407.40234375,34177.69921875,9896.650390625,12600.150390625,34627.8515625,6010.14990234375,416.45001220703125,24491.349609375,16245.349609375,27.959999084472656
2022-03-07,32870.8671875,34135.8984375,9480.4501953125,12546.849609375,33657.44921875,6136.14990234375,393.6499938964844,24207.599609375,15863.150390625,29.329999923706055
2022-03-08,33157.71484375,35055.55078125,9560.0,12844.849609375,34006.8984375,6045.2998046875,406.45001220703125,24229.0,16013.4501953125,28.59000015258789
2022-03-09,33815.0546875,35440.55078125,9832.349609375,13059.25,34486.94921875,6024.60009765625,418.8500061035156,24459.099609375,16345.349609375,27.469999313354492
2022-03-10,34475.19921875,35399.1015625,10019.349609375,13077.0498046875,35530.30078125,6161.9501953125,428.20001220703125,24816.650390625,16594.900390625,25.579999923706055
2022-03-11,34545.84765625,35348.69921875,9979.7001953125,13399.0,35613.6484375,6190.0498046875,430.20001220703125,25004.30078125,16630.44921875,25.350000381469727
2022-03-14,35311.73828125,36028.0,10074.2998046875,13351.900390625,35589.3984375,6161.0498046875,422.95001220703125,24889.80078125,16871.30078125,25.68000030517578
2022-03-15,35022.2421875,35097.8515625,10131.2998046875,13318.849609375,35649.94921875,5910.10009765625,421.70001220703125,24347.94921875,16663.0,26.729999542236328
2022-03-16,35747.8359375,35729.6484375,10350.099609375,13374.5,36273.6015625,6065.7001953125,437.04998779296875,24783.80078125,16975.349609375,24.1200008392334
2022-03-17,36428.12890625,35643.6015625,10576.0,13546.0498046875,36782.69921875,6183.7998046875,450.75,25304.80078125,17287.05078125,22.610000610351562
2022-03-21,36018.08203125,35377.75,10448.400390625,13549.5498046875,36149.3515625,6276.35009765625,447.6000061035156,24936.650390625,17117.599609375,24.6200008392334
2022-03-22,36348.12890625,36070.44921875,10572.900390625,13513.150390625,35887.05078125,6323.7001953125,443.1000061035156,25359.5,17315.5,24.06999969482422
2022-03-23,36146.9296875,36082.0,10463.4501953125,13569.650390625,35789.8515625,6399.9501953125,441.54998779296875,25569.75,17245.650390625,24.75
2022-03-24,35526.6875,36516.75,10412.400390625,13724.5,35797.1484375,6498.2001953125,443.75,25789.099609375,17222.75,23.93000030517578
2022-03-25,35409.69140625,36152.30078125,10354.150390625,13607.0498046875,35522.75,6500.2001953125,449.1499938964844,25833.55078125,17153.0,23.43000030517578
2022-03-28,35710.0859375,36026.05078125,10421.599609375,13562.25,35659.44921875,6559.39990234375,451.0,25989.30078125,17222.0,22.610000610351562
2022-03-29,35846.98046875,36146.75,10416.25,13771.400390625,35640.1484375,6571.85009765625,455.3999938964844,25889.94921875,17325.30078125,21.299999237060547
2022-03-30,36333.87890625,36463.55078125,10542.150390625,13745.599609375,35858.25,6428.9501953125,462.3500061035156,25856.19921875,17498.25,20.610000610351562
2022-03-31,36373.1796875,36317.19921875,10552.099609375,13584.099609375,36287.75,6423.7001953125,463.54998779296875,25822.0,17464.75,20.559999465942383
2022-04-01,37148.06640625,36343.3984375,10676.849609375,13579.900390625,36712.1484375,6477.2001953125,474.54998779296875,26454.5,17670.44921875,18.43000030517578
2022-04-04,38634.75,36442.8984375,10803.849609375,13789.25,37191.75,6606.10009765625,476.1499938964844,26841.0,18053.400390625,17.90999984741211
2022-04-05,38067.45703125,36466.55078125,10936.5,13809.25,37656.80078125,6640.4501953125,474.8999938964844,27150.650390625,17957.400390625,18.489999771118164
2022-04-06,37632.36328125,35871.5,10906.7998046875,13758.4501953125,37588.8984375,6730.0,473.70001220703125,27472.05078125,17807.650390625,19.020000457763672
2022-04-07,37556.9140625,35423.25,10820.7001953125,13815.0,37561.69921875,6618.35009765625,473.8500061035156,27005.150390625,17639.55078125,19.0
2022-04-08,37751.61328125,35394.44921875,10894.2998046875,13838.599609375,38322.6484375,6755.5498046875,474.5,27512.69921875,17784.349609375,17.690000534057617
2022-04-11,37613.36328125,34895.8984375,10882.099609375,13837.849609375,38236.25,6774.89990234375,479.8500061035156,28235.25,17674.94921875,18.270000457763672
2022-04-12,37746.9609375,34379.5,10788.7998046875,13744.650390625,37931.3984375,6589.25,466.6000061035156,28059.05078125,17530.30078125,18.15999984741211
2022-04-13,37462.96484375,34354.80078125,10698.2998046875,13772.75,38191.3984375,6627.0,464.1000061035156,28193.69921875,17475.650390625,17.790000915527344
2022-04-18,36728.57421875,32780.05078125,10745.75,13717.2998046875,38422.1015625,6648.9501953125,458.20001220703125,28423.19921875,17173.650390625,19.34000015258789
2022-04-19,36341.1796875,31804.19921875,10615.150390625,13522.4501953125,37337.3984375,6578.0,446.8999938964844,28440.849609375,16958.650390625,19.770000457763672
2022-04-20,36314.4765625,32173.400390625,10848.7001953125,13660.650390625,37722.80078125,6556.10009765625,449.3500061035156,28690.69921875,17136.55078125,18.670000076293945
2022-04-21,36815.671875,32611.599609375,11090.5498046875,13821.2998046875,38005.8984375,6570.2001953125,454.3999938964844,29026.0,17392.599609375,17.850000381469727
2022-04-22,36044.33203125,32426.69921875,11028.150390625,13569.849609375,37775.44921875,6440.64990234375,448.1000061035156,28877.650390625,17171.94921875,18.350000381469727
2022-04-25,36081.93359375,31744.0,10916.5,13296.75,37167.3984375,6256.7998046875,431.25,28155.099609375,16953.94921875,21.260000228881836
2022-04-26,36404.37890625,31840.05078125,11221.75,13444.099609375,37866.69921875,6336.85009765625,446.6499938964844,28902.599609375,17200.80078125,19.190000534057617
2022-04-27,36028.43359375,31594.349609375,11158.849609375,13358.150390625,37634.5,6321.5498046875,445.29998779296875,28527.599609375,17038.400390625,20.610000610351562
2022-04-28,36421.77734375,31914.349609375,11192.0498046875,13480.0,38460.25,6362.39990234375,449.1000061035156,29046.099609375,17245.05078125,19.3799991607666
2022-04-29,36087.73046875,31622.400390625,11078.099609375,13462.849609375,38204.1484375,6327.2998046875,443.75,28594.150390625,17102.55078125,19.420000076293945
2022-05-02,36163.328125,31138.80078125,10938.2998046875,13460.25,38285.30078125,6363.10009765625,444.70001220703125,28573.650390625,17069.099609375,20.280000686645508
2022-05-04,35264.140625,30794.599609375,10661.0,13108.7998046875,37621.80078125,6158.5498046875,430.1499938964844,28201.400390625,16677.599609375,21.8799991607666
2022-05-05,35232.44140625,31432.44921875,10705.7001953125,13008.5,37408.05078125,6196.60009765625,423.20001220703125,28284.900390625,16682.650390625,20.290000915527344
2022-05-06,34590.796875,30719.44921875,10518.4501953125,12820.900390625,37279.30078125,6066.0,408.1499938964844,28339.0,16411.25,21.25
2022-05-09,34275.0,30733.30078125,10483.5,12785.0,36732.0,5942.7998046875,402.95001220703125,27570.25,16301.849609375,22.030000686645508
2022-05-10,34482.24609375,30427.19921875,10472.4501953125,12596.2998046875,36911.8984375,5633.85009765625,391.1000061035156,26581.349609375,16240.0498046875,22.299999237060547
2022-05-11,34692.74609375,30050.25,10377.400390625,12557.650390625,36658.3984375,5634.14990234375,393.95001220703125,26464.69921875,16167.099609375,22.799999237060547
2022-05-12,33531.7578125,29756.849609375,10164.349609375,12424.4501953125,36221.75,5425.89990234375,385.5,25719.150390625,15808.0,24.270000457763672
2022-05-13,33120.96484375,29624.849609375,10412.349609375,12629.5,36887.1484375,5313.0498046875,384.45001220703125,25347.650390625,15782.150390625,23.489999771118164
2022-05-16,33597.2109375,29403.5,10649.099609375,12608.25,36759.5,5359.9501953125,394.5,25657.400390625,15842.2998046875,24.530000686645508
2022-05-17,34301.5,30218.75,10911.150390625,12745.9501953125,37518.75,5727.4501953125,402.20001220703125,26455.849609375,16259.2998046875,22.739999771118164
2022-05-18,34163.30078125,30077.69921875,10909.4501953125,12881.5498046875,37989.05078125,5708.9501953125,395.1499938964844,26314.900390625,16240.2998046875,22.299999237060547
2022-05-19,33315.26171875,28352.150390625,10618.0,12600.849609375,37740.44921875,5476.25,384.8500061035156,25839.75,15809.400390625,24.559999465942383
2022-05-20,34276.0,28789.400390625,10914.599609375,13065.5,38546.3515625,5706.35009765625,401.04998779296875,26433.5,16266.150390625,23.100000381469727
2022-05-23,34247.203125,29079.30078125,11115.2001953125,12889.2001953125,38510.80078125,5241.60009765625,396.79998779296875,26052.0,16214.7001953125,23.399999618530273
2022-05-24,34289.75,28531.5,11116.2998046875,12691.599609375,38010.8515625,5180.2998046875,392.0,25824.19921875,16125.150390625,25.639999389648438
2022-05-25,34339.1015625,27566.099609375,11011.5,12543.849609375,37930.94921875,5079.25,380.70001220703125,25778.0,16025.7998046875,25.280000686645508
2022-05-26,35094.4921875,27932.55078125,11097.150390625,12557.5,37849.19921875,5214.75,386.0,25760.44921875,16170.150390625,22.719999313354492
2022-05-27,35612.88671875,28641.599609375,11270.25,12669.9501953125,38242.69921875,5211.5,387.8500061035156,25511.849609375,16352.4501953125,21.479999542236328
2022-05-30,35826.53125,29753.30078125,11491.400390625,12671.150390625,38610.3984375,5264.0498046875,403.6000061035156,25921.099609375,16661.400390625,19.979999542236328
2022-05-31,35486.984375,29679.05078125,11586.599609375,12604.4501953125,38713.44921875,5332.75,411.70001220703125,25641.099609375,16584.55078125,20.479999542236328
2022-06-01,35620.38671875,29260.75,11563.0,12443.75,38434.55078125,5336.7001953125,407.1000061035156,25456.44921875,16522.75,20.850000381469727
2022-06-02,35613.234375,29792.400390625,11491.400390625,12500.349609375,38497.30078125,5397.5498046875,410.79998779296875,25968.650390625,16628.0,20.31999969482422
2022-06-03,35274.640625,29903.80078125,11282.150390625,12418.7998046875,38273.8984375,5328.7998046875,406.8500061035156,25882.400390625,16584.30078125,19.979999542236328
2022-06-06,35309.7890625,29819.80078125,11303.150390625,12412.400390625,38238.44921875,5388.64990234375,403.5,25830.349609375,16569.55078125,20.200000762939453
2022-06-07,34995.59375,29351.69921875,11362.2001953125,12279.650390625,37648.8515625,5340.85009765625,396.75,26101.900390625,16416.349609375,20.43000030517578
2022-06-08,34945.7421875,29472.150390625,11382.349609375,12317.7998046875,37254.3515625,5348.2001953125,404.25,25976.25,16356.25,19.84000015258789
2022-06-09,35085.04296875,29761.55078125,11419.25,12465.900390625,37440.6484375,5278.2001953125,405.29998779296875,26287.69921875,16478.099609375,19.139999389648438
2022-06-10,34483.3984375,29114.30078125,11394.0,12419.2001953125,37428.69921875,5199.9501953125,400.45001220703125,25808.5,16201.7998046875,19.579999923706055
2022-06-13,33405.46484375,27914.599609375,11165.650390625,12191.849609375,37078.1015625,5000.0,387.8500061035156,25317.400390625,15774.400390625,22.3700008392334
2022-06-14,33310.96484375,27953.349609375,11104.150390625,12218.5,36999.1484375,5018.2998046875,391.0,25177.69921875,15732.099609375,21.889999389648438
2022-06-15,33338.61328125,27812.44921875,11206.75,12261.349609375,36830.8984375,4982.2998046875,388.6000061035156,24877.0,15692.150390625,22.149999618530273
2022-06-16,32616.720703125,27136.44921875,10956.599609375,12066.650390625,36621.1484375,4721.2998046875,377.70001220703125,24370.0,15360.599609375,22.8700008392334
2022-06-17,32742.669921875,26732.44921875,10830.900390625,11803.9501953125,36264.55078125,4724.85009765625,377.6499938964844,24155.150390625,15293.5,22.760000228881836
2022-06-20,32684.419921875,26966.19921875,10754.7001953125,11847.900390625,36915.75,4540.5498046875,370.75,23701.30078125,15350.150390625,22.40999984741211
2022-06-21,33191.36328125,27810.650390625,10974.2001953125,12098.349609375,37317.75,4720.75,384.29998779296875,24355.94921875,15638.7998046875,21.139999389648438
2022-06-22,32844.91796875,27488.400390625,10881.400390625,11939.0498046875,36963.30078125,4490.75,375.8999938964844,23792.05078125,15413.2998046875,21.299999237060547
2022-06-23,33134.61328125,28027.80078125,11359.5,12127.2001953125,37316.5,4523.0,382.1499938964844,23692.55078125,15556.650390625,20.8799991607666
2022-06-24,33627.05859375,27777.80078125,11583.25,12178.400390625,37778.8515625,4596.60009765625,383.20001220703125,24021.30078125,15699.25,20.549999237060547
2022-06-27,33810.85546875,28345.94921875,11686.0498046875,12221.5498046875,38103.19921875,4666.2998046875,386.5,24238.150390625,15832.0498046875,21.010000228881836
2022-06-28,33642.05859375,28509.099609375,11832.5498046875,12214.5498046875,38173.1015625,4744.0,389.1000061035156,24477.94921875,15850.2001953125,21.450000762939453
2022-06-29,33269.51171875,28140.099609375,11850.5,12210.9501953125,37688.3515625,4755.39990234375,389.95001220703125,24972.650390625,15799.099609375,21.899999618530273
2022-06-30,33424.71484375,27843.349609375,11701.150390625,12159.349609375,37664.55078125,4660.89990234375,385.29998779296875,25108.5,15780.25,21.84000015258789
2022-07-01,33539.05859375,28064.25,11711.9501953125,12260.900390625,38725.8515625,4696.5,391.3999938964844,24122.849609375,15752.0498046875,21.25
2022-07-04,33940.50390625,27890.650390625,11692.099609375,12218.2001953125,39755.6484375,4649.9501953125,392.6000061035156,24078.19921875,15835.349609375,20.969999313354492
2022-07-05,33815.50390625,27695.150390625,11649.7998046875,12233.75,39690.6015625,4663.75,391.8500061035156,24229.0,15810.849609375,20.790000915527344
2022-07-06,34323.8515625,28007.599609375,11952.2001953125,12331.150390625,40740.1484375,4665.2998046875,400.75,24079.19921875,15989.7998046875,20.270000457763672
2022-07-07,34919.89453125,28196.349609375,12114.099609375,12389.7001953125,40708.69921875,4842.2001953125,411.25,24109.150390625,16132.900390625,19.200000762939453
2022-07-08,35123.640625,28250.30078125,12124.599609375,12449.4501953125,40925.25,4799.5498046875,411.0,24347.650390625,16220.599609375,18.399999618530273
2022-07-11,35469.234375,27380.55078125,12252.5,12564.849609375,41043.1484375,4893.89990234375,417.04998779296875,25005.5,16216.0,18.3700008392334
2022-07-12,35131.83984375,27063.75,12107.349609375,12450.650390625,40574.80078125,4834.0498046875,417.45001220703125,25098.44921875,16058.2998046875,18.549999237060547
2022-07-13,34827.39453125,26949.75,12099.349609375,12622.2998046875,40954.3984375,4872.5498046875,418.6000061035156,24727.19921875,15966.650390625,18.520000457763672
2022-07-14,34650.796875,26523.30078125,12115.2998046875,12721.0,40897.30078125,4870.35009765625,417.6499938964844,24975.349609375,15938.650390625,18.34000015258789
2022-07-15,34682.24609375,26484.75,12361.650390625,12732.0,41498.80078125,4830.7001953125,420.0,24964.5,16049.2001953125,17.600000381469727
2022-07-18,35358.2890625,27322.94921875,12408.7001953125,12713.4501953125,41460.30078125,4950.9501953125,425.1000061035156,25279.150390625,16278.5,17.15999984741211
2022-07-19,35719.9375,27346.150390625,12538.900390625,12682.2001953125,41479.8515625,4991.0,435.95001220703125,25372.69921875,16340.5498046875,17.200000762939453
2022-07-20,35971.68359375,28146.349609375,12511.2998046875,12711.5,41950.1484375,5046.7001953125,435.20001220703125,25608.19921875,16520.849609375,16.81999969482422
2022-07-21,36200.578125,28342.900390625,12581.349609375,12651.75,42283.0,5090.10009765625,438.0,25719.599609375,16605.25,16.860000610351562
2022-07-22,36738.5234375,28168.150390625,12634.2001953125,12617.5498046875,42502.75,5094.10009765625,439.5,25621.650390625,16719.44921875,16.649999618530273
2022-07-25,36725.97265625,28216.0,12423.7001953125,12488.7998046875,42386.94921875,5168.5498046875,437.5,25360.849609375,16631.0,17.68000030517578
2022-07-26,36408.078125,27418.849609375,12276.5,12341.900390625,41799.05078125,5153.39990234375,433.1000061035156,25273.349609375,16483.849609375,18.170000076293945
2022-07-27,36783.32421875,27878.80078125,12326.349609375,12628.9501953125,42036.30078125,5193.64990234375,437.75,25278.650390625,16641.80078125,18.1299991607666
2022-07-28,37377.71484375,28663.05078125,12383.7001953125,12660.650390625,42271.6484375,5282.10009765625,446.79998779296875,25555.55078125,16929.599609375,17.010000228881836
2022-07-29,37490.9609375,29152.30078125,12543.2001953125,12776.5498046875,42487.3984375,5485.7998046875,450.95001220703125,26018.400390625,17158.25,16.549999237060547
2022-08-01,37902.7578125,29220.0,12953.650390625,12766.849609375,42526.75,5578.14990234375,452.6499938964844,26746.44921875,17340.05078125,17.489999771118164
2022-08-02,38023.55859375,29024.650390625,13023.650390625,12780.400390625,42798.5,5563.4501953125,445.0,27038.5,17345.44921875,18.530000686645508
2022-08-03,37988.80859375,29416.94921875,12919.400390625,12682.0,42624.1484375,5553.14990234375,441.6000061035156,27052.25,17388.150390625,18.450000762939453
2022-08-04,37755.11328125,29782.900390625,12945.7001953125,12982.349609375,42830.25,5620.35009765625,436.54998779296875,26803.75,17382.0,19.260000228881836
2022-08-05,37920.16015625,29973.55078125,12804.349609375,12939.75,42930.8984375,5595.85009765625,437.8999938964844,26418.650390625,17397.5,18.920000076293945
2022-08-08,38236.953125,29967.69921875,12927.9501953125,12940.25,42978.5,5668.0,438.6000061035156,26728.849609375,17525.099609375,19.299999237060547
2022-08-10,38287.40625,29701.150390625,12951.650390625,12950.7001953125,42821.6015625,5759.60009765625,434.79998779296875,26664.75,17534.75,19.59000015258789
2022-08-11,38879.3984375,30233.69921875,12923.5498046875,13014.2001953125,42478.5,5758.85009765625,440.3999938964844,26661.75,17659.0,18.360000610351562
2022-08-12,39041.84765625,29885.900390625,12923.75,12864.0,42457.30078125,5853.4501953125,443.25,27163.94921875,17698.150390625,17.610000610351562
2022-08-16,39239.19140625,29909.0,13250.0,12933.849609375,42964.1015625,5893.39990234375,452.0,27462.30078125,17825.25,17.68000030517578
2022-08-17,39461.2421875,30256.900390625,13194.25,12979.25,43275.8515625,5922.7998046875,452.3500061035156,27609.25,17944.25,17.68000030517578
2022-08-18,39655.6875,30018.900390625,13131.900390625,12935.75,43522.30078125,5977.14990234375,459.3500061035156,27630.80078125,17956.5,17.350000381469727
2022-08-19,38985.49609375,30036.099609375,12946.4501953125,12799.9501953125,42945.3515625,5883.25,450.3999938964844,27468.05078125,17758.44921875,18.290000915527344
2022-08-22,38297.3046875,29478.900390625,12695.75,12588.25,42890.6484375,5708.10009765625,439.1000061035156,27234.5,17490.69921875,19.040000915527344
2022-08-23,38697.19921875,28957.849609375,12925.75,12683.5498046875,42937.6484375,5789.2001953125,440.8500061035156,27492.25,17577.5,19.049999237060547
2022-08-24,39038.046875,28859.849609375,12913.349609375,12644.0,42999.69921875,5830.0498046875,448.8500061035156,27561.5,17604.94921875,18.43000030517578
2022-08-25,38950.296875,28608.650390625,12877.900390625,12593.25,42830.05078125,5800.10009765625,455.45001220703125,27514.900390625,17522.44921875,19.56999969482422
2022-08-26,38986.6953125,28691.599609375,12929.150390625,12580.4501953125,42768.94921875,5902.7001953125,453.75,27724.650390625,17558.900390625,18.219999313354492
2022-08-29,38276.25390625,27678.94921875,12886.400390625,12545.75,42933.8984375,5812.25,447.6000061035156,27557.44921875,17312.900390625,19.81999969482422
2022-08-30,39536.2890625,28407.900390625,13217.349609375,12699.400390625,43821.1484375,5934.60009765625,463.20001220703125,28104.5,17759.30078125,18.700000762939453
2022-09-01,39300.79296875,27846.80078125,13266.150390625,12555.0,43497.3515625,5878.9501953125,468.20001220703125,27565.80078125,17542.80078125,19.8700008392334
2022-09-02,39420.54296875,27745.80078125,13220.650390625,12506.150390625,43666.55078125,5887.7001953125,467.3500061035156,27358.849609375,17539.44921875,19.549999237060547
2022-09-05,39805.2890625,27836.599609375,13246.099609375,12565.5498046875,43755.8515625,5985.75,471.5,27531.69921875,17665.80078125,19.65999984741211
2022-09-06,39666.0390625,27742.80078125,13225.2998046875,12598.0,43528.8984375,6064.7001953125,473.20001220703125,27885.5,17655.599609375,19.520000457763672
2022-09-07,39455.44140625,27832.400390625,13072.650390625,12696.2998046875,43614.94921875,6066.39990234375,473.6000061035156,27718.80078125,17624.400390625,19.3700008392334
2022-09-08,40208.48046875,28102.400390625,13151.400390625,12689.9501953125,43786.44921875,6011.5,472.25,27783.599609375,17798.75,18.309999465942383
2022-09-09,40415.23046875,28724.05078125,13219.599609375,12689.2998046875,43837.69921875,6025.2998046875,470.04998779296875,27692.94921875,17833.349609375,17.719999313354492
2022-09-12,40573.52734375,29131.19921875,13256.099609375,12715.25,43921.8515625,6080.9501953125,480.3999938964844,27946.599609375,17936.349609375,17.940000534057617
2022-09-13,40872.625,29116.849609375,13264.150390625,12745.599609375,44251.55078125,6158.89990234375,479.54998779296875,28047.69921875,18070.05078125,17.469999313354492
2022-09-14,41404.91796875,28137.650390625,13222.25,12682.2001953125,44182.6484375,6256.2998046875,476.25,27954.75,18003.75,18.280000686645508
2022-09-15,41208.71875,27734.349609375,13315.5,12518.849609375,44041.6015625,6263.89990234375,471.8999938964844,28172.099609375,17877.400390625,18.389999389648438
2022-09-16,40776.328125,26706.44921875,12954.4501953125,12346.849609375,43192.6484375,6137.64990234375,454.3500061035156,27728.80078125,17530.849609375,19.81999969482422
2022-09-19,40903.921875,26810.150390625,13074.0,12369.599609375,43655.6484375,6110.10009765625,450.04998779296875,27586.75,17622.25,19.940000534057617
2022-09-20,41467.8203125,27020.599609375,13291.349609375,12750.7001953125,43981.25,6205.60009765625,457.20001220703125,27724.349609375,17816.25,18.799999237060547
2022-09-21,41202.96875,26843.25,13223.4501953125,12573.5498046875,44500.1484375,6076.10009765625,451.29998779296875,27310.099609375,17718.349609375,19.329999923706055
2022-09-22,40630.12890625,26782.650390625,13320.75,12612.849609375,45080.44921875,6100.75,450.04998779296875,27223.349609375,17629.80078125,18.81999969482422
2022-09-23,39545.7890625,26592.349609375,13093.5,12610.650390625,44854.6484375,6027.35009765625,436.75,26500.099609375,17327.349609375,20.59000015258789
2022-09-26,38615.80078125,26743.650390625,12594.349609375,12475.5,43937.3984375,5778.25,418.20001220703125,25684.19921875,17016.30078125,21.889999389648438
2022-09-27,38358.703125,27004.150390625,12529.7998046875,12598.0,44218.1484375,5728.64990234375,417.04998779296875,25682.30078125,17007.400390625,21.56999969482422
2022-09-28,37759.4140625,27067.650390625,12537.349609375,12705.400390625,43964.6484375,5617.64990234375,414.25,25281.25,16858.599609375,22.100000381469727
2022-09-29,37647.3125,26819.05078125,12497.349609375,12874.2998046875,44356.25,5645.9501953125,415.79998779296875,25070.400390625,16818.099609375,21.299999237060547
2022-09-30,38631.5,26981.150390625,12699.2998046875,12971.900390625,44405.6484375,5768.2001953125,424.0,25581.30078125,17094.349609375,19.969999313354492
2022-10-03,38029.20703125,26729.099609375,12441.0498046875,13118.9501953125,43477.30078125,5593.9501953125,418.75,25192.599609375,16887.349609375,21.3700008392334
2022-10-04,39109.59765625,27496.94921875,12690.5498046875,13233.4501953125,44287.05078125,5769.2998046875,428.25,25717.650390625,17274.30078125,19.56999969482422
2022-10-06,39282.39453125,27928.75,12784.5498046875,13188.0,44097.19921875,5956.9501953125,437.1499938964844,25865.25,17331.80078125,19.31999969482422
2022-10-07,39177.59375,27733.599609375,12761.9501953125,13134.7001953125,43813.30078125,5931.5498046875,438.54998779296875,25884.0,17314.650390625,18.809999465942383
2022-10-10,39092.6484375,28027.599609375,12693.599609375,13028.400390625,43329.19921875,5916.39990234375,434.25,25621.599609375,17241.0,19.6200008392334
2022-10-11,38712.0,27469.5,12488.349609375,12826.7998046875,42564.6484375,5785.9501953125,420.8999938964844,25209.75,16983.55078125,20.489999771118164
2022-10-12,39118.09765625,27694.650390625,12598.2998046875,12839.349609375,43196.8515625,5798.14990234375,427.70001220703125,25455.400390625,17123.599609375,20.18000030517578
2022-10-13,38623.55078125,27506.19921875,12562.75,12867.150390625,43036.6484375,5804.25,423.45001220703125,25319.900390625,17014.349609375,20.290000915527344
2022-10-14,39305.14453125,27954.05078125,12478.25,12950.4501953125,43153.05078125,5767.2001953125,420.04998779296875,25066.94921875,17185.69921875,18.260000228881836
2022-10-17,39919.984375,28019.150390625,12562.5498046875,12982.400390625,43182.8984375,5711.39990234375,418.25,25449.150390625,17311.80078125,18.420000076293945
2022-10-18,40318.28125,28315.19921875,12732.650390625,13008.25,43715.75,5775.0498046875,425.45001220703125,25779.55078125,17486.94921875,17.450000762939453
2022-10-19,40372.73046875,28060.349609375,12721.0498046875,13021.75,43890.55078125,5736.14990234375,427.1499938964844,25721.44921875,17512.25,17.489999771118164
2022-10-20,40099.0859375,28432.19921875,12729.599609375,13089.2001953125,44281.1484375,5801.7001953125,426.6000061035156,26080.349609375,17563.94921875,17.229999542236328
2022-10-21,40783.578125,28336.94921875,12695.650390625,12979.400390625,44269.19921875,5748.35009765625,426.79998779296875,25907.55078125,17576.30078125,17.280000686645508
2022-10-24,41304.41796875,28534.30078125,12794.650390625,13061.099609375,44210.1015625,5789.0498046875,428.0,26056.25,17730.75,17.420000076293945
2022-10-25,41122.2734375,28722.849609375,12952.7998046875,13112.2001953125,43752.8515625,5812.4501953125,425.3500061035156,25793.150390625,17656.349609375,16.8799991607666
2022-10-27,41298.8203125,28572.19921875,12979.400390625,13228.0498046875,43954.6015625,5970.25,437.95001220703125,26130.19921875,17736.94921875,16.600000381469727
2022-10-28,40990.375,28318.349609375,13190.900390625,13048.2998046875,43944.1015625,5883.35009765625,436.1499938964844,26493.25,17786.80078125,15.920000076293945
2022-10-31,41307.41796875,28727.599609375,13381.650390625,13212.25,44296.30078125,5896.35009765625,438.6499938964844,26672.650390625,18012.19921875,15.800000190734863
2022-11-01,41289.0703125,29270.650390625,13416.900390625,13492.0498046875,44564.8984375,6036.9501953125,442.70001220703125,26899.650390625,18145.400390625,16.1299991607666
2022-11-02,41146.171875,29138.650390625,13318.25,13556.900390625,44533.3515625,6075.7001953125,439.1499938964844,26917.900390625,18082.849609375,16.65999984741211
2022-11-03,41297.87109375,28795.75,13262.650390625,13559.9501953125,44661.8515625,6068.75,441.70001220703125,26769.44921875,18052.69921875,15.9399995803833
2022-11-04,41257.96875,28693.05078125,13271.7001953125,13422.150390625,44509.55078125,6324.14990234375,443.04998779296875,26896.05078125,18117.150390625,15.65999984741211
2022-11-07,41686.21484375,28741.30078125,13443.900390625,13230.0,44709.44921875,6423.85009765625,447.70001220703125,27102.349609375,18202.80078125,15.59000015258789
2022-11-09,41782.71484375,28626.80078125,13341.400390625,13079.5,44826.55078125,6364.0498046875,441.54998779296875,26941.599609375,18157.0,15.920000076293945
2022-11-10,41603.265625,28505.75,13080.75,12983.099609375,44586.8984375,6318.75,440.8999938964844,26712.25,18028.19921875,15.569999694824219
2022-11-11,42136.5625,29591.94921875,13040.900390625,13015.650390625,44520.5,6447.2001953125,448.25,26955.650390625,18349.69921875,14.40999984741211
2022-11-14,42076.26171875,29849.30078125,13071.400390625,13019.849609375,43919.1484375,6558.5,453.29998779296875,26866.30078125,18329.150390625,14.90999984741211
2022-11-15,42372.20703125,29865.30078125,13155.5498046875,13036.900390625,43911.05078125,6589.5498046875,452.79998779296875,26994.94921875,18403.400390625,14.640000343322754
2022-11-16,42534.8046875,29951.5,13105.9501953125,12998.5,43910.30078125,6461.60009765625,448.1499938964844,26760.099609375,18409.650390625,15.100000381469727
2022-11-17,42457.55859375,29681.400390625,12927.400390625,12948.25,43845.1015625,6455.7001953125,448.3500061035156,26584.19921875,18343.900390625,14.880000114440918
2022-11-18,42436.95703125,29669.25,12774.900390625,12861.400390625,43747.0,6444.39990234375,448.79998779296875,26489.30078125,18307.650390625,14.390000343322754
2022-11-21,42346.05859375,29209.55078125,12696.099609375,12794.599609375,43611.0,6392.25,443.1000061035156,26141.900390625,18159.94921875,14.800000190734863
2022-11-22,42456.55859375,29446.900390625,12745.5,12836.349609375,43854.1484375,6448.85009765625,437.70001220703125,26050.150390625,18244.19921875,13.84000015258789
2022-11-23,42728.60546875,29405.650390625,12774.75,12876.9501953125,43854.19921875,6422.85009765625,438.79998779296875,26080.19921875,18267.25,14.039999961853027
2022-11-24,43074.8984375,30178.650390625,12845.599609375,12888.150390625,44241.75,6440.7001953125,439.75,26312.94921875,18484.099609375,13.479999542236328
2022-11-25,42983.44921875,30334.599609375,12958.0,12968.4501953125,44102.6015625,6455.14990234375,444.8999938964844,26452.599609375,18512.75,13.329999923706055
2022-11-28,43019.94921875,30309.650390625,13036.400390625,12993.9501953125,44251.05078125,6381.35009765625,445.20001220703125,26804.80078125,18562.75,13.569999694824219
2022-11-29,43052.94921875,30345.650390625,13007.650390625,13087.349609375,45078.55078125,6447.35009765625,443.70001220703125,26884.44921875,18618.05078125,13.619999885559082
2022-11-30,43230.49609375,30391.69921875,13231.849609375,13144.2001953125,45536.55078125,6564.2001953125,450.1499938964844,27354.0,18758.349609375,13.8100004196167
2022-12-01,43260.14453125,31120.5,13191.75,13120.650390625,45370.6484375,6664.85009765625,459.04998779296875,27183.150390625,18812.5,13.359999656677246
2022-12-02,43103.25,31052.099609375,13046.349609375,13086.9501953125,45154.19921875,6694.5,463.3500061035156,27028.05078125,18696.099609375,13.449999809265137
2022-12-05,43332.4453125,30891.5,13007.5498046875,13052.900390625,45151.1484375,6819.75,466.54998779296875,26931.650390625,18701.05078125,13.729999542236328
2022-12-06,43138.05078125,30443.0,12973.7998046875,12955.349609375,45287.8515625,6768.85009765625,463.3999938964844,27021.05078125,18642.75,14.039999961853027
2022-12-07,43098.19921875,30187.05078125,12870.650390625,12869.7998046875,45724.6015625,6709.2998046875,457.8999938964844,26714.5,18560.5,14.079999923706055
2022-12-08,43596.34375,30115.0,12908.150390625,12728.7001953125,45767.05078125,6756.9501953125,454.3500061035156,26643.19921875,18609.349609375,13.399999618530273
2022-12-09,43632.94140625,29168.44921875,12869.400390625,12774.7001953125,46159.5,6681.5498046875,447.54998779296875,26370.44921875,18496.599609375,13.479999542236328
2022-12-12,43708.2421875,29050.5,12874.349609375,12758.0498046875,46215.19921875,6708.14990234375,449.6000061035156,26450.30078125,18497.150390625,13.319999694824219
2022-12-13,43946.0390625,29376.55078125,12931.0,12797.75,46145.55078125,6722.0,446.0,26482.349609375,18608.0,12.880000114440918
2022-12-14,44048.58984375,29713.900390625,13004.099609375,12883.599609375,45949.3515625,6805.85009765625,452.45001220703125,26648.0,18660.30078125,12.890000343322754
2022-12-15,43497.6953125,29087.94921875,12912.900390625,12816.099609375,45544.55078125,6708.5498046875,446.54998779296875,26489.19921875,18414.900390625,13.729999542236328
2022-12-16,43218.99609375,28702.19921875,12775.25,12636.2001953125,45320.75,6657.7001953125,439.79998779296875,26302.0,18269.0,14.069999694824219
2022-12-19,43413.24609375,28556.44921875,12978.7998046875,12646.4501953125,45981.44921875,6742.4501953125,443.04998779296875,26578.69921875,18420.44921875,13.550000190734863
2022-12-20,43358.99609375,28612.5,12879.400390625,12618.4501953125,45694.69921875,6750.2998046875,437.70001220703125,26619.5,18385.30078125,13.779999732971191
2022-12-21,42617.453125,28764.25,12695.4501953125,12920.400390625,45284.69921875,6593.64990234375,430.6000061035156,26125.30078125,18199.099609375,15.5600004196167
2022-12-22,42408.30859375,28763.900390625,12554.7001953125,12892.75,45085.55078125,6519.25,424.5,25879.19921875,18127.349609375,15.1899995803833
2022-12-23,41667.56640625,28237.05078125,12236.0,12784.4501953125,44314.8984375,6228.0,409.8500061035156,24879.94921875,17806.80078125,16.15999984741211
2022-12-26,42629.65234375,28385.69921875,12236.0,12677.099609375,44314.8984375,6228.0,409.8500061035156,24879.94921875,18014.599609375,16.15999984741211
2022-12-27,42859.0,28636.25,12522.75,12694.75,44559.3984375,6633.9501953125,425.04998779296875,25641.69921875,18132.30078125,15.289999961853027
2022-12-28,42827.203125,28583.44921875,12605.4501953125,12624.150390625,44589.1484375,6615.75,427.1499938964844,25725.349609375,18122.5,15.399999618530273
2022-12-29,43251.84765625,28687.19921875,12634.599609375,12634.2998046875,44508.0,6687.10009765625,427.75,25863.599609375,18191.0,14.8100004196167
2022-12-30,42985.94921875,28621.69921875,12611.7001953125,12597.599609375,44171.44921875,6723.39990234375,431.79998779296875,25869.849609375,18105.30078125,14.869999885559082
2023-01-02,43203.1015625,28737.30078125,12667.75,12551.400390625,44192.8515625,6886.64990234375,436.1000061035156,26031.0,18197.44921875,14.6899995803833
2023-01-03,43425.25,28962.30078125,12614.75,12641.75,44013.6484375,6850.0498046875,436.6499938964844,26005.30078125,18232.55078125,14.390000343322754
2023-01-04,42958.80078125,28677.80078125,12512.0498046875,12622.75,43723.55078125,6705.85009765625,427.70001220703125,25605.55078125,18042.94921875,15.199999809265137
2023-01-05,42608.69921875,28527.75,12656.650390625,12753.2001953125,44401.5,6761.2001953125,428.70001220703125,25717.849609375,17992.150390625,14.979999542236328
2023-01-06,42188.80078125,27956.44921875,12627.7998046875,12654.9501953125,44412.8515625,6697.2998046875,425.8500061035156,25728.849609375,17859.44921875,15.029999732971191
2023-01-09,42582.75,28748.150390625,12783.0,12770.599609375,44796.6484375,6792.89990234375,428.45001220703125,26163.94921875,18101.19921875,14.649999618530273
2023-01-10,42014.75,28502.69921875,12819.099609375,12766.599609375,44626.05078125,6741.7001953125,425.1499938964844,26092.900390625,17914.150390625,15.510000228881836
2023-01-11,42232.69921875,28596.349609375,12753.0498046875,12682.25,44123.0,6792.14990234375,424.95001220703125,25876.599609375,17895.69921875,15.4399995803833
2023-01-12,42082.25,28720.30078125,12769.400390625,12671.4501953125,43966.3515625,6783.64990234375,425.1499938964844,25699.599609375,17858.19921875,15.279999732971191
2023-01-13,42371.25,28933.75,12832.400390625,12668.7998046875,43955.6015625,6869.7998046875,426.3999938964844,25862.55078125,17956.599609375,14.460000038146973
2023-01-16,42167.55078125,29264.650390625,12748.7998046875,12659.400390625,44006.75,6779.25,425.79998779296875,26026.900390625,17894.849609375,15.020000457763672
2023-01-17,42235.05078125,29498.0,12821.849609375,12648.0,44536.1015625,6793.5,430.79998779296875,26331.099609375,18053.30078125,14.59000015258789
2023-01-18,42458.0,29617.80078125,12817.599609375,12734.5,44711.44921875,6905.7998046875,430.95001220703125,26272.55078125,18165.349609375,14.369999885559082
2023-01-19,42328.8515625,29632.349609375,12763.0,12699.0498046875,44326.05078125,6867.2998046875,430.54998779296875,26163.0,18107.849609375,13.960000038146973
2023-01-20,42506.80078125,29529.650390625,12691.7001953125,12606.4501953125,43899.6015625,6805.25,427.45001220703125,26135.05078125,18027.650390625,13.789999961853027
2023-01-23,42821.25,30086.0,12797.0498046875,12718.4501953125,44261.8984375,6777.85009765625,424.75,26137.44921875,18118.55078125,13.619999885559082
2023-01-24,42733.44921875,30316.900390625,12960.849609375,12593.849609375,44324.3515625,6717.60009765625,420.45001220703125,25962.25,18118.30078125,13.65999984741211
2023-01-25,41647.6484375,30043.900390625,12957.150390625,12440.099609375,44284.1484375,6703.7998046875,412.75,25450.30078125,17891.94921875,14.65999984741211
2023-01-27,40345.30078125,29766.44921875,13089.7001953125,12508.0498046875,44486.6484375,6389.25,407.54998779296875,24169.94921875,17604.349609375,17.31999969482422
2023-01-30,40387.44921875,30094.849609375,13076.849609375,12484.0,44220.3515625,6371.64990234375,407.0,23434.69921875,17648.94921875,17.709999084472656
2023-01-31,40655.05078125,29740.349609375,13323.900390625,12360.25,44456.8984375,6468.39990234375,411.54998779296875,23713.5,17662.150390625,16.8799991607666
2023-02-01,40513.0,30018.25,13206.849609375,12355.7998046875,44958.30078125,6177.0498046875,407.70001220703125,23402.75,17616.30078125,16.780000686645508
2023-02-02,40669.30078125,30566.75,13213.25,12306.2998046875,45981.55078125,5908.2001953125,409.25,22874.0,17610.400390625,15.729999542236328
2023-02-03,41499.69921875,30597.650390625,13377.9501953125,12184.599609375,46037.19921875,5901.9501953125,405.8999938964844,22638.400390625,17854.05078125,14.399999618530273
2023-02-06,41374.6484375,30411.099609375,13360.150390625,12193.099609375,46293.6015625,5772.39990234375,408.0,22478.05078125,17764.599609375,14.6899995803833
2023-02-07,41490.94921875,30310.69921875,13226.0498046875,12191.400390625,45758.1015625,5757.35009765625,411.6000061035156,22386.5,17721.5,14.130000114440918
2023-02-08,41537.6484375,30774.05078125,13257.349609375,12357.2998046875,45771.6015625,5975.14990234375,411.6499938964844,22559.80078125,17871.69921875,13.600000381469727
2023-02-09,41554.30078125,30990.849609375,13187.849609375,12302.5,45671.25,5880.7001953125,409.25,22499.75,17893.44921875,13.039999961853027
2023-02-10,41559.3984375,30870.19921875,13235.0498046875,12327.0,45488.1015625,5773.60009765625,414.79998779296875,22325.849609375,17856.5,12.75
2023-02-13,41282.19921875,30289.650390625,13154.349609375,12268.099609375,45508.3984375,5704.75,407.8500061035156,22258.94921875,17770.900390625,13.680000305175781
2023-02-14,41648.3515625,30588.75,13106.5498046875,12248.7998046875,45976.94921875,5762.85009765625,400.3500061035156,22273.849609375,17929.849609375,13.449999809265137
2023-02-15,41731.05078125,30934.349609375,13235.2001953125,12237.099609375,45799.19921875,5789.64990234375,405.54998779296875,22349.150390625,18015.849609375,12.859999656677246
2023-02-16,41631.3515625,31434.849609375,13206.0498046875,12298.599609375,45758.19921875,5860.75,410.95001220703125,22427.650390625,18035.849609375,12.890000343322754
2023-02-17,41131.75,31054.849609375,13140.0,12154.0498046875,45617.30078125,5807.7001953125,403.6499938964844,22469.19921875,17944.19921875,13.09000015258789
2023-02-20,40701.69921875,31222.349609375,13177.400390625,12055.400390625,45501.19921875,5762.9501953125,400.8500061035156,22249.05078125,17844.599609375,13.380000114440918
2023-02-21,40673.6015625,30947.25,13148.75,12019.5,45551.94921875,5744.14990234375,396.04998779296875,22339.0,17826.69921875,14.010000228881836
2023-02-22,39995.8984375,30608.19921875,12989.9501953125,11991.849609375,45412.8515625,5592.2998046875,389.45001220703125,21916.44921875,17554.30078125,15.59000015258789
2023-02-23,40001.55078125,30598.400390625,12982.25,11968.2001953125,45530.1015625,5611.7998046875,382.5,21801.80078125,17511.25,15.079999923706055
2023-02-24,39909.3984375,30514.900390625,12869.099609375,11996.2001953125,45372.5,5443.60009765625,380.45001220703125,21946.650390625,17465.80078125,14.1899995803833
2023-02-27,40307.1015625,29919.19921875,12675.2998046875,11902.5,45040.75,5313.75,388.75,21900.599609375,17392.69921875,13.880000114440918
2023-02-28,40269.05078125,29663.94921875,12731.7998046875,11747.099609375,44940.44921875,5269.10009765625,393.20001220703125,21682.25,17303.94921875,14.020000457763672
2023-03-01,40698.1484375,30097.75,12849.2998046875,11764.599609375,45062.55078125,5477.7001953125,397.75,21874.599609375,17450.900390625,13.0
2023-03-02,40389.80078125,29717.44921875,12738.7998046875,11761.099609375,44831.6015625,5473.35009765625,405.95001220703125,21900.05078125,17321.900390625,12.970000267028809
2023-03-03,41251.3515625,29817.05078125,12787.0498046875,11781.7998046875,45410.0,5667.89990234375,412.0,22268.75,17594.349609375,12.180000305175781
2023-03-06,41350.3984375,30179.75,12909.5,11807.900390625,45552.1015625,5679.5498046875,409.8500061035156,22698.5,17711.44921875,12.270000457763672
2023-03-08,41577.1015625,30065.75,13019.5,11750.150390625,45722.0,5679.25,407.04998779296875,22887.75,17754.400390625,12.449999809265137
2023-03-09,41256.75,29742.349609375,12781.2001953125,11700.400390625,45260.44921875,5682.75,402.29998779296875,22682.150390625,17589.599609375,12.729999542236328
2023-03-10,40485.44921875,29545.5,12741.599609375,11683.9501953125,45334.75,5635.7001953125,398.1499938964844,22696.75,17412.900390625,13.40999984741211
2023-03-13,39564.69921875,29267.0,12456.0,11597.349609375,44953.6015625,5585.25,390.25,22561.650390625,17154.30078125,16.219999313354492
2023-03-14,39411.3984375,28784.69921875,12345.5498046875,11597.9501953125,44714.94921875,5517.35009765625,386.29998779296875,22403.30078125,17043.30078125,16.219999313354492
2023-03-15,39051.5,28716.5,12282.0,11633.9501953125,44464.3515625,5616.5,383.0,22393.69921875,16972.150390625,16.299999237060547
2023-03-16,39132.6015625,28517.25,12304.900390625,11743.2001953125,44971.19921875,5471.75,387.25,22621.349609375,16985.599609375,16.219999313354492
2023-03-17,39598.1015625,28854.44921875,12245.9501953125,11676.150390625,44858.30078125,5602.60009765625,399.0,22659.0,17100.05078125,14.770000457763672
2023-03-20,39361.94921875,28442.94921875,12131.7001953125,11663.2998046875,45213.05078125,5470.85009765625,395.0,22585.69921875,16988.400390625,16.010000228881836
2023-03-21,39894.69921875,28164.849609375,12141.9501953125,11633.75,44913.3984375,5494.5,394.70001220703125,22792.900390625,17107.5,15.079999923706055
2023-03-22,39999.05078125,28217.599609375,12201.349609375,11754.7001953125,45109.5,5492.35009765625,394.29998779296875,22835.75,17151.900390625,14.8100004196167
2023-03-23,39616.8984375,27999.25,12205.7001953125,11780.849609375,45267.44921875,5497.85009765625,390.04998779296875,22821.75,17076.900390625,14.489999771118164
2023-03-24,39395.3515625,27935.650390625,12113.400390625,11755.349609375,45060.0,5372.89990234375,380.95001220703125,22613.400390625,16945.05078125,15.239999771118164
2023-03-27,39431.30078125,27948.75,12035.099609375,11882.75,45188.0,5372.85009765625,376.54998779296875,22514.55078125,16985.69921875,15.449999809265137
2023-03-28,39567.8984375,27702.80078125,11917.9501953125,11873.2001953125,45044.25,5330.2998046875,372.0,22388.849609375,16951.69921875,15.100000381469727
2023-03-29,39910.1484375,28011.30078125,12121.2998046875,11942.5,45421.6484375,5460.2001953125,381.1499938964844,22373.05078125,17080.69921875,13.630000114440918
2023-03-31,40608.6484375,28698.599609375,12243.7998046875,12017.0498046875,45904.8984375,5497.4501953125,387.3500061035156,22814.44921875,17359.75,12.9399995803833
2023-04-03,40813.05078125,28633.0,12425.849609375,12067.9501953125,45738.44921875,5477.85009765625,390.8500061035156,22805.900390625,17398.05078125,12.59000015258789
2023-04-05,40999.1484375,28977.19921875,12357.650390625,12181.849609375,46361.25,5496.2998046875,392.8500061035156,22707.900390625,17557.05078125,12.40999984741211
2023-04-06,41041.0,28764.55078125,12469.349609375,12274.349609375,46109.1484375,5528.10009765625,404.0,22816.05078125,17599.150390625,11.800000190734863
2023-04-10,40834.6484375,29041.599609375,12616.75,12298.75,45909.6484375,5570.25,421.3500061035156,23060.05078125,17624.05078125,12.270000457763672
2023-04-11,41366.5,28675.75,12742.0498046875,12300.0,46269.69921875,5668.25,420.1499938964844,23297.19921875,17722.30078125,11.979999542236328
2023-04-12,41557.94921875,28980.349609375,12862.2001953125,12574.2001953125,46112.6015625,5695.5498046875,420.45001220703125,23233.099609375,17812.400390625,12.270000457763672
2023-04-13,42132.55078125,28342.80078125,12918.650390625,12478.900390625,46211.94921875,5710.0498046875,425.20001220703125,23215.650390625,17828.0,11.90999984741211
2023-04-17,42262.55078125,27008.19921875,12996.150390625,12403.599609375,46688.6015625,5734.5,429.3999938964844,23363.75,17706.849609375,12.270000457763672
2023-04-18,42265.19921875,27166.94921875,13005.099609375,12607.349609375,46536.3515625,5749.0,433.8500061035156,23211.849609375,17660.150390625,12.079999923706055
2023-04-19,42154.0,26687.44921875,13002.5498046875,12625.2998046875,46421.44921875,5779.64990234375,434.54998779296875,23159.400390625,17618.75,12.149999618530273
2023-04-20,42269.5,26637.150390625,13032.349609375,12485.25,46256.05078125,5756.9501953125,432.70001220703125,23185.25,17624.44921875,11.9399995803833
2023-04-21,42118.0,26822.099609375,12898.75,12545.75,46669.69921875,5677.89990234375,423.5,23185.44921875,17624.05078125,11.630000114440918
2023-04-24,42635.75,27013.650390625,12893.349609375,12454.349609375,46943.05078125,5703.2998046875,428.0,23207.400390625,17743.400390625,11.670000076293945
2023-04-25,42678.5,26985.80078125,12904.5498046875,12456.599609375,47051.8515625,5738.25,430.1000061035156,23385.75,17769.25,11.520000457763672
2023-04-26,42829.8984375,27065.0,12972.75,12457.849609375,47387.5,5713.2001953125,435.95001220703125,23365.80078125,17813.599609375,11.649999618530273
2023-04-27,43000.8515625,27355.25,13071.7998046875,12519.349609375,47360.1484375,5753.75,442.6000061035156,23443.650390625,17915.05078125,11.430000305175781
2023-04-28,43233.8984375,27708.19921875,13189.25,12613.9501953125,47814.1015625,5799.39990234375,445.1000061035156,23734.55078125,18065.0,10.949999809265137
2023-05-02,43352.1015625,28025.0,13283.150390625,12590.2998046875,47750.19921875,5882.0,444.95001220703125,24046.94921875,18147.650390625,11.899999618530273
2023-05-03,43312.69921875,27743.75,13278.599609375,12586.7998046875,48120.6484375,5824.25,446.20001220703125,23901.150390625,18089.849609375,11.84000015258789
2023-05-04,43685.44921875,27883.19921875,13292.5498046875,12654.650390625,48057.3515625,5895.0498046875,446.3999938964844,24042.400390625,18255.80078125,11.729999542236328
2023-05-05,42661.19921875,27719.94921875,13345.7998046875,12608.349609375,48186.1484375,5807.0498046875,445.04998779296875,23946.75,18069.0,12.300000190734863
2023-05-08,43284.0,27920.94921875,13584.25,12663.099609375,48538.44921875,5845.64990234375,452.3500061035156,24129.650390625,18264.400390625,12.640000343322754
2023-05-09,43198.1484375,28125.5,13648.5,12716.7001953125,48369.1015625,5836.85009765625,448.5,24099.099609375,18265.94921875,12.680000305175781
2023-05-10,43331.05078125,28091.75,13750.849609375,12716.900390625,48643.3515625,5822.10009765625,452.3500061035156,24268.94921875,18315.099609375,13.079999923706055
2023-05-11,43475.30078125,28102.0,13803.75,12557.0498046875,48865.0,5797.2998046875,454.5,24316.5,18297.0,13.220000267028809
2023-05-12,43793.55078125,28028.400390625,13910.5,12486.7001953125,48950.75,5690.89990234375,452.8999938964844,24040.19921875,18314.80078125,12.850000381469727
2023-05-15,44072.1015625,28165.400390625,14007.849609375,12487.400390625,49506.55078125,5701.75,472.45001220703125,24040.19921875,18398.849609375,13.170000076293945
2023-05-16,43903.69921875,28216.0,13877.7001953125,12454.5,49406.1015625,5683.4501953125,472.1000061035156,24027.80078125,18286.5,13.289999961853027
2023-05-17,43698.69921875,27942.94921875,13889.900390625,12398.5498046875,49434.0,5632.85009765625,465.79998779296875,23901.150390625,18181.75,13.109999656677246
2023-05-18,43752.30078125,27892.55078125,13767.7001953125,12241.349609375,48889.30078125,5601.64990234375,454.75,23692.150390625,18129.94921875,12.800000190734863
2023-05-19,43969.3984375,28303.650390625,13863.5498046875,12124.25,48874.25,5618.0498046875,458.70001220703125,23723.349609375,18203.400390625,12.300000190734863
2023-05-22,43885.1015625,29007.30078125,13890.5,12244.2001953125,49052.25,5797.5,461.95001220703125,23898.19921875,18314.400390625,12.569999694824219
2023-05-23,43954.44921875,28873.69921875,13982.599609375,12314.2001953125,49118.80078125,5947.7001953125,461.6000061035156,24028.44921875,18348.0,12.609999656677246
2023-05-24,43677.8515625,28890.80078125,13989.599609375,12440.4501953125,49355.25,5855.14990234375,461.54998779296875,24085.25,18285.400390625,13.109999656677246
2023-05-25,43681.3984375,28928.75,14029.5,12455.5,49657.0,5872.5498046875,466.70001220703125,24071.69921875,18321.150390625,12.520000457763672
2023-05-26,44018.0,29355.900390625,14130.4501953125,12601.5498046875,50388.0,5935.39990234375,472.54998779296875,24238.900390625,18499.349609375,11.899999618530273
2023-05-29,44311.8984375,29240.19921875,14219.599609375,12624.2001953125,50626.3984375,5991.2001953125,476.20001220703125,24261.30078125,18598.650390625,12.300000190734863
2023-05-30,44436.3515625,29297.650390625,14177.849609375,12604.7001953125,50927.19921875,5936.5498046875,475.20001220703125,24218.150390625,18633.849609375,12.010000228881836
2023-05-31,44128.1484375,29319.75,14199.0,12678.400390625,51042.75,5890.0498046875,478.79998779296875,23875.55078125,18534.400390625,11.970000267028809
2023-06-01,43790.19921875,29446.25,14257.0,12812.7998046875,50998.94921875,5884.2001953125,484.0,23825.30078125,18487.75,11.600000381469727
2023-06-02,43937.8515625,29328.150390625,14388.599609375,12900.599609375,51288.6484375,5956.0,490.8500061035156,23785.69921875,18534.099609375,11.130000114440918
2023-06-05,44101.6484375,29238.75,14570.25,12934.5,51058.3984375,5975.89990234375,492.54998779296875,23901.69921875,18593.849609375,11.140000343322754
2023-06-06,44164.55078125,28689.05078125,14729.5,13012.900390625,51038.3984375,5967.4501953125,498.3999938964844,23867.30078125,18599.0,11.380000114440918
2023-06-07,44275.30078125,28913.69921875,14819.4501953125,13045.650390625,51609.3984375,6057.75,506.29998779296875,24125.150390625,18726.400390625,11.4399995803833
2023-06-08,43995.25,28591.099609375,14692.0,12911.349609375,51143.5,6067.7001953125,498.25,24215.0,18634.55078125,11.260000228881836
2023-06-09,43989.0,28355.349609375,14626.0,12861.0498046875,50674.8515625,6039.35009765625,498.45001220703125,24169.5,18563.400390625,11.119999885559082
2023-06-12,43944.19921875,28784.0,14673.849609375,12856.0498046875,50762.55078125,6076.2998046875,505.5,24269.05078125,18601.5,11.25
2023-06-13,44079.8515625,28899.30078125,14658.2998046875,12993.75,51462.69921875,6127.64990234375,520.7000122070312,24399.19921875,18716.150390625,11.109999656677246
2023-06-14,43988.0,28855.05078125,14682.7001953125,12976.7998046875,51767.8984375,6214.75,522.1500244140625,24638.599609375,18755.900390625,11.15999984741211
2023-06-15,43443.6015625,28699.0,14707.849609375,13160.599609375,52046.44921875,6203.0498046875,518.2000122070312,24633.349609375,18688.099609375,11.079999923706055
2023-06-16,43938.1484375,28588.80078125,14768.4501953125,13241.9501953125,52440.19921875,6231.5,517.0999755859375,24733.150390625,18826.0,10.84000015258789
2023-06-19,43633.75,28708.30078125,14676.7001953125,13264.650390625,52123.8515625,6203.5,513.3499755859375,24539.099609375,18755.44921875,11.229999542236328
2023-06-20,43766.5,28930.80078125,14785.650390625,13238.849609375,52164.69921875,6246.64990234375,515.8499755859375,24659.0,18816.69921875,11.130000114440918
2023-06-21,43859.19921875,29025.69921875,14777.7001953125,13247.7001953125,51934.25,6187.75,514.1500244140625,24865.44921875,18856.849609375,11.289999961853027
2023-06-22,43724.8515625,28811.150390625,14702.099609375,13166.849609375,51557.80078125,6190.9501953125,510.04998779296875,24607.900390625,18771.25,11.550000190734863
2023-06-23,43622.8984375,28554.30078125,14550.2001953125,13186.2998046875,51283.75,6037.2001953125,506.8999938964844,24332.19921875,18665.5,11.239999771118164
2023-06-26,43641.05078125,28590.099609375,14717.849609375,13388.599609375,51635.0,6083.10009765625,508.54998779296875,24226.650390625,18691.19921875,11.399999618530273
2023-06-27,44121.5,28800.150390625,14729.900390625,13426.900390625,51598.6015625,6127.64990234375,514.8499755859375,24284.849609375,18817.400390625,10.779999732971191
2023-06-28,44327.80078125,28843.0,14840.5498046875,13622.75,51893.3984375,6211.0498046875,517.25,24554.44921875,18972.099609375,10.890000343322754
2023-06-30,44747.3515625,29563.0,15147.650390625,13767.5,52194.75,6209.10009765625,520.0,24696.5,19189.05078125,10.800000190734863
2023-07-03,45158.1015625,29424.80078125,15106.849609375,13614.0,52741.5,6275.4501953125,523.9000244140625,25020.900390625,19322.55078125,11.539999961853027
2023-07-04,45301.44921875,29729.849609375,15035.0498046875,13675.4501953125,52814.80078125,6275.2001953125,522.9500122070312,24940.19921875,19389.0,11.699999809265137
2023-07-05,45151.80078125,29841.849609375,15281.900390625,13772.0,53776.19921875,6292.2998046875,525.9000244140625,25034.80078125,19398.5,11.880000114440918
2023-07-06,45339.8984375,29805.19921875,15453.7001953125,13871.599609375,53765.6484375,6325.35009765625,537.75,25575.25,19497.30078125,11.84000015258789
2023-07-07,44925.0,29560.44921875,15498.849609375,13769.0,52942.44921875,6279.25,531.4000244140625,25331.400390625,19331.80078125,11.529999732971191
2023-07-10,44860.8515625,29194.75,15403.2001953125,13751.7998046875,52536.1484375,6385.10009765625,526.9000244140625,25496.900390625,19355.900390625,11.460000038146973
2023-07-11,44745.05078125,29324.80078125,15617.4501953125,13895.400390625,53184.3984375,6369.10009765625,526.8499755859375,25720.150390625,19439.400390625,11.010000228881836
2023-07-12,44639.44921875,29118.05078125,15614.900390625,13936.7001953125,53279.5,6363.25,528.2000122070312,25700.650390625,19384.30078125,10.9399995803833
2023-07-13,44665.05078125,29628.19921875,15519.7001953125,13876.5498046875,53029.94921875,6379.7001953125,533.5999755859375,25334.400390625,19413.75,10.9399995803833
2023-07-14,44819.30078125,30945.5,15576.099609375,13945.650390625,53453.69921875,6469.4501953125,539.7999877929688,25332.5,19564.5,10.680000305175781
2023-07-17,45449.75,31041.599609375,15526.7998046875,14053.7001953125,53471.6015625,6500.5498046875,539.6500244140625,25521.400390625,19711.44921875,11.319999694824219
2023-07-18,45410.8515625,31371.150390625,15513.7998046875,14017.150390625,53340.6484375,6446.75,535.0499877929688,25612.75,19749.25,11.710000038146973
2023-07-19,45669.30078125,31353.55078125,15513.150390625,14092.599609375,53517.30078125,6474.5498046875,536.1500244140625,25820.69921875,19833.150390625,11.600000381469727
2023-07-20,46186.8984375,31145.94921875,15577.0,14299.0498046875,54239.69921875,6485.25,536.2999877929688,26003.0,19979.150390625,11.789999961853027
2023-07-21,46075.19921875,29871.05078125,15590.349609375,14274.0,53697.44921875,6442.2998046875,536.0999755859375,25843.099609375,19745.0,11.489999771118164
2023-07-24,45923.05078125,29843.44921875,15617.5498046875,14332.0498046875,52771.69921875,6395.5498046875,537.1500244140625,25749.900390625,19672.349609375,11.649999618530273
2023-07-25,45845.0,29761.150390625,15765.599609375,14383.25,52315.94921875,6583.64990234375,535.0,26078.75,19680.599609375,10.239999771118164
2023-07-26,46062.3515625,29800.400390625,15763.25,14478.349609375,52865.30078125,6604.9501953125,541.3499755859375,26293.75,19778.30078125,10.460000038146973
2023-07-27,45679.30078125,29745.0,15572.0,14919.9501953125,52499.8984375,6581.5498046875,552.8499755859375,26097.69921875,19659.900390625,10.510000228881836
2023-07-28,45468.1015625,29490.25,15537.900390625,14962.5498046875,52964.05078125,6640.7998046875,562.9500122070312,26433.69921875,19646.05078125,10.140000343322754
2023-07-31,45651.1015625,29928.44921875,15708.0498046875,14992.150390625,52636.8515625,6758.2001953125,566.75,26853.650390625,19753.80078125,10.40999984741211
2023-08-01,45592.5,30288.650390625,15688.7001953125,15001.2998046875,52501.1484375,6770.14990234375,556.7000122070312,26783.44921875,19733.55078125,10.279999732971191
2023-08-02,44995.69921875,30043.599609375,15428.900390625,14943.400390625,52368.69921875,6633.4501953125,548.4000244140625,26352.349609375,19526.55078125,11.279999732971191
2023-08-03,44513.44921875,29971.150390625,15379.7998046875,15099.2001953125,52062.3515625,6602.2001953125,538.6500244140625,26221.849609375,19381.650390625,11.1899995803833
2023-08-04,44879.5,30436.099609375,15328.400390625,15241.0,52050.6484375,6622.89990234375,539.1500244140625,26252.05078125,19517.0,10.569999694824219
2023-08-07,44837.5,30779.25,15390.900390625,15479.25,52072.5,6622.14990234375,542.2999877929688,26266.30078125,19597.30078125,11.100000381469727
2023-08-08,44964.44921875,30824.94921875,15343.650390625,15578.5,51924.3984375,6544.7998046875,541.3499755859375,26174.650390625,19570.849609375,11.329999923706055
2023-08-09,44880.69921875,30940.05078125,15486.2001953125,15696.849609375,52206.19921875,6677.85009765625,534.6500244140625,26328.150390625,19632.55078125,11.140000343322754
2023-08-10,44541.80078125,30867.0,15444.7998046875,15580.7001953125,51728.6484375,6723.2998046875,533.25,26418.94921875,19543.099609375,11.399999618530273
2023-08-11,44199.1015625,30819.150390625,15378.099609375,15355.5,51351.69921875,6688.85009765625,531.1500244140625,26367.75,19428.30078125,11.520000457763672
2023-08-14,44090.94921875,31028.900390625,15327.4501953125,15305.400390625,51604.3984375,6545.9501953125,527.6500244140625,26375.599609375,19434.55078125,12.0
2023-08-16,43946.3984375,31212.099609375,15425.0,15398.7998046875,51815.3984375,6484.10009765625,533.4500122070312,26541.75,19465.0,12.130000114440918
2023-08-17,43891.3515625,31060.19921875,15399.25,15358.4501953125,51353.75,6480.5,534.0999755859375,26266.94921875,19365.25,12.239999771118164
2023-08-18,43851.05078125,30604.05078125,15391.75,15271.5,51464.75,6493.7001953125,530.2000122070312,26302.19921875,19310.150390625,12.140000343322754
2023-08-21,44002.0,30937.599609375,15427.599609375,15333.349609375,51799.0,6578.39990234375,535.4500122070312,26462.349609375,19393.599609375,11.960000038146973
2023-08-22,43993.25,30902.400390625,15507.900390625,15302.599609375,52141.6484375,6634.39990234375,536.5999755859375,26522.099609375,19396.44921875,11.75
2023-08-23,44479.05078125,30924.099609375,15498.099609375,15282.5,51888.30078125,6625.5498046875,538.9000244140625,26370.19921875,19444.0,11.729999542236328
2023-08-24,44496.19921875,31112.150390625,15459.2998046875,15193.150390625,52036.75,6602.85009765625,540.0,26171.30078125,19386.69921875,11.699999809265137
2023-08-25,44231.44921875,30914.55078125,15363.599609375,15025.2001953125,51506.80078125,6519.35009765625,532.9500122070312,25981.599609375,19265.80078125,12.079999923706055
2023-08-28,44494.6484375,30773.599609375,15475.25,15161.7998046875,51390.80078125,6533.2998046875,537.9500122070312,26015.80078125,19306.05078125,12.399999618530273
2023-08-29,44495.25,30866.05078125,15578.900390625,15121.099609375,51223.05078125,6616.7001953125,547.0499877929688,26056.650390625,19342.650390625,12.229999542236328
2023-08-30,44232.6015625,31103.900390625,15678.099609375,15125.5,51513.55078125,6677.7998046875,554.7999877929688,25959.05078125,19347.44921875,11.800000190734863
2023-08-31,43989.1484375,31164.900390625,15670.25,15095.900390625,51092.6484375,6659.35009765625,558.4000244140625,25722.94921875,19253.80078125,12.0600004196167
2023-09-01,44436.1015625,31514.349609375,15928.2998046875,15011.7998046875,51240.5,6851.0,563.6500244140625,26332.900390625,19435.30078125,11.369999885559082
2023-09-04,44578.30078125,32163.94921875,15943.599609375,15052.599609375,51171.75,7007.0498046875,570.1500244140625,26633.05078125,19528.80078125,10.960000038146973
2023-09-05,44532.1484375,32365.30078125,15942.75,15218.25,51548.44921875,7039.14990234375,576.2000122070312,26743.0,19574.900390625,10.819999694824219
2023-09-06,44409.1015625,32312.30078125,15921.25,15355.2998046875,52064.8515625,6983.7001953125,570.6500244140625,26819.900390625,19611.05078125,10.680000305175781
2023-09-07,44878.3515625,32448.349609375,15995.849609375,15306.150390625,51853.1015625,6981.14990234375,579.0999755859375,27062.849609375,19727.05078125,10.869999885559082
2023-09-08,45156.3984375,32415.650390625,16102.900390625,15250.5498046875,51778.30078125,6977.89990234375,591.4000244140625,27438.05078125,19819.94921875,10.779999732971191
2023-09-11,45570.69921875,32642.80078125,16374.9501953125,15309.9501953125,52239.05078125,7104.39990234375,596.5999755859375,27716.599609375,19996.349609375,11.350000381469727
2023-09-12,45511.3515625,32977.8984375,16070.0498046875,15328.650390625,52065.8984375,6914.5498046875,577.25,27025.099609375,19993.19921875,11.6899995803833
2023-09-13,45909.44921875,32886.69921875,15995.9501953125,15448.9501953125,52223.6484375,6943.64990234375,581.1500244140625,27275.349609375,20070.0,11.829999923706055
2023-09-14,46000.8515625,33045.3984375,16169.650390625,15489.2998046875,52143.19921875,7046.89990234375,589.25,27420.55078125,20103.099609375,11.319999694824219
2023-09-15,46231.5,33355.05078125,16425.80078125,15583.5498046875,51895.1484375,7035.7998046875,586.9500122070312,27338.150390625,20192.349609375,10.899999618530273
2023-09-18,45979.8515625,33129.5,16563.900390625,15503.4501953125,52198.6015625,6957.7998046875,578.9000244140625,27536.19921875,20133.30078125,10.84000015258789
2023-09-20,45384.6015625,32949.19921875,16479.69921875,15460.2001953125,51924.1484375,6844.0498046875,572.1500244140625,27440.30078125,19901.400390625,11.130000114440918
2023-09-21,44623.8515625,32919.94921875,16200.400390625,15306.7001953125,51672.6484375,6806.60009765625,565.25,27226.599609375,19742.349609375,10.819999694824219
2023-09-22,44612.05078125,32906.30078125,16234.349609375,15069.099609375,51608.5,6761.7998046875,561.5,27102.400390625,19674.25,10.65999984741211
2023-09-25,44766.1015625,32648.599609375,16221.5498046875,15017.400390625,51642.44921875,6754.25,570.0499877929688,27105.5,19674.55078125,10.899999618530273
2023-09-26,44624.19921875,32471.0,16278.25,14981.650390625,51912.8515625,6775.2998046875,571.7999877929688,27134.400390625,19664.69921875,11.1899995803833
2023-09-27,44588.30078125,32594.650390625,16283.400390625,15159.7998046875,52329.5,6777.2998046875,576.0,27231.44921875,19716.44921875,11.59000015258789
2023-09-28,44300.94921875,31879.599609375,16092.2001953125,15023.150390625,51329.1015625,6712.0,570.4000244140625,27062.75,19523.55078125,12.819999694824219
2023-09-29,44584.55078125,31784.400390625,16184.400390625,15422.75,51602.6484375,6839.2998046875,575.6500244140625,27321.75,19638.30078125,11.449999809265137
2023-10-03,44399.05078125,31717.25,15990.599609375,15281.2998046875,51320.8515625,6798.0,578.2999877929688,26973.05078125,19528.75,11.789999961853027
2023-10-04,43964.05078125,31811.5,15782.599609375,15067.150390625,51435.75,6725.9501953125,568.2999877929688,26738.44921875,19436.099609375,11.65999984741211
2023-10-05,44213.3515625,32125.400390625,15916.099609375,15021.400390625,51384.55078125,6709.10009765625,569.9500122070312,26688.25,19545.75,10.9399995803833
2023-10-06,44360.6015625,32341.69921875,15990.650390625,15128.4501953125,51577.8984375,6744.39990234375,587.5,26731.650390625,19653.5,10.300000190734863
2023-10-09,43886.5,32308.55078125,15832.849609375,15103.849609375,51502.8515625,6647.14990234375,582.8499755859375,26472.94921875,19512.349609375,11.399999618530273
2023-10-10,44360.1484375,32569.44921875,16028.7001953125,15106.7001953125,51803.94921875,6783.14990234375,606.2000122070312,26751.900390625,19689.849609375,11.270000457763672
2023-10-11,44516.8984375,32548.05078125,16175.7998046875,15176.599609375,52254.44921875,6812.14990234375,611.2999877929688,27002.5,19811.349609375,10.989999771118164
2023-10-12,44599.19921875,32003.650390625,16301.7001953125,15186.2001953125,52363.94921875,6863.0498046875,610.2000122070312,27176.05078125,19794.0,10.619999885559082
2023-10-13,44287.94921875,31807.94921875,16444.94921875,15235.0498046875,52520.69921875,6820.7998046875,612.7999877929688,27201.349609375,19751.05078125,10.619999885559082
2023-10-16,44225.8984375,31750.400390625,16519.349609375,15164.75,52401.94921875,6882.7998046875,610.7000122070312,27258.05078125,19731.75,11.069999694824219
2023-10-17,44409.5,31794.900390625,16522.75,15211.9501953125,52665.30078125,6902.0,610.9000244140625,27510.25,19811.5,10.699999809265137
2023-10-18,43888.69921875,31606.650390625,16535.400390625,15331.2998046875,52442.05078125,6863.39990234375,608.0499877929688,27246.400390625,19671.099609375,10.970000267028809
2023-10-19,43754.5,31540.05078125,16618.0,15273.400390625,52516.3515625,6803.2998046875,605.9000244140625,27089.05078125,19624.69921875,10.899999618530273
2023-10-20,43723.05078125,31469.349609375,16497.849609375,15107.150390625,51823.3515625,6712.75,599.3499755859375,26955.69921875,19542.650390625,10.819999694824219
2023-10-23,43151.19921875,30848.400390625,16277.849609375,14911.650390625,51421.6484375,6494.0,584.4000244140625,26449.650390625,19281.75,10.90999984741211
2023-10-25,42832.0,30530.5,16210.4501953125,14800.150390625,51216.8515625,6503.64990234375,578.7999877929688,26328.5,19122.150390625,11.3100004196167
2023-10-26,42280.1484375,30225.650390625,15953.0498046875,14648.5498046875,50941.1015625,6398.0498046875,571.8499755859375,26045.0,18857.25,11.729999542236328
2023-10-27,42782.0,30599.69921875,16169.150390625,14738.5,51395.0,6453.10009765625,583.0,26522.650390625,19047.25,10.90999984741211
2023-10-30,43039.1484375,30641.0,16023.4501953125,14775.599609375,51180.69921875,6467.9501953125,595.4500122070312,26840.900390625,19140.900390625,11.489999771118164
2023-10-31,42845.94921875,30582.25,15916.2001953125,14683.650390625,51262.6015625,6452.4501953125,603.0,26785.05078125,19079.599609375,11.829999923706055
2023-11-01,42700.94921875,30344.849609375,15835.650390625,14735.25,51087.80078125,6359.89990234375,612.3499755859375,26679.19921875,18989.150390625,12.050000190734863
2023-11-02,43017.19921875,30582.75,15948.650390625,14834.4501953125,51589.0,6448.9501953125,627.7999877929688,26960.80078125,19133.25,11.079999923706055
2023-11-03,43318.25,30779.94921875,16045.400390625,14882.349609375,51901.5,6479.14990234375,643.75,27085.80078125,19230.599609375,10.880000114440918
2023-11-06,43619.3984375,30972.94921875,16172.75,15072.2998046875,52075.69921875,6567.10009765625,651.5,27448.900390625,19411.75,11.109999656677246
2023-11-07,43737.8984375,30981.599609375,16143.75,15271.75,52130.0,6576.85009765625,642.7999877929688,27508.349609375,19406.69921875,11.1899995803833
2023-11-08,43658.6484375,30917.19921875,16220.7998046875,15497.25,52455.19921875,6626.2998046875,652.5499877929688,27622.849609375,19443.5,11.039999961853027
2023-11-09,43683.6015625,30717.69921875,16355.2998046875,15491.849609375,51983.0,6599.64990234375,660.5999755859375,27541.80078125,19395.30078125,10.979999542236328
2023-11-10,43820.1015625,30639.05078125,16286.7001953125,15516.5,52076.05078125,6646.0498046875,662.0999755859375,27738.0,19425.349609375,11.109999656677246
2023-11-13,43891.25,30635.849609375,16365.2998046875,15497.150390625,52025.6015625,6714.10009765625,663.4500122070312,28066.25,19443.55078125,11.1899995803833
2023-11-15,44201.69921875,31429.349609375,16648.5,15516.25,52383.44921875,6792.39990234375,683.0499877929688,28352.5,19675.44921875,11.140000343322754
2023-11-16,44161.55078125,32273.349609375,16788.900390625,15651.099609375,52305.75,6792.39990234375,689.3499755859375,28447.80078125,19765.19921875,11.649999618530273
2023-11-17,43583.94921875,32191.349609375,16905.5,15804.5,52756.1015625,6803.89990234375,692.7000122070312,28312.650390625,19731.80078125,11.829999923706055
2023-11-20,43584.94921875,32383.19921875,16777.30078125,15806.75,52550.1015625,6771.5498046875,691.0,28287.19921875,19694.0,12.149999618530273
2023-11-21,43689.1484375,32325.69921875,16860.099609375,15968.900390625,52466.19921875,6854.2001953125,698.7999877929688,28356.25,19783.400390625,12.229999542236328
2023-11-22,43449.6015625,32564.400390625,16972.19921875,16069.7998046875,52691.19921875,6792.64990234375,693.9500122070312,28504.650390625,19811.849609375,11.869999885559082
2023-11-23,43577.5,32370.650390625,17033.55078125,15817.4501953125,52823.05078125,6828.35009765625,701.0999755859375,28594.849609375,19802.0,11.319999694824219
2023-11-24,43769.1015625,32055.150390625,17040.349609375,15954.5,52576.8984375,6874.25,702.9500122070312,28558.75,19794.69921875,11.329999923706055
2023-11-28,43880.94921875,32118.5,17202.75,15900.2998046875,52489.5,7001.64990234375,706.9500122070312,29252.94921875,19889.69921875,12.180000305175781
2023-11-29,44566.44921875,32608.400390625,17482.44921875,15990.099609375,52725.44921875,7016.39990234375,703.4500122070312,29311.849609375,20096.599609375,12.710000038146973
2023-11-30,44481.75,32582.19921875,17551.849609375,16238.900390625,53013.80078125,7017.4501953125,713.5999755859375,29294.900390625,20133.150390625,12.6899995803833
2023-12-01,44814.19921875,32598.69921875,17489.05078125,16257.0498046875,53851.44921875,7087.0,723.0499877929688,29559.75,20267.900390625,12.380000114440918
2023-12-04,46431.3984375,32665.55078125,17687.25,16228.400390625,54237.69921875,7202.60009765625,737.75,30330.5,20686.80078125,12.989999771118164
2023-12-05,47012.25,32479.150390625,17792.099609375,16229.650390625,54110.8984375,7423.39990234375,734.3499755859375,31311.900390625,20855.099609375,13.460000038146973
2023-12-06,46834.55078125,33022.6015625,17788.400390625,16169.5498046875,54662.55078125,7425.35009765625,732.2000122070312,31797.25,20937.69921875,13.739999771118164
2023-12-07,46841.3984375,32961.6015625,17867.349609375,16294.2001953125,54173.1484375,7369.85009765625,734.7999877929688,32188.80078125,20901.150390625,12.670000076293945
2023-12-08,47262.0,33392.8984375,17769.099609375,16163.150390625,53636.3515625,7362.89990234375,738.7000122070312,31896.25,20969.400390625,12.470000267028809
2023-12-11,47314.25,33514.25,17852.30078125,16039.900390625,53976.8984375,7439.7001953125,744.9500122070312,32023.05078125,20997.099609375,12.760000228881836
2023-12-12,47097.55078125,33493.8984375,17726.5,15963.5,53837.0,7462.60009765625,731.9500122070312,31603.19921875,20906.400390625,12.710000038146973
2023-12-13,47092.25,33066.6484375,17917.900390625,16142.400390625,54215.3515625,7528.2001953125,743.7000122070312,31812.099609375,20926.349609375,12.069999694824219
2023-12-14,47732.30078125,34223.3515625,18045.05078125,16155.7001953125,54361.44921875,7574.25,772.5499877929688,32075.80078125,21182.69921875,12.319999694824219
2023-12-15,48143.55078125,35782.44921875,18038.25,16179.7998046875,54186.19921875,7735.35009765625,767.0499877929688,32580.650390625,21456.650390625,13.130000114440918
2023-12-18,47867.69921875,35685.55078125,18068.25,16332.150390625,54017.05078125,7768.5498046875,759.7000122070312,32521.25,21418.650390625,13.899999618530273
2023-12-19,47870.8984375,35345.0,17932.69921875,16391.25,54776.55078125,7716.64990234375,755.6500244140625,33036.1484375,21453.099609375,13.869999885559082
2023-12-20,47445.30078125,34741.05078125,17523.55078125,16121.25,54597.8984375,7421.5498046875,737.2999877929688,32151.599609375,21150.150390625,14.449999809265137
2023-12-21,47840.1484375,34846.05078125,17537.849609375,16238.150390625,54803.30078125,7524.0,744.0999755859375,32720.099609375,21255.05078125,13.760000228881836
2023-12-22,47491.8515625,35637.80078125,17778.900390625,16394.349609375,55101.05078125,7652.64990234375,763.0499877929688,32810.1484375,21349.400390625,13.710000038146973
2023-12-26,47724.8515625,35493.44921875,17953.55078125,16562.599609375,55484.3984375,7739.7998046875,764.9000244140625,33246.25,21441.349609375,14.680000305175781
2023-12-27,48282.19921875,35741.0,18224.849609375,16655.94921875,55750.3515625,7847.75,770.0999755859375,33212.6015625,21654.75,15.5600004196167
2023-12-28,48508.55078125,35691.6484375,18408.599609375,16860.849609375,56504.5,7926.35009765625,777.4000244140625,33721.3984375,21778.69921875,15.140000343322754
2023-12-29,48292.25,35515.0,18618.19921875,16831.80078125,56987.19921875,7978.0,783.0499877929688,33468.05078125,21731.400390625,14.5
2024-01-01,48234.30078125,35695.8984375,18618.19921875,16858.75,56987.19921875,7978.0,783.0499877929688,33468.05078125,21741.900390625,14.5
2024-01-02,47761.6484375,35283.1015625,18339.349609375,17274.30078125,57209.5,8023.89990234375,778.4500122070312,33703.69921875,21665.80078125,14.579999923706055
2024-01-03,47704.94921875,34395.44921875,18317.5,17379.80078125,57213.30078125,7878.39990234375,788.0,33791.6015625,21517.349609375,14.100000381469727
2024-01-04,48195.8515625,34409.3984375,18326.75,17413.19921875,57703.8984375,7883.0498046875,841.2999877929688,34189.25,21658.599609375,13.329999923706055
2024-01-05,48159.0,34851.75,18406.94921875,17358.599609375,57667.3515625,7871.7998046875,844.3499755859375,34216.1484375,21710.80078125,12.630000114440918
2024-01-08,47450.25,34514.6484375,18350.19921875,17195.94921875,56672.8515625,7747.0,845.4500122070312,34142.6015625,21513.0,13.460000038146973
2024-01-09,47242.6484375,34662.44921875,18519.80078125,17346.30078125,56573.1015625,7808.2998046875,866.75,34226.69921875,21544.849609375,13.260000228881836
2024-01-10,47360.8515625,34834.3515625,18559.099609375,17401.900390625,56348.94921875,7882.64990234375,865.7999877929688,34330.6484375,21618.69921875,12.970000267028809
2024-01-11,47438.3515625,34735.25,18755.099609375,17380.55078125,56228.55078125,7876.14990234375,865.4500122070312,34776.69921875,21647.19921875,12.770000457763672
2024-01-12,47709.80078125,36521.69921875,18715.19921875,17347.44921875,56485.75,7898.35009765625,881.0499877929688,34969.94921875,21894.55078125,13.100000381469727
2024-01-15,48158.30078125,37201.94921875,18765.25,17520.44921875,56657.30078125,7864.10009765625,883.2999877929688,35449.8515625,22097.44921875,13.789999961853027
2024-01-16,48125.1015625,36727.1015625,18712.69921875,17320.150390625,56755.8515625,7941.85009765625,868.5999755859375,35185.05078125,22032.30078125,13.569999694824219
2024-01-17,46064.44921875,36960.3984375,18447.25,17154.0,56259.5,7693.5498046875,856.2999877929688,34853.25,21571.94921875,15.079999923706055
2024-01-18,45713.55078125,36730.5,18496.25,17331.25,55953.6015625,7629.10009765625,862.5,34580.5,21462.25,14.069999694824219
2024-01-19,45701.1484375,37069.25,18694.599609375,17388.0,56640.5,7732.35009765625,868.5,34985.30078125,21622.400390625,13.880000114440918
2024-01-23,45015.05078125,36521.3515625,18361.0,17520.30078125,54973.8984375,7486.85009765625,816.1500244140625,34324.30078125,21238.80078125,14.850000381469727
2024-01-24,45082.3984375,37090.1484375,18593.69921875,17763.69921875,55858.69921875,7708.64990234375,818.0999755859375,34895.1015625,21453.94921875,14.380000114440918
2024-01-25,44866.1484375,36496.19921875,18614.900390625,17532.55078125,55214.1015625,7719.64990234375,823.5499877929688,35203.8515625,21352.599609375,13.869999885559082
2024-01-29,45442.3515625,36531.8984375,18927.25,17623.599609375,55139.1015625,7843.75,833.9000244140625,37024.75,21737.599609375,15.680000305175781
2024-01-30,45367.75,36381.94921875,18878.349609375,17470.150390625,54574.3515625,7864.0,837.0999755859375,36398.80078125,21522.099609375,16.100000381469727
2024-01-31,45996.80078125,36638.3984375,19227.150390625,17938.650390625,55071.3984375,7973.10009765625,856.2000122070312,36748.0,21725.69921875,16.049999237060547
2024-02-01,46188.6484375,36534.55078125,19328.69921875,17839.19921875,55215.80078125,7891.0498046875,848.1500244140625,36910.6015625,21697.44921875,14.460000038146973
2024-02-02,45970.94921875,37323.25,19380.5,17972.099609375,55118.3984375,8078.25,856.2000122070312,38077.69921875,21853.80078125,14.699999809265137
2024-02-05,45825.55078125,37162.1484375,19615.30078125,18292.94921875,54698.3984375,8109.5498046875,862.75,38481.30078125,21771.69921875,15.619999885559082
2024-02-06,45690.80078125,38246.30078125,19903.849609375,18488.05078125,54608.80078125,8238.25,866.25,38721.3984375,21929.400390625,15.789999961853027
2024-02-07,45818.5,37767.75,19903.80078125,18564.849609375,54772.6015625,8276.650390625,882.1500244140625,38945.5,21930.5,15.510000228881836
2024-02-08,45012.0,37851.6015625,19649.5,18520.30078125,53646.19921875,8221.849609375,876.0499877929688,39354.3515625,21717.94921875,15.829999923706055
2024-02-09,45634.55078125,37699.25,19576.0,18617.099609375,53867.1015625,8095.60009765625,875.9500122070312,39037.6484375,21782.5,15.449999809265137
2024-02-12,44882.25,37998.0,19419.599609375,18669.55078125,53292.94921875,7901.64990234375,849.9500122070312,38097.1015625,21616.05078125,16.059999465942383
2024-02-13,45502.3984375,38204.0,19433.05078125,18753.94921875,53432.05078125,7737.85009765625,850.4000244140625,38394.30078125,21743.25,15.8100004196167
2024-02-14,45908.30078125,37775.3984375,19716.0,18584.349609375,53839.05078125,7874.7998046875,861.0,39253.5,21840.05078125,15.4399995803833
2024-02-15,46218.8984375,37999.55078125,19981.69921875,18567.69921875,53321.3515625,7910.60009765625,869.4000244140625,39942.1484375,21910.75,15.229999542236328
2024-02-16,46384.8515625,38477.05078125,20423.44921875,18870.80078125,53518.6015625,7976.4501953125,882.7000122070312,39682.3984375,22040.69921875,15.220000267028809
2024-02-19,46535.5,38363.19921875,20423.44921875,19037.69921875,53518.6015625,7976.4501953125,882.7000122070312,39682.3984375,22122.25,15.220000267028809
2024-02-20,47094.19921875,38029.69921875,20354.25,18993.0,53882.5,7955.7998046875,887.0,39955.1484375,22196.94921875,16.06999969482422
2024-02-21,47019.69921875,37405.8984375,20252.55078125,18916.44921875,53892.3515625,7976.4501953125,904.75,39283.1484375,22055.05078125,15.930000305175781
2024-02-22,46919.80078125,38130.1484375,20584.849609375,18969.44921875,54419.19921875,8069.39990234375,909.6500244140625,39589.55078125,22217.44921875,15.199999809265137
2024-02-23,46811.75,38045.6484375,20621.349609375,19048.400390625,54337.75,8047.75,918.75,39561.44921875,22212.69921875,14.970000267028809
2024-02-26,46576.5,37598.6484375,20642.400390625,18956.44921875,54317.30078125,7971.75,919.3499755859375,39758.8984375,22122.05078125,15.600000381469727
2024-02-27,46588.05078125,37870.25,20788.55078125,19064.19921875,54306.44921875,8000.5498046875,929.1500244140625,39659.5,22198.349609375,15.729999542236328
2024-02-28,45963.1484375,37741.75,20372.349609375,18942.55078125,53824.8984375,7850.35009765625,909.5,38748.05078125,21951.150390625,16.329999923706055
2024-02-29,46120.8984375,37720.3984375,20412.400390625,19003.150390625,54015.6015625,7921.89990234375,910.5499877929688,38838.0,21982.80078125,15.569999694824219
2024-03-01,47286.8984375,37516.05078125,20871.94921875,18822.30078125,54225.1484375,8208.5,917.0999755859375,39707.1015625,22338.75,15.239999771118164
2024-03-04,47456.1015625,37314.80078125,20840.19921875,18960.19921875,54221.75,8318.9501953125,927.4500122070312,40466.6015625,22405.599609375,14.920000076293945
2024-03-05,47581.0,36720.75,21121.19921875,19018.5,53653.1015625,8300.5498046875,930.3499755859375,40646.1015625,22356.30078125,14.380000114440918
2024-03-06,47965.3984375,37001.80078125,21181.30078125,19140.0,53879.6015625,8257.650390625,917.8499755859375,40451.5,22474.05078125,14.300000190734863
2024-03-07,47835.80078125,37099.8984375,21126.80078125,19194.099609375,54406.30078125,8371.2998046875,916.5,40301.80078125,22493.55078125,13.609999656677246
2024-03-11,47327.8515625,36988.30078125,21001.150390625,19202.05078125,54087.44921875,8250.75,906.5499877929688,39853.1015625,22332.650390625,14.0
2024-03-12,47282.3984375,37224.25,20931.849609375,18958.69921875,53636.1015625,8108.39990234375,872.9000244140625,39599.25,22335.69921875,13.640000343322754
2024-03-13,46981.30078125,36946.44921875,20338.25,18635.69921875,53664.1484375,7647.39990234375,826.5,37439.3984375,21997.69921875,14.430000305175781
2024-03-14,46789.94921875,37679.6015625,20514.25,18897.099609375,54145.80078125,7799.9501953125,831.5499877929688,38159.94921875,22146.650390625,13.619999885559082
2024-03-15,46594.1015625,37500.69921875,20192.30078125,18718.44921875,54155.44921875,7802.64990234375,830.1500244140625,37583.1015625,22023.349609375,13.6899995803833
2024-03-18,46575.8984375,36886.05078125,20446.599609375,18814.349609375,53907.8515625,7996.89990234375,834.0499877929688,37825.3984375,22055.69921875,13.899999618530273
2024-03-19,46384.80078125,35814.6484375,20354.099609375,18405.650390625,52740.8984375,7923.60009765625,829.2000122070312,37232.1015625,21817.44921875,14.109999656677246
2024-03-20,46310.8984375,35748.8984375,20406.44921875,18361.400390625,52993.5,7860.89990234375,834.3499755859375,37630.69921875,21839.099609375,13.470000267028809
2024-03-21,46684.8984375,36026.80078125,20700.25,18582.599609375,53338.3515625,8052.75,859.4000244140625,38328.3515625,22011.94921875,12.510000228881836
2024-03-22,46863.75,35188.3984375,21046.400390625,18815.599609375,53775.69921875,8130.7998046875,874.5,38411.55078125,22096.75,12.220000267028809
2024-03-26,46600.19921875,34969.1015625,21038.30078125,18809.44921875,53687.69921875,8161.2001953125,888.2000122070312,38428.5,22004.69921875,12.819999694824219
2024-03-27,46785.94921875,34744.3515625,21146.19921875,18768.400390625,53543.55078125,8154.9501953125,895.75,38690.1484375,22123.650390625,12.699999809265137
2024-03-28,47124.6015625,34898.1484375,21419.099609375,18996.150390625,53949.19921875,8257.2001953125,900.6500244140625,39020.6015625,22326.900390625,12.829999923706055
2024-04-01,47578.25,35042.80078125,21385.25,19207.900390625,53889.1484375,8562.7001953125,939.9000244140625,39489.69921875,22462.0,12.079999923706055
2024-04-02,47545.44921875,34793.94921875,21614.25,19185.150390625,54096.94921875,8690.849609375,949.3499755859375,39693.75,22453.30078125,11.649999618530273
2024-04-03,47624.25,35047.3984375,21555.349609375,19153.05078125,53866.69921875,8691.2001953125,924.8499755859375,39704.55078125,22434.650390625,11.369999885559082
2024-04-04,48060.80078125,35426.69921875,21651.849609375,19125.19921875,53634.44921875,8684.4501953125,924.5,39530.3515625,22514.650390625,11.220000267028809
2024-04-05,48493.05078125,35247.8984375,21600.900390625,19160.75,53925.94921875,8699.0498046875,937.75,39451.55078125,22513.69921875,11.34000015258789
2024-04-08,48581.69921875,35064.1484375,22067.94921875,19218.849609375,53966.05078125,8794.650390625,950.25,39951.25,22666.30078125,11.609999656677246
2024-04-09,48730.55078125,35079.3515625,21999.349609375,19182.30078125,53629.3515625,8894.400390625,955.2999877929688,39693.44921875,22642.75,11.359999656677246
2024-04-10,48986.6015625,35293.1484375,21985.150390625,19117.0,54290.8984375,8999.599609375,960.9000244140625,40120.1015625,22753.80078125,11.109999656677246
2024-04-12,48564.55078125,35018.1015625,21851.30078125,18788.650390625,53701.3984375,8951.2998046875,952.4000244140625,39756.0,22519.400390625,11.529999732971191
2024-04-15,47773.25,34463.6015625,21680.30078125,18617.650390625,53174.94921875,8899.7001953125,942.0499877929688,39629.25,22272.5,12.470000267028809
2024-04-16,47484.80078125,33574.94921875,21703.05078125,18695.599609375,53402.25,8851.9501953125,937.75,39712.75,22147.900390625,12.619999885559082
2024-04-18,47069.44921875,33498.6484375,21520.75,18525.75,52825.5,8824.25,932.75,39359.55078125,21995.849609375,13.039999961853027
2024-04-19,47574.1484375,33368.30078125,21609.69921875,18404.599609375,53055.44921875,8909.0,926.25,39357.8515625,22147.0,13.460000038146973
2024-04-22,47924.8984375,33538.80078125,21812.69921875,18643.0,53499.44921875,8931.2001953125,933.0999755859375,39570.05078125,22336.400390625,12.699999809265137
2024-04-23,47970.44921875,33714.55078125,21914.30078125,18463.75,53905.30078125,8900.4501953125,957.2000122070312,39446.6015625,22368.0,10.199999809265137
2024-04-24,48189.0,33442.55078125,21896.900390625,18586.19921875,53932.5,9140.099609375,965.75,39561.8515625,22402.400390625,10.279999732971191
2024-04-25,48494.94921875,33554.44921875,22174.05078125,18878.150390625,54291.6484375,9242.0,963.3499755859375,39989.25,22570.349609375,10.729999542236328
2024-04-26,48201.05078125,33666.25,22111.55078125,18994.650390625,54300.75,9222.650390625,969.0499877929688,39968.30078125,22419.94921875,10.930000305175781
2024-04-29,49424.05078125,33579.3984375,22078.75,19096.900390625,54332.1484375,9268.7998046875,959.3499755859375,40352.1015625,22643.400390625,12.239999771118164
2024-04-30,49396.75,33200.94921875,22479.900390625,18970.599609375,54240.6015625,9175.7998046875,973.25,40366.69921875,22604.849609375,12.869999885559082
2024-05-02,49231.05078125,33203.3515625,22733.5,19124.44921875,54490.55078125,9279.5498046875,972.6500244140625,40801.1015625,22648.19921875,13.449999809265137
2024-05-03,48923.55078125,32908.3984375,22541.349609375,19133.400390625,54273.8984375,9276.2998046875,962.6500244140625,40571.05078125,22475.849609375,14.619999885559082
2024-05-06,48895.30078125,33217.1484375,22526.599609375,19203.30078125,54660.1484375,9189.75,989.2000122070312,39882.1015625,22442.69921875,16.600000381469727
2024-05-07,48285.3515625,33473.0,22114.0,18846.30078125,55765.55078125,8969.900390625,954.7000122070312,39035.25,22302.5,17.010000228881836
2024-05-08,48021.1015625,33335.1484375,22458.650390625,18850.849609375,56008.80078125,9102.349609375,960.8499755859375,39635.1015625,22302.5,17.079999923706055
2024-05-09,47487.8984375,33205.8515625,22633.30078125,18437.05078125,54625.1015625,8841.25,939.4500122070312,38458.0,21957.5,18.200000762939453
2024-05-10,47421.1015625,32935.1484375,22846.900390625,18609.44921875,55276.5,8977.4501953125,935.3499755859375,39089.44921875,22055.19921875,18.469999313354492
2024-05-13,47754.1015625,33074.6015625,22462.650390625,18939.0,55340.69921875,9094.7998046875,946.9000244140625,38868.1484375,22104.05078125,20.600000381469727
2024-05-14,47859.44921875,33122.8515625,22874.80078125,18860.849609375,55054.30078125,9347.150390625,955.25,39494.19921875,22217.849609375,20.200000762939453
2024-05-15,47687.44921875,33117.3984375,22759.849609375,18886.55078125,54555.94921875,9376.900390625,965.0,39949.55078125,22200.55078125,20.270000457763672
2024-05-16,47977.05078125,33668.44921875,22886.849609375,18996.150390625,54997.0,9405.400390625,980.75,40076.6015625,22403.849609375,20.0
2024-05-17,48115.6484375,33381.8515625,23285.650390625,18981.599609375,55064.69921875,9557.9501953125,997.0999755859375,40302.5,22466.099609375,19.799999237060547
2024-05-21,48048.19921875,33379.75,23353.75,19205.19921875,54969.25,9981.150390625,1004.7000122070312,40971.05078125,22529.05078125,21.809999465942383
2024-05-22,47781.94921875,33613.1015625,23324.099609375,19317.400390625,55753.8984375,9919.4501953125,1018.9000244140625,41331.55078125,22597.80078125,21.469999313354492
2024-05-23,48768.6015625,34042.8515625,23849.25,19216.349609375,55899.0,9959.4501953125,1030.4000244140625,41559.25,22967.650390625,21.3799991607666
2024-05-24,48971.6484375,33824.30078125,23891.44921875,19119.5,55449.1484375,9928.400390625,1023.6500244140625,41634.6484375,22957.099609375,21.709999084472656
2024-05-27,49281.80078125,33995.25,23877.150390625,19111.94921875,55260.5,9866.400390625,1032.3499755859375,41292.6484375,22932.44921875,23.190000534057617
2024-05-28,49142.1484375,33880.8515625,23814.25,19215.75,55271.94921875,9815.0498046875,1010.0,40794.8515625,22888.150390625,24.200000762939453
2024-05-29,48501.3515625,33542.69921875,23757.94921875,19321.349609375,54974.25,9841.2001953125,1000.9500122070312,40572.19921875,22704.69921875,24.18000030517578
2024-05-30,48682.3515625,32806.75,23471.0,18971.0,54280.1015625,9545.25,996.0499877929688,39986.8515625,22488.650390625,24.18000030517578
2024-05-31,48983.94921875,32386.099609375,23419.599609375,18796.30078125,54107.3515625,9723.599609375,1019.4000244140625,40255.5,22530.69921875,24.600000381469727
2024-06-03,50979.94921875,32511.400390625,23992.69921875,18864.150390625,54653.6015625,10048.5498046875,1080.050048828125,42981.8984375,23263.900390625,20.940000534057617
2024-06-04,46928.6015625,32315.55078125,23193.30078125,18603.150390625,55172.5,8980.150390625,976.0999755859375,37624.1015625,21884.5,26.75
2024-06-05,49054.6015625,33087.94921875,24283.75,19281.25,57567.3984375,9496.599609375,1000.7999877929688,38712.3515625,22620.349609375,18.889999389648438
2024-06-06,49291.8984375,34023.80078125,24396.69921875,19232.099609375,57373.6015625,9632.5,1047.75,39339.6484375,22821.400390625,16.799999237060547
2024-06-07,49803.19921875,35169.8984375,25020.19921875,19578.0,57953.3515625,9833.599609375,1069.5,40283.30078125,23290.150390625,16.8799991607666
2024-06-10,49780.8984375,34526.25,25022.650390625,19774.69921875,57991.75,9795.849609375,1083.6500244140625,40510.05078125,23259.19921875,16.399999618530273
2024-06-11,49705.75,34531.44921875,25230.80078125,19689.69921875,57792.8515625,9789.5498046875,1095.8499755859375,40620.80078125,23264.849609375,14.770000457763672
2024-06-12,49895.1015625,34547.44921875,25217.599609375,19739.099609375,57495.55078125,9838.349609375,1095.4000244140625,40995.6484375,23322.94921875,14.390000343322754
2024-06-13,49846.69921875,34902.05078125,25393.19921875,19838.5,57117.0,9840.25,1119.9000244140625,40943.25,23398.900390625,13.489999771118164
2024-06-14,50002.0,34598.55078125,25722.099609375,19895.650390625,57225.8515625,9912.099609375,1129.0999755859375,41040.0,23465.599609375,12.819999694824219
2024-06-18,50440.8984375,34802.94921875,25715.30078125,19826.650390625,57167.3984375,9890.2001953125,1150.300048828125,41307.25,23557.900390625,12.970000267028809
2024-06-19,51398.05078125,34927.1015625,25381.69921875,19644.5,56646.55078125,9773.2998046875,1117.699951171875,40600.8984375,23516.0,13.710000038146973
2024-06-20,51783.25,34936.44921875,25267.849609375,19544.55078125,56669.6484375,9951.0498046875,1140.300048828125,40753.94921875,23567.0,13.350000381469727
2024-06-21,51661.44921875,35200.30078125,25092.30078125,19528.400390625,55990.1015625,9990.900390625,1131.9000244140625,40457.55078125,23501.099609375,13.180000305175781
2024-06-24,51703.94921875,35143.80078125,25309.80078125,19521.150390625,56392.69921875,9926.849609375,1135.3499755859375,40464.1484375,23537.849609375,14.0600004196167
2024-06-25,52606.0,35426.8984375,25250.25,19532.30078125,56246.3515625,9857.4501953125,1115.5,40255.19921875,23721.30078125,14.3100004196167
2024-06-26,52870.5,35406.6015625,25018.900390625,19545.349609375,56465.19921875,9714.2998046875,1099.5,40822.6015625,23868.80078125,14.050000190734863
2024-06-27,52811.30078125,36123.69921875,25191.400390625,19514.80078125,56670.6015625,9767.400390625,1098.949951171875,41342.3515625,24044.5,14.149999618530273
2024-06-28,52342.25,36157.5,25200.599609375,19731.55078125,56756.8515625,9814.2998046875,1104.75,41789.19921875,24010.599609375,13.800000190734863
2024-07-01,52574.75,36869.19921875,25323.849609375,19758.25,57154.69921875,9882.7998046875,1101.050048828125,41569.80078125,24141.94921875,13.829999923706055
2024-07-02,52168.1015625,37299.1484375,25130.849609375,19786.400390625,56669.19921875,9835.7001953125,1110.1500244140625,41714.55078125,24123.849609375,13.640000343322754
2024-07-03,53089.25,37314.3515625,25182.80078125,19915.30078125,57177.55078125,9940.099609375,1113.8499755859375,41784.5,24286.5,13.210000038146973
2024-07-04,53103.69921875,37725.8984375,25366.44921875,20192.599609375,57058.3984375,9936.7998046875,1119.5,41847.69921875,24302.150390625,12.859999656677246
2024-07-05,52660.3515625,37720.75,25398.30078125,20453.849609375,57673.0,9970.5,1119.1500244140625,42523.8984375,24323.849609375,12.699999809265137
2024-07-08,52425.80078125,37742.25,25260.5,20325.80078125,58611.19921875,9877.349609375,1114.300048828125,42644.94921875,24320.55078125,13.600000381469727
2024-07-09,52568.80078125,37668.6484375,25823.55078125,20645.80078125,59182.6484375,9881.900390625,1127.050048828125,42609.19921875,24433.19921875,14.279999732971191
2024-07-10,52189.30078125,37280.75,25302.80078125,20725.94921875,59349.6015625,9722.7998046875,1126.6500244140625,42675.44921875,24324.44921875,14.430000305175781
2024-07-11,52270.6484375,37332.6015625,25257.25,20601.69921875,59516.69921875,9723.25,1109.9000244140625,42756.8515625,24315.94921875,14.0
2024-07-12,52278.8984375,39023.0,25145.44921875,20612.650390625,59725.75,9708.2001953125,1093.199951171875,42846.3515625,24502.150390625,13.729999542236328
2024-07-15,52455.8984375,38911.3515625,25419.80078125,20844.55078125,60070.69921875,9729.599609375,1107.9000244140625,43303.0,24586.69921875,14.1899995803833
2024-07-16,52396.80078125,39141.5,25482.900390625,20765.44921875,60645.1484375,9722.0,1126.25,43204.30078125,24613.0,14.220000267028809
2024-07-18,52620.69921875,40010.3984375,25576.69921875,20768.349609375,61225.3515625,9636.9501953125,1122.699951171875,43236.6484375,24800.849609375,14.510000228881836
2024-07-19,52265.6015625,39923.30078125,24963.349609375,20425.400390625,61087.8984375,9256.2998046875,1096.199951171875,42062.80078125,24530.900390625,14.829999923706055
2024-07-22,52280.3984375,39773.1484375,25250.75,20641.55078125,60881.75,9350.599609375,1090.9000244140625,41945.5,24509.25,15.4399995803833
2024-07-23,51778.30078125,40044.69921875,25321.69921875,20755.349609375,62511.25,9263.099609375,1065.949951171875,41719.5,24479.05078125,12.75
2024-07-24,51317.0,40115.05078125,25309.05078125,20908.5,62182.3515625,9267.150390625,1074.25,42234.3515625,24413.5,11.760000228881836
2024-07-25,50888.75,40055.5,25627.349609375,21105.5,62139.5,9148.0,1065.3499755859375,42770.30078125,24406.099609375,12.619999885559082
2024-07-26,51295.94921875,40977.3515625,26250.69921875,21603.099609375,62728.80078125,9423.400390625,1077.6500244140625,43238.30078125,24834.849609375,12.25
2024-07-29,51406.25,40820.1015625,26426.55078125,21674.94921875,62513.8515625,9450.2998046875,1093.050048828125,43438.69921875,24836.099609375,12.949999809265137
2024-07-30,51499.30078125,40776.3515625,26580.94921875,21540.80078125,61819.0,9468.349609375,1097.800048828125,43908.3515625,24857.30078125,12.880000114440918
2024-07-31,51553.3984375,40851.1015625,26685.25,21777.150390625,62082.19921875,9583.400390625,1093.75,44086.80078125,24951.150390625,13.25
2024-08-01,51564.0,40709.3984375,26487.44921875,21790.349609375,62173.19921875,9573.2001953125,1075.1500244140625,44954.44921875,25010.900390625,12.930000305175781
2024-08-02,51350.1484375,39730.30078125,25714.44921875,21902.849609375,61745.1484375,9314.5498046875,1037.1500244140625,44334.25,24717.69921875,14.319999694824219
2024-08-05,50092.1015625,38435.94921875,24706.5,21583.05078125,61550.44921875,8862.5,992.2999877929688,42640.8984375,24055.599609375,20.3700008392334
2024-08-06,49748.30078125,38624.19921875,24520.05078125,21562.55078125,61604.1484375,8888.9501953125,1000.5999755859375,42474.94921875,23992.55078125,18.739999771118164
2024-08-07,50119.0,39194.80078125,24937.599609375,22036.94921875,62322.6484375,9128.4501953125,1018.9500122070312,43400.3984375,24297.5,16.170000076293945
2024-08-08,50156.69921875,38448.30078125,24917.349609375,22114.25,62042.55078125,8969.25,1006.6500244140625,42687.1484375,24117.0,16.600000381469727
2024-08-09,50484.5,39043.30078125,25346.650390625,22209.55078125,62157.3515625,9038.2998046875,1022.25,43216.05078125,24367.5,15.34000015258789
2024-08-12,50577.94921875,39109.55078125,25278.94921875,22205.599609375,61668.44921875,9106.25,1035.699951171875,42916.05078125,24347.0,15.869999885559082
2024-08-13,49831.8515625,39114.8515625,25081.849609375,22191.599609375,61495.75,8957.150390625,1028.0999755859375,42570.3515625,24139.0,16.170000076293945
2024-08-14,49727.30078125,39731.25,25093.5,22012.69921875,61305.30078125,8844.2998046875,1023.1500244140625,42298.94921875,24143.75,15.4399995803833
2024-08-16,50516.8984375,40878.25,25597.349609375,22106.5,62213.0,8994.099609375,1048.6500244140625,42762.69921875,24541.150390625,14.399999618530273
2024-08-19,50368.3515625,41236.8515625,25368.75,22237.849609375,62326.05078125,9161.9501953125,1050.199951171875,43332.3515625,24572.650390625,14.319999694824219
2024-08-20,50803.1484375,41572.80078125,25500.0,22374.25,62240.6015625,9204.650390625,1052.3499755859375,43527.6484375,24698.849609375,13.819999694824219
2024-08-21,50685.55078125,41570.8515625,25586.75,22577.900390625,63091.8984375,9264.0498046875,1038.550048828125,43591.44921875,24770.19921875,13.329999923706055
2024-08-22,50985.69921875,41506.19921875,25563.650390625,22546.099609375,63483.6015625,9326.25,1043.449951171875,43321.1484375,24811.5,13.0
2024-08-23,50933.44921875,41089.8515625,25850.69921875,22527.849609375,63409.25,9290.5,1018.0999755859375,43338.1484375,24823.150390625,13.550000190734863
2024-08-26,51148.1015625,41662.1015625,25941.44921875,22554.94921875,63657.94921875,9490.75,1036.0,43792.05078125,25010.599609375,13.800000190734863
2024-08-27,51278.75,41709.25,25911.900390625,22729.0,62981.1484375,9432.75,1038.0999755859375,43523.69921875,25017.75,13.630000114440918
2024-08-28,51143.8515625,42394.3984375,25879.400390625,22989.099609375,62713.6015625,9414.7998046875,1036.199951171875,43398.1015625,25052.349609375,13.949999809265137
2024-08-29,51152.75,42591.6484375,26020.400390625,22878.05078125,63162.94921875,9369.9501953125,1034.5,43661.1015625,25151.94921875,13.789999961853027
2024-08-30,51351.0,42787.80078125,26172.80078125,23217.599609375,63059.75,9405.25,1053.4000244140625,43757.3984375,25235.900390625,13.390000343322754
2024-09-02,51439.55078125,42975.6015625,26071.400390625,22987.44921875,63578.6015625,9307.150390625,1050.9000244140625,43782.94921875,25278.69921875,14.0600004196167
2024-09-03,51689.1015625,42851.30078125,26034.650390625,23014.30078125,63485.75,9254.75,1045.4000244140625,43477.6484375,25279.849609375,13.84000015258789
2024-09-04,51400.25,42450.5,25934.25,23184.400390625,63742.8984375,9185.5,1052.199951171875,43249.8515625,25198.69921875,14.380000114440918
2024-09-05,51473.05078125,42644.6484375,25835.30078125,23156.69921875,63700.3984375,9212.9501953125,1041.949951171875,42911.6015625,25145.099609375,14.210000038146973
2024-09-06,50576.8515625,42228.8984375,25527.150390625,23043.400390625,63175.69921875,9161.150390625,1032.0999755859375,42212.44921875,24852.150390625,15.220000267028809
2024-09-09,51117.80078125,41919.05078125,25495.25,23009.400390625,64465.8515625,9099.0,1029.6500244140625,41926.75,24936.400390625,14.239999771118164
2024-09-10,51272.30078125,42644.19921875,25556.44921875,23256.849609375,64584.94921875,9156.2001953125,1038.75,42243.3984375,25041.099609375,13.359999656677246
2024-09-11,51010.0,42473.30078125,25240.599609375,23220.400390625,64768.1484375,9028.2001953125,1026.6500244140625,41626.25,24918.44921875,13.630000114440918
2024-09-12,51772.3984375,43152.1015625,25779.80078125,23429.599609375,65513.19921875,9290.849609375,1035.699951171875,42497.8515625,25388.900390625,13.180000305175781
2024-09-13,51938.05078125,43394.3515625,25820.849609375,23457.650390625,65062.80078125,9370.650390625,1053.6500244140625,42229.3984375,25356.5,12.550000190734863
2024-09-16,52153.1484375,43352.6484375,25829.650390625,23448.75,64597.0,9427.7001953125,1059.699951171875,42569.30078125,25383.75,12.460000038146973
2024-09-17,52188.6484375,43415.0,25896.400390625,23383.650390625,64686.44921875,9388.150390625,1066.199951171875,42648.80078125,25418.55078125,12.59000015258789
2024-09-18,52750.3984375,42089.30078125,25804.44921875,23025.19921875,64615.05078125,9310.5498046875,1063.75,42350.69921875,25377.55078125,13.369999885559082
2024-09-19,53037.6015625,41945.6015625,25907.650390625,22930.150390625,64975.80078125,9251.2001953125,1069.0,42326.8984375,25415.80078125,12.470000267028809
2024-09-20,53793.19921875,42204.3984375,26394.55078125,23005.25,65870.796875,9404.2998046875,1101.5999755859375,42850.0,25790.94921875,12.789999961853027
2024-09-23,54105.80078125,41987.44921875,26805.400390625,23134.25,66305.203125,9454.849609375,1126.1500244140625,43370.5,25939.05078125,13.789999961853027
2024-09-24,53968.6015625,42243.94921875,26920.44921875,23188.400390625,65796.6484375,9735.400390625,1122.75,43707.8515625,25940.400390625,13.390000343322754
2024-09-25,54101.6484375,41960.94921875,26888.349609375,23249.0,65521.69921875,9777.150390625,1130.1500244140625,44064.69921875,26004.150390625,12.739999771118164
2024-09-26,54375.3515625,42160.8984375,27496.25,23250.900390625,66156.8984375,9985.7001953125,1131.300048828125,44145.05078125,26216.05078125,12.0
2024-09-27,53834.30078125,42312.6015625,27610.75,23519.099609375,65845.453125,10064.599609375,1117.800048828125,44545.0,26178.94921875,11.960000038146973
2024-09-30,52978.1015625,41946.1015625,27027.19921875,23281.19921875,65540.3515625,10198.349609375,1099.0,44016.69921875,25810.849609375,12.789999961853027
2024-10-01,52922.6015625,42434.80078125,27083.44921875,23296.55078125,65470.94921875,10222.9501953125,1096.8499755859375,43688.75,25796.900390625,11.989999771118164
2024-10-03,51845.19921875,41762.6015625,26302.099609375,23178.75,64502.05078125,10155.0,1049.0,42550.5,25250.099609375,13.170000076293945
2024-10-04,51462.05078125,41912.5,25926.30078125,23094.69921875,63380.05078125,10113.2001953125,1031.800048828125,42080.6484375,25014.599609375,14.130000114440918
2024-10-07,50478.8984375,42190.6015625,25807.150390625,22977.80078125,63028.3515625,9886.2998046875,1020.1500244140625,41039.3515625,24795.75,15.079999923706055
2024-10-08,51021.0,42387.55078125,26236.099609375,23307.94921875,63326.55078125,9794.4501953125,1029.949951171875,41712.75,25013.150390625,14.59000015258789
2024-10-09,51007.0,42622.75,26450.25,23783.80078125,62334.3515625,9800.75,1052.050048828125,41377.80078125,24981.94921875,14.119999885559082
2024-10-10,51530.8984375,42088.80078125,26528.5,23305.150390625,62056.30078125,9839.9501953125,1047.8499755859375,41509.19921875,24998.44921875,13.5
2024-10-11,51172.30078125,42335.69921875,26436.599609375,23582.25,62080.19921875,9932.7001953125,1040.5999755859375,41515.80078125,24964.25,13.220000267028809
2024-10-14,51816.8984375,42872.75,26463.55078125,23680.0,62372.30078125,9905.0,1057.3499755859375,41534.94921875,25127.94921875,13.0
2024-10-15,51906.0,42731.30078125,26242.599609375,23555.69921875,62607.69921875,9762.0498046875,1079.050048828125,41283.6015625,25057.349609375,13.0
2024-10-16,51801.05078125,42230.69921875,25909.0,23467.349609375,62373.25,9741.7001953125,1084.949951171875,41304.6484375,24971.30078125,13.050000190734863
2024-10-17,51288.80078125,42734.3515625,24991.19921875,23254.0,61352.75,9603.2998046875,1044.1500244140625,40983.0,24749.849609375,13.390000343322754
2024-10-18,52094.19921875,42106.5,25146.900390625,23356.19921875,61042.1015625,9753.900390625,1047.300048828125,41205.55078125,24854.05078125,13.039999961853027
2024-10-21,51962.69921875,41562.69921875,25251.849609375,23122.69921875,60280.25,9606.7998046875,1032.6500244140625,40984.69921875,24781.099609375,13.760000228881836
2024-10-22,51257.1484375,41238.80078125,24627.25,22828.19921875,60000.94921875,9318.7998046875,997.75,40009.3515625,24472.099609375,14.399999618530273
2024-10-23,51239.0,42222.1015625,24451.30078125,22471.599609375,60097.6484375,9295.25,997.1500244140625,39812.3984375,24435.5,14.619999885559082
2024-10-24,51531.1484375,42139.8515625,24324.849609375,22570.80078125,58396.8984375,9273.4501953125,985.8499755859375,39942.5,24399.400390625,13.970000267028809
2024-10-25,50787.44921875,42038.8515625,23799.30078125,22574.55078125,58908.5,9048.9501953125,974.3499755859375,39063.75,24180.80078125,14.630000114440918
2024-10-28,51259.30078125,42205.3984375,23964.44921875,22857.25,59252.6484375,9278.400390625,987.75,39123.5,24339.150390625,14.289999961853027
2024-10-29,52320.69921875,42031.44921875,23588.599609375,22601.400390625,59203.8515625,9338.75,1001.8499755859375,39359.80078125,24466.849609375,14.520000457763672
2024-10-30,51807.5,41668.6015625,23594.0,22374.94921875,59748.8984375,9342.4501953125,1001.0499877929688,39296.1484375,24340.849609375,15.510000228881836
2024-10-31,51475.3515625,40407.55078125,23514.69921875,22735.55078125,59203.0,9326.849609375,999.5499877929688,39301.94921875,24205.349609375,15.550000190734863
2024-11-01,51673.8984375,40433.6484375,23805.599609375,22807.150390625,59433.19921875,9390.2998046875,1009.0999755859375,39635.6484375,24304.349609375,15.899999618530273
2024-11-04,51215.25,40421.80078125,23573.19921875,22638.30078125,58743.69921875,9242.900390625,979.5,38604.75,23995.349609375,16.690000534057617
2024-11-05,52207.25,40424.6015625,23839.599609375,22661.25,58542.19921875,9505.400390625,985.5999755859375,38924.8984375,24213.30078125,16.1200008392334
2024-11-06,52317.3984375,42039.5,24137.900390625,22920.349609375,58754.80078125,9656.4501953125,1011.0499877929688,39562.8515625,24484.05078125,14.869999885559082
2024-11-07,51916.5,41752.3984375,23812.5,22526.94921875,58180.25,9392.849609375,996.5499877929688,38990.55078125,24199.349609375,14.9399995803833
2024-11-08,51561.19921875,42050.1484375,23805.19921875,22542.25,58359.3984375,9308.900390625,967.6500244140625,38403.6484375,24148.19921875,14.470000267028809
2024-11-11,51876.75,42590.30078125,23729.44921875,22344.25,57843.94921875,9216.25,966.2000122070312,38247.44921875,24141.30078125,14.270000457763672
2024-11-12,51157.80078125,42609.55078125,23269.099609375,22151.599609375,56902.55078125,9078.5,967.9500122070312,37705.6484375,23883.44921875,14.59000015258789
2024-11-13,50088.3515625,42369.5,22765.19921875,21809.30078125,56647.8515625,8836.75,937.25,37114.6484375,23559.05078125,15.4399995803833
2024-11-14,50179.55078125,42390.8515625,22914.5,21752.0,55782.69921875,8828.7001953125,946.9500122070312,37047.55078125,23532.69921875,14.779999732971191
2024-11-18,50363.80078125,41406.55078125,23043.849609375,21544.150390625,56314.3515625,8996.650390625,952.25,36757.19921875,23453.80078125,15.170000076293945
2024-11-19,50626.5,41748.3515625,23359.5,21768.849609375,56378.55078125,8920.349609375,966.2999877929688,36584.19921875,23518.5,15.65999984741211
2024-11-21,50372.8984375,41952.80078125,23145.900390625,21740.099609375,55693.69921875,8717.400390625,975.2999877929688,35789.30078125,23349.900390625,15.989999771118164
2024-11-22,51135.3984375,43332.1015625,23554.099609375,21962.05078125,56956.44921875,8846.2001953125,1006.25,36523.5,23907.25,16.100000381469727
2024-11-25,52207.5,43618.1484375,23716.44921875,22177.05078125,57358.19921875,8883.0,1028.5,37006.0,24221.900390625,15.300000190734863
2024-11-26,52191.5,44085.94921875,23413.0,21961.75,57838.25,8916.7001953125,1029.1500244140625,36722.19921875,24194.5,15.3100004196167
2024-11-27,52301.80078125,44018.69921875,23517.349609375,21828.599609375,58028.6015625,8987.349609375,1024.9000244140625,37256.0,24274.900390625,14.630000114440918
2024-11-28,51906.8515625,42968.75,23134.69921875,21728.599609375,57706.05078125,8964.849609375,1025.3499755859375,36979.19921875,23914.150390625,15.210000038146973
2024-11-29,52055.6015625,43146.25,23368.55078125,22240.19921875,57943.69921875,9034.0,1020.1500244140625,37481.94921875,24131.099609375,14.430000305175781
2024-12-02,52109.0,43547.0,23599.599609375,22450.19921875,57917.0,9133.599609375,1051.199951171875,37594.3984375,24276.05078125,14.699999809265137
2024-12-03,52695.75,43754.94921875,23752.400390625,22445.69921875,57689.19921875,9246.25,1054.5999755859375,38014.05078125,24457.150390625,14.369999885559082
2024-12-04,53266.8984375,43949.25,23584.0,22422.900390625,57270.3515625,9230.099609375,1077.1500244140625,37736.05078125,24467.44921875,14.449999809265137
2024-12-05,53603.55078125,44806.3984375,23736.25,22463.400390625,57605.19921875,9282.75,1074.449951171875,37884.69921875,24708.400390625,14.529999732971191
2024-12-06,53509.5,44716.05078125,23960.25,22434.75,57744.30078125,9397.150390625,1073.9000244140625,37842.80078125,24677.80078125,14.140000343322754
2024-12-09,53407.75,44832.0,23775.05078125,22309.099609375,56460.6015625,9455.25,1076.9000244140625,37689.3984375,24619.0,14.109999656677246
2024-12-10,53577.69921875,45199.75,23767.05078125,22291.44921875,56530.25,9475.349609375,1092.3499755859375,37451.55078125,24610.05078125,13.779999732971191
2024-12-11,53391.3515625,45350.3515625,23851.849609375,22302.599609375,56766.80078125,9483.650390625,1094.3499755859375,37308.8515625,24641.80078125,13.270000457763672
2024-12-12,53216.44921875,45701.6484375,23660.30078125,22229.30078125,56146.69921875,9507.75,1089.8499755859375,37024.94921875,24548.69921875,13.1899995803833
2024-12-13,53583.80078125,45995.80078125,23773.099609375,22157.349609375,56869.3984375,9439.2998046875,1085.050048828125,37194.19921875,24768.30078125,13.050000190734863
2024-12-16,53581.3515625,45653.6015625,23790.5,22255.55078125,56697.19921875,9347.75,1118.6500244140625,36969.94921875,24668.25,14.020000457763672
2024-12-17,52834.80078125,45413.75,23417.80078125,22074.55078125,56467.44921875,9194.9501953125,1117.5999755859375,36375.3984375,24336.0,14.489999771118164
2024-12-18,52139.55078125,45526.8515625,23241.25,22314.55078125,56467.80078125,9069.900390625,1112.4000244140625,35981.80078125,24198.849609375,14.369999885559082
2024-12-19,51575.69921875,44954.19921875,23070.900390625,22697.900390625,56157.8984375,8977.2001953125,1103.25,35628.19921875,23951.69921875,14.510000228881836
2024-12-20,50759.19921875,43771.05078125,22580.0,22501.849609375,55600.80078125,8813.25,1060.0999755859375,34910.6015625,23587.5,15.069999694824219
2024-12-23,51317.6015625,43828.3515625,22557.75,22572.05078125,56135.05078125,8891.400390625,1075.6500244140625,35147.75,23753.44921875,13.520000457763672
2024-12-24,51233.0,43668.8984375,22685.55078125,22558.900390625,56439.30078125,8817.599609375,1074.75,35084.94921875,23727.650390625,13.180000305175781
2024-12-26,51170.69921875,43664.25,22876.099609375,22712.55078125,56258.0,8805.25,1077.25,35159.55078125,23750.19921875,14.039999961853027
2024-12-27,51311.30078125,43721.3984375,23099.05078125,23008.349609375,56444.25,8720.7001953125,1071.3499755859375,35039.3984375,23813.400390625,13.239999771118164
2024-12-30,50952.75,43971.44921875,22768.25,23241.150390625,56618.3984375,8609.849609375,1054.8499755859375,34832.19921875,23644.900390625,13.970000267028809
2024-12-31,50860.19921875,43337.80078125,22834.0,23412.25,56799.6484375,8649.900390625,1052.3499755859375,35188.25,23644.80078125,14.449999809265137
2025-01-01,51060.6015625,43373.1015625,22834.0,23459.75,56799.6484375,8649.900390625,1052.3499755859375,35188.25,23742.900390625,14.449999809265137
2025-01-02,51605.55078125,44351.75,24016.19921875,23553.400390625,57671.3515625,8723.349609375,1051.6500244140625,35715.8984375,24188.650390625,13.739999771118164
2025-01-03,50988.80078125,43726.55078125,24005.0,23263.5,57817.0,8729.9501953125,1045.0999755859375,35894.05078125,24004.75,13.539999961853027
2025-01-06,49922.0,43674.8515625,23482.19921875,23073.05078125,56714.3984375,8455.5,1012.0499877929688,34731.1484375,23616.05078125,15.649999618530273
2025-01-07,50202.1484375,43375.8515625,23482.099609375,23228.55078125,56719.55078125,8560.5498046875,1020.0999755859375,35164.75,23707.900390625,14.65999984741211
2025-01-08,49835.05078125,43634.25,23370.150390625,23011.099609375,56967.6015625,8503.2001953125,1018.5,35157.3984375,23688.94921875,14.470000267028809
2025-01-09,49503.5,43126.44921875,23305.19921875,22868.099609375,57495.6015625,8398.849609375,990.7000122070312,34444.94921875,23526.5,14.65999984741211
2025-01-10,48734.1484375,44609.5,23017.75,22380.849609375,57117.69921875,8262.9501953125,963.2999877929688,33743.0,23431.5,14.920000076293945
2025-01-13,48041.25,43999.1015625,22382.25,21903.349609375,56420.1484375,7951.35009765625,901.0,32623.099609375,23085.94921875,16.0
2025-01-14,48729.1484375,43061.19921875,22833.05078125,22203.900390625,55627.19921875,8267.5,908.2000122070312,33567.75,23176.05078125,15.470000267028809
2025-01-15,48751.69921875,43401.25,22712.75,21972.69921875,55549.8515625,8280.9501953125,920.8499755859375,33821.19921875,23213.19921875,15.260000228881836
2025-01-16,49278.69921875,43188.8515625,22861.25,21909.75,55240.0,8422.0,927.0499877929688,34275.1015625,23311.80078125,15.470000267028809
2025-01-17,48540.6015625,42032.19921875,22791.099609375,22061.69921875,55800.8515625,8521.7001953125,939.25,34686.1015625,23203.19921875,15.75
2025-01-20,49350.80078125,42192.80078125,22671.80078125,22182.400390625,55738.05078125,8613.349609375,945.3499755859375,34970.55078125,23344.75,16.420000076293945
2025-01-21,48570.8984375,41697.94921875,22303.19921875,21882.900390625,55622.6484375,8532.099609375,906.4000244140625,34308.5,23024.650390625,17.059999465942383
2025-01-22,48724.3984375,42590.69921875,22274.349609375,22034.94921875,55596.05078125,8470.25,865.0499877929688,33805.19921875,23155.349609375,16.770000457763672
2025-01-23,48589.0,43351.75,22518.94921875,22343.30078125,55781.80078125,8515.5498046875,873.7000122070312,33866.6015625,23205.349609375,16.700000762939453
2025-01-24,48367.80078125,43524.1015625,22171.05078125,21872.400390625,56069.3515625,8438.7998046875,853.5499877929688,33263.55078125,23092.19921875,16.75
2025-01-27,48064.6484375,42060.69921875,21970.44921875,21292.30078125,55654.5,8189.7998046875,844.5999755859375,32417.55078125,22829.150390625,18.1299991607666
2025-01-28,48866.8515625,41820.6484375,22264.150390625,20796.599609375,55441.94921875,8157.4501953125,862.9000244140625,31966.099609375,22957.25,18.200000762939453
2025-01-29,49165.94921875,42914.5,22586.349609375,21163.900390625,55163.05078125,8308.650390625,888.0,32607.849609375,23163.099609375,18.639999389648438
2025-01-30,49311.94921875,42426.6484375,22495.69921875,21419.650390625,55558.94921875,8299.75,903.7999877929688,33026.05078125,23249.5,17.389999389648438
2025-01-31,49587.19921875,42662.75,22867.599609375,21438.599609375,56691.94921875,8399.7001953125,921.3499755859375,33895.6015625,23508.400390625,16.25
2025-02-01,49587.19921875,42662.75,22867.599609375,21438.599609375,56691.94921875,8399.7001953125,921.3499755859375,33895.6015625,23482.150390625,16.25
2025-02-03,49210.55078125,42314.25,23327.0,21361.599609375,57419.55078125,8155.14990234375,949.7000122070312,32177.400390625,23361.05078125,14.350000381469727
2025-02-04,50157.94921875,42860.19921875,23535.05078125,21733.94921875,57274.69921875,8301.4501953125,954.9500122070312,32896.69921875,23739.25,14.020000457763672
2025-02-05,50343.05078125,42888.30078125,23517.099609375,21868.5,56383.75,8427.099609375,937.2999877929688,33345.44921875,23696.30078125,14.079999923706055
2025-02-06,50382.1015625,43020.94921875,23298.849609375,22009.05078125,55841.80078125,8363.650390625,916.7999877929688,33059.75,23603.349609375,14.180000305175781
2025-02-07,50158.8515625,42921.6484375,23459.94921875,22077.0,55113.30078125,8585.7998046875,917.7000122070312,32817.30078125,23559.94921875,13.6899995803833
2025-02-10,49981.0,42596.55078125,23112.650390625,21665.650390625,54856.6484375,8359.25,890.2999877929688,32109.900390625,23381.599609375,14.449999809265137
2025-02-11,49403.3984375,41968.30078125,22573.900390625,21249.5,53794.25,8213.5498046875,863.0,31436.75,23071.80078125,14.869999885559082
2025-02-12,49479.44921875,41733.0,22407.44921875,21142.05078125,53739.0,8268.400390625,839.3499755859375,31317.30078125,23045.25,14.899999618530273
2025-02-13,49359.8515625,41315.55078125,22344.30078125,21427.099609375,53314.75,8336.349609375,846.1500244140625,31286.80078125,23031.400390625,14.960000038146973
2025-02-14,49099.44921875,41311.1484375,22069.30078125,20811.55078125,53138.55078125,8187.5,831.4500122070312,30572.30078125,22929.25,15.020000457763672
2025-02-17,49258.8984375,41073.19921875,21951.849609375,21076.0,52945.0,8250.2001953125,831.5499877929688,30737.55078125,22959.5,15.720000267028809
2025-02-18,49087.30078125,41464.3515625,21818.900390625,20969.19921875,52480.5,8255.599609375,832.0499877929688,30849.05078125,22945.30078125,15.670000076293945
2025-02-19,49570.1015625,40924.25,21809.150390625,20820.0,52360.44921875,8359.2001953125,845.9500122070312,31198.5,22932.900390625,15.420000076293945
2025-02-20,49334.55078125,40865.94921875,22074.900390625,20785.75,52337.30078125,8523.0,855.4000244140625,31769.650390625,22913.150390625,14.680000305175781
2025-02-21,48981.19921875,40544.55078125,21505.900390625,20385.650390625,52098.1484375,8609.7001953125,844.5,31592.0,22795.900390625,14.529999732971191
2025-02-24,48651.94921875,39446.6015625,21552.5,20389.69921875,52285.80078125,8422.7998046875,837.6500244140625,31240.80078125,22553.349609375,14.4399995803833
2025-02-25,48608.3515625,39131.30078125,21662.650390625,20249.150390625,52453.3515625,8293.4501953125,826.6500244140625,31018.30078125,22547.55078125,13.720000267028809
2025-02-27,48743.80078125,38946.6484375,21335.349609375,20201.25,52055.1484375,8334.7998046875,809.3499755859375,30659.25,22545.05078125,13.3100004196167
2025-02-28,48344.69921875,37318.30078125,20498.599609375,19813.5,50689.0,8219.25,797.9000244140625,30018.150390625,22124.69921875,13.90999984741211
2025-03-03,48114.30078125,37614.44921875,20538.150390625,19879.80078125,50786.6484375,8316.2998046875,807.9500122070312,30007.05078125,22119.30078125,13.760000228881836
2025-03-04,48245.19921875,37276.94921875,20269.19921875,19820.650390625,50524.25,8347.75,808.75,30239.150390625,22082.650390625,13.829999923706055
2025-03-05,48489.94921875,38072.30078125,20796.75,20126.80078125,51279.1015625,8685.2001953125,827.5499877929688,31099.44921875,22337.30078125,13.670000076293945
2025-03-06,48627.69921875,38145.30078125,20959.69921875,20423.349609375,51890.30078125,8888.650390625,826.1500244140625,31729.849609375,22544.69921875,13.729999542236328
2025-03-07,48497.5,37820.44921875,21009.69921875,20378.30078125,51891.80078125,8926.900390625,816.3499755859375,31788.44921875,22552.5,13.470000267028809
2025-03-10,48216.80078125,37644.3984375,20752.80078125,20256.55078125,52006.3984375,8850.2998046875,799.7000122070312,31302.19921875,22460.30078125,13.989999771118164
2025-03-11,47853.94921875,37400.1015625,20682.650390625,20332.099609375,51951.44921875,8897.2998046875,828.7000122070312,31462.650390625,22497.900390625,14.069999694824219
2025-03-12,48056.6484375,36310.6484375,20783.69921875,20424.0,51957.25,8854.2998046875,815.0499877929688,31535.30078125,22470.5,13.6899995803833
2025-03-13,48060.3984375,36122.5,20554.05078125,20386.849609375,51879.25,8777.650390625,800.1500244140625,31483.0,22397.19921875,13.279999732971191
2025-03-17,48354.1484375,36137.19921875,20741.150390625,20703.94921875,51773.1484375,8845.25,797.0999755859375,31660.150390625,22508.75,13.420000076293945
2025-03-18,49314.5,36619.3515625,21234.94921875,21041.30078125,52475.0,9033.4501953125,822.2999877929688,32165.5,22834.30078125,13.210000038146973
2025-03-19,49702.6015625,36223.5,21319.5,21145.650390625,52184.1015625,9148.5498046875,845.3499755859375,32735.05078125,22907.599609375,13.300000190734863
2025-03-20,50062.8515625,36676.6484375,21623.05078125,21340.599609375,52857.8984375,9254.099609375,854.4000244140625,33001.05078125,23190.650390625,12.600000381469727
2025-03-21,50593.55078125,36702.80078125,21756.0,21625.900390625,52986.05078125,9203.5498046875,862.75,33475.05078125,23350.400390625,12.579999923706055
2025-03-24,51704.94921875,37217.05078125,21938.69921875,21771.150390625,53232.75,9262.849609375,875.9500122070312,33955.0,23658.349609375,13.699999809265137
2025-03-25,51607.94921875,37706.8984375,21737.599609375,21542.5,53131.30078125,9132.900390625,863.2000122070312,33502.3984375,23668.650390625,13.640000343322754
2025-03-26,51209.0,37336.69921875,21742.80078125,21360.599609375,52988.5,9097.7001953125,852.0499877929688,33205.3984375,23486.849609375,13.470000267028809
2025-03-27,51575.8515625,37548.30078125,21516.75,21275.150390625,53276.6015625,9159.7998046875,863.5499877929688,33682.94921875,23591.94921875,13.300000190734863
2025-03-28,51564.8515625,36886.1484375,21295.5,21137.44921875,53589.80078125,9092.5,851.2999877929688,33571.6015625,23519.349609375,12.720000267028809
2025-04-01,50827.5,35980.6484375,21235.25,20771.80078125,53101.75,9016.849609375,824.8499755859375,33289.1484375,23165.69921875,13.779999732971191
2025-04-02,51348.05078125,36283.5,21408.849609375,20952.849609375,53702.6015625,9080.0498046875,854.6500244140625,33463.69921875,23332.349609375,13.720000267028809
2025-04-03,51597.3515625,34757.25,21164.0,21423.55078125,53806.75,9005.150390625,853.7999877929688,33559.80078125,23250.099609375,13.600000381469727
2025-04-04,51502.69921875,33511.44921875,20593.150390625,20560.0,53830.69921875,8414.4501953125,823.0499877929688,32308.900390625,22904.44921875,13.760000228881836
2025-04-07,49860.1015625,32668.80078125,19815.55078125,19995.5,53241.1484375,7846.35009765625,776.2000122070312,31414.55078125,22161.599609375,22.790000915527344
2025-04-08,50511.0,33244.3984375,20138.150390625,20377.900390625,54300.25,7965.60009765625,795.4000244140625,31866.75,22535.849609375,20.440000534057617
2025-04-09,50240.1484375,32517.349609375,20140.400390625,19976.30078125,55264.75,7847.5,780.2999877929688,31558.94921875,22399.150390625,21.43000030517578
2025-04-11,51002.3515625,32740.849609375,20548.650390625,20461.900390625,55741.1015625,8168.2998046875,790.1500244140625,32411.099609375,22828.55078125,20.110000610351562
2025-04-15,52379.5,33275.30078125,21246.19921875,20912.19921875,55896.94921875,8429.849609375,834.75,33106.55078125,23328.55078125,16.1299991607666
2025-04-16,53117.75,33295.5,21155.80078125,20874.30078125,56345.6015625,8454.7998046875,840.7999877929688,33456.8984375,23437.19921875,15.869999885559082
2025-04-17,54290.19921875,33372.3515625,21373.099609375,21126.75,56674.19921875,8476.5,845.0999755859375,33797.5,23851.650390625,15.470000267028809
2025-04-21,55304.5,34135.05078125,21826.0,21351.05078125,56130.19921875,8653.5,864.0999755859375,34640.75,24125.55078125,15.520000457763672
2025-04-22,55647.19921875,33941.05078125,21903.69921875,21438.05078125,57193.80078125,8669.5,885.0,34516.3515625,24167.25,15.229999542236328
2025-04-23,55370.05078125,35414.6484375,22424.44921875,21738.94921875,57497.8984375,8737.2998046875,896.75,34755.05078125,24328.94921875,15.960000038146973
2025-04-24,55201.3984375,35307.1015625,22367.55078125,21974.599609375,56887.55078125,8753.2998046875,884.1500244140625,34726.75,24246.69921875,16.25
2025-04-25,54664.05078125,35562.25,21994.5,21482.55078125,56532.3515625,8569.75,859.3499755859375,33956.5,24039.349609375,17.15999984741211
2025-04-28,55432.80078125,35482.94921875,22352.94921875,21908.099609375,56620.30078125,8689.900390625,871.5,34538.8515625,24328.5,16.940000534057617
2025-04-29,55391.25,35920.3984375,22299.05078125,21676.650390625,56474.5,8607.150390625,869.25,34438.75,24335.94921875,17.3700008392334
2025-04-30,55087.1484375,35794.94921875,22308.400390625,21772.44921875,56445.3515625,8581.7998046875,885.8499755859375,34241.6015625,24334.19921875,18.219999313354492
2025-05-02,55115.3515625,35891.8515625,22286.5,21627.44921875,56252.25,8518.400390625,881.5499877929688,34138.75,24346.69921875,18.260000228881836
2025-05-05,54919.5,35991.25,22699.19921875,21775.75,56936.19921875,8600.150390625,887.3499755859375,34583.6015625,24461.150390625,18.34000015258789
2025-05-06,54271.3984375,35869.19921875,22737.599609375,21534.349609375,56883.3984375,8524.7001953125,855.5999755859375,33771.1015625,24379.599609375,19.0
2025-05-07,54610.8984375,35920.30078125,23114.099609375,21462.44921875,56590.25,8608.0498046875,865.1500244140625,34048.05078125,24414.400390625,19.059999465942383
2025-05-08,54365.6484375,36002.44921875,22674.150390625,21115.05078125,56020.69921875,8428.400390625,843.7999877929688,33534.75,24273.80078125,21.010000228881836
2025-05-09,53595.25,35880.1015625,22627.80078125,21071.75,55633.0,8420.5498046875,823.75,33337.55078125,24008.0,21.6299991607666
2025-05-12,55382.8515625,38282.55078125,23400.44921875,21102.69921875,57101.3984375,8914.25,872.5999755859375,34734.30078125,24924.69921875,18.389999389648438
2025-05-13,54940.8515625,37354.6015625,23167.25,21359.75,56334.1484375,8834.650390625,866.2999877929688,34549.25,24578.349609375,18.200000762939453
2025-05-14,54801.30078125,37853.55078125,23356.849609375,21480.5,56351.69921875,9052.099609375,881.0,35040.75,24666.900390625,17.229999542236328
2025-05-15,55355.6015625,38293.80078125,23804.849609375,21650.650390625,56685.94921875,9210.0498046875,897.9500122070312,35362.55078125,25062.099609375,16.889999389648438
2025-05-16,55354.8984375,37972.3515625,23953.150390625,21633.19921875,57061.80078125,9201.849609375,912.5499877929688,35664.80078125,25019.80078125,16.549999237060547
2025-05-19,55420.69921875,37477.80078125,24052.599609375,21740.44921875,56955.69921875,9210.75,933.2000122070312,35690.8515625,24945.44921875,17.360000610351562
2025-05-20,54877.3515625,37283.5,23531.19921875,21456.150390625,56206.25,9156.0498046875,922.7999877929688,35435.1484375,24683.900390625,17.389999389648438
2025-05-21,55075.1015625,37540.1015625,23700.099609375,21723.650390625,56413.1484375,9208.150390625,938.7000122070312,35647.1015625,24813.44921875,17.549999237060547
2025-05-22,54941.30078125,37050.1484375,23459.900390625,21521.75,55598.05078125,9179.650390625,934.4000244140625,35357.1015625,24609.69921875,17.260000228881836
2025-05-23,55398.25,37403.55078125,23515.25,21434.25,56502.05078125,9249.599609375,936.8499755859375,35637.8984375,24853.150390625,17.280000686645508
2025-05-26,55572.0,37785.8984375,23763.150390625,21501.80078125,57049.69921875,9336.4501953125,944.0,35882.6015625,25001.150390625,18.020000457763672
2025-05-27,55352.80078125,37501.44921875,23596.900390625,21524.94921875,56547.6015625,9294.9501953125,946.2999877929688,35880.8984375,24826.19921875,18.540000915527344
2025-05-28,55417.0,37465.75,23437.05078125,21393.30078125,55703.8515625,9239.5,944.9000244140625,35888.55078125,24752.44921875,18.020000457763672
2025-05-29,55546.05078125,37754.1484375,23555.75,21589.349609375,55630.44921875,9351.650390625,955.7000122070312,35988.69921875,24833.599609375,16.420000076293945
2025-05-30,55749.69921875,37321.75,23325.599609375,21442.05078125,55283.0,9193.25,949.3499755859375,35879.05078125,24750.69921875,16.079999923706055
2025-06-02,55903.3984375,37061.8515625,23327.05078125,21394.099609375,55732.55078125,9128.5498046875,971.25,35933.80078125,24716.599609375,17.15999984741211
2025-06-03,55599.94921875,36814.8984375,23268.69921875,21354.19921875,55460.80078125,9122.2998046875,982.9000244140625,35549.6015625,24542.5,16.559999465942383
2025-06-04,55676.8515625,36938.1015625,23332.599609375,21371.69921875,55530.55078125,9177.400390625,976.0,35734.19921875,24620.19921875,15.75
2025-06-05,55760.8515625,37107.94921875,23306.19921875,21644.19921875,55632.44921875,9231.5,993.0999755859375,35824.8515625,24750.900390625,15.079999923706055
2025-06-06,56578.3984375,37294.8515625,23661.30078125,21684.400390625,55802.69921875,9406.4501953125,1039.5999755859375,35924.05078125,25003.05078125,14.630000114440918
2025-06-09,56839.6015625,37669.19921875,23777.150390625,21826.80078125,56026.1015625,9477.0,1038.1500244140625,36352.80078125,25103.19921875,14.6899995803833
2025-06-10,56629.1015625,38300.0,23759.0,21948.0,56198.80078125,9509.7001953125,1026.300048828125,36515.25,25104.25,14.020000457763672
2025-06-11,56459.75,38784.30078125,23805.19921875,22057.150390625,55820.6015625,9495.7998046875,1027.25,36624.69921875,25141.400390625,13.670000076293945
2025-06-12,56082.55078125,38460.30078125,23411.80078125,22036.150390625,55104.1015625,9348.5,1006.4500122070312,35918.3515625,24888.19921875,14.020000457763672
2025-06-13,55527.3515625,38469.25,23327.400390625,21985.150390625,54527.1484375,9258.7998046875,1007.0499877929688,35740.55078125,24718.599609375,15.079999923706055
2025-06-16,55944.8984375,39073.05078125,23368.25,22039.44921875,54873.30078125,9358.25,1020.2999877929688,36010.44921875,24946.5,14.84000015258789
2025-06-17,55714.1484375,39356.1015625,23227.30078125,21622.80078125,54708.75,9224.400390625,1013.7000122070312,35836.0,24853.400390625,14.399999618530273
2025-06-18,55828.75,39030.8984375,23312.349609375,21588.400390625,54452.3984375,9158.25,1008.9000244140625,35667.55078125,24812.05078125,14.279999732971191
2025-06-19,55577.44921875,38664.94921875,23434.650390625,21441.849609375,54283.5,9040.4501953125,992.75,35273.8515625,24793.25,14.260000228881836
2025-06-20,56252.8515625,38991.44921875,23679.349609375,21613.0,54630.94921875,9138.599609375,1013.6500244140625,35600.19921875,25112.400390625,13.670000076293945
2025-06-23,56059.3515625,38414.1015625,23461.150390625,21626.19921875,54226.8515625,9198.5498046875,1012.6500244140625,35608.94921875,24971.900390625,14.050000190734863
2025-06-24,56461.8984375,38417.94921875,23598.25,21672.099609375,54346.30078125,9291.099609375,1014.25,35727.05078125,25044.349609375,13.640000343322754
2025-06-25,56621.1484375,39046.30078125,23827.80078125,21804.80078125,54747.25,9329.2001953125,1019.7000122070312,35820.55078125,25244.75,12.960000038146973
2025-06-26,57206.69921875,38996.25,23961.69921875,21808.19921875,55118.80078125,9544.5498046875,1009.5499877929688,36179.1015625,25549.0,12.59000015258789
2025-06-27,57443.8984375,38822.94921875,24007.94921875,21928.599609375,55109.0,9578.2001953125,993.9500122070312,36542.6015625,25637.80078125,12.390000343322754
2025-06-30,57312.75,38950.0,23872.55078125,22038.69921875,54883.8984375,9534.7998046875,986.5499877929688,36568.6484375,25517.05078125,12.789999961853027
2025-07-01,57459.44921875,38833.1484375,23824.0,22041.25,54502.94921875,9564.5498046875,984.2000122070312,36480.1015625,25541.80078125,12.529999732971191
2025-07-02,56999.19921875,38879.1015625,23899.849609375,22110.80078125,54439.69921875,9699.2001953125,970.0499877929688,36331.25,25453.400390625,12.449999809265137
2025-07-03,56791.94921875,38854.30078125,24004.94921875,22204.25,54515.75,9623.4501953125,963.1500244140625,36362.80078125,25405.30078125,12.390000343322754
2025-07-04,57031.8984375,39166.55078125,23980.400390625,22384.599609375,54735.6015625,9580.400390625,971.9500122070312,36509.6015625,25461.0,12.319999694824219
2025-07-07,56949.19921875,38866.94921875,23943.900390625,22365.05078125,55652.8515625,9522.150390625,972.75,36532.3984375,25461.30078125,12.5600004196167
2025-07-08,57256.30078125,38983.25,23852.900390625,22165.900390625,55504.0,9517.400390625,982.3499755859375,36605.8515625,25522.5,12.199999809265137
2025-07-09,57213.55078125,38680.8515625,23944.400390625,22208.5,55946.19921875,9384.5,967.75,36517.5,25476.099609375,11.9399995803833
2025-07-10,56956.0,38376.6484375,23916.849609375,22076.80078125,55628.19921875,9423.5498046875,974.7000122070312,36447.6484375,25355.25,11.670000076293945
2025-07-11,56754.69921875,37693.25,23493.80078125,22225.900390625,55910.25,9382.849609375,962.9000244140625,36097.8515625,25149.849609375,11.819999694824219
2025-07-14,56765.3515625,37273.69921875,23552.0,22410.349609375,56025.6015625,9407.9501953125,976.25,36201.05078125,25082.30078125,11.979999542236328
2025-07-15,57006.6484375,37424.6015625,23905.25,22665.69921875,56429.05078125,9411.9501953125,983.9500122070312,36308.5,25195.80078125,11.479999542236328
2025-07-16,57168.94921875,37660.75,24011.150390625,22593.900390625,56685.55078125,9360.7001953125,988.8499755859375,36350.8984375,25212.05078125,11.239999771118164
2025-07-17,56828.80078125,37138.55078125,24002.5,22680.349609375,56843.05078125,9423.349609375,1001.0999755859375,36438.25,25111.44921875,11.239999771118164
2025-07-18,56283.0,37141.8984375,23894.349609375,22592.75,56506.8984375,9458.2001953125,999.9000244140625,36231.6484375,24968.400390625,11.390000343322754
2025-07-21,56952.75,37031.75,24055.0,22531.849609375,56222.69921875,9555.5,1006.25,36248.55078125,25090.69921875,11.199999809265137
2025-07-22,56756.0,36858.8984375,23875.849609375,22307.19921875,56003.94921875,9533.2998046875,996.0499877929688,36198.5,25060.900390625,10.75
2025-07-23,57210.44921875,36951.5,24079.400390625,22417.44921875,55710.3515625,9579.0498046875,970.2000122070312,36302.94921875,25219.900390625,10.520000457763672
2025-07-24,57066.05078125,36135.80078125,24087.30078125,22541.05078125,55085.8515625,9582.2998046875,960.0999755859375,36048.3515625,25062.099609375,10.720000267028809
2025-07-25,56528.8984375,35623.75,23781.55078125,22662.69921875,54579.94921875,9425.099609375,950.5999755859375,35250.5,24837.0,11.279999732971191
2025-07-28,56084.8984375,35370.05078125,23693.0,22761.150390625,54732.94921875,9316.4501953125,911.9000244140625,35021.55078125,24680.900390625,12.0600004196167
2025-07-29,56222.0,35373.25,23888.349609375,23072.44921875,54891.1484375,9409.7001953125,926.5,35410.69921875,24821.099609375,11.529999732971191
2025-07-30,56150.69921875,35481.69921875,23745.80078125,23073.900390625,55020.3984375,9399.75,917.6500244140625,35422.05078125,24855.05078125,11.210000038146973
2025-07-31,55961.94921875,35301.6484375,23655.849609375,22771.05078125,55812.1484375,9285.4501953125,912.3499755859375,35116.1484375,24768.349609375,11.539999961853027
2025-08-01,55617.6015625,34649.6015625,23410.94921875,22011.69921875,56197.05078125,9102.349609375,896.1500244140625,34889.0,24565.349609375,11.979999542236328
2025-08-04,55619.3515625,35203.3515625,23787.5,22153.80078125,56139.6484375,9327.849609375,912.0499877929688,34923.44921875,24722.75,11.970000267028809
2025-08-05,55360.25,35034.5,23876.30078125,21970.150390625,55733.69921875,9336.0498046875,907.8499755859375,34914.3984375,24649.55078125,11.710000038146973
2025-08-06,55411.1484375,34426.25,23748.849609375,21523.75,55230.80078125,9298.75,894.1500244140625,34683.3515625,24574.19921875,11.960000038146973
2025-08-07,55521.1484375,34726.80078125,23808.099609375,21684.80078125,55298.5,9310.650390625,893.0,34613.80078125,24596.150390625,11.6899995803833
2025-08-08,55004.8984375,34398.5,23474.650390625,21402.150390625,54900.94921875,9147.099609375,874.1500244140625,34391.94921875,24363.30078125,12.029999732971191
2025-08-11,55510.75,34544.6484375,23723.75,21604.650390625,55309.8984375,9194.7998046875,890.4000244140625,34610.3515625,24585.05078125,12.220000267028809
2025-08-12,55043.69921875,34674.30078125,23856.599609375,21753.5,55034.44921875,9229.7001953125,883.9000244140625,34741.44921875,24487.400390625,12.229999542236328
2025-08-13,55181.44921875,34692.94921875,24122.650390625,22130.30078125,55010.1484375,9345.9501953125,886.0499877929688,34739.3515625,24619.349609375,12.140000343322754
2025-08-14,55341.8515625,34833.19921875,24118.80078125,22151.849609375,54656.30078125,9216.25,879.3499755859375,34469.05078125,24631.30078125,12.359999656677246
2025-08-18,55734.8984375,34634.94921875,25127.19921875,22141.150390625,55304.25,9387.5,898.4500122070312,34483.19921875,24876.94921875,12.34000015258789
2025-08-19,55865.1484375,34756.69921875,25456.69921875,22066.75,55886.6484375,9457.5,904.2999877929688,34768.1015625,24980.650390625,11.789999961853027
2025-08-20,55698.5,35690.05078125,25469.25,21969.5,56664.05078125,9497.75,913.8499755859375,34847.8515625,25050.55078125,11.789999961853027
2025-08-21,55755.44921875,35723.8984375,25377.5,22177.69921875,56303.05078125,9493.650390625,917.3499755859375,34681.6015625,25083.75,11.369999885559082
2025-08-22,55149.3984375,35440.8515625,25329.44921875,22265.0,55737.44921875,9375.4501953125,909.6500244140625,34507.6015625,24870.099609375,11.729999542236328
2025-08-25,55139.30078125,36280.1015625,25423.400390625,22362.80078125,55681.6484375,9436.75,916.4500122070312,34494.3515625,24967.75,11.760000228881836
2025-08-26,54450.44921875,36063.19921875,25320.30078125,21990.0,56187.0,9280.0498046875,895.9500122070312,33955.94921875,24712.05078125,12.1899995803833
2025-08-28,53820.3515625,35488.80078125,25183.5,21808.349609375,55612.94921875,9210.5,882.5,33682.8515625,24500.900390625,12.180000305175781
2025-08-29,53655.6484375,35181.25,24960.849609375,21804.05078125,56141.8515625,9154.7998046875,870.75,33638.6484375,24426.849609375,11.75
2025-09-01,54002.44921875,35740.6484375,25660.0,21778.849609375,56175.19921875,9305.2998046875,879.7999877929688,34155.30078125,24625.05078125,11.289999961853027
2025-09-02,53661.0,35737.8984375,25584.94921875,21719.94921875,56806.6015625,9384.349609375,886.1500244140625,34490.5,24579.599609375,11.399999618530273
2025-09-03,54067.55078125,35474.94921875,25775.44921875,21959.599609375,56969.19921875,9676.400390625,889.6500244140625,34626.6015625,24715.05078125,10.930000305175781
2025-09-04,54075.44921875,35143.1015625,25994.849609375,21915.400390625,57104.05078125,9616.349609375,882.75,34284.69921875,24734.30078125,10.850000381469727
2025-09-05,54114.55078125,34635.8515625,26320.599609375,21924.80078125,56292.1015625,9681.650390625,872.5,34297.8984375,24741.0,10.779999732971191
2025-09-08,54186.8984375,34310.44921875,27189.19921875,21865.19921875,56171.30078125,9717.849609375,876.5499877929688,34290.6484375,24773.150390625,10.84000015258789
2025-09-09,54216.1015625,35255.94921875,27182.5,22052.650390625,56497.25,9734.2001953125,873.9500122070312,34249.6484375,24868.599609375,10.6899995803833
2025-09-10,54536.0,36183.80078125,26833.94921875,22122.05078125,56856.8515625,9759.4501953125,883.7999877929688,34522.1015625,24973.099609375,10.539999961853027
2025-09-11,54669.6015625,36003.5,26744.44921875,22224.0,56960.6015625,9792.9501953125,883.7999877929688,34826.69921875,25005.5,10.359999656677246
2025-09-12,54809.30078125,36110.75,26866.650390625,22341.19921875,56557.1484375,9883.599609375,884.3499755859375,34940.30078125,25114.0,10.119999885559082
2025-09-15,54887.8515625,35902.19921875,26760.650390625,22198.69921875,56551.3515625,9891.0,905.6500244140625,35129.0,25069.19921875,10.399999618530273
2025-09-16,55147.6015625,36212.1484375,27146.400390625,22264.55078125,56398.6484375,9973.4501953125,915.3499755859375,35441.1015625,25239.099609375,10.270000457763672
2025-09-17,55493.30078125,36447.1484375,27294.650390625,22241.349609375,56321.0,9923.150390625,919.0999755859375,35568.05078125,25330.25,10.25
2025-09-18,55727.44921875,36750.25,27329.349609375,22574.349609375,56522.3515625,9955.150390625,918.4500122070312,35442.1015625,25423.599609375,9.890000343322754
2025-09-19,55458.8515625,36578.25,27219.55078125,22686.599609375,56273.05078125,9989.900390625,923.5,35745.75,25327.05078125,9.970000267028809
2025-09-22,55284.75,35500.1484375,27154.30078125,22365.75,56006.75,10029.099609375,921.5499877929688,35992.6484375,25202.349609375,10.5600004196167
2025-09-23,55509.75,35249.1015625,27321.94921875,22299.099609375,55281.55078125,10129.0498046875,913.3499755859375,35826.19921875,25169.5,10.630000114440918
2025-09-24,55121.5,34994.30078125,27007.599609375,22180.69921875,55378.94921875,10060.099609375,890.5999755859375,35506.69921875,25056.900390625,10.520000457763672
2025-09-25,54976.19921875,34548.30078125,26758.5,21977.69921875,55108.0,10082.5498046875,875.9000244140625,35255.55078125,24890.849609375,10.779999732971191
2025-09-26,54389.3515625,33702.0,26484.55078125,21507.19921875,54847.55078125,9888.25,867.1500244140625,34830.0,24654.69921875,11.430000305175781
2025-09-29,54461.0,33693.1015625,26436.55078125,21475.30078125,54945.80078125,9923.099609375,874.75,35069.1484375,24634.900390625,11.369999885559082
2025-09-30,54635.8515625,33655.1015625,26542.349609375,21454.25,54710.69921875,10038.150390625,867.5999755859375,34999.6484375,24611.099609375,11.069999694824219
2025-10-01,55347.94921875,33905.19921875,26768.650390625,21733.5,55105.3515625,10092.9501953125,877.1500244140625,35180.3515625,24836.30078125,10.289999961853027
2025-10-03,55589.25,33949.75,26753.099609375,21756.349609375,55170.6015625,10277.099609375,876.0999755859375,35375.8984375,24894.25,10.0600004196167
2025-10-06,56104.8515625,34722.55078125,26857.19921875,21779.849609375,55057.6484375,10185.5,882.0999755859375,35369.44921875,25077.650390625,10.1899995803833
2025-10-07,56239.3515625,34709.44921875,26933.55078125,21875.30078125,54763.8515625,10156.650390625,891.7000122070312,35470.0,25108.30078125,10.050000190734863
2025-10-08,56018.25,35232.25,26522.400390625,21707.349609375,54489.6484375,10136.5498046875,875.4000244140625,35085.75,25046.150390625,10.3100004196167
2025-10-09,56192.05078125,35628.5,26587.0,21936.19921875,54707.44921875,10356.2001953125,881.9000244140625,35244.1484375,25181.80078125,10.119999885559082
2025-10-10,56609.75,35609.05078125,26721.19921875,22218.25,54966.44921875,10261.5498046875,896.6500244140625,35393.94921875,25285.349609375,10.100000381469727
2025-10-13,56625.0,35330.80078125,26698.150390625,22205.099609375,54473.8515625,10217.4501953125,896.7999877929688,35288.0,25227.349609375,11.010000228881836
2025-10-14,56496.44921875,35214.8515625,26640.55078125,22039.25,54213.75,10116.7998046875,888.3499755859375,35067.69921875,25145.5,11.15999984741211
2025-10-15,56799.8984375,35401.80078125,26708.650390625,22057.30078125,54748.69921875,10218.0,915.4000244140625,35321.6484375,25323.55078125,10.529999732971191
2025-10-16,57422.55078125,35531.05078125,27048.75,22103.19921875,55853.8984375,10287.25,932.7999877929688,35468.80078125,25585.30078125,10.869999885559082
2025-10-17,57713.3515625,34950.69921875,27228.599609375,22253.75,56616.3984375,10199.2998046875,933.75,35395.69921875,25709.849609375,11.630000114440918
2025-10-20,58033.19921875,35292.6015625,27185.44921875,22439.900390625,56597.1484375,10191.849609375,938.2000122070312,35563.94921875,25843.150390625,11.359999656677246
2025-10-21,58007.19921875,35299.75,27229.849609375,22515.69921875,56609.1484375,10232.75,937.4000244140625,35644.1484375,25868.599609375,11.300000190734863
2025-10-23,58078.05078125,36078.6484375,27218.75,22481.25,56772.44921875,10241.849609375,939.2000122070312,35619.1484375,25891.400390625,11.729999542236328
2025-10-24,57699.6015625,35986.3515625,27108.69921875,22357.349609375,56348.1015625,10347.4501953125,940.9000244140625,35626.8984375,25795.150390625,11.59000015258789
2025-10-27,58114.25,36129.1015625,27263.650390625,22310.400390625,56428.94921875,10467.150390625,954.6500244140625,35780.0,25966.05078125,11.859999656677246
2025-10-28,58214.1015625,35860.3984375,27148.349609375,22250.900390625,56110.05078125,10596.2001953125,944.5999755859375,35658.1484375,25936.19921875,11.949999809265137
2025-10-29,58385.25,36090.1015625,26948.900390625,22430.69921875,56615.3515625,10777.5,950.5,36347.94921875,26053.900390625,11.970000267028809
2025-10-30,58031.1015625,35906.3984375,26829.55078125,22298.19921875,56343.5,10729.2001953125,950.9000244140625,36392.6015625,25877.849609375,12.069999694824219
2025-10-31,57776.3515625,35712.3515625,26809.849609375,22175.400390625,56208.5,10612.150390625,947.5499877929688,36275.94921875,25722.099609375,12.149999618530273
2025-11-03,58101.44921875,35653.1015625,26841.80078125,22442.599609375,56153.69921875,10652.7998046875,968.6500244140625,36445.1484375,25763.349609375,12.670000076293945
2025-11-04,57827.05078125,35274.55078125,26610.05078125,22334.44921875,55815.6015625,10499.0498046875,961.0999755859375,36278.3984375,25597.650390625,12.649999618530273
2025-11-06,57554.25,35337.6015625,26626.5,22250.55078125,55711.75,10281.900390625,946.5999755859375,35839.5,25509.69921875,12.40999984741211
2025-11-07,57876.80078125,35117.6484375,26779.55078125,22169.80078125,55437.19921875,10426.7998046875,946.4000244140625,35790.30078125,25492.30078125,12.5600004196167
2025-11-10,57937.55078125,35688.25,26859.849609375,22379.849609375,55334.44921875,10484.5,944.1500244140625,35921.6015625,25574.349609375,12.300000190734863
2025-11-11,58138.1484375,36116.8984375,27148.25,22369.599609375,55523.05078125,10559.099609375,942.5999755859375,36069.8515625,25694.94921875,12.489999771118164
2025-11-12,58274.6484375,36855.3984375,27485.150390625,22593.400390625,55529.19921875,10542.5498046875,937.9500122070312,36287.8984375,25875.80078125,12.109999656677246
2025-11-13,58381.94921875,36679.5,27382.80078125,22686.80078125,55243.5,10588.599609375,941.9000244140625,36187.8515625,25879.150390625,12.15999984741211
2025-11-14,58517.55078125,36301.25,27239.80078125,22821.05078125,55560.80078125,10494.75,941.1500244140625,36261.1015625,25910.05078125,11.9399995803833
2025-11-17,58962.69921875,36375.19921875,27472.650390625,22867.599609375,55677.1484375,10495.849609375,945.3499755859375,36441.8515625,26013.44921875,11.789999961853027
2025-11-18,58899.25,35975.19921875,27368.25,22713.650390625,55363.44921875,10383.7001953125,927.2999877929688,36223.75,25910.05078125,12.100000381469727
2025-11-19,59216.05078125,37044.6484375,27434.44921875,22727.650390625,55380.80078125,10384.150390625,924.0499877929688,36132.30078125,26052.650390625,11.970000267028809
2025-11-20,59347.69921875,37043.30078125,27554.0,22687.55078125,55426.69921875,10386.0498046875,922.7999877929688,36232.69921875,26192.150390625,12.140000343322754
2025-11-21,58867.69921875,36885.3515625,27537.849609375,22580.94921875,55504.69921875,10142.5498046875,905.5999755859375,35852.3984375,26068.150390625,13.630000114440918
2025-11-24,58835.3515625,37037.94921875,27442.19921875,22492.44921875,55138.1484375,10017.900390625,887.0,35427.8515625,25959.5,13.239999771118164
2025-11-25,58820.30078125,36826.8984375,27378.69921875,22590.94921875,55052.1015625,10073.400390625,901.3499755859375,35350.3515625,25884.80078125,12.239999771118164
2025-11-26,59528.05078125,37364.6015625,27696.400390625,22862.349609375,55442.6015625,10280.7001953125,911.4500122070312,35964.80078125,26205.30078125,11.970000267028809
2025-11-27,59737.30078125,37446.30078125,27603.650390625,22863.0,55470.55078125,10273.75,904.9000244140625,35756.1484375,26215.55078125,11.789999961853027
2025-11-28,59752.69921875,37405.5,27774.599609375,22998.30078125,55595.80078125,10293.0498046875,903.1500244140625,35548.30078125,26202.94921875,11.619999885559082
2025-12-01,59681.3515625,37549.75,27993.0,22887.75,55500.5,10353.2001953125,893.9000244140625,35539.25,26175.75,11.630000114440918
2025-12-02,59273.80078125,37541.25,27979.5,22905.0,55390.94921875,10315.849609375,892.0499877929688,35459.3984375,26032.19921875,11.229999542236328
2025-12-03,59348.25,37825.25,27643.80078125,22907.849609375,54949.1015625,10265.2001953125,885.3499755859375,35105.0,25986.0,11.210000038146973
2025-12-04,59288.69921875,38360.25,27732.69921875,22958.94921875,55209.30078125,10271.4501953125,890.0999755859375,34986.1015625,26033.75,10.819999694824219
2025-12-05,59777.19921875,38703.6484375,27939.099609375,22947.150390625,55202.8515625,10340.349609375,893.1500244140625,34971.80078125,26186.44921875,10.319999694824219
2025-12-08,59238.55078125,38590.69921875,27596.80078125,22640.69921875,54540.5,10141.7998046875,861.6500244140625,34447.8515625,25960.55078125,11.130000114440918
2025-12-09,59222.3515625,38130.6015625,27399.25,22522.849609375,54521.19921875,10112.650390625,869.8499755859375,34666.80078125,25839.650390625,10.949999809265137
2025-12-10,58960.3984375,37789.8984375,27358.25,22561.5,54506.0,10159.0,866.7000122070312,34635.25,25758.0,10.90999984741211
2025-12-11,59209.8515625,38097.0,27661.0,22783.44921875,54619.6484375,10266.849609375,873.2000122070312,34751.94921875,25898.55078125,10.399999618530273
2025-12-12,59389.94921875,38274.75,27820.849609375,22808.69921875,54490.80078125,10536.4501953125,886.5499877929688,35039.8515625,26046.94921875,10.109999656677246
2025-12-15,59461.80078125,38386.30078125,27568.099609375,22719.400390625,54868.3984375,10553.150390625,886.1500244140625,35028.1484375,26027.30078125,10.25
2025-12-16,59034.6015625,38062.5,27542.19921875,22591.5,54863.44921875,10464.349609375,874.75,34769.25,25860.099609375,10.0600004196167
2025-12-17,58926.75,38172.05078125,27489.25,22612.150390625,54603.3984375,10490.150390625,867.4000244140625,34737.0,25818.55078125,9.84000015258789
2025-12-18,58912.8515625,38633.3515625,27321.900390625,22557.599609375,54546.44921875,10516.150390625,870.3499755859375,34464.30078125,25815.55078125,9.710000038146973
2025-12-19,59069.19921875,38691.6015625,27657.25,22751.25,54781.3515625,10521.099609375,884.9000244140625,34796.3984375,25966.400390625,9.520000457763672
2025-12-22,59304.0,39488.0,27885.30078125,22927.900390625,55062.6484375,10669.0,885.1500244140625,35025.44921875,26172.400390625,9.680000305175781
2025-12-23,59299.55078125,39173.69921875,27892.05078125,22875.099609375,55348.6484375,10727.0498046875,883.6500244140625,35214.25,26177.150390625,9.380000114440918
2025-12-24,59183.6015625,38974.80078125,27885.650390625,22757.400390625,55113.75,10742.75,885.1500244140625,35095.1015625,26142.099609375,9.1899995803833
2025-12-26,59011.3515625,38572.30078125,27739.849609375,22684.650390625,55132.05078125,10806.150390625,883.1500244140625,35058.80078125,26042.30078125,9.149999618530273
2025-12-29,58932.3515625,38282.69921875,27592.5,22578.30078125,55192.44921875,10789.099609375,877.2000122070312,34868.75,25942.099609375,9.720000267028809
2025-12-30,59171.25,37998.6015625,27889.650390625,22540.05078125,55033.1484375,11007.650390625,869.7999877929688,34813.8984375,25938.849609375,9.680000305175781
